employee_id,name,departments,salary,age,years_at_company,city,hire_date
1,employee_1,HR,276029,59,1,imo,2020-08-08
2,employee_2,HR,347018,42,1,abia,2020-01-09
3,employee_3,engineering,117030,43,5,akure,2020-07-19
4,employee_4,marketing,225465,32,5,akure,2021-02-13
5,employee_5,support,158079,50,3,ogun,2020-08-11
6,employee_6,engineering,142123,43,1,ibadan,2021-01-05
7,employee_7,marketing,306637,23,0,katsina,2020-04-07
8,employee_8,support,111327,25,3,akure,2020-05-04
9,employee_9,sales,174579,34,2,kwara,2020-07-19
10,employee_10,sales,124485,39,4,ogun,2020-06-29
11,employee_11,engineering,226633,26,2,kogi,2020-11-12
12,employee_12,finance,165489,56,3,kwara,2021-05-02
13,employee_13,engineering,289919,25,1,akure,2020-08-08
14,employee_14,finance,319221,58,0,lagos,2020-12-24
15,employee_15,finance,332337,32,2,kogi,2020-06-11
16,employee_16,support,303707,34,4,kogi,2020-10-14
17,employee_17,HR,155958,28,3,abuja,2020-06-06
18,employee_18,engineering,124029,56,3,ogun,2021-05-02
19,employee_19,marketing,203752,30,5,abia,2021-04-28
20,employee_20,sales,223284,27,2,katsina,2021-02-10
21,employee_21,support,280549,29,0,abia,2021-03-26
22,employee_22,support,235449,23,3,kogi,2020-04-16
23,employee_23,support,117335,55,2,abia,2021-02-09
24,employee_24,marketing,222821,57,2,ibadan,2020-03-21
25,employee_25,sales,199754,57,1,katsina,2020-04-11
26,employee_26,engineering,95692,41,3,imo,2020-11-21
27,employee_27,finance,64934,31,3,abia,2020-05-08
28,employee_28,engineering,321527,23,3,abia,2020-01-11
29,employee_29,support,178727,47,1,kano,2020-08-24
30,employee_30,support,243633,28,4,akure,2020-06-24
31,employee_31,HR,96644,48,2,kogi,2020-04-05
32,employee_32,HR,82418,49,5,imo,2020-09-03
33,employee_33,marketing,320302,49,0,ogun,2020-10-24
34,employee_34,marketing,201587,41,2,ibadan,2020-07-22
35,employee_35,engineering,52084,50,5,ibadan,2020-12-11
36,employee_36,support,286311,52,3,ibadan,2020-05-04
37,employee_37,support,203879,47,5,imo,2020-12-20
38,employee_38,engineering,312891,34,0,kogi,2020-09-07
39,employee_39,HR,141761,44,1,imo,2020-09-05
40,employee_40,support,277305,33,0,akure,2021-04-12
41,employee_41,support,235171,50,5,kwara,2021-01-23
42,employee_42,sales,79241,50,0,kano,2020-12-10
43,employee_43,engineering,289328,45,3,kogi,2020-02-15
44,employee_44,sales,237235,22,4,akure,2020-05-31
45,employee_45,sales,92927,24,3,kwara,2021-02-23
46,employee_46,finance,231477,34,1,kogi,2020-09-17
47,employee_47,sales,192157,27,5,abia,2020-09-22
48,employee_48,engineering,144705,38,0,ogun,2020-09-23
49,employee_49,HR,348217,48,4,ibadan,2021-06-11
50,employee_50,HR,216908,58,3,lagos,2020-01-08
51,employee_51,engineering,85260,56,5,ogun,2020-06-08
52,employee_52,engineering,319297,52,0,kogi,2020-08-09
53,employee_53,marketing,339092,28,4,katsina,2020-05-28
54,employee_54,sales,92584,57,0,kwara,2020-08-13
55,employee_55,marketing,105461,60,4,enugu,2020-05-11
56,employee_56,engineering,266696,42,0,abuja,2021-06-21
57,employee_57,engineering,293980,44,3,kogi,2020-01-09
58,employee_58,engineering,318129,23,4,kogi,2021-03-26
59,employee_59,support,217461,29,1,kogi,2020-05-14
60,employee_60,finance,95354,42,1,ogun,2021-06-14
61,employee_61,marketing,167883,31,4,abuja,2021-02-17
62,employee_62,sales,226682,26,3,enugu,2020-07-24
63,employee_63,engineering,158122,26,4,imo,2021-04-16
64,employee_64,finance,348507,36,0,katsina,2020-11-29
65,employee_65,HR,306329,48,1,imo,2020-12-18
66,employee_66,finance,179519,52,3,ogun,2021-01-13
67,employee_67,engineering,98668,54,1,akure,2021-03-23
68,employee_68,sales,226979,28,3,katsina,2020-04-22
69,employee_69,sales,138870,51,0,imo,2020-12-03
70,employee_70,finance,330390,33,3,kano,2020-04-05
71,employee_71,support,152352,39,0,katsina,2020-12-07
72,employee_72,engineering,148476,33,2,kogi,2020-01-13
73,employee_73,support,298192,40,4,kogi,2021-06-01
74,employee_74,sales,220793,49,2,ogun,2020-10-29
75,employee_75,sales,215309,40,5,ibadan,2020-05-25
76,employee_76,engineering,320156,52,1,osun,2020-06-30
77,employee_77,engineering,116634,42,2,kwara,2021-05-16
78,employee_78,sales,196536,23,2,lagos,2020-08-11
79,employee_79,engineering,228489,25,1,ibadan,2021-01-23
80,employee_80,finance,78252,55,5,ogun,2021-03-01
81,employee_81,finance,269216,60,4,kogi,2020-08-12
82,employee_82,marketing,307104,38,2,enugu,2021-05-18
83,employee_83,engineering,169785,40,0,kano,2020-12-13
84,employee_84,support,174966,54,5,imo,2020-09-11
85,employee_85,finance,95755,22,3,akure,2021-04-14
86,employee_86,HR,283588,47,3,akure,2021-03-07
87,employee_87,HR,72348,47,3,ogun,2020-02-20
88,employee_88,HR,172209,34,3,enugu,2021-05-13
89,employee_89,sales,184177,40,0,lagos,2020-09-14
90,employee_90,HR,295954,28,5,imo,2020-04-24
91,employee_91,marketing,147522,24,0,katsina,2020-10-08
92,employee_92,engineering,178718,42,5,imo,2021-06-07
93,employee_93,HR,300271,28,3,katsina,2020-05-18
94,employee_94,engineering,160711,26,5,lagos,2021-03-23
95,employee_95,sales,256866,39,3,abia,2021-01-03
96,employee_96,engineering,312961,38,3,kwara,2021-06-04
97,employee_97,sales,294844,54,4,kwara,2020-11-07
98,employee_98,finance,312443,52,4,abia,2020-12-30
99,employee_99,sales,300132,26,0,ibadan,2020-03-29
100,employee_100,sales,203987,47,0,ogun,2020-02-25
101,employee_101,sales,142756,35,5,abia,2020-12-28
102,employee_102,engineering,60879,55,5,abia,2020-07-28
103,employee_103,HR,308565,54,3,kogi,2021-06-16
104,employee_104,sales,334163,59,4,kwara,2020-11-04
105,employee_105,HR,59301,22,1,kano,2021-01-29
106,employee_106,finance,81703,35,0,akure,2020-05-23
107,employee_107,finance,99168,27,2,imo,2020-06-21
108,employee_108,engineering,282249,47,2,abuja,2020-08-16
109,employee_109,HR,226847,32,4,ibadan,2021-01-17
110,employee_110,sales,279241,24,1,abia,2021-03-03
111,employee_111,support,87043,22,4,ibadan,2020-06-17
112,employee_112,support,300532,24,2,imo,2020-11-20
113,employee_113,HR,323420,48,4,enugu,2021-02-11
114,employee_114,engineering,125223,57,3,kogi,2021-05-17
115,employee_115,sales,129869,28,5,katsina,2020-12-09
116,employee_116,finance,218226,46,0,ibadan,2020-08-20
117,employee_117,engineering,230590,33,5,kwara,2020-07-14
118,employee_118,support,209472,56,5,osun,2021-01-06
119,employee_119,HR,84805,32,0,lagos,2021-06-16
120,employee_120,finance,72305,40,0,imo,2020-01-31
121,employee_121,HR,196626,27,5,enugu,2020-02-02
122,employee_122,HR,262049,37,1,katsina,2021-05-17
123,employee_123,support,180154,34,0,katsina,2020-11-02
124,employee_124,support,128173,40,0,ibadan,2021-03-26
125,employee_125,engineering,318737,57,3,kogi,2020-06-15
126,employee_126,engineering,301828,51,4,ogun,2020-10-28
127,employee_127,support,123982,60,1,abuja,2020-02-05
128,employee_128,engineering,309528,29,3,ibadan,2020-05-16
129,employee_129,engineering,228600,26,3,imo,2020-12-11
130,employee_130,engineering,307077,57,3,katsina,2020-03-23
131,employee_131,HR,125377,38,5,lagos,2020-10-08
132,employee_132,marketing,254202,26,4,kogi,2020-11-22
133,employee_133,engineering,257825,46,1,enugu,2020-04-04
134,employee_134,finance,233972,51,0,kogi,2020-11-20
135,employee_135,support,328548,48,4,kogi,2020-06-15
136,employee_136,HR,281578,53,2,abia,2021-04-04
137,employee_137,sales,100609,50,0,kano,2020-03-08
138,employee_138,marketing,349229,33,5,ogun,2020-03-29
139,employee_139,sales,249063,51,0,ogun,2021-05-16
140,employee_140,support,55928,21,1,kano,2021-03-25
141,employee_141,marketing,272242,31,5,ibadan,2020-11-09
142,employee_142,finance,145964,49,4,ibadan,2020-07-19
143,employee_143,engineering,55572,35,4,kwara,2021-05-23
144,employee_144,marketing,70965,47,2,kogi,2020-12-14
145,employee_145,marketing,211227,59,0,ogun,2021-02-28
146,employee_146,marketing,209398,59,5,kwara,2021-05-13
147,employee_147,support,192470,59,5,katsina,2020-07-01
148,employee_148,engineering,159848,58,1,kano,2021-01-22
149,employee_149,marketing,261109,53,3,lagos,2020-07-30
150,employee_150,sales,242439,44,5,imo,2021-05-17
151,employee_151,marketing,242958,39,2,enugu,2021-01-30
152,employee_152,finance,162388,21,4,kano,2020-09-23
153,employee_153,support,269440,39,1,lagos,2021-06-01
154,employee_154,engineering,166653,29,1,kano,2020-12-20
155,employee_155,sales,244323,22,2,abuja,2020-05-21
156,employee_156,HR,271020,46,2,imo,2020-09-01
157,employee_157,support,245796,21,4,ibadan,2020-11-18
158,employee_158,finance,282536,35,0,ibadan,2020-06-03
159,employee_159,support,272270,48,1,kano,2020-09-16
160,employee_160,sales,279844,48,0,katsina,2020-06-04
161,employee_161,support,313357,24,3,abuja,2020-03-03
162,employee_162,engineering,125753,37,2,kwara,2021-06-24
163,employee_163,support,274696,38,0,ogun,2021-04-15
164,employee_164,support,175456,59,4,kogi,2021-05-04
165,employee_165,marketing,178247,35,4,imo,2020-07-26
166,employee_166,HR,315013,33,5,katsina,2021-06-23
167,employee_167,sales,275219,56,4,katsina,2021-02-12
168,employee_168,marketing,327516,30,2,kwara,2020-05-05
169,employee_169,sales,160306,56,5,kogi,2020-04-14
170,employee_170,sales,232762,32,5,kano,2020-09-12
171,employee_171,finance,69474,52,5,osun,2020-08-29
172,employee_172,sales,334908,52,1,abia,2021-01-03
173,employee_173,HR,109772,58,4,kwara,2020-01-26
174,employee_174,sales,320749,37,4,kogi,2020-02-01
175,employee_175,support,153269,34,2,kano,2020-12-25
176,employee_176,engineering,333735,46,3,kano,2020-06-06
177,employee_177,sales,277499,32,4,abuja,2020-02-27
178,employee_178,sales,261895,49,3,abia,2021-03-30
179,employee_179,marketing,266693,49,5,abia,2020-08-22
180,employee_180,support,302785,25,4,abuja,2020-02-16
181,employee_181,finance,279558,37,3,kwara,2020-08-21
182,employee_182,HR,67302,44,1,abia,2021-05-12
183,employee_183,finance,72493,48,1,ibadan,2020-05-23
184,employee_184,sales,111524,24,5,katsina,2020-09-04
185,employee_185,HR,196619,56,5,enugu,2021-05-25
186,employee_186,HR,254227,43,0,kwara,2020-10-07
187,employee_187,marketing,108211,60,4,kogi,2021-02-06
188,employee_188,engineering,160873,30,4,ibadan,2020-01-22
189,employee_189,sales,174894,44,3,kano,2020-09-27
190,employee_190,sales,261264,34,4,kwara,2020-12-22
191,employee_191,sales,127292,46,5,abia,2021-06-19
192,employee_192,finance,68098,21,3,kano,2020-11-02
193,employee_193,HR,316402,43,4,imo,2020-01-09
194,employee_194,engineering,317890,48,3,ogun,2020-06-13
195,employee_195,support,190375,41,5,lagos,2020-11-30
196,employee_196,engineering,190133,60,0,ibadan,2021-05-30
197,employee_197,sales,167172,43,5,osun,2021-05-14
198,employee_198,finance,193244,35,2,imo,2020-11-25
199,employee_199,HR,250122,39,4,osun,2021-02-05
200,employee_200,engineering,82242,52,3,abia,2021-03-31
201,employee_201,sales,124668,30,1,kano,2021-03-15
202,employee_202,finance,248633,26,2,katsina,2020-08-30
203,employee_203,engineering,55493,30,3,lagos,2020-05-19
204,employee_204,sales,240483,24,3,kogi,2021-04-26
205,employee_205,support,279059,57,1,kwara,2020-02-09
206,employee_206,finance,106765,37,2,katsina,2021-01-21
207,employee_207,support,55122,28,3,kwara,2020-03-13
208,employee_208,HR,69651,52,2,lagos,2020-02-25
209,employee_209,engineering,261048,60,4,ogun,2020-03-23
210,employee_210,finance,241862,54,2,osun,2020-08-12
211,employee_211,marketing,132195,30,2,ibadan,2020-11-22
212,employee_212,finance,278657,42,1,katsina,2020-07-04
213,employee_213,HR,100287,40,5,kwara,2020-11-12
214,employee_214,finance,93998,33,4,imo,2021-01-17
215,employee_215,support,94771,49,3,osun,2020-07-22
216,employee_216,HR,77155,36,4,abuja,2020-11-20
217,employee_217,sales,221519,58,0,enugu,2020-01-14
218,employee_218,finance,278251,59,2,abia,2020-03-07
219,employee_219,engineering,276168,34,3,abuja,2020-03-06
220,employee_220,HR,322050,52,2,lagos,2021-05-29
221,employee_221,support,109283,25,3,katsina,2020-01-26
222,employee_222,support,247004,57,4,katsina,2020-05-28
223,employee_223,engineering,194386,41,1,kwara,2021-03-27
224,employee_224,marketing,346273,46,1,kwara,2020-08-28
225,employee_225,engineering,148090,56,2,lagos,2021-01-04
226,employee_226,HR,89173,53,2,lagos,2020-11-24
227,employee_227,sales,77361,56,1,abia,2020-04-19
228,employee_228,marketing,100304,30,5,kogi,2020-02-24
229,employee_229,finance,336419,43,5,kwara,2021-03-07
230,employee_230,finance,188120,60,4,abuja,2020-10-05
231,employee_231,finance,58101,59,1,kwara,2021-03-14
232,employee_232,finance,211402,50,0,osun,2020-07-10
233,employee_233,sales,76971,44,2,kwara,2021-04-13
234,employee_234,finance,327604,51,0,akure,2021-02-12
235,employee_235,sales,130308,35,0,imo,2020-02-18
236,employee_236,finance,255781,21,4,ogun,2020-11-12
237,employee_237,finance,255173,27,2,lagos,2020-04-09
238,employee_238,HR,165956,42,0,kogi,2021-02-08
239,employee_239,support,246594,45,3,lagos,2021-01-03
240,employee_240,engineering,232927,60,0,kwara,2021-01-04
241,employee_241,support,245356,50,3,akure,2021-05-11
242,employee_242,marketing,161547,51,4,abia,2020-09-11
243,employee_243,marketing,100446,59,2,enugu,2020-09-29
244,employee_244,HR,292047,30,4,osun,2020-02-12
245,employee_245,support,149978,41,1,abuja,2021-01-31
246,employee_246,engineering,115404,22,1,enugu,2021-03-08
247,employee_247,finance,310618,25,2,kano,2020-09-14
248,employee_248,support,169473,31,0,abuja,2020-03-17
249,employee_249,support,75785,29,3,ogun,2021-03-02
250,employee_250,support,120075,36,3,enugu,2020-07-15
251,employee_251,support,339519,27,1,imo,2020-09-12
252,employee_252,engineering,331669,36,0,ibadan,2021-01-13
253,employee_253,HR,181014,52,4,imo,2020-01-14
254,employee_254,HR,211841,45,1,imo,2020-07-19
255,employee_255,support,144724,53,3,ibadan,2020-06-06
256,employee_256,finance,268547,41,3,kwara,2021-02-06
257,employee_257,sales,328646,23,5,ogun,2020-12-07
258,employee_258,marketing,71357,23,0,abia,2021-01-03
259,employee_259,marketing,233329,34,4,abuja,2020-12-01
260,employee_260,sales,245280,24,0,akure,2020-10-03
261,employee_261,HR,334949,42,3,kwara,2020-04-19
262,employee_262,marketing,75859,51,3,osun,2020-10-07
263,employee_263,marketing,105903,39,4,kwara,2020-04-27
264,employee_264,finance,109847,39,2,kogi,2021-02-20
265,employee_265,engineering,228847,37,0,enugu,2020-04-05
266,employee_266,engineering,51955,47,2,kogi,2020-05-24
267,employee_267,sales,254938,48,4,kwara,2021-01-05
268,employee_268,finance,214470,42,1,imo,2021-02-12
269,employee_269,HR,310899,52,3,kogi,2021-01-04
270,employee_270,marketing,234651,60,4,lagos,2020-06-21
271,employee_271,support,169869,38,2,imo,2020-05-15
272,employee_272,HR,344149,27,3,kano,2020-07-07
273,employee_273,sales,274940,38,4,ibadan,2020-04-20
274,employee_274,marketing,255562,27,2,kogi,2020-06-13
275,employee_275,marketing,320913,35,3,katsina,2020-12-09
276,employee_276,marketing,81354,44,1,katsina,2020-03-29
277,employee_277,support,239146,26,5,katsina,2020-03-20
278,employee_278,support,153271,43,3,abuja,2020-04-21
279,employee_279,sales,52526,31,3,kwara,2020-10-23
280,employee_280,sales,148387,40,2,enugu,2020-07-15
281,employee_281,sales,139554,32,1,imo,2020-04-22
282,employee_282,sales,249367,25,4,abia,2021-02-21
283,employee_283,marketing,134137,31,2,kwara,2020-12-15
284,employee_284,support,324028,38,5,katsina,2020-05-03
285,employee_285,HR,214673,52,2,lagos,2021-06-24
286,employee_286,sales,211189,49,2,lagos,2021-04-07
287,employee_287,HR,299913,30,4,ogun,2021-03-05
288,employee_288,engineering,305382,43,3,akure,2021-03-25
289,employee_289,sales,349755,24,3,abuja,2021-06-02
290,employee_290,HR,201607,37,1,akure,2020-05-07
291,employee_291,engineering,315310,23,4,akure,2020-09-23
292,employee_292,finance,214221,25,4,ogun,2020-05-09
293,employee_293,finance,104772,44,1,kwara,2021-03-18
294,employee_294,HR,213198,56,2,lagos,2020-03-09
295,employee_295,sales,95680,49,0,ogun,2021-01-24
296,employee_296,finance,111500,40,2,akure,2020-08-05
297,employee_297,HR,308082,43,1,lagos,2020-04-08
298,employee_298,finance,249842,60,0,ibadan,2021-03-21
299,employee_299,support,107239,45,5,ibadan,2020-03-19
300,employee_300,finance,298530,35,1,enugu,2021-03-11
301,employee_301,marketing,191625,21,5,osun,2020-03-31
302,employee_302,HR,190052,25,5,enugu,2021-06-02
303,employee_303,engineering,58179,60,0,enugu,2020-04-23
304,employee_304,marketing,246261,51,5,abuja,2020-11-02
305,employee_305,finance,103300,40,4,akure,2020-04-11
306,employee_306,finance,238293,41,4,imo,2020-07-12
307,employee_307,marketing,304980,34,3,kwara,2020-02-07
308,employee_308,sales,141666,59,3,kogi,2020-03-20
309,employee_309,marketing,76011,55,2,katsina,2021-06-16
310,employee_310,marketing,85957,45,4,ibadan,2020-05-23
311,employee_311,sales,139078,33,5,lagos,2020-02-02
312,employee_312,sales,59167,40,5,kogi,2020-10-09
313,employee_313,finance,228459,21,1,lagos,2020-01-08
314,employee_314,sales,51352,37,2,abia,2020-05-07
315,employee_315,support,74944,53,0,kwara,2021-05-05
316,employee_316,HR,160626,24,0,kano,2021-05-19
317,employee_317,support,247979,36,5,kano,2021-04-12
318,employee_318,HR,137203,34,3,katsina,2021-03-12
319,employee_319,marketing,219856,24,2,katsina,2020-05-29
320,employee_320,support,252290,23,2,osun,2020-02-19
321,employee_321,finance,293441,35,2,katsina,2020-12-01
322,employee_322,HR,136143,47,5,akure,2020-09-23
323,employee_323,marketing,158019,24,2,katsina,2021-04-24
324,employee_324,HR,210027,44,0,katsina,2020-12-21
325,employee_325,marketing,277721,39,1,kogi,2020-03-01
326,employee_326,support,249148,24,5,lagos,2021-04-14
327,employee_327,HR,294869,37,0,abia,2020-11-17
328,employee_328,engineering,185457,36,0,kogi,2020-10-24
329,employee_329,engineering,86103,59,4,abuja,2020-07-23
330,employee_330,sales,242511,47,2,abia,2020-02-20
331,employee_331,support,131993,44,2,kano,2021-03-14
332,employee_332,engineering,72097,47,1,kwara,2020-07-06
333,employee_333,HR,149268,54,2,katsina,2021-01-03
334,employee_334,sales,148370,55,5,osun,2020-11-22
335,employee_335,marketing,207607,44,4,osun,2020-06-20
336,employee_336,HR,220938,25,5,enugu,2020-10-12
337,employee_337,sales,218863,32,4,ibadan,2021-03-31
338,employee_338,sales,236315,46,2,akure,2020-04-14
339,employee_339,HR,319962,53,5,osun,2020-12-07
340,employee_340,sales,155826,55,1,kogi,2021-05-17
341,employee_341,sales,271995,43,3,lagos,2020-08-03
342,employee_342,engineering,51705,26,1,kano,2020-03-14
343,employee_343,HR,167702,54,3,akure,2020-08-03
344,employee_344,support,187217,32,0,ibadan,2020-10-21
345,employee_345,support,318082,34,2,ibadan,2020-12-05
346,employee_346,sales,201277,57,4,kwara,2020-08-24
347,employee_347,marketing,272795,54,1,kwara,2020-05-10
348,employee_348,finance,129005,44,2,katsina,2020-02-06
349,employee_349,marketing,150816,42,5,katsina,2020-12-13
350,employee_350,HR,83588,43,0,enugu,2020-07-19
351,employee_351,support,200223,45,3,lagos,2021-03-18
352,employee_352,marketing,346261,30,5,ibadan,2021-04-26
353,employee_353,engineering,237662,51,2,kogi,2020-04-17
354,employee_354,engineering,336021,23,5,abuja,2020-02-09
355,employee_355,HR,60623,31,1,abuja,2020-05-23
356,employee_356,HR,227340,44,0,kano,2020-04-08
357,employee_357,sales,318448,35,1,katsina,2020-06-05
358,employee_358,marketing,236169,37,0,ibadan,2020-05-09
359,employee_359,HR,264582,35,5,kano,2021-02-26
360,employee_360,support,116906,28,2,ibadan,2020-11-23
361,employee_361,HR,298934,27,2,ogun,2020-02-07
362,employee_362,finance,218740,28,4,kogi,2021-05-15
363,employee_363,marketing,280996,52,4,kwara,2020-02-03
364,employee_364,engineering,115356,43,4,abuja,2020-08-01
365,employee_365,HR,271625,55,2,kano,2020-07-19
366,employee_366,HR,256173,33,2,akure,2020-10-02
367,employee_367,sales,71298,34,1,abia,2021-01-31
368,employee_368,support,344980,33,0,lagos,2020-12-15
369,employee_369,sales,93444,57,3,katsina,2020-06-29
370,employee_370,HR,337411,27,2,ibadan,2020-12-14
371,employee_371,finance,122166,50,4,abia,2021-04-25
372,employee_372,sales,134746,45,0,kano,2020-08-08
373,employee_373,finance,275183,39,0,ogun,2020-08-26
374,employee_374,engineering,330008,48,4,osun,2020-03-21
375,employee_375,marketing,245599,21,3,abia,2021-03-23
376,employee_376,sales,348310,46,4,osun,2020-08-10
377,employee_377,support,325046,27,4,ogun,2020-05-06
378,employee_378,support,347876,39,4,ogun,2021-04-16
379,employee_379,finance,253830,28,1,katsina,2020-03-26
380,employee_380,marketing,54602,23,1,ibadan,2020-04-03
381,employee_381,finance,226607,28,3,akure,2021-06-16
382,employee_382,sales,164160,49,1,akure,2020-07-28
383,employee_383,HR,136937,51,0,kano,2021-05-31
384,employee_384,marketing,260676,47,3,kwara,2021-03-19
385,employee_385,marketing,243450,55,5,ibadan,2020-08-05
386,employee_386,engineering,96605,45,1,abuja,2020-03-01
387,employee_387,support,262390,43,0,ibadan,2020-09-16
388,employee_388,sales,158394,60,3,abia,2021-01-07
389,employee_389,support,202137,33,0,lagos,2020-12-14
390,employee_390,finance,280134,52,0,ogun,2020-02-16
391,employee_391,HR,78853,30,3,akure,2021-02-28
392,employee_392,engineering,342146,55,4,imo,2020-12-04
393,employee_393,marketing,250825,60,3,osun,2020-07-12
394,employee_394,finance,323365,40,1,ibadan,2020-06-13
395,employee_395,HR,102337,37,4,ibadan,2020-12-07
396,employee_396,HR,103173,31,2,abia,2021-03-19
397,employee_397,engineering,272435,29,5,imo,2020-01-06
398,employee_398,marketing,318529,27,4,lagos,2020-10-06
399,employee_399,engineering,110521,41,0,imo,2020-11-05
400,employee_400,support,104435,39,0,akure,2020-03-02
401,employee_401,marketing,232797,21,5,abuja,2020-09-04
402,employee_402,support,189586,51,5,ibadan,2020-06-14
403,employee_403,marketing,260522,35,3,ibadan,2020-03-14
404,employee_404,HR,140051,47,2,enugu,2020-05-18
405,employee_405,finance,189954,35,5,osun,2020-07-01
406,employee_406,finance,228557,34,4,abia,2021-02-11
407,employee_407,engineering,201643,29,2,lagos,2020-03-26
408,employee_408,sales,198465,38,1,akure,2020-08-30
409,employee_409,marketing,259801,54,5,akure,2020-07-09
410,employee_410,sales,276759,53,1,lagos,2020-04-10
411,employee_411,marketing,337795,27,1,kano,2020-11-10
412,employee_412,sales,254369,28,2,kano,2020-02-10
413,employee_413,marketing,305966,21,1,lagos,2021-04-24
414,employee_414,marketing,58025,59,3,ogun,2020-09-09
415,employee_415,finance,103223,41,4,abuja,2020-03-17
416,employee_416,sales,229084,34,1,abuja,2021-03-26
417,employee_417,engineering,120923,43,1,katsina,2021-05-25
418,employee_418,marketing,298490,21,4,kogi,2020-02-22
419,employee_419,finance,173558,50,3,akure,2021-04-16
420,employee_420,HR,242831,33,3,abuja,2021-05-19
421,employee_421,HR,68601,28,2,katsina,2020-09-02
422,employee_422,HR,63008,21,1,kano,2020-12-10
423,employee_423,sales,267953,38,3,imo,2020-09-14
424,employee_424,engineering,150057,36,0,abuja,2020-12-31
425,employee_425,engineering,267350,53,1,osun,2020-10-24
426,employee_426,marketing,207881,31,1,kogi,2021-03-18
427,employee_427,HR,95566,44,2,katsina,2020-01-19
428,employee_428,marketing,65389,34,5,ogun,2020-11-14
429,employee_429,support,348000,28,1,abuja,2020-12-30
430,employee_430,sales,229630,33,5,kogi,2021-03-18
431,employee_431,sales,96115,34,3,ibadan,2021-03-04
432,employee_432,support,152629,42,0,abia,2020-11-04
433,employee_433,finance,138481,32,4,imo,2020-05-18
434,employee_434,HR,122983,41,5,katsina,2020-11-12
435,employee_435,marketing,218293,32,5,osun,2021-04-02
436,employee_436,marketing,347861,34,5,ibadan,2021-02-20
437,employee_437,finance,279704,50,2,kwara,2020-09-02
438,employee_438,support,165975,43,1,abuja,2021-05-23
439,employee_439,engineering,253194,39,0,kogi,2020-10-22
440,employee_440,engineering,125322,33,5,imo,2020-03-19
441,employee_441,finance,197267,23,1,ibadan,2020-09-24
442,employee_442,sales,313736,34,0,enugu,2020-12-08
443,employee_443,engineering,106125,46,1,kano,2021-05-24
444,employee_444,support,60975,33,5,ibadan,2020-04-27
445,employee_445,finance,103584,22,5,akure,2020-05-08
446,employee_446,sales,258072,33,3,ibadan,2020-06-20
447,employee_447,sales,130104,25,1,kogi,2020-09-24
448,employee_448,support,214255,39,1,kogi,2021-05-13
449,employee_449,sales,317213,51,4,kogi,2021-05-05
450,employee_450,support,210315,45,3,ogun,2020-07-09
451,employee_451,sales,319390,47,5,katsina,2020-01-05
452,employee_452,engineering,171878,34,1,kano,2021-05-14
453,employee_453,marketing,344095,56,1,imo,2020-04-06
454,employee_454,sales,50611,31,5,kogi,2021-05-10
455,employee_455,engineering,347099,45,0,ibadan,2020-10-16
456,employee_456,marketing,99294,55,2,abuja,2020-11-11
457,employee_457,support,290994,43,3,abuja,2021-03-01
458,employee_458,support,71818,34,4,ibadan,2020-11-30
459,employee_459,support,128765,46,0,kogi,2021-06-11
460,employee_460,HR,132675,53,3,osun,2020-11-16
461,employee_461,support,261797,25,2,imo,2020-03-27
462,employee_462,engineering,346542,45,3,abuja,2021-01-12
463,employee_463,marketing,138983,60,1,kano,2020-12-11
464,employee_464,sales,326733,59,0,kwara,2021-05-31
465,employee_465,finance,72694,48,4,lagos,2020-07-14
466,employee_466,engineering,166692,39,5,abia,2021-05-09
467,employee_467,support,87324,26,1,lagos,2020-05-20
468,employee_468,sales,161448,22,5,kano,2020-08-27
469,employee_469,marketing,240126,57,2,abia,2020-04-09
470,employee_470,support,123030,58,5,kano,2020-02-06
471,employee_471,sales,129927,30,1,lagos,2020-07-28
472,employee_472,HR,244875,56,1,katsina,2020-08-17
473,employee_473,marketing,333609,60,5,akure,2020-03-10
474,employee_474,engineering,112897,36,5,imo,2021-05-24
475,employee_475,support,296203,36,4,ogun,2021-04-13
476,employee_476,marketing,132488,49,4,enugu,2021-02-03
477,employee_477,sales,329680,31,1,kogi,2020-01-08
478,employee_478,support,339071,39,1,kano,2021-01-27
479,employee_479,sales,222508,27,2,ibadan,2020-09-23
480,employee_480,marketing,247553,42,3,ibadan,2020-07-21
481,employee_481,engineering,261253,30,0,kogi,2021-06-24
482,employee_482,engineering,212227,56,5,ibadan,2020-05-06
483,employee_483,marketing,315152,49,1,lagos,2020-06-26
484,employee_484,marketing,319448,26,0,katsina,2020-01-11
485,employee_485,engineering,321434,38,1,ogun,2020-08-11
486,employee_486,marketing,112725,39,0,osun,2020-04-28
487,employee_487,engineering,279645,58,3,katsina,2020-07-18
488,employee_488,engineering,227003,21,3,imo,2020-10-13
489,employee_489,marketing,228135,24,2,ibadan,2020-09-01
490,employee_490,HR,281220,27,4,kano,2020-01-07
491,employee_491,HR,322673,38,5,ibadan,2020-04-24
492,employee_492,sales,95334,45,4,katsina,2021-02-22
493,employee_493,HR,193134,24,4,abia,2021-06-22
494,employee_494,finance,110114,48,1,kano,2020-09-03
495,employee_495,marketing,104403,33,3,lagos,2020-11-23
496,employee_496,sales,204272,25,0,katsina,2021-05-02
497,employee_497,sales,133223,32,3,abia,2020-12-08
498,employee_498,marketing,190379,28,5,akure,2020-05-11
499,employee_499,finance,330002,34,4,akure,2020-03-26
500,employee_500,sales,172824,41,3,kwara,2020-03-16
501,employee_501,engineering,265675,39,2,abia,2021-03-20
502,employee_502,sales,312370,38,3,abuja,2020-07-13
503,employee_503,HR,80775,27,0,kano,2020-04-13
504,employee_504,finance,323371,42,5,abuja,2020-04-10
505,employee_505,marketing,242748,54,0,abuja,2020-02-24
506,employee_506,engineering,199546,45,0,kano,2020-07-14
507,employee_507,support,244352,36,2,ogun,2021-02-10
508,employee_508,marketing,135463,53,4,lagos,2020-04-09
509,employee_509,finance,75217,55,0,kano,2020-09-05
510,employee_510,finance,274814,35,0,kogi,2021-05-22
511,employee_511,sales,257204,24,1,enugu,2020-04-07
512,employee_512,sales,344115,58,1,enugu,2020-10-08
513,employee_513,sales,318741,50,0,kwara,2020-03-19
514,employee_514,marketing,154206,55,1,ibadan,2021-05-25
515,employee_515,support,282587,23,2,abuja,2020-01-13
516,employee_516,support,183963,51,1,lagos,2020-02-01
517,employee_517,HR,321138,31,0,katsina,2020-04-26
518,employee_518,support,91223,40,4,kano,2020-11-14
519,employee_519,support,98421,40,5,katsina,2020-01-22
520,employee_520,finance,204960,40,3,osun,2021-04-20
521,employee_521,marketing,205541,30,2,osun,2021-02-26
522,employee_522,HR,207455,58,0,imo,2020-01-22
523,employee_523,engineering,286764,47,4,abia,2020-08-19
524,employee_524,HR,195101,44,0,lagos,2020-09-21
525,employee_525,engineering,240856,26,5,abuja,2020-07-21
526,employee_526,support,72955,34,0,enugu,2021-02-02
527,employee_527,sales,86980,51,0,kogi,2020-04-18
528,employee_528,sales,260730,56,5,ibadan,2021-02-27
529,employee_529,finance,332312,29,5,lagos,2021-06-18
530,employee_530,sales,116311,54,2,imo,2021-06-19
531,employee_531,engineering,318377,27,4,kogi,2021-02-06
532,employee_532,marketing,123236,35,2,ibadan,2020-09-19
533,employee_533,engineering,221215,44,3,kano,2020-11-12
534,employee_534,sales,291805,31,0,imo,2020-08-15
535,employee_535,marketing,264918,33,5,kogi,2020-06-05
536,employee_536,engineering,88996,47,0,ogun,2020-10-06
537,employee_537,marketing,204426,28,3,abia,2020-06-10
538,employee_538,HR,85794,60,0,abuja,2021-03-25
539,employee_539,engineering,254665,48,4,kogi,2020-09-05
540,employee_540,sales,120346,27,5,kwara,2021-01-06
541,employee_541,marketing,162963,43,4,ibadan,2020-02-22
542,employee_542,finance,302404,23,2,abia,2021-04-12
543,employee_543,engineering,133327,47,2,kogi,2020-12-20
544,employee_544,sales,195889,27,5,kogi,2020-11-19
545,employee_545,sales,254344,47,3,abuja,2020-12-09
546,employee_546,sales,108786,26,0,kano,2020-02-09
547,employee_547,sales,59410,27,4,abia,2020-01-19
548,employee_548,support,226998,54,4,katsina,2021-01-11
549,employee_549,marketing,271649,52,5,osun,2020-07-09
550,employee_550,sales,145641,44,5,akure,2020-05-20
551,employee_551,finance,291396,47,0,akure,2020-01-29
552,employee_552,support,174594,33,2,osun,2021-06-09
553,employee_553,support,185346,55,0,kwara,2021-03-03
554,employee_554,engineering,314230,48,5,imo,2021-06-12
555,employee_555,support,150232,21,2,katsina,2020-10-13
556,employee_556,HR,134437,58,4,ogun,2021-05-22
557,employee_557,marketing,245898,34,1,abuja,2020-01-04
558,employee_558,engineering,176060,35,4,kwara,2020-08-10
559,employee_559,engineering,346275,21,2,lagos,2020-02-18
560,employee_560,HR,306894,47,2,kwara,2020-11-12
561,employee_561,support,347401,22,0,ibadan,2020-02-13
562,employee_562,finance,276834,42,5,lagos,2020-05-31
563,employee_563,finance,285984,56,3,lagos,2020-02-17
564,employee_564,marketing,220344,60,0,kano,2021-04-17
565,employee_565,support,345503,21,2,kogi,2020-07-16
566,employee_566,sales,85651,59,4,abuja,2021-06-12
567,employee_567,HR,323512,47,2,kwara,2020-07-11
568,employee_568,sales,119773,47,4,kogi,2020-03-22
569,employee_569,sales,151633,45,3,ogun,2021-05-01
570,employee_570,engineering,288769,50,2,kano,2021-02-24
571,employee_571,support,349129,40,5,imo,2020-07-03
572,employee_572,support,251709,60,0,akure,2020-10-05
573,employee_573,support,333249,60,3,kwara,2020-03-31
574,employee_574,support,188822,27,5,kano,2020-09-21
575,employee_575,finance,135907,49,3,lagos,2021-01-05
576,employee_576,engineering,329561,51,2,akure,2020-02-11
577,employee_577,finance,275421,31,2,ibadan,2020-03-23
578,employee_578,marketing,331363,55,5,kogi,2021-03-28
579,employee_579,marketing,242936,22,0,katsina,2020-04-25
580,employee_580,marketing,155330,54,3,lagos,2021-03-24
581,employee_581,finance,92306,40,1,lagos,2020-04-13
582,employee_582,HR,194956,60,5,imo,2020-11-13
583,employee_583,HR,339462,32,4,ogun,2020-03-17
584,employee_584,finance,58729,39,3,kano,2020-11-15
585,employee_585,sales,329418,48,5,abia,2020-07-19
586,employee_586,finance,280710,32,1,kogi,2020-06-15
587,employee_587,sales,169136,35,0,kwara,2020-01-12
588,employee_588,HR,210331,41,2,ibadan,2021-02-10
589,employee_589,support,312149,39,1,imo,2020-07-01
590,employee_590,engineering,72017,59,2,ibadan,2021-01-31
591,employee_591,marketing,269462,27,3,enugu,2020-07-11
592,employee_592,engineering,297596,57,0,osun,2020-03-18
593,employee_593,support,349439,60,5,ogun,2021-05-27
594,employee_594,finance,258034,49,3,abuja,2021-04-21
595,employee_595,engineering,245153,28,0,imo,2020-02-10
596,employee_596,HR,234075,46,5,kano,2020-11-22
597,employee_597,sales,258580,29,0,lagos,2020-02-04
598,employee_598,HR,326128,22,2,enugu,2020-12-17
599,employee_599,finance,62218,22,0,imo,2020-09-19
600,employee_600,finance,193750,25,2,kogi,2021-01-26
601,employee_601,support,174905,23,2,abia,2021-04-04
602,employee_602,HR,310504,44,3,kano,2020-07-10
603,employee_603,engineering,135859,28,3,akure,2020-07-02
604,employee_604,marketing,161208,57,5,lagos,2020-11-24
605,employee_605,HR,290901,22,0,abia,2020-08-20
606,employee_606,support,300666,46,5,abia,2020-01-30
607,employee_607,support,289282,32,0,ogun,2020-08-09
608,employee_608,HR,196399,54,4,katsina,2020-05-24
609,employee_609,HR,294060,51,2,kogi,2021-05-18
610,employee_610,sales,192069,45,3,kwara,2020-11-28
611,employee_611,HR,147641,38,0,imo,2020-10-27
612,employee_612,marketing,198330,30,3,ogun,2021-06-04
613,employee_613,marketing,68487,52,3,akure,2021-05-02
614,employee_614,support,199828,48,2,kwara,2020-12-12
615,employee_615,support,280156,56,2,kogi,2020-11-02
616,employee_616,finance,96011,58,1,ibadan,2020-05-20
617,employee_617,sales,347701,36,2,kogi,2020-05-10
618,employee_618,support,343335,44,0,kogi,2020-12-20
619,employee_619,HR,146253,54,3,katsina,2020-11-30
620,employee_620,engineering,95342,56,3,enugu,2021-02-06
621,employee_621,HR,186098,25,2,ibadan,2021-05-04
622,employee_622,support,304395,49,2,enugu,2021-02-21
623,employee_623,HR,283713,25,0,katsina,2020-03-09
624,employee_624,marketing,331480,49,1,enugu,2021-05-13
625,employee_625,marketing,269244,24,3,ogun,2021-06-01
626,employee_626,marketing,250287,49,5,abia,2020-10-16
627,employee_627,support,141602,21,2,ogun,2020-02-01
628,employee_628,support,220082,51,4,ibadan,2021-02-17
629,employee_629,HR,125624,25,3,katsina,2020-09-25
630,employee_630,sales,223255,26,4,abia,2021-02-18
631,employee_631,finance,109394,43,1,abuja,2020-05-15
632,employee_632,engineering,203654,25,5,katsina,2021-06-17
633,employee_633,HR,313088,51,4,lagos,2021-03-16
634,employee_634,support,316864,48,2,imo,2020-04-20
635,employee_635,support,182888,48,3,imo,2020-02-24
636,employee_636,engineering,309074,21,5,akure,2020-08-30
637,employee_637,marketing,267465,50,0,abuja,2020-12-08
638,employee_638,finance,136486,32,3,ibadan,2020-03-20
639,employee_639,support,120109,37,3,akure,2020-12-08
640,employee_640,HR,239422,52,4,enugu,2020-07-19
641,employee_641,finance,110159,45,4,katsina,2020-05-22
642,employee_642,engineering,144321,31,3,abia,2020-05-07
643,employee_643,engineering,162361,26,4,lagos,2020-03-02
644,employee_644,HR,93129,38,4,kwara,2020-02-22
645,employee_645,engineering,329746,37,3,ogun,2020-11-18
646,employee_646,finance,238696,49,5,enugu,2020-09-09
647,employee_647,finance,163558,30,4,kano,2020-08-22
648,employee_648,marketing,85804,33,1,ogun,2020-03-08
649,employee_649,marketing,176376,47,3,osun,2020-09-25
650,employee_650,marketing,321335,36,2,osun,2021-06-09
651,employee_651,support,55207,54,2,kogi,2021-06-12
652,employee_652,sales,158168,29,4,imo,2021-04-09
653,employee_653,finance,317635,38,2,kogi,2020-05-25
654,employee_654,sales,106113,33,3,lagos,2020-05-27
655,employee_655,finance,206687,46,4,kwara,2020-10-10
656,employee_656,finance,345679,55,4,abia,2020-01-30
657,employee_657,marketing,82130,45,3,lagos,2020-10-31
658,employee_658,sales,324967,33,0,kogi,2020-05-30
659,employee_659,sales,202575,46,5,akure,2021-05-29
660,employee_660,marketing,346851,58,4,enugu,2020-06-30
661,employee_661,finance,190463,40,3,katsina,2020-03-25
662,employee_662,HR,327832,38,1,ogun,2020-02-13
663,employee_663,marketing,140574,50,2,osun,2020-09-08
664,employee_664,support,347334,23,4,kwara,2020-04-04
665,employee_665,support,91933,30,1,lagos,2020-07-05
666,employee_666,engineering,228905,27,1,ogun,2021-06-03
667,employee_667,finance,91033,34,3,kwara,2020-10-12
668,employee_668,engineering,220239,39,0,abia,2021-02-01
669,employee_669,support,224017,31,1,enugu,2020-01-09
670,employee_670,engineering,331765,49,3,enugu,2021-01-15
671,employee_671,engineering,78282,23,1,kano,2020-06-11
672,employee_672,support,275921,22,3,katsina,2020-10-20
673,employee_673,sales,317112,39,1,kano,2021-03-12
674,employee_674,sales,184524,55,2,kogi,2020-10-05
675,employee_675,support,164943,25,0,imo,2020-08-01
676,employee_676,HR,164436,35,4,ogun,2020-12-28
677,employee_677,finance,177247,49,5,kogi,2021-05-07
678,employee_678,HR,78901,43,4,akure,2020-06-27
679,employee_679,engineering,271683,38,2,osun,2021-03-05
680,employee_680,marketing,127866,29,2,katsina,2020-04-05
681,employee_681,HR,91906,30,2,akure,2021-05-28
682,employee_682,marketing,322471,33,5,osun,2020-06-21
683,employee_683,support,158004,22,3,kwara,2020-05-02
684,employee_684,finance,108231,29,2,enugu,2020-01-22
685,employee_685,support,266301,49,0,enugu,2021-05-25
686,employee_686,marketing,147758,40,2,abia,2020-12-17
687,employee_687,finance,295836,41,5,osun,2021-03-24
688,employee_688,engineering,104055,35,0,akure,2021-03-01
689,employee_689,marketing,305047,34,0,ogun,2020-02-12
690,employee_690,HR,206490,31,3,imo,2020-10-29
691,employee_691,finance,275052,35,4,ibadan,2021-03-13
692,employee_692,marketing,200320,44,4,katsina,2020-04-11
693,employee_693,engineering,57635,33,2,kwara,2020-12-19
694,employee_694,marketing,299682,29,3,katsina,2020-07-10
695,employee_695,support,298273,43,0,kano,2021-05-17
696,employee_696,support,87195,59,1,kogi,2020-11-09
697,employee_697,HR,107904,21,1,katsina,2021-03-25
698,employee_698,HR,320686,56,0,enugu,2020-09-12
699,employee_699,sales,267150,40,4,enugu,2020-02-12
700,employee_700,sales,214047,58,5,osun,2020-01-03
701,employee_701,support,111341,57,3,ogun,2020-09-30
702,employee_702,HR,175662,43,3,kano,2020-07-12
703,employee_703,marketing,224750,22,1,abuja,2020-03-20
704,employee_704,engineering,316744,51,0,ogun,2020-02-15
705,employee_705,engineering,71017,55,1,kano,2020-05-10
706,employee_706,engineering,238190,36,1,abia,2020-06-19
707,employee_707,engineering,334055,58,1,osun,2021-01-02
708,employee_708,sales,75846,54,4,kwara,2020-02-01
709,employee_709,finance,272648,45,0,enugu,2020-04-29
710,employee_710,engineering,98318,39,3,kwara,2020-07-04
711,employee_711,finance,294205,43,4,osun,2020-04-12
712,employee_712,engineering,305375,33,4,lagos,2021-02-05
713,employee_713,sales,219971,24,5,kogi,2021-06-11
714,employee_714,marketing,313537,44,3,abia,2021-03-15
715,employee_715,engineering,145844,50,1,abuja,2021-03-10
716,employee_716,engineering,175107,43,0,kano,2020-11-08
717,employee_717,finance,58184,46,1,kano,2021-04-19
718,employee_718,engineering,233223,30,2,abuja,2021-03-13
719,employee_719,marketing,184827,41,3,ibadan,2021-01-25
720,employee_720,marketing,267937,45,3,kogi,2020-09-17
721,employee_721,sales,112970,38,1,abia,2021-06-01
722,employee_722,finance,54382,22,0,lagos,2020-04-22
723,employee_723,HR,282573,37,1,enugu,2021-06-06
724,employee_724,finance,306431,27,0,imo,2021-05-01
725,employee_725,HR,316149,32,1,kano,2020-05-30
726,employee_726,finance,334262,35,1,enugu,2021-03-13
727,employee_727,HR,124074,34,5,katsina,2020-10-02
728,employee_728,finance,73280,28,2,ibadan,2020-05-01
729,employee_729,sales,308899,46,2,enugu,2021-03-07
730,employee_730,sales,91160,23,5,ogun,2020-02-21
731,employee_731,engineering,59960,43,4,abuja,2020-05-05
732,employee_732,marketing,249865,31,5,abia,2020-10-01
733,employee_733,sales,175165,60,1,ogun,2020-07-30
734,employee_734,finance,316444,57,0,ibadan,2020-02-27
735,employee_735,HR,256968,58,5,ogun,2021-02-02
736,employee_736,HR,95191,41,5,akure,2020-12-25
737,employee_737,support,325617,24,5,lagos,2021-05-30
738,employee_738,sales,244268,52,2,enugu,2020-12-02
739,employee_739,engineering,161143,28,4,imo,2020-08-16
740,employee_740,support,339178,29,1,enugu,2020-02-25
741,employee_741,support,331806,38,2,ibadan,2021-02-01
742,employee_742,marketing,217606,22,0,ogun,2020-07-21
743,employee_743,support,333992,26,1,kwara,2021-01-10
744,employee_744,support,206413,27,4,ibadan,2020-06-30
745,employee_745,marketing,168368,31,3,abia,2020-10-13
746,employee_746,finance,287801,23,0,enugu,2021-04-04
747,employee_747,HR,169820,52,5,lagos,2020-03-09
748,employee_748,engineering,271372,44,1,kogi,2020-02-15
749,employee_749,finance,204412,57,3,abuja,2020-07-07
750,employee_750,sales,172135,26,5,lagos,2020-06-08
751,employee_751,sales,136522,51,3,akure,2021-03-04
752,employee_752,support,50138,48,5,lagos,2020-11-03
753,employee_753,engineering,314993,48,4,kogi,2020-01-11
754,employee_754,marketing,238439,45,3,abuja,2020-03-27
755,employee_755,support,341569,32,4,osun,2020-05-12
756,employee_756,engineering,59123,51,2,kwara,2021-03-17
757,employee_757,finance,165015,44,4,imo,2020-08-31
758,employee_758,engineering,308499,41,1,katsina,2021-01-21
759,employee_759,HR,109183,37,4,kano,2021-05-28
760,employee_760,support,263942,58,0,kwara,2021-02-17
761,employee_761,engineering,298966,41,5,kogi,2021-03-18
762,employee_762,HR,181249,41,5,ibadan,2021-01-26
763,employee_763,finance,138909,32,0,kogi,2020-06-05
764,employee_764,finance,229897,54,1,lagos,2020-01-12
765,employee_765,HR,233340,55,0,ogun,2021-04-16
766,employee_766,finance,262711,36,2,abia,2020-10-23
767,employee_767,marketing,100787,23,4,kwara,2020-12-22
768,employee_768,HR,202180,56,4,katsina,2020-03-28
769,employee_769,marketing,147739,49,5,kano,2021-04-08
770,employee_770,sales,315328,34,2,lagos,2021-05-23
771,employee_771,marketing,148519,29,4,abuja,2020-04-01
772,employee_772,sales,298422,26,3,enugu,2020-04-06
773,employee_773,engineering,53547,35,2,lagos,2020-06-27
774,employee_774,engineering,307655,35,3,abuja,2021-05-25
775,employee_775,finance,217429,50,2,abuja,2021-04-30
776,employee_776,support,84787,53,2,ogun,2020-01-06
777,employee_777,engineering,82594,22,0,abuja,2020-08-21
778,employee_778,HR,80922,31,5,abuja,2020-10-09
779,employee_779,marketing,59663,37,0,abuja,2020-04-05
780,employee_780,support,179622,57,1,abuja,2020-12-29
781,employee_781,support,342852,25,4,kano,2021-04-22
782,employee_782,sales,127204,38,2,katsina,2021-04-04
783,employee_783,support,270466,39,2,kogi,2020-03-18
784,employee_784,marketing,212660,48,4,osun,2020-04-11
785,employee_785,finance,335913,33,1,kogi,2020-12-02
786,employee_786,marketing,282327,40,3,lagos,2020-04-16
787,employee_787,finance,320188,50,5,abia,2020-05-01
788,employee_788,marketing,147057,59,0,kwara,2020-08-17
789,employee_789,HR,323768,29,5,kogi,2020-12-21
790,employee_790,sales,113590,57,3,kwara,2021-01-22
791,employee_791,marketing,86952,29,3,kogi,2021-02-25
792,employee_792,support,111960,45,5,osun,2020-06-10
793,employee_793,support,289896,49,5,lagos,2021-05-29
794,employee_794,support,272470,45,2,enugu,2020-10-30
795,employee_795,marketing,272412,44,4,enugu,2021-03-28
796,employee_796,support,217643,59,3,enugu,2021-03-20
797,employee_797,sales,162166,53,0,lagos,2021-04-18
798,employee_798,finance,67822,47,4,kano,2020-07-15
799,employee_799,support,180121,51,1,katsina,2020-09-01
800,employee_800,finance,295170,39,5,abuja,2020-06-28
801,employee_801,sales,311492,56,4,kogi,2020-12-11
802,employee_802,sales,77366,49,1,ogun,2021-01-11
803,employee_803,finance,261098,21,5,abia,2021-01-03
804,employee_804,HR,92654,50,1,kano,2020-03-09
805,employee_805,HR,164218,21,5,akure,2021-06-10
806,employee_806,sales,343841,58,1,imo,2021-06-04
807,employee_807,marketing,57893,31,5,imo,2020-06-09
808,employee_808,marketing,231674,42,3,kogi,2020-08-11
809,employee_809,engineering,318470,54,4,katsina,2021-05-25
810,employee_810,support,66715,49,4,abia,2020-03-11
811,employee_811,support,55323,47,1,katsina,2020-03-26
812,employee_812,finance,197868,35,2,ibadan,2020-03-21
813,employee_813,marketing,307983,40,3,lagos,2020-10-19
814,employee_814,marketing,258142,52,0,abuja,2021-03-26
815,employee_815,HR,203692,60,4,ogun,2020-11-19
816,employee_816,marketing,247725,36,2,katsina,2021-03-08
817,employee_817,finance,74649,60,2,abuja,2021-03-03
818,employee_818,HR,255414,50,1,ibadan,2020-01-12
819,employee_819,marketing,248934,31,4,ogun,2021-05-19
820,employee_820,engineering,93710,36,1,abuja,2021-01-16
821,employee_821,sales,272217,49,0,abuja,2020-03-19
822,employee_822,marketing,293842,28,3,abuja,2020-01-08
823,employee_823,finance,224908,60,4,imo,2020-06-11
824,employee_824,support,73630,51,0,kwara,2020-01-23
825,employee_825,HR,140426,26,1,abuja,2021-02-11
826,employee_826,engineering,214196,23,1,ibadan,2021-01-29
827,employee_827,engineering,97123,51,1,ibadan,2020-04-02
828,employee_828,sales,184617,26,2,kogi,2020-12-19
829,employee_829,finance,207303,41,0,imo,2020-07-06
830,employee_830,HR,158234,42,2,osun,2020-03-17
831,employee_831,sales,208174,60,0,akure,2021-02-24
832,employee_832,sales,151389,22,5,katsina,2021-01-26
833,employee_833,HR,171999,53,3,abia,2020-11-11
834,employee_834,marketing,259514,42,0,lagos,2021-04-02
835,employee_835,finance,187316,34,2,kano,2020-11-20
836,employee_836,support,50754,25,4,abuja,2021-02-27
837,employee_837,finance,171112,46,2,enugu,2020-01-21
838,employee_838,sales,278149,60,3,imo,2021-05-06
839,employee_839,sales,315957,27,1,ibadan,2020-03-07
840,employee_840,finance,229398,30,2,ibadan,2021-03-19
841,employee_841,finance,83988,41,1,akure,2020-01-26
842,employee_842,marketing,59075,37,1,akure,2020-03-18
843,employee_843,marketing,195378,23,3,katsina,2020-06-06
844,employee_844,marketing,185002,46,2,abuja,2020-07-28
845,employee_845,HR,288950,26,0,lagos,2020-11-02
846,employee_846,marketing,104372,32,3,imo,2020-10-13
847,employee_847,HR,320766,37,3,abia,2020-01-27
848,employee_848,support,344081,27,4,imo,2020-06-11
849,employee_849,support,59013,44,0,osun,2020-04-07
850,employee_850,sales,160766,36,4,ogun,2020-06-04
851,employee_851,support,177860,46,1,akure,2020-08-13
852,employee_852,HR,339621,48,2,enugu,2020-05-02
853,employee_853,engineering,138516,39,4,abia,2020-04-20
854,employee_854,HR,317839,34,0,lagos,2021-03-13
855,employee_855,HR,175298,55,0,kwara,2020-08-04
856,employee_856,support,139108,38,2,abuja,2021-02-28
857,employee_857,sales,349116,26,3,enugu,2021-02-13
858,employee_858,engineering,278963,21,3,osun,2020-03-28
859,employee_859,engineering,297646,30,4,kano,2020-08-30
860,employee_860,HR,221059,57,0,katsina,2020-08-02
861,employee_861,finance,158138,26,2,katsina,2020-12-26
862,employee_862,sales,137854,55,3,abia,2020-05-20
863,employee_863,support,213104,43,5,ogun,2020-01-23
864,employee_864,finance,64702,57,2,abuja,2020-09-29
865,employee_865,sales,310271,26,3,kwara,2020-06-18
866,employee_866,marketing,332203,32,0,kwara,2020-05-11
867,employee_867,finance,199649,45,4,kano,2020-04-09
868,employee_868,sales,152021,45,1,osun,2021-05-14
869,employee_869,engineering,161114,54,3,ogun,2020-10-18
870,employee_870,support,280271,35,1,abia,2020-06-15
871,employee_871,HR,122904,29,2,kano,2021-03-19
872,employee_872,HR,287500,56,5,katsina,2021-02-06
873,employee_873,marketing,91207,31,2,ibadan,2020-04-16
874,employee_874,finance,229492,29,4,imo,2021-05-11
875,employee_875,marketing,196860,51,2,osun,2020-01-08
876,employee_876,finance,185352,50,2,abia,2020-04-02
877,employee_877,sales,272433,40,1,ibadan,2020-10-02
878,employee_878,engineering,51833,43,3,osun,2020-11-02
879,employee_879,support,67631,45,5,akure,2020-07-05
880,employee_880,finance,163732,32,4,katsina,2020-05-11
881,employee_881,finance,206712,38,5,kwara,2020-08-25
882,employee_882,finance,246193,28,4,osun,2021-01-12
883,employee_883,finance,52705,56,5,abia,2021-04-05
884,employee_884,sales,216794,37,3,kano,2020-05-03
885,employee_885,support,218948,49,0,kogi,2021-03-09
886,employee_886,HR,231548,21,0,abia,2021-03-15
887,employee_887,HR,148146,22,2,katsina,2021-04-04
888,employee_888,sales,115489,37,4,ibadan,2021-05-02
889,employee_889,HR,197719,54,2,osun,2020-05-12
890,employee_890,sales,111420,43,1,kwara,2020-08-31
891,employee_891,engineering,219199,48,4,kano,2020-02-22
892,employee_892,marketing,74677,53,1,lagos,2021-04-30
893,employee_893,support,313312,21,4,kwara,2021-06-10
894,employee_894,HR,139677,23,4,kano,2020-12-30
895,employee_895,HR,110302,21,5,abia,2020-10-07
896,employee_896,HR,152514,43,5,ibadan,2021-05-17
897,employee_897,marketing,92991,34,0,abia,2020-06-09
898,employee_898,sales,118526,58,4,lagos,2020-06-20
899,employee_899,finance,95567,22,0,imo,2020-06-20
900,employee_900,HR,301235,59,4,imo,2020-05-19
901,employee_901,finance,293066,57,4,kwara,2021-06-22
902,employee_902,HR,224566,60,5,imo,2020-09-13
903,employee_903,HR,138519,48,0,katsina,2020-07-01
904,employee_904,HR,207102,24,4,lagos,2021-04-24
905,employee_905,sales,66834,21,1,enugu,2020-04-16
906,employee_906,sales,105470,43,0,kogi,2020-12-01
907,employee_907,HR,203976,45,0,kwara,2021-06-06
908,employee_908,marketing,243555,57,1,ogun,2020-02-21
909,employee_909,marketing,221214,28,2,abuja,2020-07-10
910,employee_910,HR,317505,47,3,lagos,2020-01-23
911,employee_911,marketing,289451,39,4,ibadan,2020-04-22
912,employee_912,engineering,281755,28,2,osun,2020-03-04
913,employee_913,HR,262732,39,4,abia,2021-05-15
914,employee_914,HR,297061,29,5,akure,2020-01-22
915,employee_915,engineering,126541,41,4,osun,2021-03-12
916,employee_916,marketing,196425,54,5,katsina,2020-10-02
917,employee_917,HR,120940,57,5,abia,2021-03-28
918,employee_918,marketing,273550,52,0,akure,2020-11-15
919,employee_919,support,146538,57,5,imo,2020-12-13
920,employee_920,support,219881,52,0,imo,2020-11-05
921,employee_921,sales,310404,24,0,enugu,2020-03-31
922,employee_922,marketing,93757,24,1,akure,2020-07-12
923,employee_923,HR,260560,35,2,osun,2020-06-01
924,employee_924,engineering,296523,32,1,ibadan,2020-01-12
925,employee_925,finance,95433,44,2,kwara,2021-03-20
926,employee_926,sales,179815,28,5,ogun,2020-10-05
927,employee_927,support,165997,55,3,lagos,2021-01-19
928,employee_928,engineering,83711,42,2,kano,2020-04-28
929,employee_929,engineering,323643,53,4,imo,2020-12-12
930,employee_930,marketing,184631,59,5,abuja,2020-05-31
931,employee_931,support,252590,41,5,osun,2020-12-09
932,employee_932,engineering,299488,34,1,kogi,2021-02-03
933,employee_933,sales,210155,56,0,ibadan,2020-08-16
934,employee_934,engineering,164296,49,2,lagos,2020-01-01
935,employee_935,support,98678,57,4,lagos,2020-04-29
936,employee_936,engineering,52516,47,1,kwara,2020-06-17
937,employee_937,HR,193499,38,1,kano,2021-01-28
938,employee_938,finance,189202,57,5,akure,2020-03-23
939,employee_939,support,319400,59,5,ogun,2021-05-28
940,employee_940,engineering,305390,53,5,ogun,2020-12-04
941,employee_941,finance,84109,49,4,abuja,2020-12-20
942,employee_942,finance,175010,46,4,kwara,2020-02-11
943,employee_943,support,161943,38,2,osun,2020-09-19
944,employee_944,marketing,157437,22,2,osun,2020-10-06
945,employee_945,engineering,324995,23,4,abuja,2020-02-04
946,employee_946,engineering,268313,58,2,kogi,2020-04-05
947,employee_947,marketing,330904,34,1,katsina,2020-03-28
948,employee_948,sales,296749,58,1,kogi,2021-01-29
949,employee_949,finance,59022,36,5,lagos,2021-04-02
950,employee_950,finance,51527,42,4,osun,2020-01-28
951,employee_951,support,275776,38,0,kwara,2020-04-28
952,employee_952,engineering,246875,49,0,lagos,2020-04-17
953,employee_953,sales,247051,44,0,lagos,2020-11-29
954,employee_954,marketing,135048,22,4,kogi,2020-12-02
955,employee_955,HR,311509,39,4,ibadan,2020-12-28
956,employee_956,support,237365,55,1,osun,2020-07-11
957,employee_957,engineering,325372,44,5,kogi,2021-01-29
958,employee_958,support,224202,37,4,katsina,2020-09-18
959,employee_959,sales,317409,27,1,imo,2021-02-24
960,employee_960,marketing,337469,53,5,abuja,2020-01-08
961,employee_961,sales,342511,45,5,ogun,2020-09-01
962,employee_962,HR,80894,26,4,enugu,2020-02-10
963,employee_963,support,164263,22,3,ogun,2021-06-21
964,employee_964,engineering,293393,48,1,katsina,2020-06-25
965,employee_965,finance,225854,54,4,abuja,2020-03-27
966,employee_966,support,110990,31,5,enugu,2021-04-19
967,employee_967,sales,101642,44,0,kwara,2020-01-31
968,employee_968,sales,313646,38,2,kano,2020-09-26
969,employee_969,sales,295522,48,5,imo,2020-01-20
970,employee_970,engineering,183148,29,2,osun,2021-03-30
971,employee_971,sales,215447,52,0,kano,2020-12-12
972,employee_972,finance,206373,43,4,ibadan,2021-03-27
973,employee_973,marketing,234998,26,4,kogi,2020-03-06
974,employee_974,finance,59352,25,5,abia,2020-09-27
975,employee_975,engineering,61255,42,2,ogun,2020-11-03
976,employee_976,finance,349612,48,1,ogun,2021-01-18
977,employee_977,HR,107423,47,2,katsina,2021-04-12
978,employee_978,support,163818,58,5,lagos,2021-04-13
979,employee_979,sales,254668,46,3,akure,2020-06-04
980,employee_980,finance,205979,32,0,katsina,2020-04-16
981,employee_981,finance,302086,58,4,enugu,2020-01-10
982,employee_982,sales,232015,56,0,abuja,2020-05-14
983,employee_983,finance,243341,24,3,enugu,2020-08-27
984,employee_984,sales,167303,41,0,ogun,2021-03-07
985,employee_985,support,318213,24,0,osun,2020-05-22
986,employee_986,HR,290921,28,3,kogi,2020-06-24
987,employee_987,HR,170027,43,1,kogi,2020-01-02
988,employee_988,engineering,291755,49,1,kogi,2020-12-17
989,employee_989,finance,314731,25,1,kano,2021-03-21
990,employee_990,engineering,149568,42,5,imo,2020-09-23
991,employee_991,HR,287185,21,0,ogun,2020-05-11
992,employee_992,HR,156039,29,5,ogun,2020-02-28
993,employee_993,engineering,137069,41,5,katsina,2020-02-14
994,employee_994,finance,259220,51,5,ibadan,2020-01-18
995,employee_995,sales,99226,55,5,imo,2021-01-16
996,employee_996,HR,171870,28,0,akure,2021-02-17
997,employee_997,finance,315860,35,2,kogi,2020-06-30
998,employee_998,support,341267,50,2,katsina,2020-04-19
999,employee_999,marketing,185601,55,1,katsina,2021-01-22
1000,employee_1000,finance,345023,30,0,akure,2020-06-02
1001,employee_1001,support,267557,37,2,kwara,2021-04-23
1002,employee_1002,engineering,248289,45,1,ogun,2020-08-02
1003,employee_1003,support,74717,34,1,kano,2020-04-08
1004,employee_1004,sales,339449,53,0,enugu,2020-01-04
1005,employee_1005,engineering,318381,30,0,abia,2020-12-08
1006,employee_1006,finance,306564,37,5,abuja,2020-05-17
1007,employee_1007,finance,102654,32,0,kwara,2020-07-14
1008,employee_1008,support,152252,39,0,ogun,2020-03-20
1009,employee_1009,sales,87951,58,2,ibadan,2020-12-16
1010,employee_1010,support,241734,51,3,abia,2021-02-01
1011,employee_1011,marketing,247561,30,2,katsina,2021-02-24
1012,employee_1012,sales,104139,27,3,abuja,2020-05-19
1013,employee_1013,engineering,169618,40,2,abia,2021-05-06
1014,employee_1014,support,190713,28,5,enugu,2020-12-14
1015,employee_1015,sales,230622,60,5,kano,2020-08-01
1016,employee_1016,engineering,74802,29,1,ibadan,2020-07-01
1017,employee_1017,HR,171095,49,0,kogi,2021-01-29
1018,employee_1018,finance,169533,34,5,abia,2020-07-16
1019,employee_1019,support,236433,26,4,osun,2021-04-07
1020,employee_1020,support,133807,25,0,abuja,2020-11-20
1021,employee_1021,HR,134773,49,0,imo,2020-08-05
1022,employee_1022,support,79123,47,3,kogi,2020-09-19
1023,employee_1023,HR,74886,28,5,imo,2020-04-05
1024,employee_1024,sales,178758,25,0,abuja,2020-02-11
1025,employee_1025,marketing,110150,22,5,imo,2020-09-25
1026,employee_1026,sales,68804,24,2,kano,2020-02-17
1027,employee_1027,finance,228472,45,3,kwara,2021-02-14
1028,employee_1028,support,231612,26,0,katsina,2021-01-01
1029,employee_1029,HR,297556,32,1,enugu,2020-08-23
1030,employee_1030,marketing,145766,59,0,kano,2020-12-14
1031,employee_1031,HR,145097,40,2,kwara,2020-01-23
1032,employee_1032,sales,264545,59,5,abia,2021-03-22
1033,employee_1033,finance,292562,51,3,akure,2020-11-15
1034,employee_1034,HR,349776,43,4,kano,2020-04-12
1035,employee_1035,finance,272143,36,0,kano,2020-10-29
1036,employee_1036,finance,173972,37,3,ibadan,2020-03-08
1037,employee_1037,engineering,262970,23,5,kwara,2020-09-28
1038,employee_1038,support,294051,55,5,abuja,2020-06-10
1039,employee_1039,HR,135644,34,5,abia,2020-09-29
1040,employee_1040,support,192094,57,2,ibadan,2021-04-09
1041,employee_1041,support,208374,55,2,kwara,2020-12-29
1042,employee_1042,support,257135,60,5,ibadan,2020-11-04
1043,employee_1043,finance,92140,37,1,abuja,2021-01-11
1044,employee_1044,sales,123632,60,5,osun,2020-04-05
1045,employee_1045,finance,119471,45,5,lagos,2021-05-06
1046,employee_1046,engineering,165037,33,4,abuja,2020-10-03
1047,employee_1047,HR,330533,29,3,kogi,2020-10-15
1048,employee_1048,support,257910,28,1,katsina,2020-12-26
1049,employee_1049,finance,188376,44,5,ogun,2020-05-30
1050,employee_1050,finance,349420,28,1,enugu,2020-06-25
1051,employee_1051,engineering,266665,50,3,ogun,2020-08-10
1052,employee_1052,engineering,291623,56,0,katsina,2020-08-06
1053,employee_1053,finance,259890,56,3,kano,2020-02-22
1054,employee_1054,support,301069,42,1,osun,2020-04-28
1055,employee_1055,marketing,95724,58,1,kwara,2020-06-10
1056,employee_1056,marketing,345925,26,4,abia,2020-08-03
1057,employee_1057,support,218013,21,3,katsina,2021-05-27
1058,employee_1058,finance,329036,41,2,lagos,2021-01-06
1059,employee_1059,engineering,255105,53,0,akure,2020-04-06
1060,employee_1060,support,95427,37,3,kano,2021-04-16
1061,employee_1061,marketing,224938,46,5,kogi,2020-06-13
1062,employee_1062,engineering,296142,46,1,ogun,2021-04-18
1063,employee_1063,support,142878,40,1,kwara,2020-05-06
1064,employee_1064,finance,191101,44,3,akure,2020-03-26
1065,employee_1065,support,190796,58,4,enugu,2020-12-17
1066,employee_1066,HR,68336,25,2,ibadan,2021-01-29
1067,employee_1067,support,161374,36,4,ibadan,2020-11-25
1068,employee_1068,finance,198854,42,0,abuja,2020-05-08
1069,employee_1069,support,124595,29,0,osun,2021-06-17
1070,employee_1070,support,313604,40,4,abuja,2020-07-28
1071,employee_1071,engineering,117183,24,2,osun,2020-09-07
1072,employee_1072,engineering,340284,57,4,osun,2020-08-27
1073,employee_1073,engineering,346683,30,5,kano,2020-06-04
1074,employee_1074,support,70752,31,5,ibadan,2020-03-11
1075,employee_1075,sales,273726,47,4,enugu,2020-02-16
1076,employee_1076,support,261737,54,1,abia,2020-06-11
1077,employee_1077,marketing,136315,45,5,kogi,2021-04-04
1078,employee_1078,finance,81648,22,5,lagos,2021-05-07
1079,employee_1079,sales,166068,41,5,ibadan,2021-02-23
1080,employee_1080,HR,241547,59,2,osun,2020-01-19
1081,employee_1081,support,110427,30,0,katsina,2021-01-07
1082,employee_1082,finance,149039,24,0,kano,2020-12-12
1083,employee_1083,HR,182373,33,3,abia,2020-09-21
1084,employee_1084,sales,275199,58,1,enugu,2020-03-04
1085,employee_1085,sales,299335,42,3,ibadan,2020-10-24
1086,employee_1086,engineering,160378,26,2,kwara,2020-06-28
1087,employee_1087,HR,112663,25,4,abia,2020-09-23
1088,employee_1088,finance,308884,32,0,akure,2021-01-18
1089,employee_1089,finance,169065,31,0,kogi,2020-11-28
1090,employee_1090,finance,216309,21,1,kogi,2020-10-18
1091,employee_1091,finance,57205,43,4,katsina,2021-02-05
1092,employee_1092,engineering,292526,31,1,kwara,2021-05-29
1093,employee_1093,finance,154491,58,1,imo,2021-02-20
1094,employee_1094,sales,314995,58,4,lagos,2020-04-10
1095,employee_1095,engineering,259671,42,5,kano,2020-12-18
1096,employee_1096,finance,213388,33,0,akure,2020-06-27
1097,employee_1097,support,160787,48,0,ibadan,2020-04-07
1098,employee_1098,sales,172450,49,0,enugu,2020-06-14
1099,employee_1099,sales,186681,29,0,lagos,2020-12-23
1100,employee_1100,engineering,146052,60,2,imo,2020-01-05
1101,employee_1101,sales,348909,60,1,osun,2021-03-29
1102,employee_1102,sales,344098,53,0,lagos,2020-09-25
1103,employee_1103,marketing,243695,58,0,akure,2020-01-26
1104,employee_1104,support,238104,37,1,ibadan,2021-04-02
1105,employee_1105,marketing,198154,23,2,abuja,2020-11-10
1106,employee_1106,sales,104764,37,0,ogun,2021-06-08
1107,employee_1107,marketing,292718,52,4,imo,2020-12-23
1108,employee_1108,engineering,219485,46,4,osun,2020-06-13
1109,employee_1109,HR,110102,33,3,ogun,2020-02-04
1110,employee_1110,support,83064,46,4,kwara,2020-10-15
1111,employee_1111,support,57230,40,5,enugu,2021-02-17
1112,employee_1112,support,173539,35,0,imo,2020-11-13
1113,employee_1113,sales,102459,40,0,akure,2020-07-09
1114,employee_1114,marketing,208323,29,3,kogi,2021-05-17
1115,employee_1115,sales,195837,27,3,akure,2020-09-04
1116,employee_1116,sales,196761,47,5,kogi,2021-03-27
1117,employee_1117,marketing,230110,47,1,ogun,2021-03-29
1118,employee_1118,engineering,248134,39,1,kogi,2020-03-10
1119,employee_1119,support,109523,27,3,imo,2021-06-14
1120,employee_1120,finance,244786,29,2,abuja,2021-05-21
1121,employee_1121,engineering,275589,54,3,ibadan,2021-05-17
1122,employee_1122,marketing,135950,41,3,ogun,2020-09-10
1123,employee_1123,finance,156965,32,2,abuja,2020-01-11
1124,employee_1124,engineering,92931,22,1,ogun,2021-06-19
1125,employee_1125,HR,111458,38,4,ogun,2020-03-10
1126,employee_1126,finance,90141,24,0,abuja,2020-05-12
1127,employee_1127,engineering,92816,50,2,enugu,2020-09-21
1128,employee_1128,support,343652,26,2,ogun,2021-05-01
1129,employee_1129,marketing,278690,27,4,imo,2020-10-07
1130,employee_1130,HR,148995,53,0,kano,2020-03-10
1131,employee_1131,HR,185031,41,5,kwara,2020-06-06
1132,employee_1132,finance,300524,21,4,lagos,2021-05-25
1133,employee_1133,engineering,144603,50,4,ogun,2021-01-06
1134,employee_1134,sales,191151,33,3,abia,2020-10-22
1135,employee_1135,HR,223052,38,1,ogun,2020-11-13
1136,employee_1136,support,292122,24,1,kogi,2020-04-20
1137,employee_1137,support,216935,39,3,kogi,2021-03-22
1138,employee_1138,marketing,118993,21,3,imo,2020-06-27
1139,employee_1139,marketing,290707,30,1,imo,2020-08-29
1140,employee_1140,support,110888,54,5,enugu,2020-01-27
1141,employee_1141,marketing,265086,36,1,ibadan,2020-10-10
1142,employee_1142,finance,170890,58,3,akure,2020-02-17
1143,employee_1143,marketing,140381,57,5,lagos,2020-07-24
1144,employee_1144,marketing,218913,45,5,osun,2021-05-28
1145,employee_1145,engineering,122570,56,2,ibadan,2020-01-02
1146,employee_1146,HR,286315,54,1,kogi,2020-05-15
1147,employee_1147,support,248461,56,5,ibadan,2020-10-30
1148,employee_1148,engineering,203784,50,4,lagos,2020-09-27
1149,employee_1149,finance,288914,41,0,akure,2020-08-28
1150,employee_1150,sales,137418,46,5,lagos,2021-03-17
1151,employee_1151,engineering,333045,29,1,ogun,2021-06-13
1152,employee_1152,HR,55965,22,0,ogun,2020-06-25
1153,employee_1153,marketing,297772,55,0,kogi,2021-05-08
1154,employee_1154,support,339547,29,5,ibadan,2021-03-08
1155,employee_1155,finance,214372,33,0,osun,2020-05-30
1156,employee_1156,HR,144887,31,0,kano,2021-06-10
1157,employee_1157,marketing,104260,46,4,lagos,2020-07-28
1158,employee_1158,finance,331295,34,1,abia,2020-06-02
1159,employee_1159,HR,137251,52,1,katsina,2020-11-08
1160,employee_1160,finance,122449,38,0,imo,2021-02-05
1161,employee_1161,engineering,320401,34,4,kwara,2020-03-24
1162,employee_1162,finance,334834,58,5,osun,2020-10-04
1163,employee_1163,marketing,137426,31,1,ogun,2020-07-15
1164,employee_1164,HR,142513,53,5,ibadan,2021-03-11
1165,employee_1165,sales,112632,59,4,osun,2021-03-31
1166,employee_1166,engineering,73801,53,5,abuja,2021-06-05
1167,employee_1167,sales,153183,30,0,katsina,2020-08-20
1168,employee_1168,sales,216727,32,0,imo,2020-09-23
1169,employee_1169,finance,237267,40,2,enugu,2020-05-14
1170,employee_1170,HR,300649,22,5,lagos,2020-09-27
1171,employee_1171,marketing,308170,37,2,kano,2020-06-28
1172,employee_1172,support,229954,60,5,enugu,2020-07-24
1173,employee_1173,engineering,164493,52,2,kwara,2021-01-08
1174,employee_1174,support,77371,54,1,imo,2021-03-24
1175,employee_1175,finance,166558,30,5,lagos,2020-02-23
1176,employee_1176,sales,52323,56,1,lagos,2021-04-10
1177,employee_1177,sales,177488,48,5,ogun,2021-01-25
1178,employee_1178,sales,240541,53,2,osun,2021-06-15
1179,employee_1179,sales,305079,26,5,abia,2020-11-20
1180,employee_1180,sales,172877,35,1,akure,2020-08-15
1181,employee_1181,marketing,161081,52,4,lagos,2020-07-07
1182,employee_1182,HR,330056,58,2,imo,2020-02-27
1183,employee_1183,finance,279018,59,5,ibadan,2021-04-14
1184,employee_1184,sales,104920,60,1,enugu,2021-06-21
1185,employee_1185,engineering,130420,23,3,osun,2021-02-14
1186,employee_1186,HR,196729,55,0,osun,2020-12-27
1187,employee_1187,HR,133831,37,5,kano,2021-04-10
1188,employee_1188,finance,273709,28,3,abia,2020-09-08
1189,employee_1189,sales,129286,24,0,enugu,2020-01-24
1190,employee_1190,engineering,108898,49,2,ogun,2020-12-04
1191,employee_1191,finance,255235,50,3,ibadan,2021-05-06
1192,employee_1192,HR,243133,28,0,kogi,2021-04-09
1193,employee_1193,support,209208,40,2,abia,2021-06-04
1194,employee_1194,marketing,72259,52,0,abia,2021-02-12
1195,employee_1195,sales,307773,54,5,abia,2021-06-11
1196,employee_1196,engineering,173229,22,1,ibadan,2020-05-18
1197,employee_1197,HR,51015,21,4,katsina,2020-08-17
1198,employee_1198,finance,113260,55,3,imo,2020-05-03
1199,employee_1199,finance,214092,22,1,osun,2020-07-17
1200,employee_1200,engineering,170486,53,0,katsina,2021-01-13
1201,employee_1201,finance,157896,27,1,enugu,2020-08-13
1202,employee_1202,engineering,129171,57,2,imo,2020-01-30
1203,employee_1203,finance,338793,53,5,abia,2020-04-20
1204,employee_1204,marketing,333700,52,5,akure,2021-04-18
1205,employee_1205,HR,122418,32,5,osun,2020-05-16
1206,employee_1206,sales,325347,23,4,osun,2020-05-26
1207,employee_1207,marketing,173357,57,4,kogi,2020-08-03
1208,employee_1208,marketing,99358,23,3,kano,2020-02-01
1209,employee_1209,finance,274850,50,4,kogi,2020-07-20
1210,employee_1210,engineering,166695,55,0,kogi,2020-03-10
1211,employee_1211,marketing,184970,55,3,enugu,2020-02-10
1212,employee_1212,sales,249136,60,4,abia,2021-02-20
1213,employee_1213,finance,192902,38,4,abuja,2020-05-02
1214,employee_1214,marketing,234057,26,0,abuja,2020-12-17
1215,employee_1215,finance,137282,49,1,akure,2020-12-08
1216,employee_1216,sales,169828,21,5,abuja,2021-05-31
1217,employee_1217,support,74360,54,3,kano,2020-12-11
1218,employee_1218,marketing,208033,32,1,lagos,2020-05-14
1219,employee_1219,HR,299243,32,3,abia,2021-01-16
1220,employee_1220,HR,110103,43,1,enugu,2020-05-30
1221,employee_1221,HR,86197,28,5,ibadan,2020-08-14
1222,employee_1222,finance,85540,45,3,katsina,2020-06-11
1223,employee_1223,sales,292227,49,2,imo,2021-03-25
1224,employee_1224,HR,293858,49,3,abuja,2021-06-05
1225,employee_1225,support,194237,47,0,akure,2020-07-12
1226,employee_1226,support,207918,46,5,akure,2021-03-26
1227,employee_1227,finance,81940,60,3,imo,2020-08-25
1228,employee_1228,finance,329954,48,5,osun,2021-05-31
1229,employee_1229,sales,99203,48,5,ibadan,2021-02-14
1230,employee_1230,HR,115969,57,0,imo,2021-05-24
1231,employee_1231,sales,151205,45,0,akure,2020-09-04
1232,employee_1232,marketing,51060,55,0,abuja,2020-01-14
1233,employee_1233,engineering,66755,51,5,enugu,2020-08-30
1234,employee_1234,engineering,321798,31,5,kogi,2020-07-27
1235,employee_1235,sales,181146,25,4,kwara,2021-05-11
1236,employee_1236,support,74990,34,1,kano,2020-11-21
1237,employee_1237,engineering,320116,26,4,katsina,2020-08-24
1238,employee_1238,marketing,128689,31,3,ibadan,2020-10-25
1239,employee_1239,finance,188983,43,5,ibadan,2020-10-16
1240,employee_1240,sales,134045,49,4,enugu,2020-06-27
1241,employee_1241,finance,198211,49,5,abia,2021-04-15
1242,employee_1242,engineering,288867,40,0,kogi,2021-02-05
1243,employee_1243,marketing,253154,49,4,imo,2020-09-24
1244,employee_1244,HR,53010,45,0,katsina,2021-04-28
1245,employee_1245,sales,328856,31,1,enugu,2021-01-19
1246,employee_1246,engineering,344020,29,2,abia,2020-07-28
1247,employee_1247,engineering,335530,52,4,imo,2021-05-20
1248,employee_1248,marketing,65247,59,0,kano,2021-05-27
1249,employee_1249,engineering,142368,26,1,kogi,2020-08-10
1250,employee_1250,finance,341178,28,2,kogi,2021-05-04
1251,employee_1251,engineering,67617,32,3,kano,2020-06-23
1252,employee_1252,support,220200,27,4,katsina,2020-07-15
1253,employee_1253,finance,269829,29,4,ibadan,2020-10-24
1254,employee_1254,HR,305472,32,4,kano,2021-05-27
1255,employee_1255,finance,64712,27,1,akure,2020-05-15
1256,employee_1256,engineering,72612,37,1,kano,2020-02-17
1257,employee_1257,marketing,86473,55,1,kwara,2020-04-30
1258,employee_1258,HR,202898,51,4,kogi,2021-03-04
1259,employee_1259,sales,294574,53,1,lagos,2020-07-16
1260,employee_1260,engineering,307002,31,4,abia,2020-09-29
1261,employee_1261,engineering,163272,51,2,abuja,2020-08-06
1262,employee_1262,sales,268035,55,2,kwara,2020-04-25
1263,employee_1263,finance,103324,59,5,kogi,2021-05-21
1264,employee_1264,marketing,102254,56,2,akure,2020-03-10
1265,employee_1265,marketing,130406,21,4,abia,2020-10-05
1266,employee_1266,marketing,273632,43,1,imo,2021-06-09
1267,employee_1267,finance,97807,57,2,lagos,2021-01-17
1268,employee_1268,sales,332889,39,5,akure,2020-08-07
1269,employee_1269,support,182215,24,0,lagos,2021-04-17
1270,employee_1270,finance,141537,56,3,abia,2021-04-30
1271,employee_1271,HR,122976,42,3,imo,2020-11-24
1272,employee_1272,engineering,117507,32,2,osun,2020-09-11
1273,employee_1273,support,111682,31,1,enugu,2020-06-21
1274,employee_1274,finance,191074,39,5,imo,2021-01-09
1275,employee_1275,finance,56231,36,5,lagos,2021-04-08
1276,employee_1276,marketing,216303,55,1,akure,2020-09-14
1277,employee_1277,sales,296108,49,1,katsina,2021-01-19
1278,employee_1278,sales,304251,54,1,osun,2020-01-12
1279,employee_1279,sales,217426,26,3,katsina,2020-01-05
1280,employee_1280,sales,273458,32,3,imo,2021-05-09
1281,employee_1281,marketing,206727,21,4,abia,2020-02-09
1282,employee_1282,sales,159379,50,5,kano,2020-06-22
1283,employee_1283,marketing,108386,52,3,ibadan,2020-01-16
1284,employee_1284,HR,259696,25,2,ogun,2020-12-30
1285,employee_1285,finance,181510,22,5,abia,2020-07-05
1286,employee_1286,marketing,91858,60,2,kogi,2020-12-06
1287,employee_1287,engineering,220339,54,2,kwara,2020-11-03
1288,employee_1288,engineering,192233,57,1,imo,2020-05-09
1289,employee_1289,marketing,167399,41,5,kogi,2020-02-04
1290,employee_1290,support,120131,29,4,katsina,2020-12-31
1291,employee_1291,engineering,92995,52,2,kwara,2021-02-19
1292,employee_1292,HR,267854,60,1,kwara,2020-02-17
1293,employee_1293,finance,332531,37,3,lagos,2021-04-30
1294,employee_1294,engineering,187813,35,2,ogun,2020-04-17
1295,employee_1295,sales,246388,59,1,abuja,2021-03-24
1296,employee_1296,HR,271296,25,0,kwara,2020-09-26
1297,employee_1297,finance,258165,33,5,abuja,2020-09-13
1298,employee_1298,sales,258178,27,1,kogi,2020-12-09
1299,employee_1299,engineering,326597,55,5,osun,2021-05-13
1300,employee_1300,finance,225641,53,2,katsina,2021-04-29
1301,employee_1301,marketing,300016,55,4,abuja,2021-03-12
1302,employee_1302,support,269808,53,5,lagos,2021-02-18
1303,employee_1303,finance,90920,27,4,kwara,2021-06-03
1304,employee_1304,marketing,283510,39,5,ibadan,2021-05-01
1305,employee_1305,HR,144734,26,3,ogun,2021-04-08
1306,employee_1306,marketing,219313,39,2,enugu,2020-10-19
1307,employee_1307,sales,292298,22,3,lagos,2021-06-17
1308,employee_1308,support,229238,42,4,abia,2021-06-03
1309,employee_1309,support,150040,40,4,imo,2021-01-17
1310,employee_1310,sales,198676,35,1,enugu,2021-01-08
1311,employee_1311,finance,93149,25,5,akure,2021-03-12
1312,employee_1312,finance,128819,51,3,lagos,2020-03-27
1313,employee_1313,support,230503,45,1,kogi,2021-02-14
1314,employee_1314,marketing,345955,55,0,kwara,2020-02-28
1315,employee_1315,finance,115947,49,4,kano,2020-01-28
1316,employee_1316,engineering,342689,41,2,kogi,2020-08-31
1317,employee_1317,engineering,271442,38,5,kogi,2020-02-10
1318,employee_1318,sales,260675,40,4,imo,2020-07-24
1319,employee_1319,HR,175175,52,2,akure,2020-08-03
1320,employee_1320,marketing,323004,33,5,imo,2020-08-18
1321,employee_1321,HR,96608,37,4,katsina,2020-06-07
1322,employee_1322,finance,199750,53,2,osun,2020-06-17
1323,employee_1323,marketing,141151,21,3,kogi,2021-03-21
1324,employee_1324,finance,158863,37,3,osun,2021-04-04
1325,employee_1325,support,95962,23,4,lagos,2020-01-22
1326,employee_1326,HR,331507,26,0,lagos,2020-01-21
1327,employee_1327,HR,137977,47,3,kogi,2020-04-02
1328,employee_1328,sales,343982,21,4,abia,2021-06-07
1329,employee_1329,sales,184651,40,5,osun,2020-03-12
1330,employee_1330,sales,125311,52,5,enugu,2021-02-27
1331,employee_1331,finance,51844,30,5,osun,2020-10-29
1332,employee_1332,HR,235844,24,0,kano,2020-05-16
1333,employee_1333,marketing,111043,44,1,akure,2020-07-26
1334,employee_1334,sales,221807,58,1,enugu,2020-03-15
1335,employee_1335,marketing,293268,46,5,kogi,2020-04-29
1336,employee_1336,sales,137671,39,1,osun,2020-07-13
1337,employee_1337,HR,328145,22,0,ogun,2020-02-19
1338,employee_1338,sales,73297,28,3,enugu,2020-10-27
1339,employee_1339,finance,257745,22,4,katsina,2020-10-30
1340,employee_1340,marketing,246743,37,4,abuja,2021-05-14
1341,employee_1341,support,219575,21,3,kwara,2020-07-26
1342,employee_1342,engineering,119220,34,1,abuja,2020-11-22
1343,employee_1343,support,168625,38,4,enugu,2021-01-21
1344,employee_1344,HR,104031,52,2,abuja,2020-01-31
1345,employee_1345,support,166014,49,2,abuja,2020-11-01
1346,employee_1346,engineering,249108,38,4,abia,2021-02-22
1347,employee_1347,support,251589,54,5,osun,2020-07-10
1348,employee_1348,HR,287967,33,5,kano,2021-03-31
1349,employee_1349,marketing,256111,23,1,imo,2021-06-22
1350,employee_1350,finance,266597,34,2,akure,2020-12-30
1351,employee_1351,support,58805,25,1,abuja,2020-03-23
1352,employee_1352,finance,232460,29,2,katsina,2020-12-10
1353,employee_1353,marketing,241536,36,0,abuja,2021-01-31
1354,employee_1354,finance,192384,57,5,enugu,2020-02-29
1355,employee_1355,finance,202026,37,2,ogun,2020-04-12
1356,employee_1356,finance,214126,30,0,lagos,2020-05-20
1357,employee_1357,engineering,157391,53,4,ogun,2021-05-02
1358,employee_1358,engineering,286999,25,1,abia,2021-03-15
1359,employee_1359,engineering,201012,29,0,kano,2020-04-11
1360,employee_1360,engineering,67768,39,3,kwara,2021-05-11
1361,employee_1361,marketing,297216,43,1,abuja,2020-02-11
1362,employee_1362,engineering,325914,39,4,kogi,2020-11-17
1363,employee_1363,finance,141907,43,5,akure,2021-03-19
1364,employee_1364,support,321170,45,1,kano,2020-06-18
1365,employee_1365,marketing,78918,41,2,ibadan,2020-04-06
1366,employee_1366,sales,96403,22,2,kogi,2021-05-24
1367,employee_1367,HR,125269,60,1,abia,2021-02-25
1368,employee_1368,marketing,67276,50,0,kogi,2020-09-14
1369,employee_1369,support,320716,52,1,abia,2020-09-03
1370,employee_1370,finance,324968,33,4,ogun,2020-12-07
1371,employee_1371,engineering,292283,44,5,kano,2020-02-25
1372,employee_1372,finance,293607,51,0,lagos,2020-11-09
1373,employee_1373,marketing,152436,21,5,enugu,2021-02-04
1374,employee_1374,HR,292298,36,1,akure,2020-12-17
1375,employee_1375,HR,336347,31,3,abia,2020-11-10
1376,employee_1376,HR,342815,35,1,abia,2021-02-08
1377,employee_1377,HR,116845,42,0,kogi,2020-08-01
1378,employee_1378,finance,327607,34,3,katsina,2020-05-20
1379,employee_1379,HR,51489,25,2,kogi,2020-09-19
1380,employee_1380,sales,303097,44,0,katsina,2020-02-27
1381,employee_1381,marketing,221298,39,0,kwara,2020-11-18
1382,employee_1382,support,136743,24,1,osun,2021-05-21
1383,employee_1383,engineering,72867,28,5,lagos,2020-10-09
1384,employee_1384,finance,163445,34,0,akure,2020-02-14
1385,employee_1385,marketing,332802,24,4,osun,2020-09-04
1386,employee_1386,finance,71509,58,3,abia,2020-01-21
1387,employee_1387,engineering,327359,51,3,kwara,2020-10-25
1388,employee_1388,support,326157,46,2,akure,2021-06-17
1389,employee_1389,support,208952,30,1,akure,2020-07-08
1390,employee_1390,sales,280605,45,4,akure,2021-04-23
1391,employee_1391,finance,242001,48,2,ibadan,2020-05-24
1392,employee_1392,marketing,141963,52,3,akure,2020-01-24
1393,employee_1393,engineering,160198,30,2,kano,2021-02-21
1394,employee_1394,sales,213648,60,2,kano,2020-07-10
1395,employee_1395,HR,97276,48,3,lagos,2020-12-29
1396,employee_1396,HR,150085,53,0,ibadan,2021-04-05
1397,employee_1397,engineering,200862,32,5,lagos,2020-08-15
1398,employee_1398,support,216785,50,3,enugu,2020-08-13
1399,employee_1399,engineering,142703,37,0,ibadan,2020-09-08
1400,employee_1400,marketing,250934,34,3,kano,2020-08-22
1401,employee_1401,engineering,307099,42,5,akure,2020-07-27
1402,employee_1402,HR,294821,33,5,ibadan,2021-05-09
1403,employee_1403,sales,276362,34,0,imo,2021-03-20
1404,employee_1404,finance,331181,43,4,kano,2021-04-09
1405,employee_1405,sales,236746,40,5,imo,2021-02-01
1406,employee_1406,marketing,85563,43,5,ogun,2021-05-16
1407,employee_1407,HR,64959,36,5,enugu,2021-06-06
1408,employee_1408,finance,326573,27,2,ogun,2020-11-15
1409,employee_1409,support,116523,57,4,abia,2020-07-23
1410,employee_1410,sales,328989,50,3,abuja,2020-01-22
1411,employee_1411,sales,214229,22,2,kogi,2020-03-21
1412,employee_1412,engineering,232001,43,2,imo,2020-04-09
1413,employee_1413,engineering,308856,40,4,ogun,2020-05-05
1414,employee_1414,marketing,323254,46,4,kogi,2020-04-16
1415,employee_1415,engineering,245154,56,4,osun,2020-01-29
1416,employee_1416,engineering,305851,25,5,kwara,2021-03-24
1417,employee_1417,HR,289196,21,0,abia,2020-07-09
1418,employee_1418,sales,315820,34,5,abuja,2020-12-30
1419,employee_1419,sales,138436,37,1,lagos,2021-02-03
1420,employee_1420,engineering,246232,25,0,kogi,2021-05-08
1421,employee_1421,sales,55507,42,2,katsina,2020-12-07
1422,employee_1422,HR,262576,56,1,abia,2020-03-09
1423,employee_1423,marketing,205906,49,0,osun,2020-01-02
1424,employee_1424,support,118678,36,1,enugu,2020-04-17
1425,employee_1425,engineering,298431,36,1,akure,2021-04-07
1426,employee_1426,finance,123447,28,1,katsina,2020-02-06
1427,employee_1427,HR,206921,53,4,osun,2020-03-03
1428,employee_1428,finance,264807,37,1,abuja,2021-03-29
1429,employee_1429,HR,91218,24,5,ogun,2020-10-13
1430,employee_1430,sales,159854,25,0,kwara,2021-01-30
1431,employee_1431,support,288494,22,5,abuja,2021-05-21
1432,employee_1432,marketing,159701,43,0,ogun,2020-11-23
1433,employee_1433,finance,204757,44,4,katsina,2020-04-21
1434,employee_1434,marketing,105890,35,0,kano,2021-01-02
1435,employee_1435,finance,282384,21,4,osun,2021-05-26
1436,employee_1436,HR,184170,27,1,akure,2020-01-22
1437,employee_1437,finance,195909,21,3,kogi,2020-09-17
1438,employee_1438,sales,107445,56,5,kogi,2020-05-13
1439,employee_1439,support,191567,33,3,kwara,2020-04-23
1440,employee_1440,HR,96215,39,2,katsina,2020-10-15
1441,employee_1441,marketing,54368,50,1,imo,2020-01-24
1442,employee_1442,sales,328908,37,5,akure,2021-06-14
1443,employee_1443,finance,222625,55,2,lagos,2020-06-30
1444,employee_1444,HR,134733,49,5,enugu,2021-01-22
1445,employee_1445,support,53036,29,0,kwara,2020-02-25
1446,employee_1446,sales,277424,52,1,akure,2020-06-30
1447,employee_1447,sales,150635,39,2,ibadan,2020-12-25
1448,employee_1448,engineering,70048,46,3,enugu,2020-10-31
1449,employee_1449,support,125361,25,5,lagos,2020-07-15
1450,employee_1450,engineering,268042,34,5,ibadan,2020-10-29
1451,employee_1451,HR,306876,27,0,ogun,2021-06-15
1452,employee_1452,finance,137597,42,3,abia,2020-12-20
1453,employee_1453,finance,147149,35,3,katsina,2020-12-11
1454,employee_1454,HR,185314,57,3,kano,2020-11-14
1455,employee_1455,marketing,269885,54,4,kwara,2020-07-17
1456,employee_1456,HR,134575,42,1,akure,2020-01-27
1457,employee_1457,HR,145393,49,3,ibadan,2021-02-09
1458,employee_1458,support,53842,33,1,kwara,2020-09-17
1459,employee_1459,sales,108030,35,3,lagos,2020-12-13
1460,employee_1460,marketing,309054,52,5,akure,2020-05-23
1461,employee_1461,HR,145643,26,5,ogun,2020-06-13
1462,employee_1462,support,73665,23,5,ibadan,2020-01-13
1463,employee_1463,support,128802,34,5,ibadan,2020-05-16
1464,employee_1464,engineering,148431,35,5,kwara,2021-05-05
1465,employee_1465,support,160526,56,2,akure,2020-08-03
1466,employee_1466,finance,67239,24,1,abuja,2020-11-17
1467,employee_1467,support,265676,36,4,katsina,2021-02-16
1468,employee_1468,sales,267842,57,2,ogun,2020-07-12
1469,employee_1469,sales,227643,53,3,abia,2020-11-07
1470,employee_1470,marketing,87173,59,4,enugu,2020-11-24
1471,employee_1471,support,109880,35,5,ogun,2020-11-13
1472,employee_1472,finance,215252,41,1,abia,2020-06-14
1473,employee_1473,marketing,254406,52,3,katsina,2021-05-18
1474,employee_1474,finance,213375,30,4,katsina,2020-03-31
1475,employee_1475,marketing,335016,54,5,kogi,2020-04-21
1476,employee_1476,sales,269563,46,1,katsina,2020-11-02
1477,employee_1477,HR,318513,23,4,abuja,2020-04-09
1478,employee_1478,finance,186100,28,3,kwara,2020-06-25
1479,employee_1479,finance,293470,50,0,imo,2020-12-30
1480,employee_1480,support,185871,57,0,abuja,2020-09-23
1481,employee_1481,engineering,274722,44,5,ibadan,2021-05-20
1482,employee_1482,sales,235265,27,1,kogi,2021-05-09
1483,employee_1483,support,193397,59,0,enugu,2020-12-31
1484,employee_1484,HR,232676,27,1,kwara,2020-09-11
1485,employee_1485,finance,241730,47,1,osun,2020-08-09
1486,employee_1486,HR,208323,59,2,kogi,2020-12-04
1487,employee_1487,engineering,225456,55,1,kano,2020-08-06
1488,employee_1488,engineering,206938,52,3,lagos,2020-12-16
1489,employee_1489,marketing,273820,49,3,abia,2021-01-07
1490,employee_1490,support,276883,26,1,ibadan,2020-08-11
1491,employee_1491,HR,206516,37,0,ibadan,2021-01-26
1492,employee_1492,sales,251567,58,5,abia,2020-07-28
1493,employee_1493,marketing,128501,44,5,kano,2020-04-13
1494,employee_1494,finance,167296,51,1,imo,2020-12-12
1495,employee_1495,support,133654,60,0,kwara,2020-08-18
1496,employee_1496,engineering,92082,46,5,ogun,2021-06-11
1497,employee_1497,sales,284714,37,2,imo,2021-04-03
1498,employee_1498,marketing,279025,54,3,katsina,2020-05-14
1499,employee_1499,engineering,289868,25,4,abuja,2020-04-09
1500,employee_1500,sales,182779,37,0,ogun,2020-05-26
1501,employee_1501,sales,311151,26,4,abia,2021-04-23
1502,employee_1502,support,79818,28,2,katsina,2021-04-18
1503,employee_1503,finance,60986,43,2,abuja,2020-03-07
1504,employee_1504,marketing,206883,59,4,ogun,2020-11-22
1505,employee_1505,support,113640,28,3,ibadan,2020-06-21
1506,employee_1506,sales,91889,40,1,kano,2021-03-30
1507,employee_1507,finance,64915,39,2,abuja,2020-06-20
1508,employee_1508,HR,324650,42,4,osun,2020-08-11
1509,employee_1509,support,291274,22,4,abuja,2020-02-20
1510,employee_1510,support,173678,43,3,ogun,2020-10-09
1511,employee_1511,HR,95782,56,4,abuja,2020-02-07
1512,employee_1512,engineering,213257,58,1,ibadan,2021-02-15
1513,employee_1513,engineering,113185,30,4,ogun,2021-01-02
1514,employee_1514,finance,348604,57,5,imo,2021-04-13
1515,employee_1515,HR,259897,35,0,ogun,2020-12-08
1516,employee_1516,engineering,318429,25,0,kwara,2021-03-21
1517,employee_1517,sales,281923,24,2,ogun,2020-05-12
1518,employee_1518,support,238237,49,4,lagos,2020-08-06
1519,employee_1519,finance,196118,23,3,ibadan,2020-06-02
1520,employee_1520,support,326949,31,1,akure,2021-05-27
1521,employee_1521,finance,329339,53,3,kogi,2020-03-21
1522,employee_1522,marketing,269506,39,4,abia,2020-10-16
1523,employee_1523,engineering,142129,26,1,katsina,2020-10-15
1524,employee_1524,marketing,249008,23,2,osun,2020-07-28
1525,employee_1525,sales,72202,46,1,enugu,2020-05-26
1526,employee_1526,HR,225153,29,3,ibadan,2020-08-02
1527,employee_1527,sales,96747,28,1,kwara,2021-04-30
1528,employee_1528,engineering,217941,51,0,kogi,2020-06-14
1529,employee_1529,marketing,315765,38,3,abia,2021-01-17
1530,employee_1530,finance,314121,52,0,abia,2020-02-23
1531,employee_1531,marketing,275775,37,3,abuja,2020-09-30
1532,employee_1532,sales,196561,53,1,imo,2021-06-08
1533,employee_1533,support,234792,46,5,lagos,2020-05-05
1534,employee_1534,sales,271625,53,2,kwara,2021-02-27
1535,employee_1535,sales,280407,54,4,akure,2020-08-24
1536,employee_1536,support,121897,40,4,enugu,2020-12-10
1537,employee_1537,HR,159688,23,1,ogun,2021-02-04
1538,employee_1538,engineering,349190,57,1,kano,2021-01-22
1539,employee_1539,support,61320,36,4,abia,2021-02-10
1540,employee_1540,engineering,244586,49,5,imo,2020-10-19
1541,employee_1541,HR,149232,46,4,katsina,2021-04-05
1542,employee_1542,support,324980,21,5,katsina,2021-04-07
1543,employee_1543,engineering,295003,25,4,kogi,2020-11-25
1544,employee_1544,marketing,335473,22,3,ibadan,2021-02-16
1545,employee_1545,engineering,126854,23,2,kogi,2020-12-11
1546,employee_1546,finance,221219,45,2,kogi,2021-02-03
1547,employee_1547,HR,252099,34,3,katsina,2020-04-26
1548,employee_1548,HR,124952,29,1,katsina,2020-02-29
1549,employee_1549,finance,145986,27,0,katsina,2021-05-18
1550,employee_1550,marketing,349228,56,1,lagos,2020-11-05
1551,employee_1551,support,331600,49,4,abia,2020-08-08
1552,employee_1552,sales,74091,26,1,katsina,2020-07-24
1553,employee_1553,finance,284543,57,5,katsina,2021-05-21
1554,employee_1554,support,297018,43,4,lagos,2020-03-23
1555,employee_1555,HR,118072,58,5,osun,2020-05-12
1556,employee_1556,marketing,131143,22,0,katsina,2020-08-02
1557,employee_1557,sales,57595,39,2,enugu,2020-09-30
1558,employee_1558,support,53692,56,2,lagos,2021-04-28
1559,employee_1559,support,205556,59,5,abuja,2020-03-23
1560,employee_1560,HR,131482,55,1,katsina,2021-02-25
1561,employee_1561,marketing,271529,40,4,katsina,2020-05-31
1562,employee_1562,sales,344107,35,0,katsina,2020-01-15
1563,employee_1563,support,60104,34,1,kwara,2020-07-21
1564,employee_1564,HR,277389,50,5,imo,2020-07-22
1565,employee_1565,support,262119,25,2,abia,2020-03-04
1566,employee_1566,finance,311591,47,0,osun,2020-10-22
1567,employee_1567,finance,270518,26,5,abia,2020-11-23
1568,employee_1568,marketing,106459,53,0,ogun,2020-03-17
1569,employee_1569,engineering,258663,60,4,ibadan,2020-06-03
1570,employee_1570,marketing,146672,31,1,abuja,2021-05-17
1571,employee_1571,support,314551,58,5,akure,2021-06-19
1572,employee_1572,marketing,160283,30,0,abuja,2020-02-09
1573,employee_1573,support,343361,59,4,abia,2020-03-17
1574,employee_1574,engineering,302066,31,1,kano,2020-05-25
1575,employee_1575,support,310947,40,5,enugu,2021-06-15
1576,employee_1576,HR,68149,26,4,imo,2020-11-12
1577,employee_1577,finance,114814,21,4,kwara,2020-07-27
1578,employee_1578,finance,191252,37,1,akure,2020-09-11
1579,employee_1579,sales,202878,29,2,osun,2020-11-03
1580,employee_1580,engineering,310009,53,2,kwara,2020-09-26
1581,employee_1581,sales,311838,23,1,katsina,2020-05-13
1582,employee_1582,marketing,149515,26,0,osun,2020-03-08
1583,employee_1583,finance,280252,25,4,abuja,2020-01-11
1584,employee_1584,finance,175841,58,3,imo,2020-06-28
1585,employee_1585,HR,212669,26,0,ogun,2020-06-05
1586,employee_1586,finance,125675,43,0,akure,2021-02-03
1587,employee_1587,HR,105776,24,3,imo,2020-06-10
1588,employee_1588,sales,343785,39,2,abuja,2021-04-24
1589,employee_1589,sales,276448,55,4,kogi,2020-03-30
1590,employee_1590,support,295906,48,5,kwara,2021-03-24
1591,employee_1591,support,148026,57,3,kano,2020-01-21
1592,employee_1592,finance,139203,58,3,akure,2020-03-31
1593,employee_1593,engineering,99014,40,0,lagos,2020-01-30
1594,employee_1594,marketing,128667,43,4,ogun,2020-07-02
1595,employee_1595,HR,74817,45,2,abuja,2020-04-28
1596,employee_1596,sales,266829,56,1,akure,2020-05-01
1597,employee_1597,finance,129685,53,4,lagos,2020-02-13
1598,employee_1598,finance,268391,22,2,ibadan,2021-03-04
1599,employee_1599,marketing,62613,44,0,kwara,2020-11-03
1600,employee_1600,support,225229,26,3,abia,2020-01-15
1601,employee_1601,finance,115936,24,2,enugu,2020-08-03
1602,employee_1602,engineering,324579,49,4,kwara,2021-03-27
1603,employee_1603,finance,116520,45,1,kano,2020-06-18
1604,employee_1604,support,323788,37,2,abuja,2020-08-26
1605,employee_1605,HR,150672,41,4,ogun,2020-02-25
1606,employee_1606,HR,88747,24,1,enugu,2021-05-03
1607,employee_1607,engineering,64730,30,1,katsina,2020-11-21
1608,employee_1608,marketing,123083,33,2,imo,2020-01-25
1609,employee_1609,sales,141186,50,2,ogun,2020-03-25
1610,employee_1610,support,243993,51,0,kwara,2020-07-25
1611,employee_1611,HR,316081,46,0,ibadan,2020-04-08
1612,employee_1612,sales,102386,40,1,akure,2020-10-13
1613,employee_1613,HR,209601,58,0,abia,2021-05-30
1614,employee_1614,marketing,129288,40,2,ogun,2020-11-18
1615,employee_1615,sales,200130,47,5,ibadan,2020-08-26
1616,employee_1616,HR,170888,24,2,lagos,2020-08-10
1617,employee_1617,engineering,227688,56,0,kwara,2020-05-01
1618,employee_1618,finance,319229,43,1,akure,2020-01-04
1619,employee_1619,sales,115762,59,1,akure,2020-02-04
1620,employee_1620,support,194699,60,0,osun,2020-09-14
1621,employee_1621,HR,282377,33,1,katsina,2020-03-09
1622,employee_1622,HR,157313,54,3,abia,2020-12-27
1623,employee_1623,finance,261276,56,2,ogun,2020-03-01
1624,employee_1624,HR,121707,21,5,kwara,2020-01-19
1625,employee_1625,finance,149610,55,5,ibadan,2021-05-22
1626,employee_1626,support,130205,49,4,akure,2020-03-07
1627,employee_1627,HR,146555,38,3,akure,2020-03-18
1628,employee_1628,marketing,149022,44,4,abuja,2020-09-18
1629,employee_1629,sales,109402,31,0,abuja,2020-09-28
1630,employee_1630,engineering,287727,58,4,katsina,2020-10-08
1631,employee_1631,engineering,52904,49,3,imo,2020-03-18
1632,employee_1632,support,270808,24,0,abia,2020-02-01
1633,employee_1633,marketing,165560,28,3,imo,2020-09-04
1634,employee_1634,finance,346157,48,1,kano,2020-04-07
1635,employee_1635,finance,238429,35,5,imo,2020-09-03
1636,employee_1636,marketing,293364,41,1,abuja,2021-05-21
1637,employee_1637,finance,118824,55,3,abuja,2020-07-08
1638,employee_1638,support,133132,37,0,ogun,2020-02-18
1639,employee_1639,engineering,120634,41,4,katsina,2021-05-20
1640,employee_1640,support,225172,55,0,kwara,2020-08-21
1641,employee_1641,finance,70081,23,1,kano,2021-04-29
1642,employee_1642,support,190176,21,5,kwara,2021-05-17
1643,employee_1643,finance,305992,54,5,ibadan,2020-05-19
1644,employee_1644,HR,231619,26,5,kwara,2020-02-08
1645,employee_1645,support,133934,48,2,kano,2020-04-23
1646,employee_1646,support,208113,58,1,kwara,2021-06-06
1647,employee_1647,finance,88088,45,5,katsina,2020-10-12
1648,employee_1648,finance,307533,50,5,osun,2020-07-10
1649,employee_1649,sales,268143,60,5,katsina,2020-06-03
1650,employee_1650,engineering,231372,44,0,imo,2021-01-10
1651,employee_1651,support,293953,21,2,akure,2020-07-12
1652,employee_1652,support,171131,21,2,katsina,2020-09-13
1653,employee_1653,marketing,192842,56,0,akure,2021-06-07
1654,employee_1654,HR,254030,54,3,ibadan,2020-10-25
1655,employee_1655,HR,175328,52,1,abuja,2020-09-26
1656,employee_1656,support,55934,30,4,lagos,2020-08-20
1657,employee_1657,engineering,76556,55,0,imo,2020-01-08
1658,employee_1658,HR,97609,25,0,ogun,2020-11-02
1659,employee_1659,engineering,307726,43,2,osun,2021-04-24
1660,employee_1660,marketing,279084,31,0,kogi,2020-08-08
1661,employee_1661,finance,315265,40,5,abia,2020-10-21
1662,employee_1662,HR,81116,42,1,ibadan,2020-09-24
1663,employee_1663,support,301011,42,2,lagos,2021-06-11
1664,employee_1664,HR,170165,56,1,kwara,2020-04-09
1665,employee_1665,sales,92039,35,3,ogun,2020-03-28
1666,employee_1666,marketing,221489,53,4,imo,2020-01-30
1667,employee_1667,sales,168350,30,3,abuja,2020-11-10
1668,employee_1668,sales,167052,43,2,ibadan,2020-05-25
1669,employee_1669,marketing,210149,48,4,kogi,2020-08-07
1670,employee_1670,support,334685,49,1,lagos,2020-08-02
1671,employee_1671,HR,154546,54,1,imo,2020-06-07
1672,employee_1672,HR,302421,24,2,osun,2020-09-24
1673,employee_1673,HR,123718,51,5,ibadan,2020-01-30
1674,employee_1674,HR,249100,43,2,kwara,2020-11-27
1675,employee_1675,marketing,144663,37,2,kwara,2020-02-21
1676,employee_1676,HR,173537,36,0,lagos,2021-06-03
1677,employee_1677,engineering,314436,43,5,ibadan,2020-01-25
1678,employee_1678,finance,98712,37,1,ogun,2021-06-12
1679,employee_1679,marketing,142183,51,1,enugu,2020-09-29
1680,employee_1680,marketing,74187,58,4,ibadan,2020-10-13
1681,employee_1681,sales,97779,55,5,imo,2020-03-08
1682,employee_1682,support,155841,30,2,imo,2020-02-09
1683,employee_1683,sales,128531,25,5,ibadan,2021-02-22
1684,employee_1684,engineering,171824,34,2,ibadan,2021-03-24
1685,employee_1685,HR,179628,51,0,kano,2020-11-25
1686,employee_1686,finance,231992,46,1,ibadan,2020-05-02
1687,employee_1687,finance,110071,43,3,enugu,2020-04-23
1688,employee_1688,marketing,79631,49,2,osun,2020-05-18
1689,employee_1689,HR,148828,60,3,kogi,2021-01-04
1690,employee_1690,HR,329157,44,5,abuja,2020-09-22
1691,employee_1691,engineering,50055,53,1,imo,2021-04-03
1692,employee_1692,finance,216254,49,2,akure,2021-02-25
1693,employee_1693,finance,128727,44,0,enugu,2021-03-15
1694,employee_1694,HR,168970,51,5,imo,2020-08-24
1695,employee_1695,sales,201242,33,2,imo,2020-08-24
1696,employee_1696,sales,108847,32,0,ibadan,2021-02-07
1697,employee_1697,HR,77806,52,0,ogun,2020-02-29
1698,employee_1698,marketing,222303,54,1,imo,2020-01-22
1699,employee_1699,finance,140027,55,3,katsina,2020-06-01
1700,employee_1700,HR,84728,24,1,kogi,2021-01-02
1701,employee_1701,support,217666,52,2,enugu,2020-09-27
1702,employee_1702,support,202703,59,1,kogi,2021-02-06
1703,employee_1703,sales,169458,41,1,abuja,2021-02-13
1704,employee_1704,engineering,322787,36,2,lagos,2020-06-19
1705,employee_1705,marketing,289124,38,0,osun,2020-08-04
1706,employee_1706,support,156708,38,4,abia,2021-02-04
1707,employee_1707,finance,299274,59,1,akure,2020-08-12
1708,employee_1708,marketing,226142,45,1,imo,2020-04-17
1709,employee_1709,support,220215,39,1,abia,2021-03-02
1710,employee_1710,HR,266884,50,0,kwara,2020-06-10
1711,employee_1711,sales,300413,24,0,katsina,2021-03-17
1712,employee_1712,engineering,98366,47,3,enugu,2020-08-12
1713,employee_1713,HR,124668,28,5,abia,2021-04-13
1714,employee_1714,support,284799,43,4,ibadan,2020-03-09
1715,employee_1715,finance,189114,52,3,abia,2020-07-01
1716,employee_1716,engineering,196838,42,1,katsina,2021-03-29
1717,employee_1717,support,253062,58,3,osun,2020-04-13
1718,employee_1718,support,278167,29,3,kogi,2020-06-02
1719,employee_1719,finance,178286,57,3,ogun,2020-02-21
1720,employee_1720,sales,165754,23,0,enugu,2020-06-26
1721,employee_1721,HR,163321,56,4,abuja,2021-04-30
1722,employee_1722,marketing,307238,34,5,ogun,2021-01-08
1723,employee_1723,sales,165868,60,1,abuja,2020-04-21
1724,employee_1724,marketing,287938,56,0,abia,2021-01-28
1725,employee_1725,HR,250849,57,4,enugu,2021-03-24
1726,employee_1726,HR,222154,28,0,akure,2021-04-18
1727,employee_1727,HR,206701,40,3,kwara,2020-12-17
1728,employee_1728,engineering,69313,60,2,enugu,2020-09-24
1729,employee_1729,sales,135822,58,1,ogun,2021-02-12
1730,employee_1730,support,101996,45,3,kano,2020-02-11
1731,employee_1731,marketing,283252,57,1,osun,2021-02-07
1732,employee_1732,marketing,250950,35,5,imo,2021-03-13
1733,employee_1733,support,306863,49,3,katsina,2021-01-19
1734,employee_1734,sales,170743,44,1,enugu,2020-09-01
1735,employee_1735,sales,56014,22,3,akure,2021-01-11
1736,employee_1736,engineering,184654,21,5,kwara,2020-10-09
1737,employee_1737,engineering,152628,53,1,imo,2021-05-27
1738,employee_1738,marketing,76678,27,0,enugu,2020-11-20
1739,employee_1739,HR,335230,29,0,imo,2021-04-25
1740,employee_1740,marketing,56302,52,3,ogun,2021-05-29
1741,employee_1741,support,331561,46,0,kwara,2020-06-27
1742,employee_1742,finance,267185,25,3,kogi,2020-09-24
1743,employee_1743,engineering,139703,56,5,lagos,2020-05-14
1744,employee_1744,marketing,63700,30,1,kano,2020-11-04
1745,employee_1745,finance,253390,48,0,abia,2021-02-27
1746,employee_1746,finance,98489,51,5,akure,2021-03-19
1747,employee_1747,sales,264557,32,3,akure,2021-05-24
1748,employee_1748,engineering,206608,34,4,imo,2020-07-24
1749,employee_1749,HR,349309,32,1,ogun,2021-06-18
1750,employee_1750,finance,63260,60,4,abia,2020-05-01
1751,employee_1751,HR,257295,59,0,enugu,2021-02-18
1752,employee_1752,finance,342455,44,3,enugu,2020-10-30
1753,employee_1753,HR,282909,34,2,osun,2020-09-25
1754,employee_1754,engineering,289607,22,5,akure,2020-11-03
1755,employee_1755,sales,130924,24,4,kano,2021-03-19
1756,employee_1756,finance,253636,41,1,osun,2021-02-26
1757,employee_1757,sales,181705,51,0,kwara,2020-03-20
1758,employee_1758,support,275137,47,4,lagos,2021-05-16
1759,employee_1759,HR,110031,23,0,abuja,2021-04-03
1760,employee_1760,marketing,296945,51,3,kogi,2020-02-17
1761,employee_1761,engineering,143803,31,0,lagos,2020-09-12
1762,employee_1762,support,275491,40,1,katsina,2021-06-07
1763,employee_1763,HR,121562,36,2,akure,2020-07-04
1764,employee_1764,HR,65521,59,2,abuja,2020-06-18
1765,employee_1765,finance,226258,46,1,ogun,2020-04-21
1766,employee_1766,HR,62157,31,2,ibadan,2020-01-27
1767,employee_1767,marketing,182417,27,0,katsina,2021-02-16
1768,employee_1768,finance,186830,43,1,akure,2020-11-16
1769,employee_1769,engineering,283122,45,2,kogi,2020-08-13
1770,employee_1770,sales,208957,59,2,lagos,2020-06-29
1771,employee_1771,sales,127340,53,4,imo,2021-05-08
1772,employee_1772,finance,307448,30,0,abia,2020-07-15
1773,employee_1773,support,102077,39,5,katsina,2020-01-11
1774,employee_1774,sales,103036,40,1,imo,2020-06-30
1775,employee_1775,marketing,312355,44,4,osun,2020-10-23
1776,employee_1776,sales,70495,59,5,osun,2020-01-22
1777,employee_1777,sales,336873,28,4,osun,2020-05-11
1778,employee_1778,HR,297679,25,0,ibadan,2020-11-06
1779,employee_1779,marketing,80849,52,0,ogun,2020-04-17
1780,employee_1780,HR,271361,37,3,kwara,2020-02-25
1781,employee_1781,sales,329197,54,3,kwara,2020-11-17
1782,employee_1782,marketing,63464,33,4,abuja,2020-05-25
1783,employee_1783,support,291490,51,4,imo,2020-02-08
1784,employee_1784,finance,150191,55,5,enugu,2020-12-06
1785,employee_1785,engineering,315847,60,2,katsina,2020-09-14
1786,employee_1786,HR,286729,24,1,osun,2021-04-18
1787,employee_1787,support,308799,33,1,kwara,2020-01-04
1788,employee_1788,engineering,182533,26,2,ogun,2020-07-17
1789,employee_1789,HR,269068,60,2,ogun,2020-11-04
1790,employee_1790,engineering,54173,37,1,katsina,2020-05-24
1791,employee_1791,engineering,67594,56,3,akure,2021-01-19
1792,employee_1792,HR,149601,35,2,kwara,2021-05-12
1793,employee_1793,marketing,85109,60,1,ibadan,2020-06-20
1794,employee_1794,engineering,83346,39,3,ogun,2020-10-16
1795,employee_1795,sales,295739,41,3,katsina,2020-06-22
1796,employee_1796,support,216043,26,5,ogun,2020-09-13
1797,employee_1797,engineering,224781,47,0,enugu,2020-07-13
1798,employee_1798,engineering,143074,38,1,kano,2020-04-28
1799,employee_1799,support,290221,57,1,ibadan,2021-04-30
1800,employee_1800,support,258932,28,3,ibadan,2020-02-19
1801,employee_1801,HR,221709,34,5,lagos,2020-02-10
1802,employee_1802,finance,251100,54,2,abuja,2021-04-04
1803,employee_1803,HR,306572,34,2,lagos,2021-02-04
1804,employee_1804,marketing,307106,42,2,abuja,2020-08-20
1805,employee_1805,HR,251266,33,5,abia,2020-01-06
1806,employee_1806,support,103899,41,0,kwara,2020-05-14
1807,employee_1807,HR,314443,33,0,osun,2020-06-04
1808,employee_1808,HR,89600,35,1,enugu,2020-02-01
1809,employee_1809,finance,218769,23,1,ogun,2021-06-10
1810,employee_1810,sales,58427,52,1,osun,2020-11-01
1811,employee_1811,HR,68286,47,1,kwara,2021-04-13
1812,employee_1812,HR,193860,42,0,kano,2021-01-13
1813,employee_1813,engineering,281537,30,4,abia,2020-12-09
1814,employee_1814,finance,334568,45,3,osun,2020-09-04
1815,employee_1815,engineering,248923,23,5,kano,2021-04-29
1816,employee_1816,marketing,272897,33,5,abia,2020-10-30
1817,employee_1817,marketing,281289,47,2,abia,2021-02-05
1818,employee_1818,support,100113,29,4,lagos,2021-02-22
1819,employee_1819,marketing,232769,41,1,abuja,2020-04-17
1820,employee_1820,engineering,223577,34,0,kogi,2020-04-22
1821,employee_1821,finance,250456,46,3,abia,2020-12-11
1822,employee_1822,marketing,282591,27,1,ibadan,2020-03-15
1823,employee_1823,engineering,118379,59,1,ogun,2021-06-16
1824,employee_1824,engineering,54499,38,1,katsina,2020-11-28
1825,employee_1825,support,144855,37,3,osun,2021-02-13
1826,employee_1826,finance,237534,39,2,lagos,2021-05-28
1827,employee_1827,finance,219396,37,4,kwara,2020-12-09
1828,employee_1828,marketing,319623,23,3,osun,2020-02-21
1829,employee_1829,finance,175990,58,4,enugu,2021-06-11
1830,employee_1830,marketing,333052,59,4,osun,2020-10-22
1831,employee_1831,marketing,335589,40,2,lagos,2021-02-09
1832,employee_1832,engineering,126578,45,4,imo,2020-02-05
1833,employee_1833,marketing,241778,59,2,lagos,2020-12-19
1834,employee_1834,support,119599,27,4,kwara,2020-01-19
1835,employee_1835,HR,50466,52,3,enugu,2020-07-17
1836,employee_1836,engineering,329520,53,0,akure,2020-08-23
1837,employee_1837,engineering,135350,58,1,katsina,2020-07-26
1838,employee_1838,sales,293760,49,0,akure,2020-05-24
1839,employee_1839,marketing,308570,58,1,akure,2020-08-27
1840,employee_1840,marketing,211260,27,5,imo,2020-05-27
1841,employee_1841,support,285339,58,5,abuja,2020-08-17
1842,employee_1842,HR,245959,35,1,kano,2021-01-01
1843,employee_1843,marketing,343917,53,2,imo,2020-01-18
1844,employee_1844,finance,91407,48,1,enugu,2020-10-08
1845,employee_1845,HR,121897,27,1,ogun,2020-04-24
1846,employee_1846,engineering,220945,40,5,ibadan,2020-11-13
1847,employee_1847,support,319626,43,0,kano,2020-11-01
1848,employee_1848,sales,88369,22,5,abia,2020-03-13
1849,employee_1849,sales,329996,26,0,enugu,2020-04-14
1850,employee_1850,HR,302720,52,5,osun,2021-05-16
1851,employee_1851,HR,57751,60,5,ogun,2020-12-08
1852,employee_1852,engineering,209136,46,0,enugu,2020-07-13
1853,employee_1853,sales,140144,24,2,lagos,2020-09-06
1854,employee_1854,support,143333,40,0,ibadan,2020-11-06
1855,employee_1855,engineering,103788,31,0,enugu,2020-12-16
1856,employee_1856,sales,157603,40,1,kogi,2020-03-12
1857,employee_1857,finance,226745,44,0,abuja,2020-06-09
1858,employee_1858,marketing,58303,37,1,abuja,2020-06-12
1859,employee_1859,marketing,277939,55,3,kogi,2021-04-13
1860,employee_1860,sales,231002,45,2,kogi,2021-05-28
1861,employee_1861,support,155510,45,1,katsina,2020-06-03
1862,employee_1862,engineering,348114,39,4,abia,2020-04-06
1863,employee_1863,sales,316026,43,1,abuja,2020-01-02
1864,employee_1864,support,325321,51,0,abuja,2020-11-07
1865,employee_1865,sales,109258,53,3,lagos,2020-06-16
1866,employee_1866,sales,169760,60,1,ibadan,2021-02-03
1867,employee_1867,sales,332152,35,0,ibadan,2021-02-01
1868,employee_1868,finance,132675,42,0,kwara,2021-06-13
1869,employee_1869,support,142144,36,1,imo,2020-09-28
1870,employee_1870,support,154001,60,3,osun,2021-03-18
1871,employee_1871,support,209990,49,5,enugu,2020-08-06
1872,employee_1872,HR,180613,52,1,ibadan,2020-06-17
1873,employee_1873,marketing,136871,26,1,katsina,2020-05-21
1874,employee_1874,finance,52787,46,0,kwara,2021-02-16
1875,employee_1875,support,201302,46,0,akure,2021-02-09
1876,employee_1876,marketing,128394,49,2,akure,2020-01-28
1877,employee_1877,finance,263209,60,2,ogun,2021-06-20
1878,employee_1878,HR,250464,26,3,abia,2020-04-07
1879,employee_1879,HR,194978,35,5,imo,2021-06-18
1880,employee_1880,support,87021,30,2,kwara,2020-02-18
1881,employee_1881,HR,217795,46,1,abuja,2021-03-29
1882,employee_1882,finance,299207,48,0,ibadan,2020-10-31
1883,employee_1883,engineering,205880,30,2,abuja,2020-10-22
1884,employee_1884,HR,268362,41,3,kano,2021-03-08
1885,employee_1885,engineering,257164,24,2,kogi,2020-10-31
1886,employee_1886,HR,63966,22,3,kano,2020-11-08
1887,employee_1887,sales,256255,45,5,lagos,2020-12-31
1888,employee_1888,support,164243,25,1,osun,2021-05-07
1889,employee_1889,marketing,159980,50,2,enugu,2021-01-20
1890,employee_1890,sales,167577,52,3,abia,2021-05-08
1891,employee_1891,HR,209975,32,2,kano,2021-05-09
1892,employee_1892,marketing,213522,25,1,kwara,2021-05-18
1893,employee_1893,support,266123,27,1,imo,2021-05-31
1894,employee_1894,HR,273693,27,1,ibadan,2021-04-17
1895,employee_1895,sales,347397,59,2,ogun,2021-06-01
1896,employee_1896,engineering,213384,23,3,abia,2020-05-04
1897,employee_1897,HR,290178,43,3,abuja,2020-01-11
1898,employee_1898,finance,69302,56,3,enugu,2020-07-11
1899,employee_1899,HR,219671,54,3,kwara,2020-09-29
1900,employee_1900,marketing,87603,22,3,kano,2020-10-09
1901,employee_1901,sales,88918,45,2,kogi,2020-07-17
1902,employee_1902,support,330738,47,2,abuja,2020-07-05
1903,employee_1903,engineering,226310,37,0,akure,2020-05-11
1904,employee_1904,marketing,63807,51,4,kogi,2020-11-02
1905,employee_1905,sales,303473,21,0,kogi,2021-01-19
1906,employee_1906,HR,58669,30,5,katsina,2020-07-16
1907,employee_1907,sales,115800,52,0,kogi,2021-01-15
1908,employee_1908,HR,343499,25,1,imo,2021-04-28
1909,employee_1909,marketing,223566,45,5,kano,2020-07-25
1910,employee_1910,finance,204467,35,2,ogun,2020-03-10
1911,employee_1911,HR,60032,40,2,kwara,2021-03-01
1912,employee_1912,HR,339049,43,4,akure,2020-05-21
1913,employee_1913,finance,75179,42,0,lagos,2020-10-11
1914,employee_1914,finance,95956,22,5,kogi,2021-01-25
1915,employee_1915,sales,56649,44,4,kwara,2020-02-15
1916,employee_1916,marketing,215527,57,1,ogun,2020-09-24
1917,employee_1917,HR,314189,26,2,kwara,2021-06-07
1918,employee_1918,HR,135498,30,2,enugu,2020-02-27
1919,employee_1919,HR,108056,27,3,kwara,2021-02-03
1920,employee_1920,sales,72719,31,4,osun,2020-07-05
1921,employee_1921,marketing,99132,37,4,kwara,2021-02-07
1922,employee_1922,finance,277803,58,5,abuja,2021-05-08
1923,employee_1923,marketing,107875,44,2,ogun,2020-07-11
1924,employee_1924,sales,95467,25,2,katsina,2020-08-13
1925,employee_1925,HR,248103,45,5,imo,2020-11-08
1926,employee_1926,finance,153138,39,3,abia,2020-10-15
1927,employee_1927,HR,77497,35,2,ogun,2020-05-25
1928,employee_1928,sales,294146,56,5,imo,2020-10-01
1929,employee_1929,finance,257476,48,5,abuja,2020-04-21
1930,employee_1930,finance,233567,46,4,ogun,2020-03-19
1931,employee_1931,sales,51756,59,3,ibadan,2020-02-28
1932,employee_1932,finance,280023,53,3,kogi,2021-03-03
1933,employee_1933,engineering,89919,51,4,kano,2021-01-25
1934,employee_1934,engineering,199037,51,1,lagos,2021-04-08
1935,employee_1935,finance,333755,22,1,enugu,2021-05-24
1936,employee_1936,support,120175,52,1,lagos,2020-04-24
1937,employee_1937,marketing,274051,60,4,ibadan,2021-02-08
1938,employee_1938,finance,129953,27,3,ibadan,2021-01-15
1939,employee_1939,support,255291,41,4,osun,2020-09-29
1940,employee_1940,HR,339921,48,4,ibadan,2020-11-06
1941,employee_1941,HR,342263,22,5,kogi,2021-06-19
1942,employee_1942,finance,105758,40,2,enugu,2020-12-28
1943,employee_1943,finance,288282,33,4,abuja,2020-12-16
1944,employee_1944,support,272370,49,4,osun,2021-04-25
1945,employee_1945,support,118701,54,0,akure,2021-03-10
1946,employee_1946,engineering,148623,22,1,imo,2020-08-20
1947,employee_1947,HR,302212,46,1,osun,2020-04-02
1948,employee_1948,sales,198930,59,3,katsina,2021-04-06
1949,employee_1949,sales,324425,50,5,abia,2021-01-27
1950,employee_1950,finance,264186,39,3,abuja,2020-03-23
1951,employee_1951,support,302890,43,1,ibadan,2020-02-09
1952,employee_1952,marketing,276631,27,5,osun,2021-03-27
1953,employee_1953,support,230466,28,0,imo,2021-05-12
1954,employee_1954,finance,269766,34,2,ibadan,2020-02-29
1955,employee_1955,sales,76142,30,0,lagos,2020-04-13
1956,employee_1956,sales,145733,48,4,kogi,2021-03-05
1957,employee_1957,sales,135227,50,4,abia,2020-09-01
1958,employee_1958,HR,141803,32,3,katsina,2021-05-18
1959,employee_1959,HR,84147,57,3,imo,2021-06-13
1960,employee_1960,HR,209688,33,3,osun,2021-05-27
1961,employee_1961,engineering,116230,23,0,kogi,2021-04-29
1962,employee_1962,marketing,285271,31,3,enugu,2020-05-03
1963,employee_1963,finance,271245,58,0,ogun,2020-11-04
1964,employee_1964,support,295725,21,0,kano,2020-08-04
1965,employee_1965,support,183974,43,2,abuja,2021-01-26
1966,employee_1966,finance,252701,22,3,ogun,2020-04-20
1967,employee_1967,finance,72110,21,3,ogun,2021-02-06
1968,employee_1968,finance,136956,56,2,katsina,2020-02-21
1969,employee_1969,engineering,186498,41,2,enugu,2021-06-05
1970,employee_1970,sales,329952,42,4,kano,2020-06-02
1971,employee_1971,HR,116057,24,0,imo,2021-01-29
1972,employee_1972,finance,300777,49,2,ogun,2020-04-28
1973,employee_1973,finance,192679,29,5,lagos,2020-03-25
1974,employee_1974,marketing,51314,34,2,kano,2020-01-02
1975,employee_1975,support,248477,56,3,kano,2020-03-10
1976,employee_1976,sales,64389,38,5,kogi,2021-03-03
1977,employee_1977,marketing,297780,22,5,imo,2020-05-03
1978,employee_1978,sales,253314,30,0,abuja,2021-03-20
1979,employee_1979,sales,106984,30,1,lagos,2020-09-28
1980,employee_1980,sales,229812,53,1,kogi,2021-01-08
1981,employee_1981,marketing,332791,21,5,abia,2020-04-08
1982,employee_1982,sales,267647,43,4,ogun,2020-04-14
1983,employee_1983,HR,271208,47,5,kano,2020-06-20
1984,employee_1984,HR,70198,55,3,abuja,2020-01-29
1985,employee_1985,HR,102677,36,0,abia,2021-01-07
1986,employee_1986,engineering,349297,45,1,osun,2020-09-23
1987,employee_1987,sales,338695,33,2,kwara,2020-03-14
1988,employee_1988,support,189513,46,0,imo,2020-05-28
1989,employee_1989,finance,282742,40,0,abia,2021-04-24
1990,employee_1990,marketing,208595,34,2,ibadan,2020-10-18
1991,employee_1991,engineering,294893,44,3,kogi,2021-01-29
1992,employee_1992,engineering,258892,32,0,katsina,2020-06-23
1993,employee_1993,HR,144673,60,2,lagos,2020-04-27
1994,employee_1994,support,303379,45,0,lagos,2020-07-17
1995,employee_1995,HR,103660,46,2,imo,2021-05-29
1996,employee_1996,support,52407,56,3,kano,2021-01-22
1997,employee_1997,support,299551,23,5,akure,2020-03-18
1998,employee_1998,support,110024,60,1,kwara,2020-08-07
1999,employee_1999,support,82408,59,0,ibadan,2020-12-15
2000,employee_2000,support,317693,26,3,ogun,2021-04-26
2001,employee_2001,HR,93229,59,1,lagos,2020-10-04
2002,employee_2002,HR,67356,26,4,akure,2020-03-03
2003,employee_2003,finance,133926,51,1,abuja,2020-03-21
2004,employee_2004,marketing,279906,46,2,kogi,2021-05-18
2005,employee_2005,HR,147395,38,0,kano,2021-06-06
2006,employee_2006,sales,225818,22,5,katsina,2021-06-12
2007,employee_2007,finance,115462,24,0,ogun,2020-12-28
2008,employee_2008,marketing,147917,31,1,ibadan,2020-07-01
2009,employee_2009,support,192264,37,2,lagos,2021-02-13
2010,employee_2010,sales,94946,43,4,ogun,2020-06-30
2011,employee_2011,support,117087,29,0,osun,2021-05-17
2012,employee_2012,sales,195461,55,3,abuja,2020-07-11
2013,employee_2013,support,344027,31,2,imo,2020-12-11
2014,employee_2014,support,112297,39,1,kano,2020-03-17
2015,employee_2015,engineering,303045,31,2,akure,2021-01-21
2016,employee_2016,support,81779,43,0,kwara,2020-06-28
2017,employee_2017,engineering,326389,23,4,kogi,2020-04-26
2018,employee_2018,sales,319127,21,4,enugu,2020-04-23
2019,employee_2019,HR,228329,35,4,abia,2020-11-10
2020,employee_2020,sales,152891,30,2,kano,2020-03-01
2021,employee_2021,support,237683,50,0,abia,2020-08-16
2022,employee_2022,sales,240746,57,2,osun,2020-07-10
2023,employee_2023,finance,300702,22,3,abia,2020-07-10
2024,employee_2024,sales,132382,59,0,abia,2020-09-25
2025,employee_2025,support,275686,57,5,osun,2020-03-14
2026,employee_2026,engineering,279384,30,0,ogun,2020-08-21
2027,employee_2027,sales,76840,32,5,kogi,2020-03-14
2028,employee_2028,sales,306463,26,3,abia,2021-05-01
2029,employee_2029,HR,310856,24,1,kano,2020-10-26
2030,employee_2030,engineering,69848,31,3,kano,2020-04-09
2031,employee_2031,engineering,330232,34,0,kwara,2020-07-30
2032,employee_2032,HR,59800,58,0,ibadan,2020-08-19
2033,employee_2033,support,114018,57,1,kwara,2020-09-18
2034,employee_2034,engineering,222765,36,0,ogun,2020-03-11
2035,employee_2035,support,320605,59,1,katsina,2020-02-24
2036,employee_2036,sales,171223,26,1,osun,2021-04-18
2037,employee_2037,HR,347711,55,4,enugu,2020-07-02
2038,employee_2038,marketing,286152,50,0,katsina,2020-02-11
2039,employee_2039,finance,123769,35,4,enugu,2021-02-12
2040,employee_2040,marketing,61796,58,0,lagos,2021-05-10
2041,employee_2041,support,290594,60,3,ibadan,2020-06-10
2042,employee_2042,support,291472,50,5,lagos,2021-04-18
2043,employee_2043,marketing,243070,30,2,katsina,2020-03-08
2044,employee_2044,HR,324449,41,2,abuja,2020-08-19
2045,employee_2045,engineering,291461,37,2,kwara,2020-12-09
2046,employee_2046,support,113673,58,2,ibadan,2020-10-14
2047,employee_2047,HR,166872,34,2,ibadan,2020-02-12
2048,employee_2048,HR,245562,56,5,kwara,2021-01-06
2049,employee_2049,finance,83326,21,4,kwara,2020-06-04
2050,employee_2050,support,104226,49,0,lagos,2021-06-19
2051,employee_2051,support,287564,38,4,akure,2020-09-06
2052,employee_2052,engineering,228021,59,5,imo,2021-03-19
2053,employee_2053,finance,258087,21,4,abia,2021-04-04
2054,employee_2054,support,120637,42,2,enugu,2021-05-22
2055,employee_2055,sales,223327,36,4,imo,2020-05-01
2056,employee_2056,support,285901,48,4,katsina,2021-01-12
2057,employee_2057,HR,117832,38,3,kwara,2020-03-22
2058,employee_2058,support,108704,21,5,abuja,2021-03-13
2059,employee_2059,HR,109864,59,4,osun,2021-05-06
2060,employee_2060,finance,199401,47,4,imo,2020-07-25
2061,employee_2061,engineering,269690,56,5,abuja,2020-12-19
2062,employee_2062,support,88417,45,2,osun,2020-04-27
2063,employee_2063,support,59904,52,0,ogun,2020-10-04
2064,employee_2064,finance,228883,28,4,abia,2021-01-20
2065,employee_2065,finance,144794,36,5,lagos,2021-01-24
2066,employee_2066,support,273225,25,4,lagos,2020-04-27
2067,employee_2067,sales,192435,54,2,kano,2020-11-23
2068,employee_2068,HR,190903,47,3,abuja,2020-08-11
2069,employee_2069,engineering,250657,39,3,katsina,2020-01-26
2070,employee_2070,marketing,301289,43,1,akure,2020-07-27
2071,employee_2071,HR,193254,34,2,ogun,2021-01-04
2072,employee_2072,engineering,173585,33,1,abuja,2021-02-22
2073,employee_2073,support,245408,38,1,kano,2020-09-07
2074,employee_2074,HR,194629,47,4,katsina,2020-12-25
2075,employee_2075,finance,114647,47,4,enugu,2021-06-12
2076,employee_2076,HR,310456,51,3,imo,2020-06-10
2077,employee_2077,engineering,211490,35,4,enugu,2020-05-03
2078,employee_2078,marketing,318861,56,5,ibadan,2020-05-25
2079,employee_2079,sales,108270,45,5,osun,2021-03-11
2080,employee_2080,finance,268237,39,2,akure,2020-08-11
2081,employee_2081,marketing,135106,54,2,lagos,2020-07-27
2082,employee_2082,finance,305298,48,4,kogi,2020-11-02
2083,employee_2083,support,244494,38,2,lagos,2021-03-03
2084,employee_2084,sales,321452,59,4,abia,2020-11-03
2085,employee_2085,HR,228292,34,1,kwara,2020-07-12
2086,employee_2086,sales,171745,21,5,kwara,2020-01-31
2087,employee_2087,engineering,101402,55,3,kano,2020-04-26
2088,employee_2088,support,149507,57,4,abia,2020-07-12
2089,employee_2089,support,58957,31,0,abia,2020-01-30
2090,employee_2090,finance,274422,42,3,kano,2020-07-26
2091,employee_2091,marketing,274825,28,3,abia,2020-02-18
2092,employee_2092,engineering,335775,48,0,osun,2020-04-20
2093,employee_2093,HR,276066,38,0,abia,2021-02-27
2094,employee_2094,marketing,224392,55,0,imo,2021-01-04
2095,employee_2095,support,89490,53,2,lagos,2020-10-30
2096,employee_2096,support,308993,52,1,akure,2020-02-06
2097,employee_2097,HR,113409,53,4,ibadan,2021-04-16
2098,employee_2098,finance,83528,45,1,kano,2020-06-17
2099,employee_2099,marketing,213974,43,3,katsina,2020-08-23
2100,employee_2100,sales,263714,21,1,katsina,2020-12-09
2101,employee_2101,HR,98626,52,5,osun,2020-05-17
2102,employee_2102,engineering,111759,56,1,kwara,2020-03-12
2103,employee_2103,HR,64340,41,0,lagos,2020-06-07
2104,employee_2104,sales,95024,60,0,akure,2021-06-17
2105,employee_2105,engineering,189065,50,5,osun,2021-03-05
2106,employee_2106,support,76885,42,3,kano,2020-09-06
2107,employee_2107,HR,68457,58,2,enugu,2021-04-06
2108,employee_2108,sales,320139,54,2,abia,2020-09-29
2109,employee_2109,HR,186894,45,2,akure,2021-06-02
2110,employee_2110,HR,219974,37,3,katsina,2021-05-03
2111,employee_2111,HR,180178,35,0,lagos,2020-08-16
2112,employee_2112,support,53615,38,3,abuja,2021-01-25
2113,employee_2113,support,262349,30,1,ibadan,2020-06-29
2114,employee_2114,finance,179735,23,0,kano,2021-06-22
2115,employee_2115,support,96744,58,2,lagos,2020-01-04
2116,employee_2116,engineering,97065,29,4,akure,2020-05-17
2117,employee_2117,engineering,305906,53,0,kwara,2021-05-21
2118,employee_2118,support,203118,27,2,kogi,2020-12-22
2119,employee_2119,sales,268944,36,3,lagos,2021-05-20
2120,employee_2120,engineering,186688,36,5,ogun,2021-05-01
2121,employee_2121,HR,289043,44,0,ibadan,2020-08-29
2122,employee_2122,finance,175512,41,2,abia,2020-09-26
2123,employee_2123,sales,136693,29,1,ogun,2020-11-03
2124,employee_2124,sales,262096,45,0,lagos,2021-05-13
2125,employee_2125,finance,50762,57,0,ogun,2020-06-06
2126,employee_2126,sales,106554,59,1,akure,2020-04-10
2127,employee_2127,finance,103073,40,0,kwara,2021-01-14
2128,employee_2128,marketing,205853,24,0,ibadan,2021-06-05
2129,employee_2129,marketing,260561,42,3,lagos,2020-09-13
2130,employee_2130,sales,345268,44,2,ogun,2020-10-05
2131,employee_2131,marketing,214572,45,5,abia,2021-04-23
2132,employee_2132,sales,239035,44,3,imo,2020-03-09
2133,employee_2133,HR,178931,39,0,lagos,2020-03-24
2134,employee_2134,support,221891,29,1,osun,2020-01-27
2135,employee_2135,finance,63293,26,2,lagos,2021-05-09
2136,employee_2136,sales,136505,58,5,imo,2020-10-03
2137,employee_2137,HR,62187,27,1,abia,2020-04-21
2138,employee_2138,sales,121671,32,0,osun,2020-11-03
2139,employee_2139,HR,184092,32,1,lagos,2021-06-14
2140,employee_2140,HR,205774,26,5,osun,2021-01-03
2141,employee_2141,sales,288845,53,3,katsina,2020-10-22
2142,employee_2142,engineering,175540,49,1,katsina,2020-02-10
2143,employee_2143,support,289579,35,2,enugu,2020-04-11
2144,employee_2144,support,161117,45,5,abuja,2021-05-28
2145,employee_2145,sales,294502,37,4,enugu,2021-06-10
2146,employee_2146,marketing,238653,34,5,ogun,2021-01-07
2147,employee_2147,HR,218263,55,2,katsina,2020-11-22
2148,employee_2148,finance,349127,42,0,akure,2020-10-03
2149,employee_2149,engineering,202836,36,3,lagos,2020-10-22
2150,employee_2150,HR,337101,52,1,ibadan,2020-08-28
2151,employee_2151,engineering,333413,53,2,kwara,2021-02-18
2152,employee_2152,support,67080,48,2,ogun,2020-05-01
2153,employee_2153,finance,207419,30,2,abia,2020-02-21
2154,employee_2154,marketing,250122,58,1,katsina,2021-05-23
2155,employee_2155,finance,304688,57,5,lagos,2020-04-13
2156,employee_2156,finance,236373,22,4,kwara,2020-01-02
2157,employee_2157,sales,155947,57,2,kwara,2020-10-22
2158,employee_2158,finance,192370,43,0,ogun,2020-11-24
2159,employee_2159,support,144839,59,3,akure,2020-09-01
2160,employee_2160,sales,74072,37,3,kogi,2021-05-29
2161,employee_2161,engineering,339814,43,3,kwara,2020-08-29
2162,employee_2162,finance,78418,43,0,kwara,2020-08-30
2163,employee_2163,finance,211467,22,1,enugu,2021-01-06
2164,employee_2164,finance,187279,52,5,lagos,2020-05-07
2165,employee_2165,finance,143014,58,2,lagos,2020-09-03
2166,employee_2166,support,155494,48,4,katsina,2021-01-24
2167,employee_2167,marketing,167922,40,0,kano,2020-04-15
2168,employee_2168,engineering,65114,38,2,ibadan,2021-06-16
2169,employee_2169,engineering,200845,45,0,kogi,2021-01-03
2170,employee_2170,HR,210627,58,1,lagos,2021-03-09
2171,employee_2171,sales,279125,33,2,osun,2020-05-07
2172,employee_2172,sales,247107,24,2,abia,2020-11-26
2173,employee_2173,sales,285732,33,5,osun,2020-02-10
2174,employee_2174,finance,238109,42,5,ibadan,2020-07-15
2175,employee_2175,sales,147607,35,1,abuja,2020-08-04
2176,employee_2176,engineering,131541,25,5,lagos,2020-05-07
2177,employee_2177,engineering,71334,34,4,enugu,2021-04-27
2178,employee_2178,HR,337375,22,0,enugu,2021-05-26
2179,employee_2179,marketing,320805,27,4,abia,2021-02-16
2180,employee_2180,marketing,287442,21,5,kogi,2021-01-29
2181,employee_2181,sales,317040,53,2,katsina,2020-07-19
2182,employee_2182,engineering,277300,41,0,osun,2020-08-06
2183,employee_2183,HR,329139,25,5,kano,2021-05-17
2184,employee_2184,HR,203831,59,5,lagos,2020-04-20
2185,employee_2185,finance,78555,44,2,katsina,2020-08-23
2186,employee_2186,finance,247448,60,4,osun,2021-06-17
2187,employee_2187,finance,300847,36,4,ibadan,2020-09-11
2188,employee_2188,marketing,215968,34,3,kano,2021-01-11
2189,employee_2189,support,321184,21,0,akure,2020-08-25
2190,employee_2190,support,243314,54,2,osun,2021-02-27
2191,employee_2191,HR,59286,23,1,kano,2020-08-18
2192,employee_2192,engineering,135142,21,0,abia,2020-05-18
2193,employee_2193,sales,330979,46,0,abuja,2021-05-17
2194,employee_2194,HR,316073,43,2,abia,2021-01-07
2195,employee_2195,finance,235555,24,2,abuja,2020-04-04
2196,employee_2196,support,294566,45,0,ibadan,2020-06-12
2197,employee_2197,sales,269835,29,2,ibadan,2020-08-20
2198,employee_2198,sales,309247,51,5,lagos,2020-09-20
2199,employee_2199,support,97077,26,0,kwara,2020-02-11
2200,employee_2200,engineering,143677,46,2,osun,2020-04-15
2201,employee_2201,HR,218620,58,3,ibadan,2021-06-22
2202,employee_2202,marketing,238283,46,2,kano,2021-01-15
2203,employee_2203,HR,307769,42,5,katsina,2020-04-02
2204,employee_2204,sales,306028,58,0,lagos,2021-01-06
2205,employee_2205,HR,281625,32,2,kogi,2020-12-18
2206,employee_2206,sales,167436,34,3,katsina,2020-09-20
2207,employee_2207,HR,211161,55,4,osun,2020-03-16
2208,employee_2208,marketing,81733,22,0,lagos,2020-06-21
2209,employee_2209,finance,142782,22,0,imo,2020-05-15
2210,employee_2210,sales,292319,45,0,kogi,2021-02-11
2211,employee_2211,HR,245684,58,2,imo,2021-04-27
2212,employee_2212,marketing,297645,39,2,abuja,2020-04-09
2213,employee_2213,HR,313684,40,4,ibadan,2020-06-27
2214,employee_2214,engineering,303789,32,3,ibadan,2020-06-01
2215,employee_2215,engineering,184326,24,5,abia,2020-10-21
2216,employee_2216,sales,342041,57,5,abuja,2020-07-26
2217,employee_2217,sales,301595,28,3,abuja,2021-03-03
2218,employee_2218,marketing,204453,58,5,kwara,2020-03-18
2219,employee_2219,support,130085,45,1,abia,2020-05-09
2220,employee_2220,sales,211764,26,2,akure,2020-12-18
2221,employee_2221,engineering,294111,36,1,katsina,2020-02-17
2222,employee_2222,marketing,323353,51,0,katsina,2021-06-10
2223,employee_2223,HR,193625,31,4,kwara,2021-01-03
2224,employee_2224,support,131713,52,0,ibadan,2021-04-01
2225,employee_2225,support,171285,38,2,ibadan,2021-02-03
2226,employee_2226,HR,204427,45,2,enugu,2020-09-20
2227,employee_2227,marketing,277295,42,4,abuja,2020-09-12
2228,employee_2228,engineering,93554,21,0,imo,2021-01-16
2229,employee_2229,HR,136721,25,5,kwara,2020-04-05
2230,employee_2230,finance,236332,55,4,abuja,2020-06-16
2231,employee_2231,HR,273159,56,4,kogi,2021-01-28
2232,employee_2232,engineering,316451,56,1,katsina,2020-05-31
2233,employee_2233,HR,244740,27,0,katsina,2020-12-02
2234,employee_2234,support,136532,32,2,abia,2020-09-27
2235,employee_2235,marketing,200035,44,3,lagos,2020-08-02
2236,employee_2236,engineering,296229,46,4,ogun,2020-04-15
2237,employee_2237,engineering,95418,34,1,ibadan,2021-04-26
2238,employee_2238,engineering,302133,33,0,kwara,2020-04-11
2239,employee_2239,finance,91282,38,1,katsina,2021-03-25
2240,employee_2240,finance,279759,38,5,akure,2020-10-07
2241,employee_2241,finance,114200,49,1,imo,2020-07-17
2242,employee_2242,engineering,85223,47,2,abia,2020-09-25
2243,employee_2243,marketing,288843,46,2,enugu,2020-04-02
2244,employee_2244,finance,345400,25,3,kogi,2020-12-27
2245,employee_2245,finance,98737,49,1,imo,2021-01-31
2246,employee_2246,finance,130830,25,1,kogi,2020-02-24
2247,employee_2247,engineering,301747,26,2,enugu,2020-06-12
2248,employee_2248,HR,115804,59,5,imo,2020-10-17
2249,employee_2249,finance,155087,27,4,kogi,2020-11-20
2250,employee_2250,engineering,251553,39,2,abuja,2020-01-16
2251,employee_2251,finance,190553,21,0,kwara,2020-11-28
2252,employee_2252,support,167829,54,5,imo,2020-01-14
2253,employee_2253,support,193240,31,0,imo,2021-04-22
2254,employee_2254,marketing,258601,27,5,osun,2020-02-08
2255,employee_2255,support,292767,58,4,imo,2021-03-12
2256,employee_2256,finance,91816,35,0,abuja,2021-05-26
2257,employee_2257,engineering,324409,50,4,abia,2020-03-19
2258,employee_2258,finance,284702,37,5,osun,2020-05-03
2259,employee_2259,sales,304802,25,3,akure,2021-03-19
2260,employee_2260,sales,75755,57,4,kogi,2021-03-16
2261,employee_2261,sales,336695,55,2,abuja,2021-03-11
2262,employee_2262,marketing,143269,22,1,kwara,2021-01-11
2263,employee_2263,HR,320471,44,3,osun,2020-11-02
2264,employee_2264,engineering,84596,42,2,abia,2020-03-26
2265,employee_2265,support,242780,22,3,kwara,2020-12-14
2266,employee_2266,engineering,105409,55,4,ogun,2020-04-03
2267,employee_2267,engineering,249502,52,4,enugu,2020-07-23
2268,employee_2268,finance,318080,24,4,imo,2020-11-24
2269,employee_2269,engineering,182322,60,3,kogi,2021-04-08
2270,employee_2270,finance,290136,27,5,kogi,2020-11-20
2271,employee_2271,finance,62733,29,1,abuja,2020-07-24
2272,employee_2272,support,200589,32,5,kogi,2020-07-20
2273,employee_2273,marketing,250606,58,4,akure,2021-04-17
2274,employee_2274,engineering,165273,60,2,enugu,2020-01-23
2275,employee_2275,engineering,105744,48,4,ibadan,2020-12-21
2276,employee_2276,engineering,126468,31,5,ibadan,2020-03-04
2277,employee_2277,HR,165960,54,3,imo,2020-07-12
2278,employee_2278,engineering,156432,55,0,ibadan,2021-04-21
2279,employee_2279,sales,76915,38,0,osun,2021-02-09
2280,employee_2280,support,146453,48,1,osun,2020-06-13
2281,employee_2281,HR,233261,57,5,akure,2020-07-26
2282,employee_2282,sales,273259,31,0,lagos,2021-01-03
2283,employee_2283,HR,145027,49,1,enugu,2020-05-19
2284,employee_2284,engineering,276749,46,3,akure,2020-10-07
2285,employee_2285,marketing,57813,44,4,enugu,2020-08-07
2286,employee_2286,engineering,176094,50,2,ogun,2020-09-04
2287,employee_2287,sales,183915,44,5,lagos,2021-06-02
2288,employee_2288,support,320798,34,0,abia,2021-02-14
2289,employee_2289,marketing,122743,57,2,kwara,2020-05-05
2290,employee_2290,sales,77048,38,4,abia,2021-03-05
2291,employee_2291,sales,128100,58,2,kano,2021-04-01
2292,employee_2292,support,94207,58,0,kogi,2020-08-05
2293,employee_2293,sales,324217,22,0,ibadan,2021-04-03
2294,employee_2294,HR,50805,31,5,abia,2020-06-21
2295,employee_2295,HR,282100,57,3,lagos,2021-03-26
2296,employee_2296,sales,70458,25,2,ogun,2020-06-21
2297,employee_2297,support,207373,32,2,ibadan,2020-09-11
2298,employee_2298,engineering,73293,29,4,osun,2020-08-10
2299,employee_2299,HR,99619,22,1,kogi,2021-04-28
2300,employee_2300,support,188422,23,0,osun,2020-07-07
2301,employee_2301,support,228612,37,1,enugu,2020-01-25
2302,employee_2302,marketing,319969,34,0,abia,2021-06-10
2303,employee_2303,engineering,335816,24,1,imo,2020-10-12
2304,employee_2304,HR,65380,50,0,ibadan,2020-08-10
2305,employee_2305,engineering,223292,40,2,lagos,2020-05-15
2306,employee_2306,sales,237763,59,4,imo,2021-02-10
2307,employee_2307,marketing,243340,56,0,osun,2021-05-20
2308,employee_2308,finance,315426,56,5,abia,2020-11-02
2309,employee_2309,sales,280341,37,4,kano,2020-06-23
2310,employee_2310,HR,139646,55,3,ibadan,2020-06-18
2311,employee_2311,finance,54361,40,3,ibadan,2021-04-17
2312,employee_2312,engineering,304488,39,1,kogi,2021-01-05
2313,employee_2313,marketing,335657,40,0,kogi,2021-03-21
2314,employee_2314,engineering,128711,38,2,lagos,2020-03-26
2315,employee_2315,engineering,276996,23,0,kano,2020-10-03
2316,employee_2316,support,110132,56,0,abuja,2021-02-23
2317,employee_2317,engineering,289233,46,1,abia,2020-04-13
2318,employee_2318,engineering,259614,60,5,abia,2020-06-15
2319,employee_2319,sales,144974,26,3,kwara,2020-10-04
2320,employee_2320,sales,144688,22,1,lagos,2021-01-23
2321,employee_2321,HR,86402,40,0,imo,2020-02-05
2322,employee_2322,marketing,118571,38,2,katsina,2020-07-05
2323,employee_2323,marketing,237326,40,0,ogun,2020-12-18
2324,employee_2324,sales,328450,45,2,kano,2021-02-07
2325,employee_2325,support,114700,52,1,imo,2020-10-10
2326,employee_2326,sales,122093,52,5,katsina,2020-03-10
2327,employee_2327,marketing,341298,57,3,lagos,2021-03-20
2328,employee_2328,engineering,211846,38,3,kano,2020-01-18
2329,employee_2329,HR,282214,39,2,abia,2020-12-28
2330,employee_2330,sales,88430,57,4,abuja,2021-03-22
2331,employee_2331,support,300023,33,2,abia,2020-05-31
2332,employee_2332,support,88813,37,1,abuja,2020-04-11
2333,employee_2333,finance,62969,50,5,kwara,2020-03-20
2334,employee_2334,HR,278986,45,2,osun,2020-05-15
2335,employee_2335,marketing,55240,52,0,katsina,2021-06-14
2336,employee_2336,HR,345551,39,1,enugu,2020-04-27
2337,employee_2337,support,165451,37,1,ibadan,2021-05-16
2338,employee_2338,engineering,268148,40,5,ogun,2020-05-16
2339,employee_2339,HR,117012,41,5,enugu,2020-04-09
2340,employee_2340,sales,202454,24,0,ibadan,2021-05-28
2341,employee_2341,support,349571,44,1,ibadan,2020-04-30
2342,employee_2342,finance,166440,38,5,abia,2021-01-07
2343,employee_2343,sales,211347,47,3,katsina,2021-05-07
2344,employee_2344,engineering,312463,23,0,kano,2020-02-15
2345,employee_2345,sales,158710,36,2,enugu,2020-12-31
2346,employee_2346,support,300213,60,2,osun,2021-04-23
2347,employee_2347,finance,262211,50,2,kogi,2020-10-14
2348,employee_2348,sales,271288,52,3,kogi,2021-03-27
2349,employee_2349,finance,98641,35,2,abia,2021-06-06
2350,employee_2350,engineering,256045,58,5,ibadan,2020-01-13
2351,employee_2351,HR,137048,40,1,kano,2020-04-23
2352,employee_2352,sales,184140,43,1,abia,2020-05-19
2353,employee_2353,support,198737,39,5,ogun,2020-05-16
2354,employee_2354,engineering,210518,46,0,lagos,2020-01-17
2355,employee_2355,finance,349994,53,1,akure,2020-02-13
2356,employee_2356,engineering,225296,53,0,imo,2020-07-15
2357,employee_2357,sales,241744,25,2,kogi,2020-02-28
2358,employee_2358,finance,94881,55,1,enugu,2021-02-26
2359,employee_2359,finance,157219,60,3,osun,2020-02-03
2360,employee_2360,engineering,218195,50,4,katsina,2020-09-18
2361,employee_2361,engineering,58926,55,0,enugu,2021-01-01
2362,employee_2362,engineering,224012,24,5,katsina,2020-11-27
2363,employee_2363,finance,245248,28,1,kogi,2020-10-08
2364,employee_2364,engineering,115948,59,2,kano,2020-06-01
2365,employee_2365,support,72851,56,2,osun,2020-11-25
2366,employee_2366,engineering,150245,27,1,imo,2020-04-09
2367,employee_2367,finance,226633,57,2,osun,2021-01-12
2368,employee_2368,marketing,140627,38,0,osun,2021-03-25
2369,employee_2369,engineering,277213,46,2,akure,2020-08-09
2370,employee_2370,sales,74153,28,4,abuja,2020-04-21
2371,employee_2371,support,296622,21,1,kano,2020-02-15
2372,employee_2372,support,180479,30,5,akure,2020-07-24
2373,employee_2373,marketing,154736,46,0,ibadan,2020-09-30
2374,employee_2374,support,113500,51,4,kano,2020-03-13
2375,employee_2375,support,269372,42,0,ibadan,2020-05-03
2376,employee_2376,engineering,102168,39,3,kwara,2021-05-25
2377,employee_2377,HR,248908,28,0,enugu,2020-08-28
2378,employee_2378,sales,57593,32,0,akure,2020-08-01
2379,employee_2379,marketing,184964,43,0,katsina,2021-01-06
2380,employee_2380,finance,258285,50,1,abuja,2020-07-22
2381,employee_2381,support,106235,30,0,katsina,2020-03-17
2382,employee_2382,support,146813,40,1,ibadan,2021-01-25
2383,employee_2383,sales,253541,29,4,abuja,2020-07-25
2384,employee_2384,support,247730,32,0,akure,2020-08-20
2385,employee_2385,marketing,194694,37,0,imo,2021-01-28
2386,employee_2386,engineering,90307,39,3,abia,2020-04-25
2387,employee_2387,support,118744,21,2,abia,2020-10-08
2388,employee_2388,marketing,342493,39,2,enugu,2021-01-16
2389,employee_2389,HR,154905,48,0,lagos,2021-05-06
2390,employee_2390,finance,320385,27,1,ogun,2020-07-12
2391,employee_2391,finance,173504,34,5,katsina,2021-03-14
2392,employee_2392,marketing,194346,25,3,akure,2020-04-23
2393,employee_2393,marketing,65410,21,3,ogun,2020-12-24
2394,employee_2394,sales,242686,55,1,akure,2020-12-01
2395,employee_2395,finance,317732,36,4,kogi,2021-01-19
2396,employee_2396,engineering,123869,33,5,akure,2021-06-17
2397,employee_2397,sales,51116,42,0,enugu,2020-07-29
2398,employee_2398,engineering,82420,51,1,osun,2020-09-13
2399,employee_2399,support,327265,41,3,imo,2020-09-11
2400,employee_2400,sales,273388,46,3,katsina,2020-04-10
2401,employee_2401,HR,262019,32,5,kwara,2021-02-10
2402,employee_2402,HR,157089,55,4,enugu,2020-12-08
2403,employee_2403,finance,306579,22,0,ogun,2020-03-22
2404,employee_2404,HR,93781,39,1,abia,2021-01-02
2405,employee_2405,marketing,150038,60,1,osun,2020-09-22
2406,employee_2406,HR,283274,31,4,abia,2020-06-01
2407,employee_2407,marketing,318031,28,2,kogi,2021-01-11
2408,employee_2408,support,250244,21,2,lagos,2020-06-28
2409,employee_2409,marketing,293613,39,2,enugu,2021-04-20
2410,employee_2410,engineering,251640,38,4,abuja,2020-07-29
2411,employee_2411,HR,226799,52,4,kano,2020-06-07
2412,employee_2412,finance,198883,29,1,akure,2020-02-15
2413,employee_2413,sales,336419,54,2,katsina,2020-09-10
2414,employee_2414,marketing,166869,60,3,lagos,2021-02-05
2415,employee_2415,support,126005,48,1,kwara,2020-05-31
2416,employee_2416,HR,107487,59,1,osun,2020-10-29
2417,employee_2417,sales,313347,51,2,akure,2020-09-19
2418,employee_2418,finance,270006,21,1,ogun,2020-05-04
2419,employee_2419,support,334420,47,4,kogi,2021-01-04
2420,employee_2420,marketing,145930,51,4,osun,2020-11-14
2421,employee_2421,marketing,109748,32,4,ogun,2021-02-26
2422,employee_2422,finance,218899,39,4,kano,2021-04-16
2423,employee_2423,sales,115502,57,5,abia,2020-12-21
2424,employee_2424,marketing,92288,28,4,abia,2020-09-26
2425,employee_2425,engineering,169175,46,2,ibadan,2021-04-01
2426,employee_2426,sales,134299,58,0,abuja,2021-05-29
2427,employee_2427,finance,212790,23,5,imo,2020-04-29
2428,employee_2428,finance,284452,21,4,kano,2020-07-22
2429,employee_2429,engineering,247660,28,3,ogun,2020-05-26
2430,employee_2430,finance,318436,55,1,ogun,2021-06-12
2431,employee_2431,finance,187558,31,3,abuja,2021-06-03
2432,employee_2432,engineering,188743,44,2,osun,2020-04-03
2433,employee_2433,HR,334535,59,4,akure,2020-04-28
2434,employee_2434,HR,107248,51,2,imo,2020-11-11
2435,employee_2435,sales,246200,48,5,abia,2020-08-22
2436,employee_2436,sales,229250,28,4,katsina,2021-04-25
2437,employee_2437,engineering,208891,50,0,abia,2020-06-16
2438,employee_2438,HR,287581,28,5,abia,2020-06-15
2439,employee_2439,finance,61860,45,4,kano,2020-04-23
2440,employee_2440,support,121985,21,1,akure,2021-06-10
2441,employee_2441,engineering,175954,60,5,ogun,2021-03-31
2442,employee_2442,marketing,223565,26,4,imo,2021-03-18
2443,employee_2443,support,145434,37,2,kano,2020-09-27
2444,employee_2444,engineering,241902,44,4,osun,2021-04-22
2445,employee_2445,HR,172140,44,4,abuja,2021-06-09
2446,employee_2446,marketing,214818,43,1,kano,2020-06-08
2447,employee_2447,marketing,280097,51,0,kano,2021-01-08
2448,employee_2448,support,339073,39,2,kwara,2020-11-23
2449,employee_2449,finance,199361,29,1,lagos,2020-11-25
2450,employee_2450,finance,313187,49,1,imo,2020-04-23
2451,employee_2451,HR,314224,57,3,enugu,2020-09-01
2452,employee_2452,HR,241922,36,3,lagos,2021-03-14
2453,employee_2453,support,162987,30,1,lagos,2020-01-04
2454,employee_2454,support,88942,49,0,osun,2020-12-28
2455,employee_2455,finance,300083,48,1,kano,2021-01-18
2456,employee_2456,support,112600,46,3,kano,2020-03-13
2457,employee_2457,finance,271852,51,2,imo,2021-01-20
2458,employee_2458,HR,310477,39,3,lagos,2020-08-30
2459,employee_2459,support,58548,34,3,kogi,2020-09-06
2460,employee_2460,marketing,274114,24,1,kogi,2021-06-07
2461,employee_2461,sales,111113,50,2,kwara,2020-09-21
2462,employee_2462,engineering,224942,35,0,kwara,2021-02-20
2463,employee_2463,finance,336363,41,1,kano,2021-06-03
2464,employee_2464,marketing,295931,45,5,abuja,2021-04-01
2465,employee_2465,HR,292294,38,3,lagos,2020-01-11
2466,employee_2466,HR,204200,26,0,imo,2021-01-17
2467,employee_2467,marketing,342031,32,4,enugu,2020-01-29
2468,employee_2468,HR,245569,26,3,abuja,2020-10-02
2469,employee_2469,support,346618,49,2,akure,2020-01-16
2470,employee_2470,engineering,299949,24,3,ibadan,2020-09-21
2471,employee_2471,engineering,297853,25,5,kano,2020-11-24
2472,employee_2472,HR,200933,47,0,abuja,2020-11-28
2473,employee_2473,finance,225313,32,2,ogun,2020-01-31
2474,employee_2474,HR,280303,56,5,abia,2020-07-07
2475,employee_2475,engineering,109531,44,4,abuja,2020-04-27
2476,employee_2476,HR,65769,53,5,katsina,2020-12-25
2477,employee_2477,HR,108325,25,3,ogun,2020-11-27
2478,employee_2478,support,114690,43,1,kano,2020-07-29
2479,employee_2479,finance,221660,24,4,osun,2021-03-08
2480,employee_2480,engineering,301783,25,5,katsina,2021-05-14
2481,employee_2481,sales,250874,50,0,ogun,2020-03-04
2482,employee_2482,sales,55224,48,0,akure,2020-03-02
2483,employee_2483,support,270083,39,0,akure,2020-04-07
2484,employee_2484,engineering,333322,35,1,kwara,2020-10-09
2485,employee_2485,engineering,100990,39,5,ibadan,2020-02-11
2486,employee_2486,sales,60632,38,1,kwara,2020-07-15
2487,employee_2487,finance,168028,27,3,katsina,2020-05-29
2488,employee_2488,finance,277146,27,2,ogun,2021-01-01
2489,employee_2489,HR,131310,39,5,abia,2020-03-23
2490,employee_2490,engineering,180105,37,0,ibadan,2020-04-16
2491,employee_2491,HR,267478,56,4,kano,2021-01-28
2492,employee_2492,finance,332868,35,2,ogun,2020-06-27
2493,employee_2493,sales,175758,55,1,abia,2021-02-23
2494,employee_2494,marketing,336352,41,3,lagos,2021-02-23
2495,employee_2495,marketing,190706,41,3,kwara,2020-10-07
2496,employee_2496,sales,77073,59,1,abuja,2021-01-18
2497,employee_2497,sales,347591,58,3,akure,2020-04-16
2498,employee_2498,HR,177989,59,5,ibadan,2020-09-19
2499,employee_2499,support,183694,60,1,lagos,2021-04-19
2500,employee_2500,support,339929,40,2,enugu,2021-05-29
2501,employee_2501,finance,181306,59,5,abia,2020-03-04
2502,employee_2502,support,138414,35,0,enugu,2021-04-30
2503,employee_2503,engineering,212309,45,2,ogun,2020-02-02
2504,employee_2504,support,128397,56,3,lagos,2020-03-17
2505,employee_2505,engineering,316158,36,3,kogi,2020-03-09
2506,employee_2506,engineering,317745,25,4,abia,2020-04-09
2507,employee_2507,support,164836,51,4,lagos,2020-04-25
2508,employee_2508,engineering,73040,39,3,lagos,2021-06-04
2509,employee_2509,support,190346,38,5,imo,2020-09-16
2510,employee_2510,finance,215635,35,5,kano,2020-12-23
2511,employee_2511,sales,296373,29,0,abia,2020-03-06
2512,employee_2512,marketing,223967,25,0,lagos,2020-10-06
2513,employee_2513,finance,119130,46,2,imo,2021-06-21
2514,employee_2514,support,119603,25,3,akure,2020-12-31
2515,employee_2515,engineering,207308,48,1,ogun,2020-01-12
2516,employee_2516,engineering,53606,55,4,kwara,2021-06-17
2517,employee_2517,support,297190,47,2,abia,2020-04-19
2518,employee_2518,finance,175808,50,3,kano,2020-06-12
2519,employee_2519,HR,315852,44,2,kogi,2020-07-13
2520,employee_2520,engineering,196245,57,1,akure,2020-10-21
2521,employee_2521,marketing,342837,25,5,lagos,2021-05-19
2522,employee_2522,HR,125038,50,3,abia,2020-03-14
2523,employee_2523,marketing,71379,36,3,enugu,2021-04-07
2524,employee_2524,HR,96349,27,0,imo,2020-06-23
2525,employee_2525,finance,151291,50,5,akure,2020-08-12
2526,employee_2526,HR,223118,55,2,abuja,2020-12-21
2527,employee_2527,support,85664,39,4,ibadan,2020-02-10
2528,employee_2528,support,60487,52,2,kogi,2021-04-29
2529,employee_2529,HR,169177,58,3,imo,2021-06-18
2530,employee_2530,marketing,92710,27,4,kwara,2020-05-27
2531,employee_2531,engineering,74626,49,3,imo,2020-02-02
2532,employee_2532,finance,240568,41,4,ogun,2021-04-19
2533,employee_2533,engineering,181990,30,2,katsina,2021-03-24
2534,employee_2534,sales,263012,58,5,kogi,2021-05-04
2535,employee_2535,support,180849,29,2,ibadan,2021-02-05
2536,employee_2536,sales,65782,52,0,kano,2021-04-25
2537,employee_2537,HR,309773,29,1,kwara,2020-01-30
2538,employee_2538,finance,288932,28,1,abuja,2021-02-16
2539,employee_2539,support,278519,32,4,kogi,2021-01-30
2540,employee_2540,marketing,145061,51,1,ibadan,2020-06-22
2541,employee_2541,marketing,345581,24,5,imo,2020-09-28
2542,employee_2542,HR,258151,55,2,abia,2020-10-25
2543,employee_2543,finance,256637,21,5,ogun,2021-02-16
2544,employee_2544,marketing,326349,57,2,kwara,2020-09-01
2545,employee_2545,HR,86865,60,0,ogun,2020-08-22
2546,employee_2546,HR,66547,38,2,kano,2020-04-07
2547,employee_2547,sales,220570,34,2,abia,2020-12-20
2548,employee_2548,sales,181994,43,5,lagos,2020-10-17
2549,employee_2549,finance,267418,31,2,lagos,2020-11-12
2550,employee_2550,support,202667,27,3,katsina,2020-04-03
2551,employee_2551,sales,252683,39,0,enugu,2020-02-26
2552,employee_2552,engineering,82716,35,1,enugu,2020-01-17
2553,employee_2553,finance,281042,38,1,abuja,2020-05-15
2554,employee_2554,support,70507,48,5,kogi,2020-01-22
2555,employee_2555,finance,312466,22,5,kwara,2020-11-29
2556,employee_2556,sales,53373,29,5,kwara,2020-04-09
2557,employee_2557,support,311041,24,4,kwara,2021-05-29
2558,employee_2558,engineering,280129,30,2,kano,2020-03-04
2559,employee_2559,sales,222755,36,0,imo,2021-03-31
2560,employee_2560,sales,126485,30,3,osun,2021-03-09
2561,employee_2561,sales,283304,35,2,osun,2020-11-18
2562,employee_2562,marketing,278754,24,0,abia,2020-11-28
2563,employee_2563,support,68770,23,4,akure,2020-11-26
2564,employee_2564,finance,85340,39,5,kogi,2020-12-24
2565,employee_2565,engineering,278943,52,4,kano,2020-04-23
2566,employee_2566,HR,281285,25,5,osun,2020-11-23
2567,employee_2567,HR,262745,26,3,abuja,2021-06-09
2568,employee_2568,sales,296589,24,5,osun,2021-03-16
2569,employee_2569,marketing,175991,51,1,lagos,2020-03-10
2570,employee_2570,sales,183837,55,5,akure,2020-09-22
2571,employee_2571,sales,91014,36,1,kano,2020-11-29
2572,employee_2572,marketing,98024,58,5,kogi,2020-08-01
2573,employee_2573,finance,340655,26,1,lagos,2020-02-06
2574,employee_2574,finance,176759,45,1,akure,2021-02-04
2575,employee_2575,marketing,110332,42,1,abia,2020-09-02
2576,employee_2576,engineering,230144,56,0,kwara,2021-05-26
2577,employee_2577,support,249170,31,2,lagos,2020-10-14
2578,employee_2578,sales,248159,26,0,abuja,2020-02-05
2579,employee_2579,sales,84121,57,2,abia,2021-06-03
2580,employee_2580,engineering,246998,26,4,osun,2020-07-26
2581,employee_2581,support,127864,57,5,kwara,2021-03-17
2582,employee_2582,finance,151175,48,3,imo,2020-04-25
2583,employee_2583,finance,236975,22,5,abuja,2020-03-14
2584,employee_2584,marketing,301438,56,2,lagos,2020-08-20
2585,employee_2585,sales,207712,33,3,ogun,2020-03-17
2586,employee_2586,HR,227921,25,2,kano,2021-01-31
2587,employee_2587,engineering,325562,59,5,abuja,2020-05-13
2588,employee_2588,finance,83227,41,5,kano,2020-03-09
2589,employee_2589,HR,92322,60,1,imo,2020-08-05
2590,employee_2590,marketing,288374,34,0,lagos,2021-01-30
2591,employee_2591,engineering,173159,31,4,osun,2021-03-30
2592,employee_2592,marketing,238050,50,1,enugu,2021-04-17
2593,employee_2593,finance,278413,39,5,abuja,2020-01-23
2594,employee_2594,marketing,211492,44,1,lagos,2021-05-05
2595,employee_2595,HR,226950,59,2,abia,2020-01-07
2596,employee_2596,HR,309669,45,2,osun,2020-11-02
2597,employee_2597,support,91740,33,1,lagos,2021-06-08
2598,employee_2598,finance,217426,44,1,abia,2020-05-18
2599,employee_2599,finance,219728,39,4,abia,2020-09-18
2600,employee_2600,HR,138641,53,2,abuja,2020-09-22
2601,employee_2601,engineering,173235,46,5,katsina,2020-05-31
2602,employee_2602,finance,215306,54,3,abuja,2020-08-28
2603,employee_2603,HR,149496,34,0,akure,2021-03-13
2604,employee_2604,engineering,169159,27,0,abuja,2020-09-06
2605,employee_2605,sales,123232,34,5,kogi,2021-04-25
2606,employee_2606,support,78374,53,1,abia,2020-05-07
2607,employee_2607,HR,244212,32,5,kano,2020-03-19
2608,employee_2608,engineering,90158,27,4,osun,2020-01-31
2609,employee_2609,marketing,337977,34,5,abia,2020-02-20
2610,employee_2610,marketing,302742,58,4,katsina,2020-08-12
2611,employee_2611,HR,74488,59,5,abuja,2020-07-11
2612,employee_2612,marketing,93231,59,4,imo,2021-03-08
2613,employee_2613,engineering,134789,22,4,kano,2021-02-20
2614,employee_2614,support,315533,28,4,abuja,2020-09-29
2615,employee_2615,HR,156917,41,5,imo,2021-06-15
2616,employee_2616,sales,143971,55,1,akure,2021-06-01
2617,employee_2617,support,344155,21,2,kwara,2021-06-21
2618,employee_2618,sales,304792,58,3,kwara,2020-02-07
2619,employee_2619,sales,263833,56,3,osun,2020-02-22
2620,employee_2620,HR,196525,39,3,ibadan,2020-10-06
2621,employee_2621,HR,154665,43,4,kwara,2021-01-25
2622,employee_2622,finance,319627,38,0,abia,2020-07-09
2623,employee_2623,support,297358,22,1,osun,2020-02-11
2624,employee_2624,sales,245371,37,1,imo,2020-06-05
2625,employee_2625,support,188209,56,4,kwara,2020-02-07
2626,employee_2626,engineering,207901,50,3,kwara,2020-07-31
2627,employee_2627,sales,149733,59,0,akure,2021-02-05
2628,employee_2628,finance,317122,45,3,ogun,2021-06-21
2629,employee_2629,support,105931,38,0,imo,2020-09-09
2630,employee_2630,finance,332473,37,2,ibadan,2020-11-28
2631,employee_2631,HR,270925,50,4,katsina,2020-06-25
2632,employee_2632,sales,149645,34,2,akure,2021-03-31
2633,employee_2633,engineering,315707,25,0,enugu,2021-01-02
2634,employee_2634,marketing,248077,47,0,abia,2020-10-25
2635,employee_2635,finance,272254,45,2,kwara,2020-10-01
2636,employee_2636,marketing,80750,54,5,osun,2020-12-24
2637,employee_2637,sales,114430,24,3,lagos,2021-01-28
2638,employee_2638,engineering,100285,37,0,kano,2020-06-19
2639,employee_2639,support,162233,42,4,kogi,2020-01-12
2640,employee_2640,sales,233898,54,2,akure,2020-06-26
2641,employee_2641,HR,239908,22,4,ogun,2020-11-04
2642,employee_2642,finance,162446,48,0,imo,2020-10-04
2643,employee_2643,marketing,319565,39,4,ogun,2021-02-08
2644,employee_2644,support,84770,55,0,enugu,2020-10-18
2645,employee_2645,finance,280492,41,3,kogi,2021-06-19
2646,employee_2646,HR,276633,34,3,osun,2020-01-13
2647,employee_2647,support,69032,53,4,ogun,2021-05-02
2648,employee_2648,HR,74786,35,3,akure,2020-02-05
2649,employee_2649,sales,295573,38,3,enugu,2020-09-13
2650,employee_2650,HR,152327,40,0,osun,2021-04-12
2651,employee_2651,engineering,218019,42,2,imo,2020-01-31
2652,employee_2652,engineering,154594,34,1,imo,2020-10-24
2653,employee_2653,HR,96782,51,5,kano,2021-05-13
2654,employee_2654,support,201375,60,3,abia,2020-08-17
2655,employee_2655,engineering,312661,53,2,katsina,2020-09-20
2656,employee_2656,engineering,126161,46,0,ogun,2020-02-19
2657,employee_2657,engineering,223899,54,2,kano,2021-01-25
2658,employee_2658,HR,138721,34,0,lagos,2021-03-31
2659,employee_2659,support,322724,42,3,enugu,2021-06-10
2660,employee_2660,support,337317,39,3,kano,2020-02-02
2661,employee_2661,finance,202242,29,0,abia,2020-03-30
2662,employee_2662,engineering,321830,47,3,kwara,2020-06-26
2663,employee_2663,sales,136354,46,1,abia,2020-11-06
2664,employee_2664,engineering,91722,53,4,abuja,2020-10-16
2665,employee_2665,marketing,279852,49,5,ibadan,2020-04-20
2666,employee_2666,marketing,89099,53,5,kano,2021-04-19
2667,employee_2667,engineering,236552,27,1,imo,2020-04-22
2668,employee_2668,marketing,191882,54,1,abia,2020-05-23
2669,employee_2669,sales,267554,35,2,katsina,2020-09-26
2670,employee_2670,sales,172166,44,3,abia,2020-04-16
2671,employee_2671,marketing,327177,46,5,kwara,2020-07-20
2672,employee_2672,finance,196842,51,1,enugu,2020-10-19
2673,employee_2673,finance,291618,28,2,abia,2021-04-02
2674,employee_2674,HR,285038,37,5,abia,2021-04-11
2675,employee_2675,marketing,155955,28,5,ogun,2020-01-27
2676,employee_2676,sales,88852,29,1,katsina,2021-03-10
2677,employee_2677,sales,318836,27,5,kano,2020-04-20
2678,employee_2678,finance,235907,38,1,katsina,2021-03-25
2679,employee_2679,HR,286863,49,5,abia,2020-01-21
2680,employee_2680,finance,103999,37,5,akure,2021-02-27
2681,employee_2681,engineering,163547,46,2,katsina,2020-06-03
2682,employee_2682,HR,242875,57,0,kogi,2020-09-05
2683,employee_2683,HR,315153,50,3,akure,2020-12-13
2684,employee_2684,finance,312667,39,0,lagos,2020-10-16
2685,employee_2685,HR,85566,21,5,osun,2021-05-12
2686,employee_2686,marketing,322531,54,2,enugu,2021-02-21
2687,employee_2687,support,52393,25,5,osun,2021-02-19
2688,employee_2688,support,269015,45,5,enugu,2020-07-28
2689,employee_2689,marketing,346855,32,3,kwara,2020-07-18
2690,employee_2690,sales,66801,52,4,kwara,2020-02-12
2691,employee_2691,support,347276,52,5,ogun,2020-07-06
2692,employee_2692,engineering,312077,57,4,katsina,2020-09-06
2693,employee_2693,marketing,86874,21,0,imo,2020-07-12
2694,employee_2694,sales,118317,38,0,kwara,2020-07-14
2695,employee_2695,engineering,225269,30,5,abia,2021-01-22
2696,employee_2696,finance,257228,51,2,ibadan,2020-11-25
2697,employee_2697,sales,151329,32,1,ogun,2020-12-02
2698,employee_2698,engineering,241609,40,5,kogi,2021-04-22
2699,employee_2699,support,323875,54,5,ibadan,2021-05-27
2700,employee_2700,marketing,56035,44,4,akure,2020-09-25
2701,employee_2701,sales,200387,32,0,lagos,2020-05-10
2702,employee_2702,marketing,348987,30,1,ibadan,2020-08-14
2703,employee_2703,support,287377,27,2,kano,2020-10-18
2704,employee_2704,HR,313876,53,0,imo,2020-05-05
2705,employee_2705,HR,291838,32,5,ibadan,2020-06-09
2706,employee_2706,marketing,339495,39,0,imo,2021-02-16
2707,employee_2707,marketing,269819,41,3,katsina,2020-12-10
2708,employee_2708,HR,294009,41,0,kano,2020-06-03
2709,employee_2709,engineering,304162,29,0,akure,2020-02-18
2710,employee_2710,finance,251441,21,1,kano,2020-06-02
2711,employee_2711,finance,310053,23,1,kano,2020-03-27
2712,employee_2712,HR,150008,50,4,lagos,2020-03-01
2713,employee_2713,sales,331768,40,0,osun,2021-02-22
2714,employee_2714,finance,127814,57,1,kwara,2021-01-05
2715,employee_2715,finance,242004,23,3,ogun,2020-07-12
2716,employee_2716,HR,53860,23,5,abia,2020-05-16
2717,employee_2717,support,117076,40,2,ogun,2020-05-04
2718,employee_2718,HR,70717,45,0,lagos,2021-06-08
2719,employee_2719,finance,216592,52,0,ibadan,2020-05-04
2720,employee_2720,marketing,148774,47,2,lagos,2021-01-26
2721,employee_2721,finance,101691,44,0,abuja,2021-06-05
2722,employee_2722,HR,145242,31,2,abuja,2020-08-17
2723,employee_2723,support,136542,57,2,lagos,2020-03-20
2724,employee_2724,engineering,116661,36,1,katsina,2020-06-10
2725,employee_2725,support,113477,34,4,osun,2020-05-19
2726,employee_2726,support,333244,41,4,abuja,2020-10-16
2727,employee_2727,HR,309475,35,2,lagos,2020-06-25
2728,employee_2728,HR,102363,38,4,abuja,2021-02-05
2729,employee_2729,engineering,77476,26,4,osun,2020-12-13
2730,employee_2730,HR,124423,26,0,akure,2021-05-05
2731,employee_2731,marketing,205805,32,5,kwara,2020-03-31
2732,employee_2732,finance,179400,41,0,abia,2020-11-07
2733,employee_2733,support,114049,60,4,enugu,2020-03-29
2734,employee_2734,sales,263158,36,0,ogun,2020-04-18
2735,employee_2735,marketing,103760,27,2,ibadan,2020-08-02
2736,employee_2736,support,109753,48,5,enugu,2020-02-23
2737,employee_2737,engineering,203288,28,0,ibadan,2021-06-18
2738,employee_2738,HR,64354,47,2,ogun,2020-12-22
2739,employee_2739,sales,126358,22,5,lagos,2020-07-11
2740,employee_2740,support,142502,52,1,kogi,2021-01-11
2741,employee_2741,HR,345233,34,4,enugu,2020-05-13
2742,employee_2742,finance,116203,24,5,ogun,2020-11-18
2743,employee_2743,sales,233905,47,5,abia,2021-04-20
2744,employee_2744,marketing,99589,48,3,abuja,2020-05-25
2745,employee_2745,sales,212901,38,5,lagos,2020-04-09
2746,employee_2746,HR,61395,43,4,enugu,2020-05-13
2747,employee_2747,finance,155980,36,5,abia,2020-06-18
2748,employee_2748,finance,288346,23,3,ogun,2020-07-21
2749,employee_2749,engineering,257638,56,3,kwara,2021-06-05
2750,employee_2750,sales,338933,48,0,osun,2020-07-06
2751,employee_2751,engineering,121551,30,4,abia,2020-12-18
2752,employee_2752,finance,73645,38,0,kano,2021-02-17
2753,employee_2753,engineering,274692,45,4,ogun,2020-09-18
2754,employee_2754,finance,81842,27,2,imo,2021-03-18
2755,employee_2755,support,118157,31,2,imo,2020-09-25
2756,employee_2756,marketing,110306,60,0,kogi,2020-01-14
2757,employee_2757,finance,224235,60,4,kano,2021-03-25
2758,employee_2758,marketing,84069,39,3,lagos,2020-12-15
2759,employee_2759,support,277808,40,4,imo,2021-04-17
2760,employee_2760,support,100378,51,1,osun,2020-05-06
2761,employee_2761,HR,259826,57,4,abuja,2020-11-17
2762,employee_2762,HR,166820,38,2,katsina,2020-07-15
2763,employee_2763,marketing,206109,34,0,osun,2020-05-21
2764,employee_2764,sales,287872,53,4,ogun,2020-07-20
2765,employee_2765,HR,111803,24,5,kano,2020-02-21
2766,employee_2766,marketing,228701,30,0,ogun,2021-01-06
2767,employee_2767,sales,185672,42,4,kwara,2020-01-10
2768,employee_2768,HR,185381,37,0,akure,2021-01-01
2769,employee_2769,sales,236886,60,2,abuja,2021-04-27
2770,employee_2770,support,184775,36,4,imo,2020-12-19
2771,employee_2771,engineering,181644,39,5,ogun,2020-11-04
2772,employee_2772,support,345330,29,5,lagos,2021-01-15
2773,employee_2773,finance,217864,44,2,osun,2020-03-29
2774,employee_2774,HR,325934,34,0,abuja,2021-04-08
2775,employee_2775,support,349015,39,4,ibadan,2020-10-03
2776,employee_2776,HR,146334,53,1,kano,2020-12-09
2777,employee_2777,support,312634,50,2,kano,2021-03-24
2778,employee_2778,marketing,265133,35,0,ibadan,2020-11-24
2779,employee_2779,support,228824,22,4,imo,2020-11-07
2780,employee_2780,sales,328638,45,5,ibadan,2020-03-09
2781,employee_2781,sales,153408,55,4,kano,2021-06-02
2782,employee_2782,support,83289,21,5,akure,2020-06-13
2783,employee_2783,finance,103629,31,0,abuja,2021-05-31
2784,employee_2784,marketing,198027,45,1,katsina,2020-04-17
2785,employee_2785,engineering,277575,45,2,akure,2021-02-03
2786,employee_2786,HR,273339,35,0,lagos,2020-10-29
2787,employee_2787,support,151374,33,2,osun,2020-02-11
2788,employee_2788,engineering,232665,46,2,lagos,2021-04-14
2789,employee_2789,support,241446,42,5,kogi,2020-10-19
2790,employee_2790,engineering,188745,45,5,enugu,2020-08-03
2791,employee_2791,finance,126306,53,1,abia,2021-01-27
2792,employee_2792,HR,243224,51,3,ibadan,2020-04-13
2793,employee_2793,support,256060,28,3,akure,2021-03-02
2794,employee_2794,support,256194,41,3,kogi,2020-11-13
2795,employee_2795,engineering,258381,34,1,kogi,2021-01-01
2796,employee_2796,finance,316733,46,0,enugu,2020-04-28
2797,employee_2797,engineering,79191,48,4,kogi,2021-04-15
2798,employee_2798,marketing,254547,59,1,osun,2020-07-07
2799,employee_2799,finance,263215,30,1,ibadan,2020-10-17
2800,employee_2800,HR,271823,59,1,kwara,2020-11-19
2801,employee_2801,engineering,230701,47,1,abia,2021-06-23
2802,employee_2802,HR,310380,59,2,enugu,2021-04-03
2803,employee_2803,support,201885,25,3,abia,2020-08-08
2804,employee_2804,HR,179652,47,5,lagos,2020-04-28
2805,employee_2805,engineering,296298,55,3,enugu,2021-01-27
2806,employee_2806,support,73656,44,1,ibadan,2020-12-08
2807,employee_2807,engineering,157430,42,4,abia,2020-04-12
2808,employee_2808,sales,240077,40,4,abia,2020-02-26
2809,employee_2809,support,255920,27,4,ibadan,2021-01-26
2810,employee_2810,finance,340573,52,3,lagos,2021-06-19
2811,employee_2811,support,244482,49,3,ibadan,2021-03-15
2812,employee_2812,engineering,156804,45,1,ogun,2020-06-22
2813,employee_2813,finance,118302,55,3,kogi,2020-07-01
2814,employee_2814,HR,311790,27,4,ogun,2020-05-25
2815,employee_2815,engineering,289483,35,3,kogi,2020-12-10
2816,employee_2816,sales,269559,50,1,osun,2020-02-27
2817,employee_2817,sales,73215,52,1,enugu,2021-05-21
2818,employee_2818,HR,152377,47,2,abia,2021-04-01
2819,employee_2819,sales,89415,37,3,abia,2021-03-18
2820,employee_2820,sales,234881,51,5,abuja,2021-03-02
2821,employee_2821,finance,64688,31,1,kogi,2020-04-22
2822,employee_2822,support,116679,33,2,osun,2020-09-18
2823,employee_2823,finance,285187,32,2,abia,2020-09-25
2824,employee_2824,marketing,95792,50,3,ibadan,2020-07-07
2825,employee_2825,sales,100522,40,4,ogun,2020-03-15
2826,employee_2826,engineering,228361,51,4,imo,2020-03-13
2827,employee_2827,marketing,178060,34,4,ogun,2020-01-18
2828,employee_2828,sales,56580,35,5,katsina,2020-04-28
2829,employee_2829,finance,256438,47,3,lagos,2020-12-14
2830,employee_2830,HR,180257,23,4,imo,2020-12-02
2831,employee_2831,engineering,330788,33,4,ogun,2021-01-29
2832,employee_2832,engineering,258308,57,3,abia,2020-07-06
2833,employee_2833,finance,337055,59,2,kogi,2020-03-29
2834,employee_2834,engineering,72497,33,0,kwara,2021-03-27
2835,employee_2835,finance,326781,45,1,kwara,2020-01-29
2836,employee_2836,finance,78831,39,2,abuja,2021-02-02
2837,employee_2837,engineering,257625,46,5,ogun,2020-04-10
2838,employee_2838,HR,51873,46,1,akure,2020-10-17
2839,employee_2839,marketing,233210,33,4,kogi,2020-03-31
2840,employee_2840,support,56751,39,4,imo,2020-01-21
2841,employee_2841,marketing,344600,21,2,ogun,2021-05-04
2842,employee_2842,finance,324088,52,2,kwara,2020-09-16
2843,employee_2843,support,78042,31,2,imo,2020-09-06
2844,employee_2844,marketing,291068,25,1,kwara,2020-05-25
2845,employee_2845,sales,347836,35,2,ogun,2020-10-15
2846,employee_2846,finance,190895,42,4,abia,2020-01-24
2847,employee_2847,finance,279456,33,5,lagos,2020-05-07
2848,employee_2848,marketing,219021,29,3,abuja,2020-10-10
2849,employee_2849,support,234845,49,5,kwara,2020-06-23
2850,employee_2850,finance,242814,46,3,katsina,2021-03-20
2851,employee_2851,HR,74641,43,0,kano,2021-06-13
2852,employee_2852,engineering,265593,33,3,osun,2021-03-21
2853,employee_2853,HR,96799,50,1,katsina,2020-07-22
2854,employee_2854,marketing,234584,46,4,ogun,2020-09-12
2855,employee_2855,sales,349426,42,3,lagos,2020-03-02
2856,employee_2856,engineering,222622,23,5,katsina,2020-10-03
2857,employee_2857,HR,112636,48,1,osun,2020-06-30
2858,employee_2858,HR,218679,46,1,abuja,2020-09-01
2859,employee_2859,finance,151896,36,2,enugu,2020-03-31
2860,employee_2860,HR,58694,41,3,ibadan,2020-05-11
2861,employee_2861,engineering,164924,55,3,lagos,2021-01-24
2862,employee_2862,marketing,148016,54,4,enugu,2020-05-16
2863,employee_2863,support,317989,49,0,kano,2020-09-15
2864,employee_2864,finance,260438,40,5,akure,2020-08-26
2865,employee_2865,engineering,76271,51,3,ogun,2020-02-26
2866,employee_2866,sales,65574,21,5,osun,2021-01-29
2867,employee_2867,engineering,337911,57,3,enugu,2020-11-09
2868,employee_2868,finance,169445,41,4,imo,2020-08-19
2869,employee_2869,finance,240826,52,0,kogi,2020-04-25
2870,employee_2870,finance,273189,34,1,kogi,2020-01-20
2871,employee_2871,sales,92521,22,5,ogun,2020-03-21
2872,employee_2872,HR,135790,34,0,kano,2020-07-13
2873,employee_2873,engineering,169540,46,3,kano,2021-03-13
2874,employee_2874,marketing,198441,49,1,lagos,2020-03-29
2875,employee_2875,sales,72147,33,2,lagos,2020-07-31
2876,employee_2876,support,192516,29,0,kogi,2020-05-29
2877,employee_2877,marketing,230051,54,5,lagos,2020-10-08
2878,employee_2878,HR,203015,56,2,abuja,2020-03-19
2879,employee_2879,support,275864,54,5,kwara,2020-08-16
2880,employee_2880,marketing,133885,25,0,ibadan,2020-09-09
2881,employee_2881,support,247902,52,4,akure,2021-06-24
2882,employee_2882,sales,172531,33,5,ogun,2020-09-27
2883,employee_2883,sales,248458,51,3,abia,2021-02-12
2884,employee_2884,marketing,117478,60,1,lagos,2020-01-27
2885,employee_2885,support,305984,34,3,lagos,2020-09-02
2886,employee_2886,marketing,287490,52,2,kogi,2020-10-02
2887,employee_2887,HR,316114,42,0,kwara,2021-06-14
2888,employee_2888,HR,245044,49,0,ibadan,2020-09-29
2889,employee_2889,support,226716,43,2,kano,2020-09-08
2890,employee_2890,finance,318369,55,3,ogun,2020-09-17
2891,employee_2891,HR,101105,24,4,ibadan,2020-08-27
2892,employee_2892,marketing,73486,43,2,ogun,2021-04-11
2893,employee_2893,marketing,188406,53,4,kwara,2020-08-25
2894,employee_2894,engineering,112891,54,3,lagos,2020-01-30
2895,employee_2895,support,295752,44,5,katsina,2020-08-22
2896,employee_2896,support,339648,44,3,enugu,2021-03-09
2897,employee_2897,engineering,65118,37,1,enugu,2020-02-10
2898,employee_2898,marketing,319889,36,4,kogi,2020-12-09
2899,employee_2899,finance,325543,58,2,ogun,2020-07-20
2900,employee_2900,support,163356,53,5,lagos,2021-01-10
2901,employee_2901,HR,265478,35,2,enugu,2020-03-22
2902,employee_2902,support,253032,52,4,lagos,2020-09-20
2903,employee_2903,sales,340505,24,2,ogun,2020-11-13
2904,employee_2904,finance,232466,29,4,kano,2021-01-14
2905,employee_2905,marketing,147719,37,4,abuja,2020-10-20
2906,employee_2906,marketing,53489,56,3,ibadan,2020-11-30
2907,employee_2907,marketing,140650,27,5,kwara,2020-07-26
2908,employee_2908,engineering,70831,43,4,enugu,2021-02-02
2909,employee_2909,marketing,259610,59,5,ibadan,2021-01-24
2910,employee_2910,engineering,338244,38,0,kogi,2020-11-26
2911,employee_2911,support,311162,25,2,abuja,2021-05-25
2912,employee_2912,marketing,287278,40,5,abia,2020-05-01
2913,employee_2913,engineering,221389,46,3,katsina,2020-05-12
2914,employee_2914,sales,143452,38,3,katsina,2020-02-02
2915,employee_2915,HR,228320,52,4,abia,2021-02-28
2916,employee_2916,finance,172008,42,3,kwara,2021-01-27
2917,employee_2917,sales,255043,50,1,kogi,2020-01-29
2918,employee_2918,HR,126130,27,0,ogun,2020-06-19
2919,employee_2919,finance,218580,56,3,abuja,2021-01-01
2920,employee_2920,finance,302965,60,4,kwara,2020-11-01
2921,employee_2921,finance,103106,55,5,akure,2020-03-08
2922,employee_2922,marketing,265522,53,1,abia,2020-06-11
2923,employee_2923,sales,269662,30,4,osun,2020-02-29
2924,employee_2924,marketing,125391,35,3,abuja,2020-01-29
2925,employee_2925,finance,269563,21,1,katsina,2020-08-19
2926,employee_2926,support,317173,22,2,enugu,2020-09-08
2927,employee_2927,HR,307286,32,1,ibadan,2020-07-13
2928,employee_2928,support,306604,41,4,abia,2020-04-10
2929,employee_2929,engineering,273353,29,2,osun,2021-02-03
2930,employee_2930,support,283951,25,4,akure,2020-03-13
2931,employee_2931,engineering,190722,49,3,enugu,2020-05-02
2932,employee_2932,sales,156199,28,5,akure,2020-07-22
2933,employee_2933,marketing,76451,59,3,kano,2021-04-20
2934,employee_2934,marketing,256794,28,0,kwara,2020-03-08
2935,employee_2935,marketing,136370,56,1,ogun,2020-10-14
2936,employee_2936,support,190767,23,1,kogi,2020-02-16
2937,employee_2937,support,318878,35,2,ogun,2021-04-20
2938,employee_2938,finance,161317,44,5,ibadan,2020-03-03
2939,employee_2939,marketing,215174,56,2,kano,2020-01-02
2940,employee_2940,finance,240001,37,4,kano,2021-05-30
2941,employee_2941,sales,253756,50,5,akure,2021-03-19
2942,employee_2942,sales,215587,35,4,kogi,2021-02-22
2943,employee_2943,marketing,321046,25,2,akure,2020-08-05
2944,employee_2944,marketing,118214,40,0,imo,2020-07-23
2945,employee_2945,support,156317,52,1,katsina,2020-06-26
2946,employee_2946,sales,208878,24,4,abuja,2020-11-02
2947,employee_2947,finance,200234,56,4,lagos,2020-05-29
2948,employee_2948,engineering,323109,39,1,imo,2021-04-23
2949,employee_2949,HR,236927,60,4,abuja,2020-05-10
2950,employee_2950,engineering,215500,51,5,kwara,2021-03-14
2951,employee_2951,finance,194740,54,1,osun,2021-03-19
2952,employee_2952,engineering,137937,21,2,kano,2021-06-06
2953,employee_2953,sales,64346,23,0,osun,2020-02-18
2954,employee_2954,sales,132748,39,3,imo,2021-01-16
2955,employee_2955,HR,84438,29,1,akure,2021-02-19
2956,employee_2956,HR,182343,39,1,enugu,2021-02-28
2957,employee_2957,HR,131915,23,3,kogi,2020-12-24
2958,employee_2958,finance,242457,47,5,ogun,2021-03-06
2959,employee_2959,sales,78245,33,3,lagos,2021-03-26
2960,employee_2960,engineering,85185,24,4,akure,2021-01-08
2961,employee_2961,sales,235229,35,4,kwara,2020-05-12
2962,employee_2962,finance,287559,56,2,abia,2020-07-29
2963,employee_2963,sales,98763,27,3,ogun,2020-03-14
2964,employee_2964,support,341669,43,5,ogun,2021-02-17
2965,employee_2965,marketing,106045,25,5,abia,2021-04-28
2966,employee_2966,marketing,92404,53,4,enugu,2020-12-02
2967,employee_2967,marketing,96356,44,4,osun,2020-05-02
2968,employee_2968,marketing,275096,29,1,osun,2020-07-29
2969,employee_2969,sales,321763,38,0,kwara,2021-04-19
2970,employee_2970,engineering,240868,51,0,akure,2021-02-15
2971,employee_2971,HR,105653,21,0,lagos,2020-09-21
2972,employee_2972,sales,86686,57,2,lagos,2021-03-20
2973,employee_2973,support,222237,48,4,akure,2020-02-09
2974,employee_2974,engineering,151549,49,0,kwara,2021-03-02
2975,employee_2975,engineering,208643,48,1,osun,2020-03-25
2976,employee_2976,engineering,124307,50,5,ibadan,2020-06-26
2977,employee_2977,HR,296866,53,1,enugu,2021-03-09
2978,employee_2978,HR,174257,28,5,ibadan,2021-04-28
2979,employee_2979,engineering,98665,30,3,ogun,2020-01-19
2980,employee_2980,support,244092,47,5,abia,2020-06-09
2981,employee_2981,marketing,117535,46,3,osun,2020-06-15
2982,employee_2982,HR,253278,29,0,abuja,2020-08-25
2983,employee_2983,finance,124169,27,2,abia,2021-06-05
2984,employee_2984,sales,279187,35,0,kano,2021-05-27
2985,employee_2985,sales,118684,53,0,abuja,2020-01-19
2986,employee_2986,HR,112745,58,3,abia,2021-06-17
2987,employee_2987,marketing,222910,33,2,osun,2020-03-11
2988,employee_2988,HR,233053,53,1,ogun,2021-03-14
2989,employee_2989,HR,311027,39,3,kwara,2021-06-19
2990,employee_2990,support,327592,30,2,akure,2020-05-07
2991,employee_2991,marketing,323006,52,4,abuja,2020-08-09
2992,employee_2992,HR,347828,28,3,kano,2020-07-21
2993,employee_2993,HR,340263,54,1,ogun,2020-08-18
2994,employee_2994,marketing,145991,50,2,ibadan,2020-04-04
2995,employee_2995,HR,327796,51,0,akure,2020-11-22
2996,employee_2996,finance,197566,22,2,abia,2020-10-31
2997,employee_2997,sales,219324,43,1,kano,2020-10-29
2998,employee_2998,engineering,155620,47,4,lagos,2021-05-03
2999,employee_2999,engineering,132913,40,4,osun,2020-04-30
3000,employee_3000,finance,105128,21,5,enugu,2020-04-10
3001,employee_3001,sales,338881,50,4,osun,2021-03-06
3002,employee_3002,sales,236787,34,5,kogi,2020-01-11
3003,employee_3003,engineering,194679,41,2,akure,2021-05-25
3004,employee_3004,marketing,197829,29,3,akure,2020-08-23
3005,employee_3005,sales,162519,50,1,kano,2021-02-10
3006,employee_3006,support,231028,33,3,kano,2020-09-18
3007,employee_3007,finance,193642,57,3,abia,2020-05-03
3008,employee_3008,HR,133365,45,4,akure,2020-03-15
3009,employee_3009,finance,176947,47,4,kano,2020-02-17
3010,employee_3010,engineering,100540,30,2,abia,2021-06-07
3011,employee_3011,finance,173591,40,5,lagos,2020-05-17
3012,employee_3012,marketing,304000,22,4,osun,2020-12-29
3013,employee_3013,HR,316122,59,3,lagos,2021-03-21
3014,employee_3014,support,186302,23,0,katsina,2021-05-20
3015,employee_3015,finance,340686,57,3,enugu,2020-05-13
3016,employee_3016,sales,166720,52,3,osun,2020-05-09
3017,employee_3017,finance,258506,25,0,akure,2020-09-06
3018,employee_3018,engineering,336140,22,2,ogun,2020-11-03
3019,employee_3019,sales,199416,22,2,lagos,2020-12-01
3020,employee_3020,engineering,224820,58,2,osun,2020-01-14
3021,employee_3021,sales,81823,36,2,kogi,2020-06-14
3022,employee_3022,sales,55591,45,0,lagos,2021-01-05
3023,employee_3023,engineering,80512,59,0,enugu,2020-04-17
3024,employee_3024,marketing,240491,36,3,kano,2020-04-08
3025,employee_3025,sales,303193,37,0,kwara,2021-06-21
3026,employee_3026,finance,298218,57,3,akure,2020-08-05
3027,employee_3027,engineering,111595,44,5,ibadan,2020-11-26
3028,employee_3028,support,83598,47,2,katsina,2020-09-06
3029,employee_3029,support,327201,29,4,kwara,2020-08-28
3030,employee_3030,sales,292138,21,0,osun,2021-04-11
3031,employee_3031,finance,105072,56,4,kogi,2020-05-20
3032,employee_3032,marketing,307526,43,3,abuja,2021-04-15
3033,employee_3033,HR,151386,24,5,enugu,2020-12-15
3034,employee_3034,support,231944,51,4,kogi,2020-04-06
3035,employee_3035,sales,216012,56,2,abuja,2020-07-20
3036,employee_3036,engineering,69406,60,1,kano,2020-06-17
3037,employee_3037,engineering,263803,39,3,kano,2020-01-23
3038,employee_3038,sales,274489,52,1,osun,2021-05-28
3039,employee_3039,HR,268491,26,4,ogun,2020-11-08
3040,employee_3040,support,93189,22,1,kwara,2020-06-30
3041,employee_3041,marketing,261452,33,5,imo,2021-06-07
3042,employee_3042,support,52393,32,3,ibadan,2020-06-06
3043,employee_3043,marketing,78595,35,0,akure,2020-04-19
3044,employee_3044,support,134506,31,5,kogi,2020-11-18
3045,employee_3045,support,325875,26,5,imo,2021-03-28
3046,employee_3046,sales,141543,58,5,ogun,2020-07-07
3047,employee_3047,finance,295487,54,1,kogi,2020-08-27
3048,employee_3048,sales,328509,27,1,katsina,2020-01-18
3049,employee_3049,finance,165441,30,2,kano,2021-03-11
3050,employee_3050,engineering,71374,25,5,abuja,2020-04-19
3051,employee_3051,HR,178152,22,3,katsina,2021-06-21
3052,employee_3052,marketing,344368,24,0,ogun,2020-05-25
3053,employee_3053,HR,95773,29,2,ogun,2020-07-22
3054,employee_3054,support,267743,43,1,abuja,2020-03-02
3055,employee_3055,engineering,66639,49,5,ibadan,2020-12-06
3056,employee_3056,HR,74695,43,5,lagos,2020-02-05
3057,employee_3057,marketing,91931,25,4,ogun,2021-04-17
3058,employee_3058,engineering,218589,53,0,kwara,2021-01-15
3059,employee_3059,support,114687,26,5,abuja,2020-11-26
3060,employee_3060,engineering,208744,27,1,kano,2020-12-17
3061,employee_3061,engineering,89746,28,1,kwara,2021-04-11
3062,employee_3062,finance,81441,54,1,kogi,2021-04-23
3063,employee_3063,engineering,152297,57,0,osun,2021-05-11
3064,employee_3064,HR,342403,21,3,osun,2020-04-06
3065,employee_3065,finance,176151,52,0,osun,2020-04-05
3066,employee_3066,engineering,194629,44,0,ibadan,2020-05-05
3067,employee_3067,finance,249983,55,4,imo,2020-05-03
3068,employee_3068,sales,216756,47,0,lagos,2020-12-23
3069,employee_3069,marketing,169208,39,4,abia,2020-09-02
3070,employee_3070,finance,84300,31,3,akure,2020-08-21
3071,employee_3071,sales,146924,40,3,osun,2020-02-27
3072,employee_3072,finance,146049,35,5,katsina,2020-11-11
3073,employee_3073,sales,226997,21,4,abuja,2021-05-10
3074,employee_3074,marketing,151316,43,5,kogi,2020-07-15
3075,employee_3075,support,247729,38,0,ogun,2021-01-12
3076,employee_3076,marketing,223322,53,4,abuja,2020-04-12
3077,employee_3077,marketing,244566,43,3,enugu,2020-03-27
3078,employee_3078,sales,62265,49,3,akure,2021-04-28
3079,employee_3079,sales,277231,29,3,abuja,2020-02-29
3080,employee_3080,support,254441,27,0,ibadan,2020-06-25
3081,employee_3081,engineering,181012,22,3,katsina,2020-12-23
3082,employee_3082,HR,344566,45,4,kano,2021-05-27
3083,employee_3083,engineering,218757,60,3,kwara,2020-01-22
3084,employee_3084,engineering,294810,56,3,abuja,2021-03-15
3085,employee_3085,marketing,50352,24,4,akure,2020-09-08
3086,employee_3086,finance,294501,41,2,lagos,2021-03-25
3087,employee_3087,finance,325195,27,2,ibadan,2020-11-09
3088,employee_3088,HR,187445,38,3,abia,2020-06-21
3089,employee_3089,sales,259115,32,3,imo,2020-08-09
3090,employee_3090,marketing,230258,27,4,abia,2021-06-18
3091,employee_3091,engineering,169665,55,1,katsina,2020-10-13
3092,employee_3092,support,209514,26,2,akure,2020-07-03
3093,employee_3093,marketing,133462,50,3,enugu,2021-04-09
3094,employee_3094,engineering,149726,44,4,osun,2021-02-25
3095,employee_3095,engineering,255667,22,0,abuja,2020-07-28
3096,employee_3096,engineering,111109,36,5,ogun,2021-05-19
3097,employee_3097,marketing,283245,25,4,enugu,2021-04-17
3098,employee_3098,support,324976,58,1,osun,2020-09-04
3099,employee_3099,engineering,80153,49,3,kano,2020-11-23
3100,employee_3100,marketing,206656,24,0,osun,2020-01-06
3101,employee_3101,sales,148030,42,0,osun,2020-10-05
3102,employee_3102,sales,251422,46,0,akure,2020-01-02
3103,employee_3103,sales,321004,57,0,imo,2020-07-05
3104,employee_3104,finance,243793,31,4,kwara,2021-04-11
3105,employee_3105,HR,291207,56,2,lagos,2021-03-28
3106,employee_3106,support,55796,37,0,osun,2020-01-28
3107,employee_3107,HR,190632,28,3,ogun,2020-04-16
3108,employee_3108,sales,284770,29,1,enugu,2021-03-26
3109,employee_3109,HR,66866,57,0,akure,2020-08-17
3110,employee_3110,HR,79392,28,5,osun,2020-06-13
3111,employee_3111,finance,115177,54,3,ibadan,2021-04-03
3112,employee_3112,engineering,185462,54,2,abia,2020-11-21
3113,employee_3113,engineering,139428,34,0,katsina,2021-04-05
3114,employee_3114,support,204010,38,3,abuja,2020-12-18
3115,employee_3115,sales,237781,24,1,enugu,2020-04-11
3116,employee_3116,finance,66261,21,3,ibadan,2021-06-11
3117,employee_3117,HR,317724,30,3,kwara,2020-05-28
3118,employee_3118,engineering,92930,30,0,kano,2020-04-20
3119,employee_3119,finance,125120,46,1,lagos,2021-05-10
3120,employee_3120,support,273105,51,4,akure,2021-05-19
3121,employee_3121,finance,292456,27,5,imo,2021-06-01
3122,employee_3122,sales,285145,30,2,lagos,2020-01-28
3123,employee_3123,sales,294445,36,3,akure,2021-06-11
3124,employee_3124,sales,186822,58,5,kano,2020-08-03
3125,employee_3125,engineering,231741,27,0,lagos,2020-03-21
3126,employee_3126,sales,318731,33,0,katsina,2020-12-03
3127,employee_3127,sales,87189,60,0,osun,2020-07-20
3128,employee_3128,support,264879,48,5,abuja,2021-05-10
3129,employee_3129,sales,239005,53,4,abuja,2021-06-22
3130,employee_3130,marketing,175800,50,3,lagos,2021-03-07
3131,employee_3131,engineering,286280,25,1,akure,2020-12-15
3132,employee_3132,support,79005,49,2,kwara,2020-09-28
3133,employee_3133,marketing,152614,60,0,imo,2021-05-05
3134,employee_3134,marketing,133658,47,2,lagos,2020-07-20
3135,employee_3135,finance,193235,40,1,ibadan,2020-03-03
3136,employee_3136,HR,321303,54,2,abia,2020-11-16
3137,employee_3137,marketing,94513,24,4,enugu,2021-04-08
3138,employee_3138,engineering,306121,41,3,kogi,2020-09-09
3139,employee_3139,finance,306820,58,0,katsina,2021-06-03
3140,employee_3140,engineering,332573,48,4,katsina,2020-06-14
3141,employee_3141,engineering,55001,50,5,katsina,2021-02-06
3142,employee_3142,finance,201973,35,3,lagos,2020-04-18
3143,employee_3143,engineering,119305,46,4,osun,2020-07-02
3144,employee_3144,marketing,290661,29,1,ibadan,2021-03-31
3145,employee_3145,sales,97232,60,5,katsina,2020-11-13
3146,employee_3146,marketing,309227,51,5,ogun,2021-01-25
3147,employee_3147,engineering,100676,35,0,lagos,2021-03-14
3148,employee_3148,HR,186875,44,1,abuja,2020-05-06
3149,employee_3149,finance,308182,27,4,kano,2021-02-03
3150,employee_3150,finance,120492,32,3,abuja,2020-01-10
3151,employee_3151,sales,327932,37,3,kogi,2021-03-22
3152,employee_3152,finance,268867,44,4,ibadan,2020-02-03
3153,employee_3153,finance,146269,58,0,ogun,2020-03-04
3154,employee_3154,HR,282012,38,4,enugu,2020-07-17
3155,employee_3155,sales,206971,44,3,enugu,2020-03-16
3156,employee_3156,HR,91260,31,2,osun,2021-04-01
3157,employee_3157,sales,207719,25,2,akure,2021-04-30
3158,employee_3158,support,121395,28,5,katsina,2020-03-07
3159,employee_3159,support,93525,36,4,kogi,2021-06-22
3160,employee_3160,HR,75087,31,4,kano,2021-04-07
3161,employee_3161,sales,304667,32,1,imo,2020-01-17
3162,employee_3162,sales,94169,25,1,akure,2020-01-29
3163,employee_3163,support,169280,33,3,kogi,2021-06-15
3164,employee_3164,marketing,200667,59,2,osun,2020-05-24
3165,employee_3165,sales,343881,34,3,enugu,2021-05-07
3166,employee_3166,finance,205385,52,1,kano,2020-10-23
3167,employee_3167,finance,286741,28,4,akure,2021-01-09
3168,employee_3168,finance,346555,48,4,ibadan,2021-05-02
3169,employee_3169,HR,289398,46,0,ibadan,2020-03-11
3170,employee_3170,support,141254,55,0,enugu,2021-05-26
3171,employee_3171,engineering,304826,26,3,osun,2020-10-20
3172,employee_3172,finance,212515,32,5,kwara,2020-07-11
3173,employee_3173,marketing,248452,34,1,ibadan,2021-05-19
3174,employee_3174,engineering,55821,40,1,osun,2021-01-15
3175,employee_3175,finance,192150,51,0,kano,2020-02-20
3176,employee_3176,engineering,281206,35,0,kogi,2020-02-13
3177,employee_3177,marketing,72915,45,4,kano,2020-10-03
3178,employee_3178,HR,178575,60,5,osun,2021-04-30
3179,employee_3179,support,279561,46,5,enugu,2020-11-23
3180,employee_3180,HR,116670,60,4,osun,2020-08-15
3181,employee_3181,marketing,103023,56,3,abia,2020-12-14
3182,employee_3182,marketing,76866,44,4,kwara,2020-11-03
3183,employee_3183,engineering,212439,53,1,ibadan,2021-03-03
3184,employee_3184,finance,110443,25,4,kwara,2020-01-05
3185,employee_3185,HR,191351,46,3,lagos,2020-01-19
3186,employee_3186,sales,106136,48,4,katsina,2020-09-28
3187,employee_3187,sales,175061,53,0,lagos,2021-02-09
3188,employee_3188,HR,311234,21,5,enugu,2020-06-21
3189,employee_3189,engineering,344684,44,0,kwara,2020-05-10
3190,employee_3190,HR,256203,25,3,katsina,2020-11-10
3191,employee_3191,engineering,230185,39,3,ibadan,2021-06-03
3192,employee_3192,finance,60633,28,3,akure,2020-06-23
3193,employee_3193,finance,82101,21,0,enugu,2021-01-09
3194,employee_3194,finance,62885,39,4,ogun,2020-08-31
3195,employee_3195,finance,285874,56,0,ibadan,2020-04-05
3196,employee_3196,HR,297357,52,0,abuja,2021-01-04
3197,employee_3197,HR,151483,54,3,osun,2020-05-18
3198,employee_3198,support,332502,36,4,kano,2020-05-07
3199,employee_3199,HR,176251,53,5,abuja,2020-03-23
3200,employee_3200,support,340109,52,2,ogun,2020-02-16
3201,employee_3201,engineering,309911,37,1,imo,2020-05-26
3202,employee_3202,sales,136262,55,5,ogun,2020-09-15
3203,employee_3203,HR,137649,35,5,enugu,2021-01-28
3204,employee_3204,engineering,161648,41,3,enugu,2020-05-21
3205,employee_3205,marketing,196402,38,1,ibadan,2021-05-07
3206,employee_3206,HR,122565,31,3,ibadan,2021-05-05
3207,employee_3207,HR,312947,36,5,katsina,2020-08-12
3208,employee_3208,finance,173761,31,5,kogi,2020-02-15
3209,employee_3209,support,163690,32,1,kano,2021-04-01
3210,employee_3210,finance,246854,27,3,ogun,2020-12-28
3211,employee_3211,marketing,162257,40,5,ibadan,2020-03-14
3212,employee_3212,sales,164801,22,4,imo,2021-06-03
3213,employee_3213,support,93897,53,0,abia,2020-05-26
3214,employee_3214,finance,124588,38,0,imo,2020-06-23
3215,employee_3215,marketing,279283,35,2,imo,2021-05-19
3216,employee_3216,finance,134382,29,4,abia,2021-06-04
3217,employee_3217,HR,128094,22,4,katsina,2021-05-16
3218,employee_3218,finance,336903,23,0,imo,2020-06-29
3219,employee_3219,marketing,170851,47,3,enugu,2021-01-11
3220,employee_3220,engineering,194488,43,2,ibadan,2020-11-15
3221,employee_3221,finance,193323,40,1,imo,2021-04-19
3222,employee_3222,HR,306511,30,3,kwara,2020-07-11
3223,employee_3223,HR,171181,34,2,kwara,2020-08-06
3224,employee_3224,HR,304376,43,2,abia,2021-04-03
3225,employee_3225,support,164758,52,4,akure,2020-04-04
3226,employee_3226,HR,152706,25,0,kogi,2020-12-03
3227,employee_3227,HR,109694,30,3,ibadan,2020-12-20
3228,employee_3228,sales,248279,49,2,enugu,2020-02-05
3229,employee_3229,finance,300445,27,3,abuja,2021-01-05
3230,employee_3230,marketing,95535,55,1,katsina,2020-08-19
3231,employee_3231,HR,241918,46,1,imo,2021-01-15
3232,employee_3232,finance,58972,28,1,akure,2020-11-08
3233,employee_3233,engineering,78853,36,5,ibadan,2020-03-26
3234,employee_3234,engineering,172166,49,1,ogun,2020-05-22
3235,employee_3235,engineering,117148,29,0,abuja,2021-04-11
3236,employee_3236,HR,333151,32,1,ogun,2021-03-16
3237,employee_3237,engineering,258042,55,3,ogun,2021-02-27
3238,employee_3238,sales,170776,21,3,lagos,2021-02-27
3239,employee_3239,finance,335179,55,3,imo,2020-08-21
3240,employee_3240,marketing,317186,49,2,kogi,2020-04-10
3241,employee_3241,marketing,138633,60,4,imo,2020-12-05
3242,employee_3242,marketing,92409,26,0,kano,2021-06-22
3243,employee_3243,finance,158837,54,1,akure,2020-01-15
3244,employee_3244,marketing,178356,30,3,akure,2020-07-13
3245,employee_3245,HR,253718,59,2,kwara,2021-02-09
3246,employee_3246,HR,115811,24,5,abuja,2020-09-05
3247,employee_3247,support,56855,46,2,imo,2020-07-20
3248,employee_3248,HR,140002,36,4,abia,2021-02-05
3249,employee_3249,marketing,87109,27,5,kwara,2021-01-21
3250,employee_3250,sales,212060,28,0,akure,2020-04-05
3251,employee_3251,support,252032,39,5,imo,2020-09-15
3252,employee_3252,sales,224706,59,1,katsina,2021-03-01
3253,employee_3253,finance,297674,56,1,kogi,2020-01-20
3254,employee_3254,engineering,326323,21,0,ibadan,2021-04-11
3255,employee_3255,engineering,154390,32,1,kogi,2020-02-11
3256,employee_3256,support,56721,54,4,imo,2020-11-09
3257,employee_3257,support,149492,57,0,katsina,2020-09-30
3258,employee_3258,marketing,290918,36,0,lagos,2021-01-08
3259,employee_3259,HR,344744,54,4,ogun,2020-08-14
3260,employee_3260,engineering,134399,60,5,lagos,2020-11-14
3261,employee_3261,support,192811,31,4,kano,2020-08-31
3262,employee_3262,support,270686,28,3,lagos,2020-03-28
3263,employee_3263,engineering,307969,30,5,kwara,2020-07-30
3264,employee_3264,support,328731,31,0,kano,2020-04-06
3265,employee_3265,engineering,101050,44,0,lagos,2021-02-28
3266,employee_3266,engineering,306979,53,2,osun,2021-05-08
3267,employee_3267,support,63705,39,5,ogun,2020-06-07
3268,employee_3268,support,67605,58,3,ogun,2021-04-13
3269,employee_3269,support,262532,48,5,katsina,2020-04-15
3270,employee_3270,engineering,76444,59,2,akure,2020-07-24
3271,employee_3271,engineering,195989,29,1,katsina,2021-01-27
3272,employee_3272,finance,174983,31,3,abuja,2020-09-21
3273,employee_3273,sales,143662,43,0,enugu,2021-01-22
3274,employee_3274,HR,152785,35,1,imo,2021-04-14
3275,employee_3275,finance,70724,58,5,ibadan,2020-11-12
3276,employee_3276,finance,319794,35,0,enugu,2020-10-20
3277,employee_3277,support,162270,47,0,imo,2020-03-16
3278,employee_3278,sales,92841,48,5,kwara,2021-04-30
3279,employee_3279,support,251048,35,5,lagos,2021-05-11
3280,employee_3280,HR,293871,31,1,ogun,2020-11-19
3281,employee_3281,sales,245131,55,2,kwara,2020-09-03
3282,employee_3282,sales,159335,59,0,enugu,2020-02-03
3283,employee_3283,engineering,161006,53,4,kwara,2020-04-14
3284,employee_3284,engineering,125285,57,2,enugu,2021-06-16
3285,employee_3285,HR,140861,34,1,ogun,2020-12-10
3286,employee_3286,marketing,275115,29,1,ibadan,2020-05-25
3287,employee_3287,support,118812,35,2,imo,2020-05-14
3288,employee_3288,HR,269041,40,0,lagos,2020-05-04
3289,employee_3289,finance,194010,30,1,lagos,2021-01-06
3290,employee_3290,sales,254726,42,3,enugu,2021-03-07
3291,employee_3291,engineering,261726,27,5,ogun,2020-06-03
3292,employee_3292,finance,115151,52,2,katsina,2020-11-05
3293,employee_3293,HR,115388,22,4,ibadan,2020-08-28
3294,employee_3294,marketing,331299,53,4,katsina,2020-01-28
3295,employee_3295,HR,102573,48,4,kogi,2020-09-24
3296,employee_3296,sales,276461,54,0,imo,2020-06-02
3297,employee_3297,sales,340873,51,2,abia,2020-12-19
3298,employee_3298,engineering,103861,49,3,ogun,2021-03-13
3299,employee_3299,engineering,127263,38,3,imo,2021-01-19
3300,employee_3300,support,339245,41,5,osun,2021-04-12
3301,employee_3301,sales,273224,40,3,osun,2020-06-10
3302,employee_3302,sales,242730,59,5,ogun,2020-02-11
3303,employee_3303,HR,338430,31,3,enugu,2020-10-31
3304,employee_3304,sales,195626,55,1,akure,2020-10-24
3305,employee_3305,finance,295268,45,1,ibadan,2020-10-28
3306,employee_3306,sales,342811,31,0,lagos,2020-04-21
3307,employee_3307,HR,307092,45,4,katsina,2021-01-05
3308,employee_3308,HR,323801,25,1,enugu,2020-05-12
3309,employee_3309,support,188395,32,0,ibadan,2021-03-05
3310,employee_3310,support,242248,35,2,kano,2020-03-09
3311,employee_3311,support,308213,24,2,imo,2021-05-01
3312,employee_3312,HR,248169,52,3,osun,2020-07-16
3313,employee_3313,engineering,74893,30,5,abia,2020-02-20
3314,employee_3314,HR,70189,38,1,katsina,2020-02-19
3315,employee_3315,sales,293077,57,0,abia,2020-01-29
3316,employee_3316,support,98269,29,0,akure,2020-07-18
3317,employee_3317,HR,179041,53,4,ibadan,2020-03-04
3318,employee_3318,marketing,227647,44,2,lagos,2021-03-15
3319,employee_3319,HR,304558,28,4,abuja,2020-02-22
3320,employee_3320,sales,154791,25,4,kwara,2021-01-10
3321,employee_3321,finance,194547,55,0,kogi,2021-02-02
3322,employee_3322,sales,249953,38,5,kogi,2020-05-23
3323,employee_3323,support,67276,47,2,abuja,2021-02-12
3324,employee_3324,finance,94765,29,3,akure,2020-09-13
3325,employee_3325,sales,153249,51,0,ibadan,2020-06-17
3326,employee_3326,support,83888,40,0,akure,2020-05-27
3327,employee_3327,HR,340938,49,3,imo,2021-05-19
3328,employee_3328,engineering,64088,21,4,kwara,2020-12-15
3329,employee_3329,finance,231344,24,3,ogun,2020-07-29
3330,employee_3330,finance,298939,46,1,ogun,2020-07-30
3331,employee_3331,marketing,111416,32,1,akure,2020-10-31
3332,employee_3332,support,151500,34,3,lagos,2021-02-06
3333,employee_3333,HR,52992,34,3,kogi,2020-02-27
3334,employee_3334,HR,70456,52,0,enugu,2020-09-09
3335,employee_3335,sales,174422,46,3,kwara,2020-02-14
3336,employee_3336,HR,97484,48,4,ogun,2021-03-28
3337,employee_3337,sales,58515,49,5,osun,2020-01-15
3338,employee_3338,finance,251577,48,0,lagos,2020-12-10
3339,employee_3339,finance,173975,25,4,osun,2020-10-12
3340,employee_3340,marketing,148651,38,2,osun,2020-03-10
3341,employee_3341,support,253823,26,2,osun,2020-02-14
3342,employee_3342,HR,343298,49,4,abia,2020-06-04
3343,employee_3343,sales,140625,29,2,akure,2020-12-07
3344,employee_3344,sales,209721,27,4,ibadan,2020-12-19
3345,employee_3345,support,72790,54,5,osun,2020-02-09
3346,employee_3346,sales,251240,22,1,kogi,2020-08-26
3347,employee_3347,finance,56922,58,5,abuja,2021-01-24
3348,employee_3348,engineering,268125,57,1,abuja,2020-09-08
3349,employee_3349,HR,180242,45,1,ibadan,2020-11-26
3350,employee_3350,HR,330017,22,2,ogun,2020-08-12
3351,employee_3351,HR,143276,45,2,ibadan,2020-09-30
3352,employee_3352,finance,317752,27,3,ibadan,2020-10-06
3353,employee_3353,sales,100297,42,1,ogun,2021-05-31
3354,employee_3354,sales,339184,28,2,osun,2020-04-21
3355,employee_3355,finance,266364,50,2,ogun,2020-01-19
3356,employee_3356,support,305181,58,2,osun,2020-04-07
3357,employee_3357,sales,65302,48,0,ogun,2020-04-11
3358,employee_3358,HR,230350,49,0,kogi,2020-02-01
3359,employee_3359,HR,328385,31,1,ibadan,2021-03-24
3360,employee_3360,engineering,213618,51,0,kogi,2021-05-14
3361,employee_3361,finance,255812,42,0,imo,2020-01-19
3362,employee_3362,support,59902,32,0,ogun,2021-04-06
3363,employee_3363,marketing,283704,47,2,imo,2021-03-31
3364,employee_3364,engineering,212676,56,3,ogun,2020-01-30
3365,employee_3365,engineering,261556,42,3,abuja,2020-05-25
3366,employee_3366,finance,278809,47,1,akure,2021-02-26
3367,employee_3367,marketing,231833,25,1,akure,2020-03-09
3368,employee_3368,sales,121032,53,5,ogun,2020-01-31
3369,employee_3369,HR,250275,27,2,kano,2020-06-04
3370,employee_3370,marketing,203302,52,2,kogi,2021-05-13
3371,employee_3371,marketing,230260,28,1,kogi,2021-06-24
3372,employee_3372,engineering,193710,55,0,ogun,2020-10-08
3373,employee_3373,finance,247218,35,2,ogun,2020-02-09
3374,employee_3374,engineering,120277,49,1,osun,2020-04-05
3375,employee_3375,sales,103371,38,0,abuja,2020-05-17
3376,employee_3376,engineering,144663,60,0,akure,2021-06-18
3377,employee_3377,marketing,313903,39,0,osun,2020-07-19
3378,employee_3378,sales,138290,45,5,imo,2020-08-03
3379,employee_3379,engineering,166180,40,4,ibadan,2021-03-10
3380,employee_3380,engineering,294392,53,0,abia,2021-06-07
3381,employee_3381,HR,227001,29,0,osun,2020-08-29
3382,employee_3382,marketing,229596,31,1,kano,2020-08-11
3383,employee_3383,engineering,84346,40,1,katsina,2020-03-22
3384,employee_3384,engineering,240046,40,3,osun,2021-04-07
3385,employee_3385,support,54476,37,4,abia,2021-06-06
3386,employee_3386,support,169361,26,5,kano,2020-01-18
3387,employee_3387,sales,68681,41,1,osun,2020-12-16
3388,employee_3388,finance,178186,31,4,ibadan,2020-12-21
3389,employee_3389,support,90129,29,4,ogun,2020-08-02
3390,employee_3390,marketing,290175,54,4,ibadan,2020-07-25
3391,employee_3391,engineering,51759,49,2,osun,2020-03-23
3392,employee_3392,finance,326561,49,3,ibadan,2020-07-01
3393,employee_3393,sales,163717,21,0,osun,2020-06-19
3394,employee_3394,engineering,103147,55,4,enugu,2020-03-03
3395,employee_3395,sales,335275,33,1,imo,2020-05-31
3396,employee_3396,finance,79311,26,0,kogi,2020-06-25
3397,employee_3397,marketing,60689,26,3,kwara,2020-02-05
3398,employee_3398,sales,176828,31,4,abuja,2021-04-19
3399,employee_3399,finance,66776,50,3,kano,2020-03-16
3400,employee_3400,marketing,341794,60,0,kogi,2021-03-05
3401,employee_3401,finance,79308,42,3,akure,2021-01-14
3402,employee_3402,HR,196570,22,0,imo,2020-06-02
3403,employee_3403,sales,308526,26,3,abuja,2021-04-10
3404,employee_3404,HR,289784,49,2,katsina,2020-12-04
3405,employee_3405,finance,160123,26,5,ogun,2021-03-14
3406,employee_3406,engineering,88570,55,3,osun,2021-06-13
3407,employee_3407,engineering,196281,32,5,abuja,2021-06-03
3408,employee_3408,finance,144506,57,1,lagos,2020-01-26
3409,employee_3409,finance,193923,59,1,kano,2020-09-29
3410,employee_3410,sales,339151,60,3,kogi,2020-04-14
3411,employee_3411,sales,265536,28,0,kwara,2021-01-16
3412,employee_3412,sales,69036,24,0,lagos,2020-06-09
3413,employee_3413,engineering,299144,35,3,kwara,2021-03-23
3414,employee_3414,sales,218616,43,5,imo,2021-04-29
3415,employee_3415,engineering,226142,42,3,kano,2020-02-13
3416,employee_3416,HR,189112,25,5,katsina,2021-03-04
3417,employee_3417,finance,87648,50,3,enugu,2020-08-23
3418,employee_3418,support,300333,30,3,kano,2020-12-18
3419,employee_3419,marketing,64899,46,1,akure,2020-08-12
3420,employee_3420,engineering,132020,28,5,akure,2020-03-17
3421,employee_3421,support,74384,22,4,osun,2020-04-20
3422,employee_3422,HR,326327,32,5,ibadan,2021-06-19
3423,employee_3423,sales,99265,34,5,abuja,2020-04-09
3424,employee_3424,engineering,149646,41,4,lagos,2021-04-10
3425,employee_3425,sales,94834,24,4,abuja,2020-06-19
3426,employee_3426,engineering,183043,42,5,osun,2020-08-23
3427,employee_3427,marketing,299425,59,2,osun,2021-01-20
3428,employee_3428,HR,323522,40,2,katsina,2020-11-29
3429,employee_3429,support,194494,46,4,abuja,2021-03-03
3430,employee_3430,sales,140699,33,5,ogun,2020-02-18
3431,employee_3431,engineering,149865,49,1,kogi,2020-07-20
3432,employee_3432,sales,230388,51,0,kwara,2020-03-12
3433,employee_3433,finance,83418,55,5,lagos,2021-04-11
3434,employee_3434,sales,333558,35,1,imo,2021-03-13
3435,employee_3435,marketing,147032,47,0,ibadan,2020-11-06
3436,employee_3436,sales,188552,43,2,enugu,2020-12-24
3437,employee_3437,HR,84889,24,0,kano,2021-02-24
3438,employee_3438,sales,342918,59,5,enugu,2020-11-13
3439,employee_3439,HR,298721,41,3,abuja,2020-10-06
3440,employee_3440,marketing,82908,32,2,akure,2020-05-14
3441,employee_3441,marketing,101226,46,2,katsina,2021-05-22
3442,employee_3442,marketing,181144,38,3,ibadan,2020-01-10
3443,employee_3443,engineering,224984,56,5,kogi,2021-03-03
3444,employee_3444,marketing,198136,57,1,enugu,2020-06-12
3445,employee_3445,finance,184280,42,1,kwara,2020-07-12
3446,employee_3446,support,128116,38,0,kano,2020-07-11
3447,employee_3447,engineering,323389,58,5,abuja,2020-05-19
3448,employee_3448,HR,197890,33,4,enugu,2020-04-17
3449,employee_3449,support,214081,23,0,lagos,2020-06-01
3450,employee_3450,support,179416,57,2,abuja,2020-11-12
3451,employee_3451,support,118382,58,0,lagos,2020-11-05
3452,employee_3452,engineering,113728,49,3,abia,2020-09-23
3453,employee_3453,marketing,101170,57,1,kwara,2020-07-26
3454,employee_3454,HR,205054,57,2,abuja,2020-04-24
3455,employee_3455,engineering,273729,49,0,ogun,2020-06-30
3456,employee_3456,finance,83507,25,3,osun,2020-08-16
3457,employee_3457,finance,289724,56,3,enugu,2021-02-28
3458,employee_3458,HR,297514,38,5,kogi,2021-03-27
3459,employee_3459,marketing,159562,21,5,enugu,2020-05-30
3460,employee_3460,engineering,304616,56,1,abuja,2020-05-19
3461,employee_3461,sales,64645,24,3,abia,2021-06-09
3462,employee_3462,support,182612,46,2,kano,2021-05-26
3463,employee_3463,HR,207832,44,5,enugu,2021-01-31
3464,employee_3464,HR,241512,53,5,enugu,2020-07-16
3465,employee_3465,engineering,95764,26,1,akure,2020-10-22
3466,employee_3466,support,144551,41,4,kogi,2021-04-26
3467,employee_3467,finance,217626,47,2,ibadan,2020-08-17
3468,employee_3468,engineering,157744,31,4,abuja,2021-01-17
3469,employee_3469,sales,90772,33,3,kwara,2020-07-09
3470,employee_3470,HR,173505,30,4,abia,2020-02-05
3471,employee_3471,support,202995,48,0,kwara,2020-10-26
3472,employee_3472,sales,281752,40,0,enugu,2020-05-16
3473,employee_3473,finance,327150,23,5,abuja,2021-06-10
3474,employee_3474,sales,303352,27,3,osun,2020-01-23
3475,employee_3475,marketing,183206,56,0,akure,2020-06-12
3476,employee_3476,sales,286801,27,0,akure,2020-06-15
3477,employee_3477,sales,218580,21,3,ogun,2020-07-28
3478,employee_3478,sales,93421,36,1,lagos,2020-11-07
3479,employee_3479,engineering,258532,36,1,kano,2020-07-17
3480,employee_3480,sales,140124,53,0,ogun,2021-04-12
3481,employee_3481,marketing,91718,27,0,katsina,2020-01-27
3482,employee_3482,sales,170064,47,3,abuja,2021-02-18
3483,employee_3483,sales,107503,58,3,osun,2021-03-17
3484,employee_3484,marketing,279809,54,0,kogi,2020-06-26
3485,employee_3485,sales,249055,52,0,imo,2020-10-04
3486,employee_3486,engineering,277310,55,1,kogi,2021-01-07
3487,employee_3487,marketing,308466,23,0,enugu,2020-08-08
3488,employee_3488,HR,108191,29,3,abuja,2020-05-23
3489,employee_3489,engineering,235764,28,4,imo,2021-03-30
3490,employee_3490,support,59982,59,3,imo,2020-06-06
3491,employee_3491,sales,164798,27,3,enugu,2020-07-27
3492,employee_3492,finance,347508,60,1,kwara,2020-09-22
3493,employee_3493,HR,276139,52,4,kogi,2020-04-04
3494,employee_3494,sales,312258,38,0,akure,2020-11-03
3495,employee_3495,marketing,232758,28,1,lagos,2021-02-21
3496,employee_3496,engineering,116402,45,4,enugu,2020-09-11
3497,employee_3497,sales,56622,27,2,ibadan,2021-05-29
3498,employee_3498,sales,303776,27,5,abia,2021-01-10
3499,employee_3499,marketing,115816,52,4,imo,2020-04-10
3500,employee_3500,support,126173,43,4,kwara,2020-08-27
3501,employee_3501,HR,345373,57,0,osun,2021-05-18
3502,employee_3502,support,162159,47,4,kogi,2020-09-29
3503,employee_3503,HR,111647,41,0,abuja,2020-05-16
3504,employee_3504,support,254910,25,0,osun,2020-03-08
3505,employee_3505,support,120793,54,5,kano,2021-05-05
3506,employee_3506,sales,215287,45,5,akure,2020-07-14
3507,employee_3507,marketing,347169,56,5,katsina,2021-05-17
3508,employee_3508,sales,294919,35,1,kogi,2020-11-10
3509,employee_3509,HR,278411,47,3,enugu,2020-08-04
3510,employee_3510,engineering,95601,37,1,katsina,2020-12-14
3511,employee_3511,support,121717,52,5,osun,2020-10-01
3512,employee_3512,HR,198181,23,3,abuja,2021-02-19
3513,employee_3513,HR,304417,46,3,ibadan,2021-05-07
3514,employee_3514,marketing,211262,54,3,lagos,2020-11-18
3515,employee_3515,sales,181564,28,1,abuja,2020-01-24
3516,employee_3516,sales,260674,46,0,abia,2020-06-06
3517,employee_3517,marketing,310052,30,4,ibadan,2020-12-07
3518,employee_3518,engineering,156063,43,3,lagos,2020-02-23
3519,employee_3519,engineering,186573,54,0,kogi,2020-03-14
3520,employee_3520,engineering,274977,42,4,abia,2021-01-08
3521,employee_3521,support,50665,34,5,kogi,2020-08-10
3522,employee_3522,support,127148,48,1,katsina,2021-05-01
3523,employee_3523,finance,61358,42,5,ogun,2020-10-27
3524,employee_3524,HR,130756,32,5,kogi,2020-01-11
3525,employee_3525,HR,302569,56,2,kogi,2020-07-05
3526,employee_3526,finance,79157,45,5,kwara,2020-07-28
3527,employee_3527,sales,226086,59,5,ibadan,2020-12-31
3528,employee_3528,marketing,303399,24,1,katsina,2020-01-19
3529,employee_3529,sales,84164,23,5,akure,2021-01-20
3530,employee_3530,finance,71754,22,3,enugu,2020-11-08
3531,employee_3531,engineering,245427,54,3,enugu,2020-11-21
3532,employee_3532,support,118736,39,5,lagos,2021-05-22
3533,employee_3533,support,193240,27,2,imo,2021-01-13
3534,employee_3534,engineering,287937,42,3,kogi,2020-09-21
3535,employee_3535,finance,247243,36,4,kano,2020-04-08
3536,employee_3536,finance,340943,28,4,kogi,2020-11-14
3537,employee_3537,HR,194426,24,2,imo,2020-07-19
3538,employee_3538,sales,241807,39,5,akure,2020-03-22
3539,employee_3539,marketing,89113,48,0,lagos,2020-06-30
3540,employee_3540,support,122349,30,3,ogun,2020-12-04
3541,employee_3541,support,271241,52,4,osun,2020-06-09
3542,employee_3542,sales,246834,29,2,katsina,2020-10-11
3543,employee_3543,support,100982,50,4,ogun,2020-03-07
3544,employee_3544,finance,324143,23,4,osun,2021-02-02
3545,employee_3545,finance,342791,45,0,ibadan,2021-02-21
3546,employee_3546,marketing,129706,28,5,abuja,2020-08-15
3547,employee_3547,support,249995,55,3,imo,2021-01-06
3548,employee_3548,sales,194317,26,1,kano,2021-06-04
3549,employee_3549,sales,274742,52,0,ogun,2020-09-13
3550,employee_3550,finance,211642,51,0,kwara,2021-01-31
3551,employee_3551,marketing,205489,25,1,osun,2020-02-23
3552,employee_3552,finance,69268,55,0,kwara,2021-02-21
3553,employee_3553,HR,322978,35,2,abia,2020-12-01
3554,employee_3554,support,302506,27,2,kano,2021-04-23
3555,employee_3555,engineering,164240,26,4,abuja,2020-07-06
3556,employee_3556,support,83481,30,2,imo,2020-12-09
3557,employee_3557,HR,225654,34,5,kano,2020-10-22
3558,employee_3558,engineering,136275,48,3,kogi,2020-07-01
3559,employee_3559,support,73749,48,4,akure,2021-02-05
3560,employee_3560,sales,72782,60,0,abia,2020-06-04
3561,employee_3561,marketing,337332,42,2,abuja,2020-03-12
3562,employee_3562,engineering,112398,29,0,abuja,2021-01-02
3563,employee_3563,engineering,131110,45,0,akure,2021-01-13
3564,employee_3564,finance,129314,50,5,enugu,2020-04-03
3565,employee_3565,support,193110,25,0,ibadan,2021-01-01
3566,employee_3566,HR,323386,55,3,kogi,2020-10-24
3567,employee_3567,support,276381,53,4,lagos,2020-01-26
3568,employee_3568,support,182243,60,5,akure,2020-06-08
3569,employee_3569,sales,64511,42,5,abuja,2021-05-28
3570,employee_3570,finance,203742,45,2,abuja,2020-07-25
3571,employee_3571,sales,126162,56,0,abuja,2020-05-10
3572,employee_3572,HR,159519,25,2,ibadan,2021-02-19
3573,employee_3573,HR,267748,48,4,lagos,2020-06-28
3574,employee_3574,marketing,216527,44,2,kwara,2020-12-17
3575,employee_3575,marketing,284477,42,1,kogi,2020-12-20
3576,employee_3576,sales,69938,24,2,kogi,2020-05-22
3577,employee_3577,marketing,201878,39,1,imo,2020-05-29
3578,employee_3578,marketing,67054,55,0,abia,2020-04-05
3579,employee_3579,sales,72748,59,3,kano,2020-09-09
3580,employee_3580,marketing,221194,48,0,katsina,2021-01-26
3581,employee_3581,engineering,220003,27,0,imo,2020-01-08
3582,employee_3582,HR,309877,37,5,ogun,2020-05-31
3583,employee_3583,engineering,128720,21,4,kogi,2021-06-08
3584,employee_3584,sales,69077,24,5,abia,2021-05-23
3585,employee_3585,sales,221918,49,0,akure,2021-01-05
3586,employee_3586,finance,252236,29,5,katsina,2020-10-17
3587,employee_3587,sales,268127,40,3,abia,2020-03-05
3588,employee_3588,support,197852,42,3,kwara,2021-01-18
3589,employee_3589,marketing,53604,58,2,abuja,2020-01-30
3590,employee_3590,marketing,214032,59,4,imo,2020-03-03
3591,employee_3591,finance,247184,22,1,kano,2021-02-03
3592,employee_3592,sales,120261,42,5,abuja,2020-02-26
3593,employee_3593,HR,100856,44,1,lagos,2021-06-05
3594,employee_3594,sales,67548,36,1,lagos,2020-06-15
3595,employee_3595,finance,265108,51,3,kogi,2021-03-06
3596,employee_3596,marketing,340955,49,5,lagos,2021-03-11
3597,employee_3597,finance,97066,24,4,lagos,2020-03-08
3598,employee_3598,engineering,296335,30,4,osun,2021-03-20
3599,employee_3599,sales,139708,32,2,imo,2021-06-23
3600,employee_3600,finance,234171,28,2,ogun,2021-04-03
3601,employee_3601,engineering,156246,37,1,ibadan,2020-04-04
3602,employee_3602,sales,90216,24,0,katsina,2020-12-16
3603,employee_3603,sales,71383,42,4,katsina,2020-08-12
3604,employee_3604,support,211511,58,2,katsina,2021-05-14
3605,employee_3605,finance,307259,44,0,kogi,2020-08-01
3606,employee_3606,sales,342818,42,1,osun,2020-07-07
3607,employee_3607,marketing,259180,34,3,osun,2020-08-26
3608,employee_3608,finance,91938,25,2,kano,2020-12-30
3609,employee_3609,sales,191043,27,5,kogi,2020-12-28
3610,employee_3610,engineering,276219,39,1,abia,2020-08-20
3611,employee_3611,engineering,231017,39,0,imo,2021-02-17
3612,employee_3612,marketing,273207,44,0,ibadan,2021-06-07
3613,employee_3613,HR,251947,56,1,enugu,2020-05-24
3614,employee_3614,finance,263064,36,4,katsina,2020-02-07
3615,employee_3615,engineering,127538,30,2,imo,2020-03-15
3616,employee_3616,engineering,298591,51,0,akure,2020-12-26
3617,employee_3617,support,150669,48,3,katsina,2020-04-25
3618,employee_3618,support,303502,39,1,imo,2020-03-08
3619,employee_3619,engineering,229395,29,0,imo,2020-06-11
3620,employee_3620,sales,174485,47,0,osun,2021-05-22
3621,employee_3621,engineering,296449,33,4,osun,2021-01-14
3622,employee_3622,finance,102514,35,0,lagos,2020-09-03
3623,employee_3623,support,348048,55,3,imo,2021-06-16
3624,employee_3624,sales,151969,42,4,ibadan,2020-04-12
3625,employee_3625,HR,168087,21,5,imo,2021-04-28
3626,employee_3626,finance,248612,49,2,akure,2020-09-12
3627,employee_3627,sales,306617,23,4,kogi,2020-09-16
3628,employee_3628,HR,121670,44,3,katsina,2021-06-04
3629,employee_3629,finance,85611,48,0,katsina,2020-04-22
3630,employee_3630,HR,83358,60,0,ibadan,2020-09-28
3631,employee_3631,HR,150577,55,0,ibadan,2020-12-05
3632,employee_3632,finance,79731,36,1,enugu,2020-10-05
3633,employee_3633,engineering,229627,37,3,ibadan,2020-07-06
3634,employee_3634,HR,240819,44,4,kano,2020-05-19
3635,employee_3635,sales,88797,60,1,ogun,2020-01-10
3636,employee_3636,sales,208667,38,0,ogun,2020-04-18
3637,employee_3637,finance,321609,45,1,osun,2021-05-13
3638,employee_3638,marketing,149167,29,5,kwara,2020-10-19
3639,employee_3639,finance,150893,54,0,imo,2020-06-18
3640,employee_3640,marketing,115438,48,3,imo,2020-02-28
3641,employee_3641,finance,56269,22,5,osun,2020-08-18
3642,employee_3642,support,271751,55,5,enugu,2020-02-12
3643,employee_3643,engineering,296452,30,0,akure,2020-03-29
3644,employee_3644,marketing,188536,50,2,ibadan,2020-02-12
3645,employee_3645,engineering,81677,41,2,ogun,2020-09-12
3646,employee_3646,support,97256,31,1,kano,2021-03-03
3647,employee_3647,finance,147397,35,1,enugu,2020-06-18
3648,employee_3648,finance,211571,43,0,katsina,2021-05-30
3649,employee_3649,marketing,159471,40,3,kogi,2020-10-13
3650,employee_3650,marketing,218102,32,5,katsina,2020-06-03
3651,employee_3651,finance,154456,51,3,ogun,2020-10-30
3652,employee_3652,HR,132660,47,3,abuja,2021-01-24
3653,employee_3653,finance,337519,37,1,imo,2020-12-18
3654,employee_3654,engineering,200298,43,2,abia,2021-02-18
3655,employee_3655,HR,254360,23,2,akure,2020-08-22
3656,employee_3656,marketing,240451,43,2,kwara,2021-05-27
3657,employee_3657,finance,349652,58,0,abia,2020-03-04
3658,employee_3658,HR,190401,51,3,ogun,2020-09-15
3659,employee_3659,finance,233198,56,2,katsina,2020-04-17
3660,employee_3660,engineering,86844,35,0,imo,2020-07-31
3661,employee_3661,HR,92982,32,0,imo,2021-03-13
3662,employee_3662,engineering,287208,47,1,akure,2020-04-03
3663,employee_3663,marketing,288860,34,5,abuja,2020-01-31
3664,employee_3664,HR,321221,36,1,abuja,2020-05-26
3665,employee_3665,sales,220840,30,5,kwara,2020-04-07
3666,employee_3666,engineering,78960,49,2,imo,2021-05-05
3667,employee_3667,engineering,55012,43,2,kwara,2020-10-25
3668,employee_3668,engineering,193640,36,4,lagos,2020-02-28
3669,employee_3669,marketing,249508,47,3,akure,2021-06-15
3670,employee_3670,support,90510,41,1,osun,2020-09-11
3671,employee_3671,sales,131608,30,1,imo,2020-09-03
3672,employee_3672,marketing,160535,45,2,imo,2021-03-15
3673,employee_3673,marketing,233236,38,4,ogun,2020-11-14
3674,employee_3674,sales,238583,57,1,lagos,2021-01-06
3675,employee_3675,finance,324207,56,4,akure,2020-02-22
3676,employee_3676,sales,161341,30,2,enugu,2020-03-30
3677,employee_3677,sales,146851,60,5,lagos,2021-05-07
3678,employee_3678,sales,136838,47,4,kano,2021-01-08
3679,employee_3679,HR,160106,29,0,osun,2021-02-18
3680,employee_3680,sales,126734,49,1,akure,2020-02-04
3681,employee_3681,sales,55911,25,1,imo,2020-02-08
3682,employee_3682,engineering,338260,39,0,enugu,2021-01-09
3683,employee_3683,marketing,318323,31,1,kano,2021-05-05
3684,employee_3684,HR,213781,53,2,osun,2020-08-17
3685,employee_3685,engineering,309496,53,2,kwara,2021-04-27
3686,employee_3686,marketing,303470,34,2,lagos,2020-12-25
3687,employee_3687,HR,333160,46,3,abia,2021-02-17
3688,employee_3688,sales,288876,21,5,katsina,2021-05-07
3689,employee_3689,support,149516,49,4,kogi,2021-05-01
3690,employee_3690,HR,341218,23,1,kogi,2021-03-29
3691,employee_3691,engineering,181521,46,5,akure,2020-02-03
3692,employee_3692,engineering,147675,33,2,enugu,2021-06-22
3693,employee_3693,HR,141413,33,5,osun,2020-10-05
3694,employee_3694,marketing,291679,23,4,katsina,2020-11-09
3695,employee_3695,engineering,277916,30,3,kano,2021-01-12
3696,employee_3696,support,171410,46,2,ibadan,2020-03-15
3697,employee_3697,finance,332483,51,3,enugu,2020-10-27
3698,employee_3698,finance,348885,57,2,abuja,2021-05-28
3699,employee_3699,marketing,169237,45,4,imo,2020-01-06
3700,employee_3700,marketing,325699,54,5,abia,2020-03-04
3701,employee_3701,marketing,151206,31,0,enugu,2021-02-03
3702,employee_3702,finance,203290,54,0,enugu,2020-12-29
3703,employee_3703,finance,117937,42,5,katsina,2020-03-08
3704,employee_3704,support,145671,43,2,kano,2020-11-24
3705,employee_3705,engineering,64441,33,0,kwara,2021-04-22
3706,employee_3706,HR,299351,47,0,ogun,2020-06-27
3707,employee_3707,sales,321768,51,0,katsina,2020-09-12
3708,employee_3708,HR,109581,42,4,imo,2020-08-02
3709,employee_3709,support,261905,34,0,katsina,2020-05-08
3710,employee_3710,marketing,230813,54,5,kogi,2021-04-21
3711,employee_3711,finance,167359,45,0,ibadan,2021-05-30
3712,employee_3712,support,328336,54,1,katsina,2021-02-05
3713,employee_3713,HR,337604,28,3,abia,2020-11-20
3714,employee_3714,engineering,277203,23,5,osun,2020-10-27
3715,employee_3715,support,293649,25,4,imo,2021-06-07
3716,employee_3716,marketing,56676,45,5,osun,2020-12-19
3717,employee_3717,engineering,171859,26,4,abuja,2020-10-09
3718,employee_3718,HR,346186,47,3,katsina,2020-01-16
3719,employee_3719,sales,182588,46,4,abia,2021-02-02
3720,employee_3720,support,157123,55,3,ibadan,2021-02-02
3721,employee_3721,engineering,81883,50,4,abia,2020-04-11
3722,employee_3722,HR,286700,50,4,ibadan,2020-05-05
3723,employee_3723,sales,272591,41,2,kwara,2021-06-05
3724,employee_3724,HR,165456,59,0,kogi,2020-05-28
3725,employee_3725,sales,68024,39,4,abuja,2020-10-18
3726,employee_3726,support,112369,54,2,kogi,2020-05-10
3727,employee_3727,HR,174196,34,4,ogun,2020-08-30
3728,employee_3728,engineering,260436,52,1,osun,2020-02-18
3729,employee_3729,engineering,173015,49,1,ogun,2020-11-10
3730,employee_3730,support,307598,24,5,ogun,2020-09-17
3731,employee_3731,engineering,237574,26,1,lagos,2021-05-15
3732,employee_3732,finance,221547,44,1,osun,2020-02-05
3733,employee_3733,support,54211,33,2,osun,2020-06-22
3734,employee_3734,support,60562,44,3,ogun,2020-02-04
3735,employee_3735,marketing,152977,58,5,kano,2020-06-07
3736,employee_3736,sales,176940,21,1,lagos,2021-05-23
3737,employee_3737,marketing,172724,52,0,ogun,2021-02-23
3738,employee_3738,finance,127366,59,2,imo,2021-02-16
3739,employee_3739,engineering,126811,43,5,imo,2021-05-15
3740,employee_3740,marketing,330719,28,5,kano,2020-07-12
3741,employee_3741,HR,111536,47,0,katsina,2020-02-22
3742,employee_3742,marketing,146988,44,3,katsina,2020-03-22
3743,employee_3743,engineering,203043,22,1,abia,2020-04-06
3744,employee_3744,finance,160020,24,4,imo,2020-01-16
3745,employee_3745,finance,78997,31,3,kogi,2020-03-14
3746,employee_3746,sales,306283,55,0,kano,2021-06-09
3747,employee_3747,marketing,181014,36,1,katsina,2020-10-09
3748,employee_3748,finance,184518,29,5,kano,2020-07-29
3749,employee_3749,support,94711,51,5,enugu,2021-06-13
3750,employee_3750,engineering,253579,32,0,abia,2020-10-07
3751,employee_3751,HR,299100,47,2,ogun,2021-03-18
3752,employee_3752,finance,279627,22,3,kogi,2020-06-03
3753,employee_3753,engineering,183426,28,3,katsina,2020-11-16
3754,employee_3754,engineering,122959,25,2,kano,2020-03-25
3755,employee_3755,engineering,247788,28,0,ibadan,2020-03-11
3756,employee_3756,engineering,254329,39,2,akure,2021-05-30
3757,employee_3757,HR,53427,22,5,osun,2020-09-17
3758,employee_3758,engineering,116634,38,2,akure,2020-05-07
3759,employee_3759,sales,100763,59,2,kogi,2020-12-06
3760,employee_3760,HR,293651,21,4,kano,2020-08-11
3761,employee_3761,support,318218,51,4,imo,2021-06-14
3762,employee_3762,HR,145966,35,1,imo,2020-09-06
3763,employee_3763,support,249518,49,3,lagos,2021-01-14
3764,employee_3764,HR,206317,30,2,abia,2020-03-08
3765,employee_3765,sales,81462,28,1,imo,2020-11-20
3766,employee_3766,marketing,329722,26,5,kano,2020-05-03
3767,employee_3767,finance,246159,43,1,ibadan,2020-09-12
3768,employee_3768,engineering,314825,51,0,katsina,2020-01-14
3769,employee_3769,engineering,261943,26,4,kwara,2020-01-28
3770,employee_3770,finance,86059,27,5,kano,2020-03-08
3771,employee_3771,support,118423,45,0,lagos,2020-01-05
3772,employee_3772,sales,112068,24,5,imo,2020-05-20
3773,employee_3773,support,349642,45,3,ibadan,2021-03-04
3774,employee_3774,support,296232,49,4,lagos,2020-07-17
3775,employee_3775,finance,349567,33,0,kogi,2020-08-26
3776,employee_3776,support,162794,40,4,katsina,2021-01-10
3777,employee_3777,finance,281576,40,4,lagos,2020-12-15
3778,employee_3778,sales,207157,52,0,enugu,2021-03-29
3779,employee_3779,engineering,217650,42,3,ibadan,2021-06-18
3780,employee_3780,marketing,247292,37,1,kano,2020-06-03
3781,employee_3781,support,187255,46,4,kogi,2020-08-26
3782,employee_3782,engineering,330052,27,2,kwara,2021-03-06
3783,employee_3783,engineering,153199,31,3,katsina,2020-09-14
3784,employee_3784,HR,77276,59,1,kogi,2020-06-10
3785,employee_3785,engineering,198268,53,1,ibadan,2020-01-21
3786,employee_3786,engineering,232097,30,0,enugu,2020-07-31
3787,employee_3787,marketing,107834,24,0,ogun,2021-06-18
3788,employee_3788,marketing,283145,36,5,katsina,2020-07-06
3789,employee_3789,finance,300212,27,2,ogun,2020-06-15
3790,employee_3790,finance,342062,58,4,osun,2021-02-12
3791,employee_3791,sales,172667,60,0,katsina,2020-04-15
3792,employee_3792,sales,348300,49,1,kwara,2020-04-14
3793,employee_3793,marketing,317422,44,5,kwara,2020-09-13
3794,employee_3794,engineering,289620,36,2,katsina,2020-03-25
3795,employee_3795,marketing,60706,56,2,ogun,2021-04-03
3796,employee_3796,support,161244,38,3,osun,2021-06-12
3797,employee_3797,support,278252,50,2,ogun,2021-04-30
3798,employee_3798,engineering,98803,42,5,abia,2020-10-20
3799,employee_3799,HR,119841,52,0,osun,2021-01-11
3800,employee_3800,finance,299362,50,5,imo,2020-06-09
3801,employee_3801,engineering,74598,41,5,katsina,2021-02-28
3802,employee_3802,marketing,325136,59,0,kwara,2021-03-18
3803,employee_3803,finance,165708,41,5,imo,2020-09-08
3804,employee_3804,marketing,142399,23,0,kwara,2021-04-25
3805,employee_3805,sales,266571,49,5,abuja,2020-06-16
3806,employee_3806,marketing,190960,37,5,abuja,2020-03-12
3807,employee_3807,finance,165718,21,4,abuja,2020-06-02
3808,employee_3808,support,308823,24,3,katsina,2021-01-29
3809,employee_3809,sales,143650,24,3,ogun,2020-06-03
3810,employee_3810,sales,115537,37,2,enugu,2020-01-13
3811,employee_3811,marketing,274883,51,2,akure,2020-01-14
3812,employee_3812,sales,83964,48,1,katsina,2020-06-07
3813,employee_3813,finance,119775,48,5,akure,2021-01-08
3814,employee_3814,finance,282843,42,3,kogi,2021-06-10
3815,employee_3815,engineering,108136,31,0,lagos,2021-01-01
3816,employee_3816,sales,218107,41,2,katsina,2020-02-19
3817,employee_3817,support,182140,22,3,imo,2020-10-11
3818,employee_3818,HR,156934,54,3,kano,2021-04-05
3819,employee_3819,engineering,299251,44,4,abia,2020-08-07
3820,employee_3820,HR,234542,60,5,kano,2020-10-19
3821,employee_3821,HR,152219,56,2,ibadan,2020-05-12
3822,employee_3822,HR,128851,55,4,lagos,2020-04-09
3823,employee_3823,support,297194,25,0,kogi,2020-07-25
3824,employee_3824,sales,325301,25,5,imo,2020-05-05
3825,employee_3825,marketing,276059,54,4,imo,2020-09-05
3826,employee_3826,marketing,160598,58,5,abia,2020-12-17
3827,employee_3827,finance,150111,38,5,akure,2021-05-26
3828,employee_3828,support,90787,29,4,ibadan,2020-02-26
3829,employee_3829,HR,315950,37,0,akure,2021-04-20
3830,employee_3830,engineering,181943,60,5,abuja,2020-07-22
3831,employee_3831,engineering,336783,50,1,kano,2020-08-26
3832,employee_3832,support,150723,41,0,osun,2020-12-02
3833,employee_3833,engineering,267212,29,1,katsina,2020-11-08
3834,employee_3834,finance,63560,44,5,abia,2020-09-07
3835,employee_3835,marketing,335218,36,1,katsina,2020-08-03
3836,employee_3836,sales,323285,52,1,ogun,2020-08-23
3837,employee_3837,finance,324913,24,2,kwara,2020-06-14
3838,employee_3838,marketing,328364,59,5,akure,2021-05-30
3839,employee_3839,engineering,198442,54,4,lagos,2020-11-27
3840,employee_3840,marketing,225261,25,2,akure,2021-02-24
3841,employee_3841,sales,193749,46,2,kano,2020-07-06
3842,employee_3842,sales,154285,24,0,kogi,2020-09-02
3843,employee_3843,sales,203635,50,0,ibadan,2021-06-20
3844,employee_3844,sales,81402,39,1,kwara,2020-02-15
3845,employee_3845,finance,333573,60,0,osun,2020-05-24
3846,employee_3846,marketing,202842,38,3,kogi,2020-08-07
3847,employee_3847,HR,288720,52,4,osun,2020-09-02
3848,employee_3848,marketing,59928,37,3,imo,2020-02-11
3849,employee_3849,engineering,177788,21,1,enugu,2021-03-16
3850,employee_3850,engineering,191744,58,0,osun,2020-04-10
3851,employee_3851,support,308547,59,4,enugu,2020-01-22
3852,employee_3852,finance,288659,58,5,enugu,2020-08-09
3853,employee_3853,engineering,60724,53,0,abia,2020-06-26
3854,employee_3854,sales,86502,35,3,kano,2020-07-05
3855,employee_3855,finance,242668,52,4,ibadan,2020-03-14
3856,employee_3856,marketing,54852,36,1,kano,2020-05-17
3857,employee_3857,engineering,111278,35,5,kwara,2021-06-04
3858,employee_3858,sales,85658,56,3,kogi,2020-01-31
3859,employee_3859,sales,57602,60,2,abuja,2020-11-25
3860,employee_3860,sales,133609,37,0,kogi,2020-12-14
3861,employee_3861,support,316127,37,2,abia,2020-08-01
3862,employee_3862,support,254466,57,4,ogun,2020-03-16
3863,employee_3863,support,70329,43,1,abia,2020-11-12
3864,employee_3864,engineering,240661,35,2,enugu,2020-10-19
3865,employee_3865,marketing,145784,34,0,ogun,2020-03-08
3866,employee_3866,engineering,297001,60,4,imo,2020-08-25
3867,employee_3867,finance,235643,46,2,abuja,2020-08-17
3868,employee_3868,marketing,63834,51,5,kano,2021-02-01
3869,employee_3869,sales,207537,41,1,abia,2020-08-18
3870,employee_3870,marketing,246831,29,2,abia,2020-03-21
3871,employee_3871,sales,338476,22,5,abia,2020-07-05
3872,employee_3872,sales,101603,41,1,kano,2021-04-08
3873,employee_3873,HR,302574,31,5,kano,2021-02-27
3874,employee_3874,HR,326825,48,0,enugu,2020-04-22
3875,employee_3875,sales,344682,25,1,imo,2020-07-13
3876,employee_3876,finance,325527,27,3,kwara,2020-04-07
3877,employee_3877,engineering,238176,30,2,ogun,2020-11-24
3878,employee_3878,engineering,148559,41,3,ogun,2020-08-04
3879,employee_3879,finance,212883,32,0,imo,2020-04-29
3880,employee_3880,support,154911,42,3,osun,2021-02-08
3881,employee_3881,engineering,212499,37,2,lagos,2020-03-02
3882,employee_3882,finance,289982,58,4,enugu,2020-11-06
3883,employee_3883,HR,93404,42,1,kano,2021-05-11
3884,employee_3884,support,94201,28,0,ogun,2021-04-22
3885,employee_3885,finance,277984,43,2,lagos,2021-02-19
3886,employee_3886,finance,174094,21,1,ogun,2020-01-07
3887,employee_3887,engineering,272053,55,5,kogi,2020-12-21
3888,employee_3888,support,135303,33,1,lagos,2020-11-06
3889,employee_3889,HR,61618,39,1,kano,2020-10-12
3890,employee_3890,sales,55035,37,1,kwara,2020-10-30
3891,employee_3891,marketing,215783,24,0,katsina,2021-02-17
3892,employee_3892,sales,122249,39,2,lagos,2020-08-30
3893,employee_3893,HR,78005,22,4,akure,2021-03-29
3894,employee_3894,finance,125930,25,4,katsina,2020-06-12
3895,employee_3895,sales,206034,38,5,kogi,2020-11-09
3896,employee_3896,HR,101914,22,1,osun,2020-04-28
3897,employee_3897,support,120596,22,4,enugu,2021-03-22
3898,employee_3898,support,229066,54,1,ogun,2021-01-02
3899,employee_3899,sales,109804,51,4,imo,2021-03-09
3900,employee_3900,HR,56740,54,5,osun,2020-06-25
3901,employee_3901,sales,309440,60,1,ibadan,2020-08-06
3902,employee_3902,HR,348990,37,4,lagos,2021-05-19
3903,employee_3903,finance,123743,46,4,osun,2020-01-10
3904,employee_3904,engineering,284552,43,0,abuja,2021-04-22
3905,employee_3905,sales,232533,38,3,akure,2020-02-03
3906,employee_3906,HR,89932,47,5,imo,2021-06-11
3907,employee_3907,engineering,237528,50,1,kogi,2021-03-14
3908,employee_3908,finance,57348,59,5,kogi,2020-01-07
3909,employee_3909,engineering,142060,22,0,katsina,2020-01-22
3910,employee_3910,marketing,113970,59,3,abia,2020-02-28
3911,employee_3911,support,211030,49,3,akure,2020-12-06
3912,employee_3912,finance,201428,23,4,kwara,2021-05-27
3913,employee_3913,finance,55635,33,3,kano,2020-03-10
3914,employee_3914,marketing,157458,22,2,abuja,2020-01-18
3915,employee_3915,marketing,206462,56,1,osun,2021-02-21
3916,employee_3916,engineering,199422,47,1,lagos,2021-05-26
3917,employee_3917,HR,338613,40,1,kano,2020-06-20
3918,employee_3918,engineering,242019,46,1,imo,2020-10-30
3919,employee_3919,HR,304902,47,4,kano,2020-12-24
3920,employee_3920,HR,177910,53,0,akure,2020-10-15
3921,employee_3921,sales,211001,34,5,kano,2020-12-30
3922,employee_3922,finance,284721,43,2,katsina,2020-08-22
3923,employee_3923,finance,66375,48,2,abia,2020-09-15
3924,employee_3924,engineering,149003,57,0,enugu,2020-10-07
3925,employee_3925,finance,180213,29,4,enugu,2020-05-15
3926,employee_3926,support,51381,32,1,kano,2020-05-06
3927,employee_3927,HR,173178,49,5,lagos,2020-08-23
3928,employee_3928,HR,122350,54,4,kwara,2021-04-30
3929,employee_3929,engineering,144885,48,0,lagos,2020-12-26
3930,employee_3930,HR,82049,48,0,lagos,2021-06-20
3931,employee_3931,finance,107275,22,3,imo,2021-05-22
3932,employee_3932,sales,292211,42,1,kano,2020-09-05
3933,employee_3933,marketing,255971,33,5,ogun,2021-05-10
3934,employee_3934,sales,157763,46,5,ibadan,2020-05-28
3935,employee_3935,engineering,281861,55,2,abia,2021-04-27
3936,employee_3936,HR,138749,53,5,ogun,2020-01-20
3937,employee_3937,support,189938,35,3,osun,2020-04-01
3938,employee_3938,sales,204535,32,5,katsina,2020-02-24
3939,employee_3939,support,330593,48,4,abuja,2020-03-25
3940,employee_3940,marketing,78083,57,4,abuja,2021-04-30
3941,employee_3941,finance,217308,42,5,kano,2021-04-05
3942,employee_3942,finance,154299,52,0,lagos,2020-09-14
3943,employee_3943,engineering,67756,32,5,katsina,2020-08-12
3944,employee_3944,sales,133956,56,3,ibadan,2020-03-21
3945,employee_3945,engineering,255579,59,1,enugu,2021-04-27
3946,employee_3946,support,75923,36,4,osun,2020-08-26
3947,employee_3947,support,87241,35,5,ogun,2021-03-13
3948,employee_3948,support,185357,58,0,imo,2020-09-06
3949,employee_3949,sales,221636,49,0,kogi,2021-06-24
3950,employee_3950,marketing,306578,30,4,ogun,2020-08-14
3951,employee_3951,engineering,65750,25,0,abuja,2020-12-23
3952,employee_3952,finance,192369,21,2,imo,2021-05-11
3953,employee_3953,finance,200194,54,3,lagos,2020-08-13
3954,employee_3954,marketing,95003,52,0,enugu,2020-10-01
3955,employee_3955,sales,202502,59,0,imo,2021-04-30
3956,employee_3956,marketing,145724,36,1,kwara,2021-01-13
3957,employee_3957,HR,173055,51,1,kogi,2020-05-29
3958,employee_3958,HR,62952,42,3,kogi,2020-06-03
3959,employee_3959,support,76303,50,1,kogi,2021-02-20
3960,employee_3960,marketing,177158,28,4,abia,2021-01-09
3961,employee_3961,marketing,228038,32,5,ogun,2020-04-13
3962,employee_3962,marketing,278272,30,2,katsina,2021-01-01
3963,employee_3963,sales,162054,58,2,ogun,2021-05-18
3964,employee_3964,finance,147454,29,2,katsina,2020-10-26
3965,employee_3965,marketing,80076,58,1,imo,2020-09-17
3966,employee_3966,HR,252459,58,1,kogi,2020-08-14
3967,employee_3967,finance,183522,40,4,katsina,2020-01-07
3968,employee_3968,finance,108458,22,2,ibadan,2020-12-11
3969,employee_3969,support,327762,60,3,lagos,2020-03-12
3970,employee_3970,marketing,168200,50,3,imo,2020-06-22
3971,employee_3971,marketing,254195,52,2,ogun,2021-03-20
3972,employee_3972,sales,331705,22,3,katsina,2020-11-13
3973,employee_3973,finance,290783,28,0,enugu,2020-04-17
3974,employee_3974,sales,318862,22,3,akure,2020-11-27
3975,employee_3975,engineering,140164,48,2,enugu,2020-05-17
3976,employee_3976,HR,155738,25,2,kogi,2020-10-27
3977,employee_3977,HR,74182,30,0,enugu,2021-02-08
3978,employee_3978,finance,305534,57,3,kogi,2021-04-11
3979,employee_3979,finance,323780,26,5,katsina,2020-11-02
3980,employee_3980,HR,205334,38,3,enugu,2021-01-24
3981,employee_3981,support,138277,35,3,abia,2021-01-29
3982,employee_3982,sales,179909,49,4,kogi,2020-05-02
3983,employee_3983,HR,52740,37,2,osun,2021-05-20
3984,employee_3984,sales,264981,51,5,ogun,2020-09-15
3985,employee_3985,engineering,182415,60,2,imo,2020-02-01
3986,employee_3986,sales,137364,43,0,abia,2020-05-07
3987,employee_3987,engineering,231896,44,3,akure,2020-06-30
3988,employee_3988,marketing,123800,50,5,kwara,2020-05-07
3989,employee_3989,support,149388,46,1,ibadan,2020-01-12
3990,employee_3990,support,189584,48,3,enugu,2020-08-12
3991,employee_3991,HR,341583,36,4,akure,2020-02-25
3992,employee_3992,HR,293161,56,3,ogun,2020-06-09
3993,employee_3993,support,252004,33,5,abuja,2020-09-27
3994,employee_3994,engineering,169806,41,5,lagos,2020-07-16
3995,employee_3995,support,286314,54,2,abuja,2020-11-02
3996,employee_3996,engineering,142605,22,0,abuja,2020-01-25
3997,employee_3997,sales,308832,52,1,kogi,2020-11-22
3998,employee_3998,HR,173468,50,5,ibadan,2021-04-20
3999,employee_3999,sales,113979,28,2,akure,2020-10-16
4000,employee_4000,marketing,300454,33,4,ibadan,2020-01-10
4001,employee_4001,engineering,322296,28,0,lagos,2020-12-31
4002,employee_4002,HR,97749,31,2,lagos,2021-05-05
4003,employee_4003,sales,266205,51,4,kogi,2020-04-13
4004,employee_4004,marketing,328768,45,3,ibadan,2020-12-27
4005,employee_4005,HR,177649,54,1,enugu,2020-08-20
4006,employee_4006,HR,114388,23,3,ogun,2020-11-04
4007,employee_4007,sales,259671,22,1,abuja,2020-02-10
4008,employee_4008,sales,282557,50,1,ogun,2021-01-11
4009,employee_4009,HR,173639,57,3,ibadan,2020-03-22
4010,employee_4010,finance,211898,26,1,enugu,2021-01-13
4011,employee_4011,sales,348217,55,4,lagos,2020-06-28
4012,employee_4012,sales,123232,24,4,osun,2020-07-20
4013,employee_4013,finance,135953,44,0,kano,2020-01-01
4014,employee_4014,marketing,328140,50,2,akure,2020-11-15
4015,employee_4015,support,259825,52,5,lagos,2020-01-11
4016,employee_4016,finance,298845,43,5,kwara,2021-04-15
4017,employee_4017,engineering,101981,29,5,kwara,2020-01-20
4018,employee_4018,marketing,290562,23,1,ibadan,2020-04-12
4019,employee_4019,engineering,255461,33,4,kogi,2020-03-16
4020,employee_4020,engineering,97737,21,4,katsina,2020-02-24
4021,employee_4021,engineering,244762,33,2,imo,2020-05-21
4022,employee_4022,sales,341787,22,0,imo,2020-11-30
4023,employee_4023,sales,69633,53,4,kogi,2020-07-16
4024,employee_4024,marketing,201255,26,4,kogi,2020-05-23
4025,employee_4025,marketing,213479,27,4,ibadan,2020-09-26
4026,employee_4026,sales,197629,45,4,lagos,2021-01-03
4027,employee_4027,sales,137206,36,1,ogun,2020-03-05
4028,employee_4028,marketing,153684,57,2,enugu,2021-03-01
4029,employee_4029,support,332627,43,1,kwara,2020-08-25
4030,employee_4030,HR,221553,45,1,abia,2020-09-30
4031,employee_4031,engineering,231848,26,3,imo,2021-02-15
4032,employee_4032,HR,101993,55,5,osun,2020-07-02
4033,employee_4033,sales,321756,45,4,imo,2021-01-09
4034,employee_4034,sales,318723,51,5,osun,2021-01-28
4035,employee_4035,support,288187,33,3,abia,2021-01-06
4036,employee_4036,sales,330200,54,0,abia,2021-06-14
4037,employee_4037,finance,263941,48,2,kano,2020-05-01
4038,employee_4038,sales,164463,40,4,enugu,2021-01-22
4039,employee_4039,support,191005,54,0,abuja,2020-02-22
4040,employee_4040,finance,110986,26,4,ibadan,2020-05-22
4041,employee_4041,support,246685,40,0,abia,2020-01-05
4042,employee_4042,HR,126765,24,2,kwara,2020-09-02
4043,employee_4043,finance,219393,51,4,kwara,2020-01-22
4044,employee_4044,support,329394,35,2,kano,2021-01-20
4045,employee_4045,HR,284650,36,5,kwara,2020-07-03
4046,employee_4046,sales,257852,22,3,abia,2021-04-11
4047,employee_4047,engineering,258639,30,2,lagos,2020-03-23
4048,employee_4048,support,297138,60,1,kogi,2020-04-10
4049,employee_4049,engineering,332439,24,4,imo,2020-11-29
4050,employee_4050,sales,81501,45,5,osun,2020-08-31
4051,employee_4051,support,144737,36,1,abia,2020-07-17
4052,employee_4052,sales,307040,36,3,abia,2020-12-14
4053,employee_4053,support,183997,24,0,imo,2021-05-03
4054,employee_4054,HR,112558,25,0,imo,2020-06-23
4055,employee_4055,engineering,124301,50,1,kano,2020-04-26
4056,employee_4056,sales,176916,25,3,ibadan,2020-04-07
4057,employee_4057,marketing,166750,56,4,kano,2021-04-06
4058,employee_4058,HR,167403,38,0,osun,2020-12-09
4059,employee_4059,marketing,257107,36,2,ibadan,2021-03-23
4060,employee_4060,marketing,147092,36,1,kogi,2021-03-15
4061,employee_4061,HR,185149,30,4,abia,2021-03-10
4062,employee_4062,sales,166897,58,0,enugu,2020-10-10
4063,employee_4063,HR,251959,48,1,katsina,2021-05-28
4064,employee_4064,support,94109,32,1,kwara,2020-01-28
4065,employee_4065,engineering,147113,35,5,enugu,2020-02-26
4066,employee_4066,support,265000,22,4,imo,2020-07-19
4067,employee_4067,engineering,199852,25,3,ogun,2020-09-08
4068,employee_4068,support,180501,45,0,kano,2020-08-27
4069,employee_4069,marketing,164064,33,4,abuja,2020-09-20
4070,employee_4070,finance,196635,58,3,akure,2020-03-24
4071,employee_4071,support,226472,31,1,imo,2020-12-15
4072,employee_4072,marketing,280367,30,2,lagos,2021-01-26
4073,employee_4073,sales,89726,35,1,kano,2020-08-13
4074,employee_4074,sales,58442,58,0,katsina,2020-04-17
4075,employee_4075,HR,212029,46,2,ibadan,2020-08-20
4076,employee_4076,marketing,55235,26,2,ogun,2020-08-20
4077,employee_4077,HR,225865,56,1,katsina,2020-05-16
4078,employee_4078,support,272084,44,0,osun,2020-01-14
4079,employee_4079,engineering,141452,54,0,kwara,2020-11-11
4080,employee_4080,support,329590,60,1,ogun,2021-01-31
4081,employee_4081,finance,224852,59,0,katsina,2020-02-23
4082,employee_4082,engineering,253136,50,4,osun,2020-03-10
4083,employee_4083,support,156383,39,3,kwara,2020-02-10
4084,employee_4084,sales,64436,45,2,kogi,2020-03-07
4085,employee_4085,HR,108831,52,2,enugu,2020-05-22
4086,employee_4086,sales,304284,32,1,ibadan,2020-02-09
4087,employee_4087,sales,332820,55,5,enugu,2021-05-23
4088,employee_4088,HR,302394,42,5,katsina,2021-03-03
4089,employee_4089,sales,338038,59,5,enugu,2020-02-26
4090,employee_4090,sales,159130,40,5,kano,2020-04-14
4091,employee_4091,marketing,58505,53,4,ogun,2020-07-28
4092,employee_4092,engineering,258355,59,4,kano,2020-07-23
4093,employee_4093,support,311305,57,4,abia,2021-01-15
4094,employee_4094,HR,208031,29,5,ogun,2020-01-30
4095,employee_4095,finance,265364,46,4,lagos,2021-04-12
4096,employee_4096,HR,237919,31,3,enugu,2020-11-20
4097,employee_4097,sales,234836,32,4,imo,2020-01-08
4098,employee_4098,finance,177319,23,1,kogi,2020-05-01
4099,employee_4099,engineering,58659,38,5,kogi,2020-01-21
4100,employee_4100,support,224217,27,0,lagos,2020-04-09
4101,employee_4101,marketing,229075,21,0,osun,2021-04-25
4102,employee_4102,HR,257237,38,3,kano,2021-04-05
4103,employee_4103,engineering,268976,50,2,imo,2020-05-13
4104,employee_4104,engineering,239411,57,1,imo,2020-12-07
4105,employee_4105,finance,91053,44,3,abia,2020-06-10
4106,employee_4106,HR,309995,37,1,ibadan,2021-04-19
4107,employee_4107,finance,128207,41,4,osun,2020-04-08
4108,employee_4108,marketing,215628,60,3,imo,2020-11-12
4109,employee_4109,sales,220913,26,4,kwara,2020-10-30
4110,employee_4110,sales,246257,45,1,abia,2020-04-22
4111,employee_4111,sales,65513,34,1,ogun,2021-06-07
4112,employee_4112,marketing,185299,55,4,enugu,2020-11-06
4113,employee_4113,engineering,308916,29,3,imo,2020-08-19
4114,employee_4114,support,236792,29,4,kwara,2020-05-20
4115,employee_4115,marketing,55458,54,1,katsina,2020-04-09
4116,employee_4116,finance,150968,23,5,kano,2020-12-23
4117,employee_4117,HR,70786,21,5,kano,2021-06-13
4118,employee_4118,marketing,65892,39,1,ogun,2021-02-28
4119,employee_4119,marketing,336974,23,4,enugu,2020-06-26
4120,employee_4120,finance,173990,37,3,enugu,2020-01-01
4121,employee_4121,marketing,282553,53,5,akure,2020-02-07
4122,employee_4122,sales,87071,45,0,katsina,2020-04-30
4123,employee_4123,support,129359,28,3,kwara,2021-06-16
4124,employee_4124,support,95291,48,5,kano,2021-02-05
4125,employee_4125,sales,261070,60,4,enugu,2020-10-01
4126,employee_4126,HR,133995,36,1,kwara,2020-10-21
4127,employee_4127,finance,213383,46,0,abuja,2021-04-16
4128,employee_4128,marketing,216160,40,4,abia,2021-01-11
4129,employee_4129,support,290307,25,5,abuja,2021-03-27
4130,employee_4130,engineering,204428,60,2,ogun,2020-11-12
4131,employee_4131,support,87279,44,1,kogi,2020-05-04
4132,employee_4132,finance,225589,25,5,ogun,2020-08-11
4133,employee_4133,engineering,170188,30,0,ogun,2021-06-23
4134,employee_4134,engineering,247650,51,0,ibadan,2020-04-16
4135,employee_4135,finance,256136,27,0,lagos,2021-05-13
4136,employee_4136,HR,276408,24,3,kogi,2021-06-08
4137,employee_4137,support,234378,25,3,ibadan,2020-02-28
4138,employee_4138,support,272732,39,0,lagos,2020-12-10
4139,employee_4139,marketing,200929,39,2,abuja,2020-05-17
4140,employee_4140,marketing,139830,51,1,osun,2020-09-24
4141,employee_4141,HR,330658,60,4,abuja,2020-04-22
4142,employee_4142,sales,276766,39,4,enugu,2020-06-15
4143,employee_4143,support,191458,54,5,katsina,2020-06-07
4144,employee_4144,finance,218634,52,2,abia,2021-01-09
4145,employee_4145,marketing,106908,35,1,enugu,2020-12-26
4146,employee_4146,marketing,153952,35,2,akure,2020-07-10
4147,employee_4147,HR,337470,55,0,kwara,2021-05-15
4148,employee_4148,engineering,258301,58,2,kogi,2021-03-25
4149,employee_4149,finance,276691,56,4,ogun,2020-05-19
4150,employee_4150,marketing,145233,40,5,imo,2021-04-12
4151,employee_4151,sales,322185,23,3,kano,2020-12-03
4152,employee_4152,sales,349133,49,2,ogun,2020-03-15
4153,employee_4153,HR,98744,41,5,ibadan,2021-03-04
4154,employee_4154,HR,271878,52,5,kogi,2020-06-03
4155,employee_4155,engineering,163805,48,0,kogi,2020-05-31
4156,employee_4156,marketing,199501,58,2,ibadan,2021-04-21
4157,employee_4157,support,146053,52,1,ibadan,2020-12-29
4158,employee_4158,finance,305014,45,4,osun,2021-05-26
4159,employee_4159,finance,85302,27,4,ibadan,2020-09-12
4160,employee_4160,support,156051,35,3,imo,2020-08-02
4161,employee_4161,marketing,346795,48,0,abuja,2020-11-15
4162,employee_4162,finance,308279,28,2,ogun,2021-04-14
4163,employee_4163,sales,89436,57,2,ogun,2020-10-06
4164,employee_4164,finance,240751,60,3,abuja,2020-09-26
4165,employee_4165,engineering,288195,50,2,abuja,2021-06-04
4166,employee_4166,finance,104059,30,3,ibadan,2020-01-30
4167,employee_4167,finance,179501,44,1,osun,2020-08-14
4168,employee_4168,HR,120718,50,3,osun,2021-05-12
4169,employee_4169,HR,80929,41,3,kano,2020-05-02
4170,employee_4170,marketing,275844,38,2,ogun,2020-08-14
4171,employee_4171,HR,278332,26,3,osun,2020-03-19
4172,employee_4172,sales,185099,57,4,katsina,2020-10-11
4173,employee_4173,finance,135408,31,3,abia,2020-04-12
4174,employee_4174,marketing,55649,43,2,imo,2020-09-27
4175,employee_4175,sales,76645,24,5,kogi,2021-05-11
4176,employee_4176,HR,52373,29,4,kogi,2020-05-12
4177,employee_4177,engineering,231046,47,5,katsina,2020-08-26
4178,employee_4178,sales,185797,24,4,enugu,2021-02-21
4179,employee_4179,HR,335040,31,3,abuja,2020-06-12
4180,employee_4180,support,342431,56,1,imo,2021-02-24
4181,employee_4181,HR,114355,22,5,osun,2021-02-19
4182,employee_4182,marketing,288935,32,2,ibadan,2020-02-17
4183,employee_4183,sales,308409,37,4,kwara,2020-03-16
4184,employee_4184,sales,316183,30,0,ibadan,2020-08-09
4185,employee_4185,HR,322043,26,1,enugu,2021-05-11
4186,employee_4186,HR,109304,50,3,ibadan,2020-06-21
4187,employee_4187,support,302397,55,4,ogun,2020-09-28
4188,employee_4188,HR,300709,55,5,kwara,2021-04-26
4189,employee_4189,HR,191556,29,3,akure,2021-05-28
4190,employee_4190,engineering,193029,22,5,kogi,2020-12-01
4191,employee_4191,engineering,223814,55,0,abia,2021-01-13
4192,employee_4192,HR,106353,48,2,enugu,2020-02-18
4193,employee_4193,finance,188165,56,4,enugu,2020-12-12
4194,employee_4194,HR,191770,23,3,ogun,2020-08-09
4195,employee_4195,HR,331847,39,2,kogi,2021-06-07
4196,employee_4196,support,173303,30,1,kwara,2020-03-07
4197,employee_4197,support,301549,26,0,kwara,2020-07-10
4198,employee_4198,HR,335969,28,4,ibadan,2020-02-27
4199,employee_4199,HR,156374,37,4,abia,2021-05-06
4200,employee_4200,sales,238054,60,1,katsina,2021-01-28
4201,employee_4201,sales,334488,35,2,kwara,2020-10-15
4202,employee_4202,finance,193604,58,0,ogun,2021-02-23
4203,employee_4203,sales,325222,27,1,kwara,2020-05-24
4204,employee_4204,HR,104841,27,4,kogi,2021-05-26
4205,employee_4205,support,258368,38,3,akure,2021-06-17
4206,employee_4206,support,180737,36,2,kogi,2021-01-23
4207,employee_4207,HR,321823,54,5,imo,2020-06-19
4208,employee_4208,marketing,136735,32,3,lagos,2021-02-12
4209,employee_4209,support,297538,52,3,enugu,2020-08-29
4210,employee_4210,engineering,329173,40,1,osun,2021-06-01
4211,employee_4211,finance,81680,49,3,lagos,2020-05-23
4212,employee_4212,HR,276732,55,0,ogun,2020-02-24
4213,employee_4213,support,185915,48,1,kogi,2020-09-07
4214,employee_4214,HR,60001,26,2,ibadan,2021-01-19
4215,employee_4215,engineering,118485,25,2,abia,2020-04-03
4216,employee_4216,support,142129,32,4,ogun,2021-02-28
4217,employee_4217,support,284078,33,0,ogun,2020-09-23
4218,employee_4218,support,113267,57,2,osun,2020-06-01
4219,employee_4219,support,267741,41,5,abuja,2020-04-30
4220,employee_4220,marketing,223610,53,0,kano,2020-01-07
4221,employee_4221,HR,161436,26,2,ogun,2020-06-19
4222,employee_4222,engineering,336221,21,4,kogi,2020-03-12
4223,employee_4223,HR,212778,60,1,lagos,2020-04-24
4224,employee_4224,marketing,205994,35,2,abia,2021-04-30
4225,employee_4225,HR,56301,60,4,lagos,2021-02-23
4226,employee_4226,finance,296857,30,3,katsina,2021-06-16
4227,employee_4227,engineering,104214,47,5,akure,2020-11-10
4228,employee_4228,finance,269405,33,1,ogun,2020-09-13
4229,employee_4229,finance,201089,21,5,akure,2020-08-19
4230,employee_4230,sales,50397,46,2,kogi,2021-06-02
4231,employee_4231,engineering,218238,37,5,lagos,2021-06-17
4232,employee_4232,finance,132654,27,3,abia,2021-04-28
4233,employee_4233,HR,346792,48,1,kano,2020-07-09
4234,employee_4234,HR,198455,47,3,abuja,2020-11-04
4235,employee_4235,finance,268586,25,5,enugu,2020-07-13
4236,employee_4236,HR,287277,40,1,lagos,2021-03-30
4237,employee_4237,sales,251320,49,5,ibadan,2020-01-06
4238,employee_4238,engineering,102182,54,5,abia,2020-11-03
4239,employee_4239,sales,273622,45,4,osun,2021-01-09
4240,employee_4240,HR,230567,57,3,lagos,2021-03-30
4241,employee_4241,engineering,126419,38,0,kwara,2020-09-14
4242,employee_4242,support,298885,45,2,abia,2020-06-07
4243,employee_4243,engineering,231979,45,1,kano,2020-10-31
4244,employee_4244,sales,115528,55,0,katsina,2021-06-12
4245,employee_4245,marketing,86875,39,5,katsina,2021-04-12
4246,employee_4246,engineering,81542,39,5,akure,2021-06-19
4247,employee_4247,HR,249147,24,4,kogi,2020-02-06
4248,employee_4248,engineering,288468,41,0,enugu,2021-04-09
4249,employee_4249,finance,125977,31,0,enugu,2021-06-02
4250,employee_4250,engineering,266389,47,3,enugu,2020-11-07
4251,employee_4251,marketing,86832,53,4,katsina,2020-01-12
4252,employee_4252,support,85185,46,1,abia,2021-03-17
4253,employee_4253,marketing,192385,29,3,katsina,2020-08-04
4254,employee_4254,sales,93007,56,4,abuja,2020-08-31
4255,employee_4255,finance,228617,59,5,kogi,2021-01-07
4256,employee_4256,sales,135010,50,1,kwara,2021-05-19
4257,employee_4257,marketing,108930,53,2,ogun,2020-04-27
4258,employee_4258,support,209526,50,3,kano,2020-08-30
4259,employee_4259,marketing,69317,31,3,imo,2021-05-15
4260,employee_4260,engineering,201732,47,0,kwara,2021-03-12
4261,employee_4261,sales,303694,26,5,kogi,2020-10-12
4262,employee_4262,engineering,322088,28,2,kogi,2020-02-23
4263,employee_4263,finance,95638,30,4,ogun,2020-08-15
4264,employee_4264,sales,154899,30,1,kwara,2020-01-31
4265,employee_4265,support,137721,59,3,osun,2021-06-06
4266,employee_4266,engineering,88318,34,2,enugu,2020-06-03
4267,employee_4267,support,72198,57,3,enugu,2020-09-07
4268,employee_4268,marketing,271232,45,3,akure,2020-03-10
4269,employee_4269,marketing,276018,44,1,enugu,2021-02-01
4270,employee_4270,sales,63185,36,4,abia,2020-06-26
4271,employee_4271,sales,208175,60,4,abuja,2020-10-31
4272,employee_4272,HR,335483,36,4,enugu,2020-11-22
4273,employee_4273,engineering,229717,35,0,kwara,2020-07-15
4274,employee_4274,HR,247031,23,0,ibadan,2021-03-15
4275,employee_4275,sales,108641,43,0,abuja,2021-06-12
4276,employee_4276,marketing,146478,52,0,katsina,2020-06-12
4277,employee_4277,support,138987,39,5,kwara,2020-03-06
4278,employee_4278,HR,247447,23,2,katsina,2021-04-04
4279,employee_4279,finance,230522,44,3,ogun,2021-02-08
4280,employee_4280,sales,179648,57,2,lagos,2020-03-28
4281,employee_4281,marketing,118300,52,2,kwara,2020-10-07
4282,employee_4282,support,323149,31,3,enugu,2021-01-12
4283,employee_4283,marketing,209036,49,4,kano,2020-06-23
4284,employee_4284,sales,77357,26,4,kano,2020-09-18
4285,employee_4285,support,246810,50,2,osun,2020-11-18
4286,employee_4286,sales,250747,34,1,enugu,2020-05-02
4287,employee_4287,support,87423,59,1,akure,2020-05-01
4288,employee_4288,sales,66094,56,3,abuja,2021-03-02
4289,employee_4289,finance,77715,54,0,enugu,2020-02-20
4290,employee_4290,HR,280382,46,0,katsina,2020-12-01
4291,employee_4291,HR,200920,30,4,abuja,2021-03-14
4292,employee_4292,marketing,194265,42,1,imo,2020-09-22
4293,employee_4293,finance,229975,40,1,ogun,2021-04-20
4294,employee_4294,HR,195922,38,5,enugu,2020-12-20
4295,employee_4295,HR,340788,49,5,ogun,2020-05-16
4296,employee_4296,support,67681,26,2,kwara,2020-05-31
4297,employee_4297,marketing,138037,33,3,osun,2020-07-03
4298,employee_4298,finance,249828,55,3,ogun,2020-11-25
4299,employee_4299,engineering,248971,47,0,abuja,2020-03-28
4300,employee_4300,sales,231076,42,4,kogi,2020-12-28
4301,employee_4301,engineering,92764,43,0,katsina,2020-11-27
4302,employee_4302,finance,243970,56,0,imo,2020-02-27
4303,employee_4303,support,76868,47,3,ogun,2020-01-31
4304,employee_4304,finance,271983,51,3,ogun,2020-07-09
4305,employee_4305,support,105026,33,3,lagos,2020-02-11
4306,employee_4306,marketing,193330,34,4,lagos,2020-01-25
4307,employee_4307,support,272851,36,5,osun,2020-08-27
4308,employee_4308,sales,327671,29,1,kogi,2020-04-26
4309,employee_4309,engineering,311874,54,3,kano,2020-03-07
4310,employee_4310,marketing,102189,45,1,ogun,2020-01-07
4311,employee_4311,support,107735,48,2,abuja,2021-03-05
4312,employee_4312,marketing,72014,22,2,enugu,2020-07-07
4313,employee_4313,engineering,221250,33,2,enugu,2020-02-02
4314,employee_4314,engineering,158911,42,4,enugu,2020-03-23
4315,employee_4315,sales,80744,32,0,lagos,2020-12-25
4316,employee_4316,finance,241268,21,5,abuja,2021-04-06
4317,employee_4317,marketing,56197,24,5,akure,2020-07-10
4318,employee_4318,marketing,188154,30,1,kano,2020-12-29
4319,employee_4319,finance,188825,33,5,katsina,2020-09-20
4320,employee_4320,marketing,139717,34,1,ogun,2020-03-26
4321,employee_4321,HR,208511,33,0,kano,2020-12-04
4322,employee_4322,marketing,156338,36,5,lagos,2020-08-11
4323,employee_4323,sales,88274,36,1,kano,2021-05-18
4324,employee_4324,sales,57689,37,5,ogun,2021-05-10
4325,employee_4325,support,188225,40,3,ogun,2020-08-23
4326,employee_4326,engineering,319226,27,0,lagos,2021-03-31
4327,employee_4327,support,341648,21,5,kwara,2021-05-14
4328,employee_4328,sales,249677,51,4,ibadan,2020-12-13
4329,employee_4329,HR,153842,39,5,ogun,2020-07-14
4330,employee_4330,support,177091,43,5,imo,2021-04-16
4331,employee_4331,marketing,205803,35,3,lagos,2020-03-12
4332,employee_4332,support,88560,53,5,lagos,2020-07-22
4333,employee_4333,HR,259049,26,1,kogi,2020-08-05
4334,employee_4334,sales,221009,22,3,lagos,2020-11-16
4335,employee_4335,engineering,165706,36,5,akure,2020-04-09
4336,employee_4336,engineering,257141,36,5,ogun,2021-05-05
4337,employee_4337,marketing,200807,43,5,enugu,2020-08-28
4338,employee_4338,sales,138067,43,1,lagos,2020-09-07
4339,employee_4339,finance,115881,48,0,kano,2021-03-27
4340,employee_4340,HR,147805,29,3,osun,2020-05-13
4341,employee_4341,sales,120757,54,3,lagos,2020-05-13
4342,employee_4342,HR,208558,21,0,osun,2021-05-15
4343,employee_4343,finance,92623,25,0,imo,2020-07-09
4344,employee_4344,marketing,174297,59,5,abia,2020-09-27
4345,employee_4345,engineering,266458,43,3,enugu,2021-01-01
4346,employee_4346,support,249141,38,5,akure,2021-06-20
4347,employee_4347,support,97939,49,0,katsina,2020-02-08
4348,employee_4348,HR,134378,58,1,imo,2020-10-25
4349,employee_4349,finance,141072,31,0,katsina,2020-10-26
4350,employee_4350,support,156898,34,1,abuja,2020-09-05
4351,employee_4351,HR,69555,24,5,lagos,2020-10-23
4352,employee_4352,support,136834,60,2,kogi,2020-01-02
4353,employee_4353,HR,65145,29,4,katsina,2020-01-02
4354,employee_4354,marketing,227282,53,3,ogun,2020-07-06
4355,employee_4355,engineering,139022,22,3,akure,2020-06-05
4356,employee_4356,engineering,60407,32,2,akure,2021-02-06
4357,employee_4357,marketing,161096,26,4,kogi,2020-01-08
4358,employee_4358,sales,134991,35,5,imo,2020-04-29
4359,employee_4359,finance,176766,54,3,ibadan,2020-11-04
4360,employee_4360,HR,308707,36,0,akure,2020-08-21
4361,employee_4361,finance,270065,29,3,kogi,2020-08-29
4362,employee_4362,engineering,68340,58,3,kogi,2020-08-22
4363,employee_4363,support,147766,41,1,enugu,2020-09-07
4364,employee_4364,marketing,280633,45,3,imo,2020-09-21
4365,employee_4365,marketing,337480,26,1,osun,2020-04-06
4366,employee_4366,finance,126687,21,1,enugu,2021-01-06
4367,employee_4367,sales,212573,25,2,katsina,2020-03-12
4368,employee_4368,finance,65214,27,1,osun,2021-06-24
4369,employee_4369,marketing,297293,56,2,kano,2021-01-11
4370,employee_4370,HR,155975,50,0,kwara,2020-09-18
4371,employee_4371,HR,330854,39,0,imo,2021-06-02
4372,employee_4372,finance,265791,35,4,lagos,2020-07-06
4373,employee_4373,support,335782,42,1,abuja,2020-06-04
4374,employee_4374,engineering,75611,39,5,abuja,2021-02-17
4375,employee_4375,finance,340568,44,5,abuja,2021-01-11
4376,employee_4376,finance,347496,46,2,kwara,2021-05-03
4377,employee_4377,engineering,148720,29,0,kwara,2021-04-19
4378,employee_4378,engineering,175287,60,2,abia,2020-02-11
4379,employee_4379,support,337343,56,4,kwara,2020-10-13
4380,employee_4380,HR,171493,44,4,ibadan,2020-01-09
4381,employee_4381,HR,86229,47,4,kwara,2020-02-16
4382,employee_4382,sales,339300,25,1,akure,2021-02-02
4383,employee_4383,HR,251353,30,1,ibadan,2020-10-21
4384,employee_4384,sales,146276,48,2,akure,2021-02-25
4385,employee_4385,engineering,241328,52,5,enugu,2020-05-11
4386,employee_4386,HR,227214,43,0,enugu,2020-05-15
4387,employee_4387,sales,197089,56,2,enugu,2020-07-09
4388,employee_4388,sales,72487,43,4,osun,2020-09-28
4389,employee_4389,finance,248114,27,3,katsina,2020-11-18
4390,employee_4390,HR,260474,24,3,abia,2021-05-27
4391,employee_4391,finance,202394,52,5,ogun,2020-01-03
4392,employee_4392,sales,306533,40,0,osun,2020-03-05
4393,employee_4393,support,132249,45,0,kano,2021-06-03
4394,employee_4394,sales,78628,22,5,enugu,2020-03-07
4395,employee_4395,engineering,63561,48,2,kwara,2020-02-24
4396,employee_4396,HR,151894,30,2,ogun,2021-06-04
4397,employee_4397,sales,345257,60,5,kwara,2020-01-17
4398,employee_4398,engineering,334361,55,0,ibadan,2021-06-21
4399,employee_4399,finance,333668,59,2,kogi,2020-12-02
4400,employee_4400,finance,88641,25,1,ibadan,2020-06-27
4401,employee_4401,HR,265571,24,3,imo,2020-03-25
4402,employee_4402,HR,341641,32,5,abuja,2021-04-30
4403,employee_4403,support,133097,60,2,kano,2020-03-20
4404,employee_4404,marketing,265929,48,3,kwara,2020-05-26
4405,employee_4405,HR,263158,51,2,kogi,2021-04-10
4406,employee_4406,sales,244439,58,2,ogun,2021-02-10
4407,employee_4407,HR,285872,56,3,ogun,2020-12-23
4408,employee_4408,finance,283126,28,0,imo,2021-06-18
4409,employee_4409,marketing,302413,29,2,abia,2021-06-15
4410,employee_4410,engineering,327957,49,0,kogi,2020-07-22
4411,employee_4411,HR,300770,55,3,ibadan,2021-03-31
4412,employee_4412,HR,265882,49,5,katsina,2020-06-17
4413,employee_4413,sales,322050,28,1,kogi,2020-03-08
4414,employee_4414,finance,166495,46,2,lagos,2021-05-09
4415,employee_4415,support,255419,29,0,abia,2020-06-29
4416,employee_4416,support,332373,30,5,lagos,2021-05-08
4417,employee_4417,finance,218773,60,3,kano,2020-10-12
4418,employee_4418,engineering,178939,30,2,akure,2020-04-21
4419,employee_4419,support,117632,36,5,abuja,2020-10-19
4420,employee_4420,support,94014,38,1,abuja,2020-12-25
4421,employee_4421,marketing,127694,42,2,imo,2020-12-16
4422,employee_4422,support,111445,37,1,ibadan,2020-08-11
4423,employee_4423,marketing,127713,43,0,lagos,2021-06-23
4424,employee_4424,support,250416,59,4,kano,2020-02-06
4425,employee_4425,finance,86277,24,1,ibadan,2020-03-17
4426,employee_4426,finance,209066,60,5,imo,2020-05-20
4427,employee_4427,support,334896,33,2,osun,2020-10-17
4428,employee_4428,HR,321137,36,2,kano,2021-03-29
4429,employee_4429,engineering,269838,21,3,enugu,2020-03-17
4430,employee_4430,finance,300935,46,2,kano,2020-08-25
4431,employee_4431,sales,106006,52,5,lagos,2020-08-28
4432,employee_4432,HR,213830,32,1,katsina,2020-10-16
4433,employee_4433,engineering,290913,50,4,abia,2020-06-04
4434,employee_4434,support,91824,27,3,lagos,2020-02-06
4435,employee_4435,finance,135251,39,2,osun,2021-02-06
4436,employee_4436,engineering,62601,27,1,imo,2021-04-28
4437,employee_4437,engineering,302390,31,0,osun,2020-10-22
4438,employee_4438,engineering,132011,49,0,ogun,2020-10-04
4439,employee_4439,HR,97656,43,1,abuja,2020-04-04
4440,employee_4440,marketing,306808,28,3,kwara,2021-03-02
4441,employee_4441,support,145975,43,5,kogi,2020-04-02
4442,employee_4442,finance,263676,36,3,kwara,2021-02-12
4443,employee_4443,finance,252307,42,5,lagos,2020-10-18
4444,employee_4444,finance,246956,57,3,lagos,2021-02-28
4445,employee_4445,HR,321484,43,1,kogi,2021-05-14
4446,employee_4446,finance,139245,56,5,imo,2020-03-09
4447,employee_4447,marketing,296465,25,0,abia,2020-07-25
4448,employee_4448,support,265402,35,2,imo,2020-10-22
4449,employee_4449,HR,111465,35,1,abuja,2020-04-04
4450,employee_4450,support,124120,52,5,lagos,2021-03-23
4451,employee_4451,support,199901,41,2,enugu,2020-07-28
4452,employee_4452,marketing,347147,22,2,osun,2021-04-30
4453,employee_4453,marketing,96890,22,1,lagos,2020-08-02
4454,employee_4454,HR,298868,58,4,abuja,2021-02-18
4455,employee_4455,engineering,319166,42,5,lagos,2020-06-13
4456,employee_4456,marketing,292652,46,3,lagos,2021-03-14
4457,employee_4457,finance,198154,21,4,katsina,2020-01-31
4458,employee_4458,support,217921,51,3,kogi,2020-03-29
4459,employee_4459,finance,56461,45,4,abia,2020-06-06
4460,employee_4460,sales,61622,23,2,ibadan,2020-06-07
4461,employee_4461,marketing,267155,34,2,enugu,2020-10-14
4462,employee_4462,engineering,342287,53,5,akure,2020-04-19
4463,employee_4463,sales,211071,37,2,ibadan,2020-03-17
4464,employee_4464,HR,326329,55,1,akure,2020-07-04
4465,employee_4465,support,178659,43,2,kano,2021-02-05
4466,employee_4466,HR,291078,34,1,kwara,2020-03-01
4467,employee_4467,sales,102483,52,3,osun,2021-06-08
4468,employee_4468,marketing,73491,39,1,kwara,2020-03-29
4469,employee_4469,engineering,55407,46,1,abuja,2020-01-03
4470,employee_4470,finance,234485,22,3,imo,2021-02-16
4471,employee_4471,engineering,183817,21,5,ibadan,2021-06-10
4472,employee_4472,sales,315314,50,0,ogun,2021-03-20
4473,employee_4473,marketing,81134,51,1,katsina,2020-05-29
4474,employee_4474,engineering,79824,59,1,lagos,2020-02-17
4475,employee_4475,marketing,106411,28,2,osun,2021-06-22
4476,employee_4476,marketing,122292,28,5,kogi,2020-12-23
4477,employee_4477,engineering,318243,59,2,enugu,2020-07-16
4478,employee_4478,marketing,323107,35,5,kogi,2020-09-20
4479,employee_4479,sales,55855,47,5,abuja,2020-01-15
4480,employee_4480,marketing,274060,23,1,katsina,2021-06-16
4481,employee_4481,support,131387,30,5,katsina,2020-06-18
4482,employee_4482,HR,175668,44,1,enugu,2020-11-20
4483,employee_4483,finance,310467,29,3,abia,2020-02-08
4484,employee_4484,finance,119236,41,0,ogun,2020-03-07
4485,employee_4485,marketing,330638,49,1,lagos,2021-02-23
4486,employee_4486,marketing,260465,44,3,enugu,2021-02-19
4487,employee_4487,sales,293897,55,4,enugu,2020-05-05
4488,employee_4488,HR,55209,53,5,ibadan,2021-05-29
4489,employee_4489,HR,310276,29,0,lagos,2021-02-05
4490,employee_4490,support,272903,34,1,osun,2020-12-08
4491,employee_4491,sales,316403,57,4,kogi,2020-12-28
4492,employee_4492,sales,212572,53,4,imo,2020-09-05
4493,employee_4493,sales,293974,22,3,abia,2020-03-08
4494,employee_4494,marketing,309137,43,0,lagos,2020-08-10
4495,employee_4495,marketing,90295,40,5,lagos,2020-09-20
4496,employee_4496,HR,342731,55,0,abuja,2020-12-28
4497,employee_4497,HR,86761,43,0,lagos,2021-01-04
4498,employee_4498,support,329378,34,2,ogun,2020-07-13
4499,employee_4499,finance,334072,41,5,kwara,2020-10-27
4500,employee_4500,HR,223235,42,3,abuja,2020-10-09
4501,employee_4501,engineering,281467,54,2,katsina,2021-04-07
4502,employee_4502,sales,64780,27,4,abia,2020-07-21
4503,employee_4503,HR,238196,51,5,osun,2021-06-07
4504,employee_4504,engineering,251536,59,2,abia,2020-08-24
4505,employee_4505,support,241952,30,2,ogun,2021-02-20
4506,employee_4506,marketing,149690,48,0,ibadan,2020-07-07
4507,employee_4507,finance,61180,37,5,imo,2020-01-08
4508,employee_4508,engineering,176768,57,2,abia,2021-06-05
4509,employee_4509,engineering,316834,39,1,abia,2020-07-09
4510,employee_4510,finance,211224,44,3,abia,2020-11-14
4511,employee_4511,HR,213565,32,2,osun,2020-12-29
4512,employee_4512,support,89563,31,1,kwara,2021-02-16
4513,employee_4513,marketing,225010,30,4,imo,2020-08-15
4514,employee_4514,support,312794,31,0,lagos,2021-03-21
4515,employee_4515,HR,332376,45,4,imo,2020-12-20
4516,employee_4516,HR,101710,23,0,abia,2021-04-13
4517,employee_4517,HR,226258,59,0,abuja,2020-07-26
4518,employee_4518,HR,234643,50,0,ogun,2020-11-07
4519,employee_4519,finance,94340,37,4,kano,2020-06-01
4520,employee_4520,finance,159802,22,1,akure,2020-11-28
4521,employee_4521,marketing,323769,56,2,akure,2021-03-30
4522,employee_4522,HR,165410,59,3,ibadan,2020-06-21
4523,employee_4523,support,259009,21,4,akure,2020-12-29
4524,employee_4524,engineering,121047,46,1,imo,2021-01-18
4525,employee_4525,marketing,107386,38,5,imo,2020-08-31
4526,employee_4526,finance,164150,57,2,osun,2020-11-22
4527,employee_4527,sales,113782,50,1,lagos,2021-04-27
4528,employee_4528,engineering,179647,48,5,enugu,2021-05-30
4529,employee_4529,marketing,156671,51,1,kogi,2020-08-13
4530,employee_4530,engineering,100434,43,5,kano,2021-04-28
4531,employee_4531,sales,155324,50,2,abia,2020-04-05
4532,employee_4532,engineering,328679,40,2,kwara,2021-05-21
4533,employee_4533,marketing,58842,43,1,osun,2020-04-13
4534,employee_4534,marketing,198979,39,0,osun,2020-01-24
4535,employee_4535,engineering,138056,42,2,kwara,2021-04-12
4536,employee_4536,marketing,129970,41,3,katsina,2020-04-22
4537,employee_4537,HR,61651,32,1,imo,2020-02-01
4538,employee_4538,HR,287361,36,5,akure,2020-11-04
4539,employee_4539,engineering,241605,35,1,ogun,2020-09-15
4540,employee_4540,engineering,100292,47,2,imo,2021-04-16
4541,employee_4541,marketing,239342,24,5,kogi,2020-02-02
4542,employee_4542,marketing,169954,33,3,abuja,2021-01-24
4543,employee_4543,finance,315168,41,0,lagos,2020-05-13
4544,employee_4544,support,86489,39,3,akure,2020-09-23
4545,employee_4545,marketing,105278,57,5,katsina,2020-06-26
4546,employee_4546,HR,61593,46,0,akure,2020-06-23
4547,employee_4547,support,215937,22,0,osun,2020-03-21
4548,employee_4548,sales,302890,59,4,abia,2021-03-28
4549,employee_4549,marketing,214470,22,2,enugu,2020-02-02
4550,employee_4550,engineering,259917,32,1,akure,2020-02-15
4551,employee_4551,engineering,286781,52,2,osun,2020-03-20
4552,employee_4552,sales,197782,55,5,osun,2020-02-08
4553,employee_4553,marketing,143251,33,4,imo,2020-08-14
4554,employee_4554,sales,58961,40,5,ibadan,2021-05-11
4555,employee_4555,engineering,293305,22,3,kogi,2020-02-22
4556,employee_4556,support,238123,52,4,kogi,2020-11-24
4557,employee_4557,HR,297765,34,4,imo,2020-09-09
4558,employee_4558,engineering,100055,31,5,akure,2021-05-30
4559,employee_4559,HR,122995,26,4,abia,2021-04-04
4560,employee_4560,engineering,107634,48,1,ogun,2020-10-25
4561,employee_4561,support,183544,38,2,abuja,2021-02-09
4562,employee_4562,marketing,265682,26,1,enugu,2020-01-15
4563,employee_4563,HR,187155,22,4,ogun,2020-10-15
4564,employee_4564,marketing,298989,54,2,katsina,2020-05-04
4565,employee_4565,finance,73266,29,5,enugu,2020-10-25
4566,employee_4566,HR,345270,36,4,abia,2020-04-28
4567,employee_4567,marketing,103071,45,2,ibadan,2020-11-18
4568,employee_4568,marketing,197346,55,0,kogi,2020-05-17
4569,employee_4569,engineering,215787,29,5,imo,2021-05-21
4570,employee_4570,marketing,225299,53,5,kogi,2020-03-01
4571,employee_4571,sales,132310,43,0,osun,2020-07-13
4572,employee_4572,HR,165121,22,1,lagos,2021-03-03
4573,employee_4573,marketing,147359,30,0,akure,2020-08-07
4574,employee_4574,marketing,198144,42,1,kwara,2020-04-24
4575,employee_4575,HR,181211,57,3,kwara,2020-11-20
4576,employee_4576,sales,217124,30,1,kano,2021-01-21
4577,employee_4577,sales,94994,23,1,kwara,2020-06-08
4578,employee_4578,engineering,112337,54,3,kano,2020-01-08
4579,employee_4579,finance,72572,29,2,imo,2020-11-22
4580,employee_4580,engineering,177007,24,4,imo,2021-02-05
4581,employee_4581,HR,205788,32,5,kogi,2020-10-24
4582,employee_4582,support,311202,52,0,enugu,2020-01-21
4583,employee_4583,HR,202888,42,3,kano,2020-03-14
4584,employee_4584,finance,238384,42,1,enugu,2020-09-19
4585,employee_4585,HR,107698,46,4,abuja,2020-12-31
4586,employee_4586,sales,236260,57,2,abuja,2020-01-16
4587,employee_4587,finance,219214,37,4,lagos,2021-03-21
4588,employee_4588,finance,207855,52,4,abia,2020-05-30
4589,employee_4589,marketing,126957,40,0,ogun,2021-05-28
4590,employee_4590,marketing,252952,48,3,abuja,2020-04-20
4591,employee_4591,marketing,282814,24,0,enugu,2020-10-02
4592,employee_4592,marketing,340619,59,0,lagos,2021-03-01
4593,employee_4593,engineering,338570,23,1,lagos,2020-07-13
4594,employee_4594,engineering,245841,44,3,enugu,2021-04-17
4595,employee_4595,finance,147320,28,3,katsina,2021-01-11
4596,employee_4596,marketing,132487,37,5,ibadan,2020-11-04
4597,employee_4597,finance,65106,49,3,akure,2020-11-09
4598,employee_4598,sales,326777,53,4,abuja,2020-11-20
4599,employee_4599,finance,176430,60,4,osun,2021-04-22
4600,employee_4600,sales,240095,28,2,kano,2020-11-22
4601,employee_4601,support,312210,22,3,abia,2020-10-29
4602,employee_4602,HR,133187,28,1,lagos,2020-07-15
4603,employee_4603,sales,161935,47,0,lagos,2020-04-18
4604,employee_4604,finance,218846,32,1,kano,2020-09-07
4605,employee_4605,HR,107232,39,1,ogun,2020-02-04
4606,employee_4606,finance,102732,52,4,katsina,2020-12-01
4607,employee_4607,HR,317930,39,1,lagos,2021-05-10
4608,employee_4608,engineering,317706,40,3,kogi,2020-01-12
4609,employee_4609,marketing,63355,36,5,akure,2020-04-22
4610,employee_4610,support,191213,59,0,ogun,2020-08-01
4611,employee_4611,HR,171971,27,1,osun,2020-07-18
4612,employee_4612,sales,68678,43,5,enugu,2020-05-31
4613,employee_4613,support,77647,49,1,abuja,2020-03-13
4614,employee_4614,finance,266430,52,3,ogun,2020-06-28
4615,employee_4615,HR,313628,48,2,kwara,2020-05-15
4616,employee_4616,sales,172830,22,0,abia,2021-01-20
4617,employee_4617,engineering,314173,24,1,lagos,2020-08-08
4618,employee_4618,marketing,279557,58,2,kano,2021-02-11
4619,employee_4619,HR,198175,21,5,akure,2020-10-28
4620,employee_4620,sales,237559,44,0,akure,2021-02-15
4621,employee_4621,marketing,322694,35,1,kano,2020-03-14
4622,employee_4622,support,337014,25,1,kwara,2020-01-08
4623,employee_4623,marketing,85714,57,0,enugu,2021-04-26
4624,employee_4624,support,65066,26,4,abia,2021-06-22
4625,employee_4625,HR,305579,50,5,imo,2020-04-28
4626,employee_4626,sales,226186,46,3,kwara,2020-12-03
4627,employee_4627,support,344118,49,3,kogi,2020-05-05
4628,employee_4628,HR,92048,49,3,abia,2020-10-16
4629,employee_4629,support,185378,40,0,akure,2021-01-21
4630,employee_4630,finance,285790,39,1,imo,2021-05-07
4631,employee_4631,finance,326780,32,2,kwara,2020-03-17
4632,employee_4632,HR,126261,55,0,kwara,2020-01-15
4633,employee_4633,engineering,144860,60,5,akure,2020-12-26
4634,employee_4634,marketing,193001,38,2,enugu,2020-07-12
4635,employee_4635,finance,137042,45,2,lagos,2021-04-02
4636,employee_4636,engineering,209699,57,0,katsina,2020-04-20
4637,employee_4637,engineering,188776,48,5,akure,2020-05-26
4638,employee_4638,sales,213099,24,5,ibadan,2020-12-30
4639,employee_4639,sales,181776,41,2,imo,2020-08-04
4640,employee_4640,engineering,143220,57,0,katsina,2021-06-24
4641,employee_4641,HR,271406,41,0,kano,2020-09-18
4642,employee_4642,sales,147257,57,4,kano,2021-02-19
4643,employee_4643,HR,152279,49,0,ogun,2020-02-04
4644,employee_4644,marketing,232864,28,0,katsina,2020-03-26
4645,employee_4645,support,146725,30,1,enugu,2021-03-19
4646,employee_4646,engineering,234089,56,2,imo,2020-06-03
4647,employee_4647,finance,94240,26,4,imo,2021-04-30
4648,employee_4648,support,205178,32,1,katsina,2020-05-02
4649,employee_4649,marketing,222152,53,1,abuja,2020-08-10
4650,employee_4650,HR,303008,43,3,lagos,2020-07-23
4651,employee_4651,finance,65099,60,3,abuja,2020-04-05
4652,employee_4652,finance,330396,44,2,katsina,2021-02-15
4653,employee_4653,HR,280524,38,4,abia,2020-04-18
4654,employee_4654,marketing,293582,33,0,enugu,2020-11-17
4655,employee_4655,HR,301174,48,2,kano,2021-06-04
4656,employee_4656,finance,254594,56,2,abuja,2020-06-05
4657,employee_4657,sales,84485,52,5,ogun,2020-12-26
4658,employee_4658,support,333049,46,4,kano,2021-04-06
4659,employee_4659,support,198545,31,5,osun,2020-02-21
4660,employee_4660,support,77827,35,4,abuja,2021-02-05
4661,employee_4661,engineering,71757,29,4,abuja,2020-04-20
4662,employee_4662,engineering,103193,52,0,ibadan,2020-01-21
4663,employee_4663,finance,310268,55,5,ogun,2021-04-25
4664,employee_4664,HR,299592,40,4,lagos,2021-01-17
4665,employee_4665,HR,111875,50,5,lagos,2020-05-11
4666,employee_4666,engineering,311922,36,4,enugu,2020-02-27
4667,employee_4667,support,91873,47,5,katsina,2020-05-07
4668,employee_4668,sales,117993,58,2,kwara,2020-03-07
4669,employee_4669,engineering,286696,51,0,osun,2021-02-09
4670,employee_4670,support,309926,48,3,abia,2020-09-19
4671,employee_4671,engineering,260977,45,0,kogi,2020-09-29
4672,employee_4672,marketing,227357,56,5,abia,2021-06-20
4673,employee_4673,marketing,200453,40,2,ogun,2020-05-19
4674,employee_4674,finance,228907,24,2,abia,2021-06-03
4675,employee_4675,marketing,261830,39,2,katsina,2021-05-29
4676,employee_4676,sales,343081,39,2,abuja,2020-06-25
4677,employee_4677,sales,222961,32,3,kogi,2021-03-07
4678,employee_4678,sales,174474,27,2,akure,2020-06-25
4679,employee_4679,finance,191490,26,5,enugu,2020-08-05
4680,employee_4680,HR,96463,26,1,kogi,2020-04-21
4681,employee_4681,marketing,266192,54,2,lagos,2021-02-04
4682,employee_4682,HR,206352,41,4,ogun,2020-12-15
4683,employee_4683,sales,307734,52,0,lagos,2020-10-22
4684,employee_4684,finance,247428,53,5,kwara,2020-07-06
4685,employee_4685,sales,173867,40,1,ibadan,2020-07-06
4686,employee_4686,HR,238515,60,1,kwara,2021-06-16
4687,employee_4687,support,298787,21,0,akure,2020-05-18
4688,employee_4688,finance,93038,34,3,kano,2021-05-02
4689,employee_4689,HR,221701,55,3,abuja,2021-06-02
4690,employee_4690,HR,101659,25,5,ibadan,2020-01-11
4691,employee_4691,support,337628,38,5,kwara,2021-04-23
4692,employee_4692,finance,131241,47,0,akure,2020-11-15
4693,employee_4693,sales,111238,31,0,imo,2021-01-19
4694,employee_4694,HR,297571,44,3,ogun,2020-07-15
4695,employee_4695,HR,146505,23,0,kogi,2020-04-07
4696,employee_4696,engineering,167000,48,4,osun,2020-12-19
4697,employee_4697,HR,296201,39,4,lagos,2020-06-21
4698,employee_4698,support,151805,35,5,akure,2020-06-12
4699,employee_4699,HR,217266,54,5,ibadan,2021-01-17
4700,employee_4700,marketing,277107,36,4,katsina,2021-06-12
4701,employee_4701,finance,255143,24,3,ibadan,2020-03-13
4702,employee_4702,sales,323793,28,2,akure,2020-11-27
4703,employee_4703,sales,103438,33,4,kogi,2020-02-22
4704,employee_4704,support,212972,51,5,akure,2020-04-29
4705,employee_4705,support,53548,39,1,ibadan,2020-05-20
4706,employee_4706,finance,341755,37,3,akure,2021-06-14
4707,employee_4707,marketing,159669,33,1,imo,2020-12-12
4708,employee_4708,sales,98464,49,3,kwara,2021-01-03
4709,employee_4709,HR,316227,38,4,osun,2020-10-03
4710,employee_4710,engineering,324343,38,5,enugu,2021-04-20
4711,employee_4711,HR,295819,60,3,kano,2021-06-07
4712,employee_4712,engineering,122801,52,3,abia,2020-03-16
4713,employee_4713,finance,50225,22,5,ibadan,2021-01-20
4714,employee_4714,finance,77545,54,3,osun,2020-04-12
4715,employee_4715,sales,173702,48,0,kwara,2021-06-21
4716,employee_4716,finance,285940,42,1,ibadan,2021-01-07
4717,employee_4717,HR,109981,45,2,kano,2020-02-05
4718,employee_4718,support,98902,28,5,kwara,2020-02-21
4719,employee_4719,marketing,138529,59,2,ibadan,2020-11-22
4720,employee_4720,HR,93936,26,5,kano,2020-04-25
4721,employee_4721,support,241195,57,2,imo,2021-03-08
4722,employee_4722,HR,148702,36,4,abuja,2021-04-29
4723,employee_4723,marketing,330584,37,1,enugu,2021-03-06
4724,employee_4724,marketing,73607,27,3,enugu,2020-01-27
4725,employee_4725,sales,77179,42,1,katsina,2021-04-23
4726,employee_4726,engineering,114767,59,5,katsina,2021-01-23
4727,employee_4727,HR,324108,47,5,akure,2020-03-05
4728,employee_4728,finance,163539,47,2,kogi,2020-07-07
4729,employee_4729,marketing,249770,57,0,akure,2020-11-15
4730,employee_4730,support,228581,32,0,osun,2020-02-11
4731,employee_4731,marketing,137214,46,3,abuja,2020-07-10
4732,employee_4732,finance,331570,38,0,ibadan,2021-05-21
4733,employee_4733,sales,80551,53,5,katsina,2020-01-28
4734,employee_4734,sales,179456,42,2,kogi,2020-02-19
4735,employee_4735,engineering,305752,58,3,abia,2020-09-17
4736,employee_4736,engineering,297040,48,4,akure,2021-01-26
4737,employee_4737,finance,185411,59,5,kano,2020-11-16
4738,employee_4738,finance,171019,36,2,kwara,2021-05-30
4739,employee_4739,sales,347689,41,2,kogi,2020-03-02
4740,employee_4740,engineering,115765,32,0,ogun,2021-03-29
4741,employee_4741,sales,193891,45,2,katsina,2020-03-11
4742,employee_4742,support,310928,44,5,osun,2020-12-12
4743,employee_4743,marketing,269634,29,5,ogun,2021-04-29
4744,employee_4744,finance,116934,34,1,ibadan,2020-05-05
4745,employee_4745,HR,336118,36,2,katsina,2021-04-26
4746,employee_4746,engineering,176438,50,2,kano,2021-02-05
4747,employee_4747,marketing,268530,53,2,enugu,2020-12-30
4748,employee_4748,HR,83992,45,5,osun,2020-04-16
4749,employee_4749,HR,187828,45,4,imo,2020-08-24
4750,employee_4750,HR,116871,51,3,kogi,2020-03-31
4751,employee_4751,sales,164147,60,4,ibadan,2021-06-20
4752,employee_4752,engineering,113146,50,1,imo,2020-06-01
4753,employee_4753,finance,111571,32,2,enugu,2020-11-08
4754,employee_4754,marketing,111996,43,1,kano,2020-11-11
4755,employee_4755,sales,77187,45,1,osun,2021-06-10
4756,employee_4756,engineering,324921,21,4,akure,2020-12-25
4757,employee_4757,finance,140136,23,3,lagos,2020-09-12
4758,employee_4758,marketing,257000,24,0,abia,2021-05-12
4759,employee_4759,marketing,185279,57,1,akure,2020-01-07
4760,employee_4760,sales,101382,52,3,kano,2020-07-28
4761,employee_4761,marketing,120167,23,3,akure,2020-03-15
4762,employee_4762,engineering,175679,40,4,imo,2021-03-16
4763,employee_4763,finance,286334,58,3,abia,2020-04-25
4764,employee_4764,engineering,177721,32,0,kano,2020-06-16
4765,employee_4765,finance,51574,27,3,katsina,2020-06-13
4766,employee_4766,marketing,93455,41,4,abia,2020-11-25
4767,employee_4767,support,211627,34,0,kano,2020-09-23
4768,employee_4768,support,263967,52,2,lagos,2020-01-05
4769,employee_4769,marketing,201312,21,2,katsina,2021-04-04
4770,employee_4770,marketing,102932,39,0,abuja,2021-01-18
4771,employee_4771,marketing,294882,35,3,lagos,2021-02-26
4772,employee_4772,support,171703,37,0,akure,2020-03-22
4773,employee_4773,HR,69096,23,2,enugu,2020-07-09
4774,employee_4774,HR,346415,44,1,kano,2021-04-08
4775,employee_4775,marketing,109816,53,1,katsina,2020-08-13
4776,employee_4776,engineering,264400,52,0,kogi,2020-05-20
4777,employee_4777,marketing,267663,56,0,ogun,2021-04-24
4778,employee_4778,finance,211346,56,0,ibadan,2020-10-28
4779,employee_4779,HR,179064,35,2,kano,2020-04-10
4780,employee_4780,finance,262606,24,1,katsina,2020-06-21
4781,employee_4781,finance,309929,40,3,kwara,2021-05-06
4782,employee_4782,marketing,119522,52,0,kwara,2020-12-24
4783,employee_4783,finance,87384,35,3,lagos,2020-08-01
4784,employee_4784,support,234264,58,3,osun,2021-04-13
4785,employee_4785,marketing,58479,56,3,kwara,2020-10-23
4786,employee_4786,engineering,290097,53,3,enugu,2020-08-17
4787,employee_4787,marketing,163043,48,4,katsina,2020-11-04
4788,employee_4788,support,222641,52,1,lagos,2020-05-14
4789,employee_4789,engineering,157970,41,1,abuja,2020-03-04
4790,employee_4790,finance,333310,27,0,ibadan,2021-03-03
4791,employee_4791,marketing,96679,36,4,imo,2020-08-20
4792,employee_4792,HR,88489,34,4,kogi,2020-07-22
4793,employee_4793,support,201511,57,1,katsina,2020-11-27
4794,employee_4794,support,120436,38,4,katsina,2021-05-14
4795,employee_4795,support,108574,23,2,abuja,2021-04-20
4796,employee_4796,sales,147749,56,2,abia,2020-04-17
4797,employee_4797,engineering,181063,21,0,kogi,2020-10-07
4798,employee_4798,engineering,190148,22,1,osun,2021-04-24
4799,employee_4799,support,259831,29,0,abuja,2021-06-24
4800,employee_4800,marketing,60634,48,4,lagos,2020-10-10
4801,employee_4801,HR,314125,58,0,abuja,2020-11-07
4802,employee_4802,support,318732,30,0,osun,2020-04-24
4803,employee_4803,HR,50041,45,1,ibadan,2020-10-21
4804,employee_4804,engineering,326896,41,0,abuja,2021-03-02
4805,employee_4805,sales,202905,26,2,lagos,2021-01-11
4806,employee_4806,sales,223076,45,4,abuja,2020-03-16
4807,employee_4807,support,169883,37,1,abuja,2020-12-12
4808,employee_4808,HR,146422,59,1,abuja,2020-09-22
4809,employee_4809,marketing,171810,59,1,abia,2021-06-13
4810,employee_4810,support,131119,31,1,akure,2021-02-15
4811,employee_4811,HR,195398,51,1,imo,2021-03-15
4812,employee_4812,HR,191621,49,0,osun,2020-08-27
4813,employee_4813,marketing,99566,47,2,kano,2021-03-30
4814,employee_4814,support,281827,33,0,kwara,2021-05-01
4815,employee_4815,support,120892,37,0,katsina,2021-02-09
4816,employee_4816,finance,325264,23,0,abia,2020-06-18
4817,employee_4817,support,236144,39,0,kogi,2020-10-02
4818,employee_4818,support,250153,50,3,akure,2020-03-07
4819,employee_4819,sales,126534,51,5,enugu,2020-11-16
4820,employee_4820,HR,132335,57,0,kano,2020-07-27
4821,employee_4821,support,251031,41,5,akure,2021-03-21
4822,employee_4822,finance,185531,27,2,osun,2020-07-19
4823,employee_4823,engineering,66357,25,5,akure,2020-01-02
4824,employee_4824,HR,343742,32,2,lagos,2020-08-31
4825,employee_4825,engineering,136071,29,5,kwara,2020-08-17
4826,employee_4826,finance,155571,45,2,ibadan,2021-01-13
4827,employee_4827,sales,272634,33,0,osun,2020-02-15
4828,employee_4828,sales,273554,57,2,kwara,2020-02-24
4829,employee_4829,support,200421,60,2,lagos,2021-02-04
4830,employee_4830,sales,208017,40,3,akure,2020-03-09
4831,employee_4831,finance,292785,27,3,ogun,2020-06-04
4832,employee_4832,support,171553,24,0,kano,2021-06-22
4833,employee_4833,marketing,156251,38,4,ogun,2020-05-09
4834,employee_4834,marketing,189895,39,2,akure,2020-02-12
4835,employee_4835,sales,212579,31,4,ogun,2021-06-11
4836,employee_4836,HR,335653,22,1,abia,2021-05-14
4837,employee_4837,marketing,193561,38,0,lagos,2020-01-11
4838,employee_4838,engineering,51925,42,3,kwara,2021-05-10
4839,employee_4839,sales,76422,35,5,kogi,2020-09-20
4840,employee_4840,marketing,247460,40,2,kano,2020-06-05
4841,employee_4841,engineering,261177,58,3,ogun,2021-06-19
4842,employee_4842,marketing,139051,53,3,osun,2021-05-13
4843,employee_4843,marketing,287930,58,1,ibadan,2021-05-27
4844,employee_4844,finance,276739,33,2,enugu,2020-05-08
4845,employee_4845,HR,154642,26,2,kano,2021-02-16
4846,employee_4846,engineering,238827,50,4,ibadan,2020-03-11
4847,employee_4847,finance,289720,41,4,abuja,2020-01-25
4848,employee_4848,engineering,90546,44,2,ibadan,2021-04-15
4849,employee_4849,finance,83288,32,2,akure,2021-05-17
4850,employee_4850,HR,299952,57,5,kwara,2020-10-01
4851,employee_4851,marketing,69885,24,1,imo,2020-01-05
4852,employee_4852,support,166781,31,4,enugu,2020-02-22
4853,employee_4853,sales,323902,57,3,abia,2020-03-10
4854,employee_4854,sales,326110,36,1,ogun,2020-05-16
4855,employee_4855,finance,80424,59,5,abuja,2021-01-12
4856,employee_4856,support,239146,49,1,kano,2020-07-01
4857,employee_4857,HR,146598,36,5,kano,2021-02-15
4858,employee_4858,engineering,97239,50,2,ibadan,2020-05-27
4859,employee_4859,sales,328318,54,1,kano,2020-03-02
4860,employee_4860,marketing,91951,29,2,kano,2020-08-01
4861,employee_4861,finance,339583,33,5,osun,2020-02-08
4862,employee_4862,support,269246,26,5,kwara,2020-10-04
4863,employee_4863,finance,262603,51,1,enugu,2021-06-07
4864,employee_4864,finance,301434,33,0,kano,2020-08-03
4865,employee_4865,support,202536,56,2,enugu,2021-03-28
4866,employee_4866,engineering,190855,46,3,katsina,2020-07-29
4867,employee_4867,support,75442,60,1,abuja,2020-09-05
4868,employee_4868,support,281973,23,0,kwara,2020-08-05
4869,employee_4869,HR,304707,37,0,imo,2020-07-17
4870,employee_4870,engineering,279104,58,2,ogun,2021-05-04
4871,employee_4871,finance,176754,37,0,kwara,2020-04-22
4872,employee_4872,finance,284217,48,5,imo,2021-01-15
4873,employee_4873,engineering,245976,24,1,abuja,2021-06-07
4874,employee_4874,sales,186699,42,4,kwara,2020-05-22
4875,employee_4875,engineering,208777,28,2,abuja,2021-05-01
4876,employee_4876,sales,179022,53,3,abuja,2020-01-28
4877,employee_4877,marketing,233533,40,0,ogun,2020-08-16
4878,employee_4878,engineering,152088,30,2,katsina,2021-01-13
4879,employee_4879,finance,223018,58,4,abia,2021-01-04
4880,employee_4880,HR,285454,32,0,imo,2020-11-28
4881,employee_4881,sales,58300,21,5,kogi,2020-10-27
4882,employee_4882,HR,51172,59,1,kano,2021-01-06
4883,employee_4883,marketing,307849,36,4,kogi,2021-04-19
4884,employee_4884,engineering,283698,26,0,kogi,2020-01-23
4885,employee_4885,engineering,94780,35,5,imo,2020-01-05
4886,employee_4886,HR,121178,31,1,ogun,2020-06-12
4887,employee_4887,HR,236022,40,1,katsina,2021-05-20
4888,employee_4888,support,186023,41,1,kogi,2020-12-09
4889,employee_4889,sales,69722,29,3,enugu,2020-11-15
4890,employee_4890,engineering,140279,26,3,katsina,2021-06-04
4891,employee_4891,HR,181543,41,4,kogi,2020-07-10
4892,employee_4892,HR,168948,60,5,enugu,2020-05-26
4893,employee_4893,finance,331774,37,1,osun,2021-03-13
4894,employee_4894,support,75914,59,4,kogi,2020-02-25
4895,employee_4895,sales,149750,58,0,lagos,2020-12-24
4896,employee_4896,engineering,235177,22,5,enugu,2020-03-12
4897,employee_4897,support,81331,54,0,kogi,2021-01-14
4898,employee_4898,HR,228992,57,5,ogun,2021-01-05
4899,employee_4899,support,83047,44,5,katsina,2020-06-07
4900,employee_4900,engineering,139468,56,1,ogun,2021-01-16
4901,employee_4901,HR,192699,30,5,ibadan,2020-12-05
4902,employee_4902,engineering,91979,41,1,abia,2020-01-15
4903,employee_4903,engineering,268552,37,4,kogi,2020-05-05
4904,employee_4904,support,214475,49,5,enugu,2020-08-04
4905,employee_4905,support,146981,38,3,abia,2021-02-13
4906,employee_4906,support,189408,59,1,kwara,2021-03-19
4907,employee_4907,HR,326898,60,5,osun,2021-02-25
4908,employee_4908,marketing,55686,27,1,abia,2021-03-07
4909,employee_4909,sales,348918,60,1,lagos,2020-02-04
4910,employee_4910,finance,213216,49,3,ibadan,2020-06-21
4911,employee_4911,support,200915,60,2,ibadan,2020-05-25
4912,employee_4912,support,344846,32,4,abuja,2021-06-10
4913,employee_4913,HR,131044,42,2,abuja,2020-06-11
4914,employee_4914,sales,257243,59,0,enugu,2020-07-05
4915,employee_4915,sales,132429,59,3,kano,2020-04-25
4916,employee_4916,HR,277409,60,5,lagos,2021-02-07
4917,employee_4917,sales,60123,31,1,osun,2021-02-15
4918,employee_4918,HR,88851,47,2,lagos,2020-04-29
4919,employee_4919,support,144706,38,0,ibadan,2020-01-11
4920,employee_4920,support,159508,40,0,enugu,2021-03-03
4921,employee_4921,engineering,305924,28,1,enugu,2021-05-03
4922,employee_4922,sales,163540,54,3,ibadan,2020-01-23
4923,employee_4923,finance,294158,22,2,kano,2020-02-14
4924,employee_4924,support,335017,48,3,abia,2020-10-31
4925,employee_4925,sales,328476,47,1,akure,2020-10-01
4926,employee_4926,HR,57184,25,1,kano,2021-01-31
4927,employee_4927,marketing,207771,28,2,katsina,2020-11-27
4928,employee_4928,finance,153926,28,4,enugu,2020-01-14
4929,employee_4929,support,231762,23,4,kwara,2020-06-15
4930,employee_4930,HR,84224,47,1,abia,2021-01-18
4931,employee_4931,marketing,166390,32,1,ibadan,2020-01-09
4932,employee_4932,support,322913,39,5,lagos,2021-05-24
4933,employee_4933,finance,154342,54,1,ibadan,2020-03-22
4934,employee_4934,sales,123431,36,1,akure,2020-05-16
4935,employee_4935,marketing,311979,38,2,lagos,2020-05-23
4936,employee_4936,marketing,108889,33,1,kano,2020-06-04
4937,employee_4937,sales,271763,22,1,osun,2020-07-03
4938,employee_4938,engineering,345017,27,3,imo,2020-11-30
4939,employee_4939,marketing,69830,45,2,katsina,2021-06-08
4940,employee_4940,finance,223888,25,1,osun,2021-06-03
4941,employee_4941,sales,261564,36,0,kwara,2020-01-31
4942,employee_4942,finance,316596,36,0,osun,2021-04-07
4943,employee_4943,sales,65174,39,3,katsina,2020-11-19
4944,employee_4944,engineering,311064,51,1,abia,2020-04-21
4945,employee_4945,marketing,331209,42,4,katsina,2021-04-24
4946,employee_4946,sales,239678,36,1,akure,2020-09-20
4947,employee_4947,support,73343,57,2,ogun,2020-09-06
4948,employee_4948,HR,138910,38,5,ogun,2020-09-10
4949,employee_4949,HR,221662,22,3,osun,2021-06-22
4950,employee_4950,finance,209370,36,1,abia,2021-06-13
4951,employee_4951,marketing,60513,31,2,ibadan,2021-05-25
4952,employee_4952,support,96884,32,3,kwara,2020-01-05
4953,employee_4953,sales,248005,37,2,kwara,2021-01-08
4954,employee_4954,support,263207,51,4,abia,2021-01-20
4955,employee_4955,marketing,139472,46,5,kwara,2020-12-31
4956,employee_4956,support,215680,28,1,enugu,2020-02-24
4957,employee_4957,support,99970,27,4,abia,2020-07-27
4958,employee_4958,sales,79352,46,1,imo,2021-05-23
4959,employee_4959,engineering,218028,42,2,akure,2021-02-23
4960,employee_4960,support,226580,27,2,ibadan,2020-04-01
4961,employee_4961,finance,142230,35,5,kwara,2021-03-04
4962,employee_4962,engineering,210400,41,0,osun,2020-11-08
4963,employee_4963,engineering,167836,56,1,kano,2020-12-29
4964,employee_4964,marketing,83706,38,5,lagos,2020-03-27
4965,employee_4965,support,54813,27,5,abuja,2020-01-26
4966,employee_4966,finance,68212,40,5,ibadan,2020-06-23
4967,employee_4967,support,334567,27,3,ibadan,2020-11-20
4968,employee_4968,marketing,68324,54,0,lagos,2021-02-10
4969,employee_4969,support,168736,42,2,abuja,2021-05-17
4970,employee_4970,HR,259106,33,2,abia,2020-10-06
4971,employee_4971,finance,216945,47,2,kwara,2020-06-11
4972,employee_4972,finance,309047,47,4,kano,2020-11-19
4973,employee_4973,marketing,182802,43,4,enugu,2020-05-16
4974,employee_4974,HR,75139,44,0,abuja,2020-03-28
4975,employee_4975,sales,61362,22,1,kogi,2021-06-14
4976,employee_4976,finance,278777,51,3,enugu,2021-03-19
4977,employee_4977,support,113623,58,1,lagos,2020-05-15
4978,employee_4978,marketing,294296,46,1,enugu,2021-04-02
4979,employee_4979,finance,232018,44,5,imo,2021-03-29
4980,employee_4980,marketing,205801,35,0,ogun,2020-07-12
4981,employee_4981,sales,250318,49,0,abuja,2021-02-13
4982,employee_4982,HR,237824,33,2,kano,2020-05-18
4983,employee_4983,marketing,169065,56,3,kano,2020-03-24
4984,employee_4984,marketing,299734,58,1,ogun,2021-04-23
4985,employee_4985,finance,180933,50,5,kano,2021-05-04
4986,employee_4986,finance,101789,34,0,imo,2020-11-30
4987,employee_4987,marketing,248864,30,0,enugu,2020-03-15
4988,employee_4988,HR,324899,57,2,enugu,2021-04-22
4989,employee_4989,support,340398,42,2,ogun,2020-02-23
4990,employee_4990,sales,186389,43,1,osun,2020-08-05
4991,employee_4991,finance,94432,27,1,katsina,2021-02-21
4992,employee_4992,finance,263143,32,5,kwara,2020-11-27
4993,employee_4993,engineering,246750,57,3,enugu,2020-06-08
4994,employee_4994,support,53216,46,2,enugu,2020-11-10
4995,employee_4995,engineering,228525,44,5,lagos,2020-08-17
4996,employee_4996,sales,215475,21,0,abia,2021-02-23
4997,employee_4997,engineering,219296,44,3,abia,2020-02-14
4998,employee_4998,finance,301878,53,3,ogun,2020-03-05
4999,employee_4999,HR,171722,51,5,abia,2020-06-29
5000,employee_5000,marketing,295833,36,2,enugu,2021-02-14
5001,employee_5001,marketing,237574,48,2,kano,2021-02-27
5002,employee_5002,finance,161159,60,4,ogun,2020-03-03
5003,employee_5003,marketing,213963,39,3,abuja,2021-05-23
5004,employee_5004,support,279901,37,5,abuja,2021-03-08
5005,employee_5005,marketing,271494,52,2,abia,2020-10-11
5006,employee_5006,marketing,346277,60,3,abuja,2020-12-10
5007,employee_5007,engineering,276628,21,0,kwara,2020-01-13
5008,employee_5008,finance,198989,34,2,abia,2020-08-21
5009,employee_5009,finance,105594,21,0,kogi,2021-04-27
5010,employee_5010,engineering,284109,48,0,katsina,2020-09-28
5011,employee_5011,finance,166444,22,0,ogun,2021-04-14
5012,employee_5012,support,149247,38,0,akure,2020-06-07
5013,employee_5013,sales,194834,30,5,abuja,2020-05-24
5014,employee_5014,marketing,113666,36,1,lagos,2020-10-30
5015,employee_5015,HR,325599,24,0,imo,2020-02-26
5016,employee_5016,marketing,307692,43,1,enugu,2020-10-31
5017,employee_5017,engineering,141236,47,0,lagos,2020-06-14
5018,employee_5018,sales,280363,38,2,ogun,2021-06-09
5019,employee_5019,sales,88596,54,4,ogun,2020-09-20
5020,employee_5020,HR,65425,45,1,ibadan,2021-04-12
5021,employee_5021,marketing,118085,22,1,imo,2020-05-26
5022,employee_5022,finance,152213,48,2,imo,2020-11-21
5023,employee_5023,HR,131285,22,2,katsina,2020-10-20
5024,employee_5024,marketing,82584,35,0,kano,2020-12-27
5025,employee_5025,engineering,230413,50,0,kogi,2020-03-05
5026,employee_5026,marketing,227783,40,3,enugu,2020-06-04
5027,employee_5027,HR,57901,39,2,abuja,2021-01-10
5028,employee_5028,support,69529,49,0,imo,2020-03-20
5029,employee_5029,HR,313678,33,5,ogun,2020-12-19
5030,employee_5030,engineering,186441,48,1,akure,2020-10-24
5031,employee_5031,sales,259563,44,4,ibadan,2020-11-26
5032,employee_5032,finance,290179,47,1,lagos,2021-03-11
5033,employee_5033,marketing,171250,39,4,kogi,2021-05-11
5034,employee_5034,HR,288879,22,5,kano,2020-04-21
5035,employee_5035,support,300314,46,0,enugu,2020-09-22
5036,employee_5036,HR,122581,47,2,abia,2020-03-26
5037,employee_5037,sales,133754,32,2,akure,2020-05-02
5038,employee_5038,finance,233293,56,4,akure,2020-01-23
5039,employee_5039,engineering,334482,32,4,osun,2020-01-16
5040,employee_5040,marketing,98644,21,0,lagos,2020-06-23
5041,employee_5041,sales,178631,58,5,lagos,2020-01-14
5042,employee_5042,support,103559,59,4,lagos,2021-04-03
5043,employee_5043,support,172160,57,2,kwara,2020-09-10
5044,employee_5044,finance,50198,34,4,lagos,2021-03-09
5045,employee_5045,support,50452,49,5,enugu,2020-03-08
5046,employee_5046,marketing,292082,32,4,enugu,2020-02-18
5047,employee_5047,HR,186219,41,0,ogun,2021-01-16
5048,employee_5048,marketing,314182,31,5,lagos,2020-06-24
5049,employee_5049,finance,182202,46,5,imo,2020-10-18
5050,employee_5050,support,158797,60,5,imo,2021-04-27
5051,employee_5051,finance,144712,30,2,enugu,2021-05-18
5052,employee_5052,marketing,317681,35,0,ibadan,2020-05-14
5053,employee_5053,engineering,193897,41,1,kwara,2020-06-13
5054,employee_5054,HR,175786,31,0,katsina,2020-02-07
5055,employee_5055,engineering,164505,56,3,ogun,2021-06-10
5056,employee_5056,HR,121625,46,3,kano,2020-09-09
5057,employee_5057,finance,270230,27,0,osun,2020-10-21
5058,employee_5058,HR,265294,27,2,enugu,2020-12-01
5059,employee_5059,sales,122266,58,3,kwara,2020-06-02
5060,employee_5060,HR,237353,42,1,abuja,2020-09-20
5061,employee_5061,finance,211428,45,4,lagos,2020-11-02
5062,employee_5062,marketing,325524,33,2,kogi,2020-07-23
5063,employee_5063,finance,306203,27,3,kwara,2021-06-23
5064,employee_5064,engineering,105793,51,3,abuja,2020-02-29
5065,employee_5065,marketing,276487,59,3,akure,2020-09-23
5066,employee_5066,engineering,257408,44,0,lagos,2020-05-29
5067,employee_5067,HR,243926,46,5,ibadan,2020-03-26
5068,employee_5068,finance,67686,51,3,abuja,2020-09-15
5069,employee_5069,HR,92655,22,2,ibadan,2020-09-07
5070,employee_5070,finance,95004,33,3,abuja,2021-06-03
5071,employee_5071,HR,186812,58,5,enugu,2020-06-01
5072,employee_5072,HR,103453,24,5,kwara,2020-02-13
5073,employee_5073,sales,283866,55,2,ogun,2021-06-03
5074,employee_5074,finance,94908,60,1,kwara,2020-06-01
5075,employee_5075,engineering,292249,48,4,kogi,2020-02-29
5076,employee_5076,HR,328532,36,2,enugu,2021-06-21
5077,employee_5077,sales,128130,47,2,kogi,2020-03-26
5078,employee_5078,support,257734,28,2,ogun,2020-02-23
5079,employee_5079,engineering,329034,47,0,akure,2020-01-14
5080,employee_5080,HR,221445,23,5,imo,2020-01-14
5081,employee_5081,support,311530,55,3,abuja,2020-04-08
5082,employee_5082,support,183718,22,5,enugu,2021-03-17
5083,employee_5083,sales,60643,35,2,ogun,2021-04-20
5084,employee_5084,engineering,67880,53,1,kogi,2020-07-14
5085,employee_5085,sales,207366,47,2,kogi,2020-06-04
5086,employee_5086,HR,232146,23,5,enugu,2020-09-23
5087,employee_5087,sales,278271,31,0,osun,2020-09-05
5088,employee_5088,support,334859,34,5,ogun,2020-11-22
5089,employee_5089,marketing,170335,21,0,kogi,2021-06-03
5090,employee_5090,finance,346368,49,0,enugu,2020-03-08
5091,employee_5091,marketing,117296,44,3,akure,2020-05-02
5092,employee_5092,engineering,290038,25,2,ibadan,2020-01-26
5093,employee_5093,HR,199656,32,4,enugu,2020-11-22
5094,employee_5094,support,262139,49,1,abia,2020-04-25
5095,employee_5095,support,105795,24,0,enugu,2021-01-28
5096,employee_5096,sales,51276,32,3,osun,2020-04-03
5097,employee_5097,support,119623,47,0,akure,2020-10-10
5098,employee_5098,engineering,319084,44,3,osun,2020-03-25
5099,employee_5099,engineering,170229,58,1,ibadan,2020-05-04
5100,employee_5100,engineering,80933,36,1,ibadan,2020-12-14
5101,employee_5101,HR,149065,28,5,enugu,2020-11-13
5102,employee_5102,support,118015,30,0,kogi,2021-01-05
5103,employee_5103,marketing,312668,27,0,akure,2021-05-03
5104,employee_5104,marketing,97129,33,3,ogun,2021-03-30
5105,employee_5105,support,323804,59,2,katsina,2021-03-29
5106,employee_5106,marketing,126230,55,0,kogi,2020-09-03
5107,employee_5107,marketing,250355,55,1,ibadan,2021-06-18
5108,employee_5108,engineering,308051,32,4,enugu,2020-04-16
5109,employee_5109,HR,85514,26,5,akure,2021-06-11
5110,employee_5110,HR,221831,24,4,ibadan,2020-08-05
5111,employee_5111,finance,146451,26,5,abuja,2020-06-12
5112,employee_5112,engineering,336420,32,4,kwara,2020-06-21
5113,employee_5113,marketing,99547,37,2,ibadan,2021-04-24
5114,employee_5114,engineering,217822,39,1,katsina,2020-06-30
5115,employee_5115,engineering,130659,41,4,abia,2021-01-02
5116,employee_5116,support,203831,33,1,abia,2020-10-09
5117,employee_5117,finance,162857,60,1,kano,2020-03-02
5118,employee_5118,sales,319714,28,0,akure,2020-01-31
5119,employee_5119,marketing,342171,59,5,ibadan,2020-02-23
5120,employee_5120,support,333428,26,3,ogun,2021-04-17
5121,employee_5121,HR,177962,34,3,osun,2020-09-07
5122,employee_5122,finance,102352,23,3,katsina,2021-06-09
5123,employee_5123,finance,82996,41,1,ibadan,2020-08-05
5124,employee_5124,finance,272416,51,4,ibadan,2020-03-14
5125,employee_5125,finance,200857,21,4,ibadan,2021-03-04
5126,employee_5126,engineering,282985,38,2,akure,2021-02-23
5127,employee_5127,HR,306218,56,0,abuja,2021-06-16
5128,employee_5128,sales,101001,41,0,katsina,2020-01-09
5129,employee_5129,engineering,257638,33,2,lagos,2021-03-04
5130,employee_5130,engineering,141651,58,4,kano,2021-01-21
5131,employee_5131,HR,169481,45,0,kwara,2020-04-23
5132,employee_5132,finance,280208,58,3,enugu,2021-02-20
5133,employee_5133,finance,119085,33,3,kwara,2021-05-28
5134,employee_5134,finance,69391,49,4,abia,2020-01-31
5135,employee_5135,support,211271,50,2,akure,2020-06-09
5136,employee_5136,HR,54986,36,1,abia,2020-11-16
5137,employee_5137,support,60468,27,1,katsina,2020-06-20
5138,employee_5138,marketing,52963,24,0,imo,2020-04-29
5139,employee_5139,support,135177,38,4,katsina,2020-10-13
5140,employee_5140,engineering,235933,53,1,kano,2020-03-26
5141,employee_5141,HR,93957,44,0,abuja,2020-02-14
5142,employee_5142,marketing,333353,21,5,osun,2020-12-17
5143,employee_5143,engineering,253367,47,2,osun,2020-08-19
5144,employee_5144,finance,257470,27,5,ibadan,2020-02-29
5145,employee_5145,engineering,337566,27,2,ogun,2020-12-24
5146,employee_5146,HR,339051,46,0,kogi,2020-06-08
5147,employee_5147,engineering,303498,40,2,enugu,2020-01-17
5148,employee_5148,sales,181858,59,5,abia,2020-12-06
5149,employee_5149,HR,122793,39,4,osun,2020-09-27
5150,employee_5150,support,336235,58,3,kogi,2020-08-22
5151,employee_5151,marketing,113361,45,0,lagos,2021-04-04
5152,employee_5152,sales,348239,39,0,abia,2021-03-04
5153,employee_5153,finance,342565,50,0,abia,2020-03-15
5154,employee_5154,finance,116072,60,2,lagos,2021-03-03
5155,employee_5155,HR,226207,40,0,ogun,2021-03-19
5156,employee_5156,sales,325648,42,1,lagos,2020-10-10
5157,employee_5157,finance,214572,45,3,imo,2020-12-19
5158,employee_5158,support,318994,25,4,ogun,2021-02-17
5159,employee_5159,HR,121285,40,5,katsina,2020-07-22
5160,employee_5160,finance,54587,55,5,akure,2020-04-01
5161,employee_5161,engineering,116624,50,2,kwara,2020-04-12
5162,employee_5162,sales,124768,47,5,imo,2021-01-11
5163,employee_5163,HR,62943,42,3,ogun,2021-02-27
5164,employee_5164,engineering,224848,57,4,osun,2020-07-17
5165,employee_5165,HR,83728,57,3,imo,2020-10-05
5166,employee_5166,sales,246470,46,1,ogun,2020-05-31
5167,employee_5167,finance,264372,59,0,kano,2021-06-22
5168,employee_5168,sales,256332,26,5,osun,2021-03-25
5169,employee_5169,support,266587,55,0,katsina,2021-06-02
5170,employee_5170,marketing,111072,22,1,ogun,2020-02-10
5171,employee_5171,marketing,311840,40,0,kano,2020-08-26
5172,employee_5172,sales,224490,22,0,abia,2020-09-12
5173,employee_5173,engineering,61030,55,2,enugu,2020-06-11
5174,employee_5174,finance,324608,38,1,kano,2020-01-20
5175,employee_5175,marketing,247710,43,1,imo,2020-02-24
5176,employee_5176,sales,311289,39,4,kogi,2020-02-19
5177,employee_5177,HR,235347,47,1,enugu,2021-06-04
5178,employee_5178,engineering,97094,45,4,lagos,2021-03-24
5179,employee_5179,HR,281559,36,1,ogun,2021-05-27
5180,employee_5180,finance,245359,52,3,osun,2021-05-02
5181,employee_5181,finance,341472,37,5,lagos,2021-06-18
5182,employee_5182,finance,136441,32,4,kogi,2020-03-29
5183,employee_5183,marketing,326792,29,3,kano,2021-02-22
5184,employee_5184,engineering,247882,42,3,kogi,2021-06-05
5185,employee_5185,HR,278744,51,1,kwara,2020-07-01
5186,employee_5186,finance,104823,60,3,kwara,2021-02-16
5187,employee_5187,marketing,72663,37,1,kwara,2021-05-16
5188,employee_5188,marketing,134832,41,4,kwara,2021-02-08
5189,employee_5189,sales,130993,39,0,osun,2021-01-01
5190,employee_5190,finance,114851,44,3,abuja,2021-05-01
5191,employee_5191,sales,139287,46,4,kogi,2021-04-18
5192,employee_5192,HR,330155,57,1,akure,2021-05-12
5193,employee_5193,sales,232471,42,2,abuja,2020-09-26
5194,employee_5194,sales,239255,59,4,kwara,2020-08-22
5195,employee_5195,engineering,190825,33,0,osun,2020-12-19
5196,employee_5196,HR,132993,27,4,osun,2020-08-30
5197,employee_5197,engineering,240332,36,0,akure,2021-06-07
5198,employee_5198,support,249535,44,2,kwara,2020-08-01
5199,employee_5199,HR,313814,56,0,kogi,2021-05-26
5200,employee_5200,engineering,104380,52,2,kano,2021-01-07
5201,employee_5201,engineering,319158,48,4,enugu,2020-12-02
5202,employee_5202,support,265655,45,5,enugu,2020-04-13
5203,employee_5203,sales,241085,29,2,ogun,2020-02-16
5204,employee_5204,marketing,289548,43,4,kogi,2020-04-20
5205,employee_5205,HR,345513,35,2,enugu,2020-09-23
5206,employee_5206,support,240857,23,0,ibadan,2020-11-09
5207,employee_5207,engineering,332872,43,5,lagos,2020-01-10
5208,employee_5208,support,274970,23,1,lagos,2021-05-25
5209,employee_5209,support,322276,40,1,imo,2021-01-20
5210,employee_5210,HR,194976,54,3,abuja,2020-11-26
5211,employee_5211,support,274617,41,4,kwara,2021-04-29
5212,employee_5212,marketing,151201,39,0,ogun,2020-09-19
5213,employee_5213,marketing,256329,59,5,katsina,2020-09-27
5214,employee_5214,engineering,154760,51,0,enugu,2021-06-18
5215,employee_5215,sales,65085,35,5,katsina,2020-02-22
5216,employee_5216,engineering,196612,25,0,kwara,2020-06-02
5217,employee_5217,sales,79610,48,5,lagos,2021-02-01
5218,employee_5218,marketing,137628,26,3,osun,2021-03-27
5219,employee_5219,sales,193308,46,3,lagos,2020-12-17
5220,employee_5220,sales,206451,31,0,akure,2020-02-03
5221,employee_5221,support,82091,55,0,lagos,2020-02-07
5222,employee_5222,engineering,327010,30,3,lagos,2021-02-12
5223,employee_5223,HR,82614,28,0,osun,2020-01-09
5224,employee_5224,sales,331074,56,3,lagos,2020-02-11
5225,employee_5225,marketing,78390,40,1,katsina,2020-06-02
5226,employee_5226,sales,266892,35,5,ibadan,2020-12-23
5227,employee_5227,sales,211839,42,0,ogun,2020-09-28
5228,employee_5228,engineering,300985,58,5,ibadan,2020-05-30
5229,employee_5229,support,234118,59,1,kano,2020-01-16
5230,employee_5230,HR,82818,35,4,ogun,2020-11-30
5231,employee_5231,HR,63612,51,3,ibadan,2020-09-11
5232,employee_5232,finance,347716,34,1,akure,2021-03-06
5233,employee_5233,engineering,317209,33,5,enugu,2020-02-10
5234,employee_5234,engineering,229708,50,3,ibadan,2020-11-14
5235,employee_5235,engineering,271182,48,1,abuja,2020-10-20
5236,employee_5236,support,220706,57,4,ibadan,2021-06-13
5237,employee_5237,support,191143,51,5,abuja,2021-03-12
5238,employee_5238,support,167138,47,5,abuja,2021-05-20
5239,employee_5239,support,218802,45,4,kano,2021-02-13
5240,employee_5240,marketing,83561,37,5,abuja,2021-01-09
5241,employee_5241,finance,65479,26,5,ibadan,2020-12-09
5242,employee_5242,sales,57274,21,2,ogun,2020-01-17
5243,employee_5243,engineering,304358,33,5,katsina,2021-04-13
5244,employee_5244,finance,97512,27,5,kano,2021-06-23
5245,employee_5245,support,270639,25,1,abuja,2021-06-18
5246,employee_5246,marketing,160181,60,2,akure,2021-04-03
5247,employee_5247,engineering,97419,47,0,abuja,2021-03-13
5248,employee_5248,engineering,244024,57,2,kano,2020-12-21
5249,employee_5249,support,180878,41,1,akure,2020-08-30
5250,employee_5250,sales,57198,60,2,kano,2020-01-30
5251,employee_5251,support,253476,43,4,osun,2020-11-27
5252,employee_5252,support,196966,38,0,kwara,2020-01-13
5253,employee_5253,support,216195,56,4,kano,2021-06-14
5254,employee_5254,HR,110451,42,2,imo,2021-03-12
5255,employee_5255,HR,56073,53,1,osun,2021-05-05
5256,employee_5256,sales,121681,42,0,kwara,2021-05-27
5257,employee_5257,HR,151407,56,5,osun,2020-12-09
5258,employee_5258,HR,208266,58,0,lagos,2020-07-01
5259,employee_5259,sales,167854,59,4,abia,2021-03-03
5260,employee_5260,finance,164884,44,2,ibadan,2021-05-12
5261,employee_5261,engineering,284589,42,2,ibadan,2021-01-05
5262,employee_5262,HR,329632,55,1,kano,2020-09-03
5263,employee_5263,support,192348,22,4,abuja,2021-04-01
5264,employee_5264,engineering,313389,57,2,enugu,2020-11-08
5265,employee_5265,HR,325868,30,3,enugu,2020-06-02
5266,employee_5266,marketing,133382,49,2,osun,2021-06-15
5267,employee_5267,sales,247328,54,0,enugu,2020-03-11
5268,employee_5268,engineering,236645,28,5,katsina,2020-04-21
5269,employee_5269,finance,279071,58,1,osun,2020-08-12
5270,employee_5270,HR,312458,45,5,ogun,2020-08-09
5271,employee_5271,finance,237721,53,3,kano,2020-08-17
5272,employee_5272,sales,180061,45,1,kwara,2020-12-05
5273,employee_5273,support,313520,39,5,imo,2020-03-16
5274,employee_5274,engineering,185262,44,3,akure,2021-06-24
5275,employee_5275,support,290715,35,4,kogi,2021-06-22
5276,employee_5276,engineering,242424,24,5,enugu,2020-11-04
5277,employee_5277,finance,100542,28,2,kano,2020-10-27
5278,employee_5278,sales,88977,54,5,enugu,2020-03-27
5279,employee_5279,engineering,70226,22,1,lagos,2020-02-23
5280,employee_5280,HR,228756,29,5,enugu,2020-11-28
5281,employee_5281,engineering,293162,32,4,kogi,2020-08-15
5282,employee_5282,HR,196434,60,2,imo,2021-05-19
5283,employee_5283,support,314572,36,3,imo,2020-02-08
5284,employee_5284,support,71880,30,4,kwara,2020-11-06
5285,employee_5285,support,243443,43,5,kwara,2020-07-07
5286,employee_5286,marketing,87080,39,3,ogun,2020-04-13
5287,employee_5287,sales,137816,51,0,abuja,2020-04-29
5288,employee_5288,HR,319542,56,3,imo,2020-05-08
5289,employee_5289,engineering,304004,29,5,kwara,2020-09-08
5290,employee_5290,sales,51075,48,4,kogi,2021-03-08
5291,employee_5291,marketing,314956,38,2,kwara,2021-05-19
5292,employee_5292,marketing,200884,60,1,abuja,2021-04-07
5293,employee_5293,HR,153653,29,1,lagos,2021-02-21
5294,employee_5294,HR,196143,56,0,enugu,2020-06-13
5295,employee_5295,sales,199045,34,2,kwara,2021-01-07
5296,employee_5296,sales,349198,34,1,kwara,2021-05-15
5297,employee_5297,support,189252,36,2,kano,2020-02-23
5298,employee_5298,finance,58815,31,2,lagos,2020-01-06
5299,employee_5299,finance,71523,56,5,katsina,2020-10-18
5300,employee_5300,finance,79803,33,3,imo,2020-08-26
5301,employee_5301,finance,56482,59,1,ogun,2021-01-28
5302,employee_5302,marketing,140463,42,5,ogun,2020-06-14
5303,employee_5303,sales,85611,51,2,abuja,2021-01-10
5304,employee_5304,finance,95541,54,4,ogun,2020-05-19
5305,employee_5305,support,143198,53,3,lagos,2020-02-26
5306,employee_5306,HR,85554,34,3,imo,2020-03-31
5307,employee_5307,HR,347824,31,1,kano,2020-08-09
5308,employee_5308,marketing,314698,49,5,ibadan,2020-10-23
5309,employee_5309,finance,99735,31,1,enugu,2021-03-06
5310,employee_5310,support,51385,49,4,kogi,2021-03-15
5311,employee_5311,engineering,284366,46,2,ibadan,2020-05-10
5312,employee_5312,engineering,287952,23,3,enugu,2020-04-15
5313,employee_5313,HR,244311,57,4,kano,2020-08-28
5314,employee_5314,HR,96151,32,4,osun,2021-05-27
5315,employee_5315,finance,111300,26,4,abia,2021-03-16
5316,employee_5316,support,51442,43,2,kano,2020-07-23
5317,employee_5317,engineering,102992,31,3,kano,2020-12-27
5318,employee_5318,sales,191880,53,4,ibadan,2021-02-08
5319,employee_5319,sales,309114,40,3,abia,2020-11-29
5320,employee_5320,finance,62638,44,3,akure,2020-03-05
5321,employee_5321,marketing,189856,35,2,kano,2020-12-10
5322,employee_5322,finance,312816,30,5,akure,2020-01-10
5323,employee_5323,marketing,241086,25,0,akure,2020-11-09
5324,employee_5324,marketing,189089,49,5,akure,2020-01-09
5325,employee_5325,support,205273,48,2,katsina,2020-09-19
5326,employee_5326,HR,228761,40,5,kano,2020-06-03
5327,employee_5327,marketing,344436,22,5,katsina,2020-06-05
5328,employee_5328,sales,51499,31,4,enugu,2020-10-23
5329,employee_5329,marketing,62762,41,3,osun,2021-03-10
5330,employee_5330,support,340750,49,5,katsina,2020-07-31
5331,employee_5331,finance,135480,23,0,kwara,2021-04-10
5332,employee_5332,sales,97121,26,0,ogun,2021-04-02
5333,employee_5333,sales,155023,23,1,kwara,2021-03-08
5334,employee_5334,sales,230245,36,2,abia,2020-03-19
5335,employee_5335,marketing,338158,43,3,osun,2020-04-19
5336,employee_5336,support,282307,31,0,ibadan,2021-06-16
5337,employee_5337,sales,341982,55,1,ogun,2020-08-29
5338,employee_5338,marketing,237330,43,0,ogun,2020-12-19
5339,employee_5339,engineering,65289,58,1,ibadan,2021-02-17
5340,employee_5340,sales,279747,36,0,kwara,2020-01-07
5341,employee_5341,finance,334668,21,4,abuja,2020-06-25
5342,employee_5342,support,303992,29,3,abia,2020-10-11
5343,employee_5343,sales,57386,23,0,imo,2020-05-04
5344,employee_5344,engineering,241701,48,3,katsina,2020-05-03
5345,employee_5345,support,84147,22,5,kwara,2020-09-30
5346,employee_5346,marketing,244121,42,3,abia,2020-07-15
5347,employee_5347,marketing,167583,54,0,kano,2020-09-13
5348,employee_5348,engineering,104541,39,3,kogi,2021-01-30
5349,employee_5349,marketing,258812,38,4,ibadan,2021-03-17
5350,employee_5350,engineering,223928,60,0,lagos,2020-04-26
5351,employee_5351,finance,217801,31,4,enugu,2020-04-14
5352,employee_5352,sales,156360,21,2,katsina,2020-04-10
5353,employee_5353,engineering,149567,53,3,akure,2020-01-08
5354,employee_5354,marketing,150146,25,5,lagos,2021-02-24
5355,employee_5355,support,105001,51,1,akure,2020-12-19
5356,employee_5356,support,306573,28,3,enugu,2021-03-28
5357,employee_5357,HR,109524,48,3,ibadan,2020-03-01
5358,employee_5358,engineering,253866,32,2,osun,2020-12-16
5359,employee_5359,HR,183905,44,2,enugu,2021-04-29
5360,employee_5360,HR,330022,22,4,osun,2020-07-18
5361,employee_5361,sales,131184,41,4,akure,2021-03-15
5362,employee_5362,engineering,255377,55,4,kwara,2020-07-24
5363,employee_5363,sales,215557,22,0,ibadan,2020-05-07
5364,employee_5364,support,74118,31,3,lagos,2020-09-01
5365,employee_5365,sales,195100,46,2,abia,2021-05-02
5366,employee_5366,sales,85451,23,2,kano,2021-05-25
5367,employee_5367,HR,149375,52,2,ibadan,2020-07-20
5368,employee_5368,finance,210368,51,3,kwara,2020-02-27
5369,employee_5369,engineering,217353,32,3,ogun,2020-01-12
5370,employee_5370,sales,205592,55,3,osun,2020-08-09
5371,employee_5371,finance,319588,54,1,osun,2021-05-11
5372,employee_5372,support,339391,38,3,osun,2020-04-24
5373,employee_5373,support,261639,46,2,osun,2020-03-23
5374,employee_5374,finance,207984,37,2,lagos,2020-08-19
5375,employee_5375,HR,152730,28,1,ibadan,2021-06-06
5376,employee_5376,support,346914,28,2,kano,2021-05-15
5377,employee_5377,finance,117234,42,4,osun,2020-04-15
5378,employee_5378,finance,249230,41,2,akure,2020-06-03
5379,employee_5379,sales,163760,50,5,kano,2020-01-24
5380,employee_5380,finance,109980,48,4,imo,2020-07-24
5381,employee_5381,marketing,189876,31,2,abuja,2021-06-20
5382,employee_5382,finance,59451,39,4,osun,2020-03-01
5383,employee_5383,engineering,253188,22,3,enugu,2020-01-14
5384,employee_5384,marketing,309174,46,1,ibadan,2020-02-01
5385,employee_5385,marketing,116818,56,1,katsina,2020-02-23
5386,employee_5386,engineering,145788,51,1,katsina,2021-06-17
5387,employee_5387,finance,130314,56,4,kano,2020-11-20
5388,employee_5388,sales,62955,30,5,kogi,2021-05-23
5389,employee_5389,HR,85075,55,1,akure,2021-05-16
5390,employee_5390,engineering,238711,49,3,katsina,2020-05-05
5391,employee_5391,sales,222376,36,3,katsina,2021-03-31
5392,employee_5392,marketing,250559,59,0,katsina,2021-02-06
5393,employee_5393,engineering,326017,38,1,osun,2021-02-22
5394,employee_5394,marketing,136949,31,4,kwara,2020-07-11
5395,employee_5395,HR,265861,58,0,osun,2020-12-10
5396,employee_5396,sales,106599,51,4,katsina,2020-01-11
5397,employee_5397,engineering,151787,22,5,akure,2021-01-23
5398,employee_5398,finance,181852,26,2,kwara,2021-02-17
5399,employee_5399,marketing,304360,40,4,kano,2021-04-09
5400,employee_5400,finance,331113,34,5,ogun,2020-07-15
5401,employee_5401,engineering,336346,36,5,osun,2020-01-19
5402,employee_5402,support,118021,26,2,abia,2021-05-18
5403,employee_5403,HR,131021,21,4,katsina,2021-02-24
5404,employee_5404,engineering,247914,32,1,kwara,2021-04-25
5405,employee_5405,marketing,201515,51,1,abuja,2020-03-06
5406,employee_5406,engineering,314847,29,0,ibadan,2021-06-17
5407,employee_5407,engineering,263082,27,0,katsina,2020-09-12
5408,employee_5408,sales,140477,56,4,ogun,2021-01-13
5409,employee_5409,sales,82591,27,2,kwara,2021-02-21
5410,employee_5410,sales,106644,57,3,akure,2020-06-12
5411,employee_5411,support,276937,36,5,lagos,2020-06-18
5412,employee_5412,support,263102,47,4,kwara,2020-02-17
5413,employee_5413,HR,122703,49,5,katsina,2021-02-20
5414,employee_5414,sales,251490,32,4,lagos,2020-03-10
5415,employee_5415,HR,289367,39,0,kano,2020-08-02
5416,employee_5416,support,87469,49,2,ogun,2021-01-22
5417,employee_5417,sales,161884,42,0,ogun,2020-06-28
5418,employee_5418,HR,55199,38,3,ogun,2020-08-13
5419,employee_5419,engineering,99879,58,1,ibadan,2020-01-29
5420,employee_5420,sales,196617,53,4,kano,2020-10-11
5421,employee_5421,engineering,336916,34,5,katsina,2020-12-27
5422,employee_5422,sales,294995,30,0,enugu,2020-03-05
5423,employee_5423,support,59677,27,2,abia,2021-05-10
5424,employee_5424,HR,195057,29,3,kano,2020-06-26
5425,employee_5425,engineering,320533,57,2,kwara,2020-01-11
5426,employee_5426,marketing,63514,27,2,imo,2020-03-17
5427,employee_5427,sales,198613,55,4,kwara,2021-02-23
5428,employee_5428,HR,116713,22,3,kwara,2021-03-05
5429,employee_5429,sales,178253,47,2,katsina,2020-09-29
5430,employee_5430,engineering,245221,31,1,akure,2021-06-17
5431,employee_5431,HR,82352,29,4,ogun,2020-02-12
5432,employee_5432,engineering,256651,46,2,abuja,2021-01-06
5433,employee_5433,engineering,292788,37,3,enugu,2020-06-12
5434,employee_5434,HR,197571,34,5,kogi,2021-02-06
5435,employee_5435,support,269508,39,3,osun,2021-06-22
5436,employee_5436,support,202606,48,2,imo,2020-01-08
5437,employee_5437,HR,176007,43,0,ibadan,2021-01-27
5438,employee_5438,marketing,74625,27,2,abia,2020-05-17
5439,employee_5439,sales,262813,43,0,osun,2021-02-06
5440,employee_5440,engineering,179188,23,3,akure,2021-05-28
5441,employee_5441,finance,264166,59,5,imo,2020-07-25
5442,employee_5442,support,267258,35,1,kano,2020-05-05
5443,employee_5443,marketing,186146,42,5,enugu,2021-01-20
5444,employee_5444,HR,183757,34,1,osun,2021-05-24
5445,employee_5445,engineering,141157,36,3,katsina,2020-02-08
5446,employee_5446,sales,111686,59,1,enugu,2021-04-23
5447,employee_5447,support,82336,46,0,osun,2021-06-01
5448,employee_5448,sales,330402,24,5,abuja,2021-04-21
5449,employee_5449,support,84662,47,3,ogun,2020-07-24
5450,employee_5450,finance,96025,24,2,akure,2021-01-26
5451,employee_5451,sales,136321,37,1,enugu,2020-10-07
5452,employee_5452,HR,68237,49,4,ibadan,2020-07-01
5453,employee_5453,support,292369,28,3,ogun,2020-03-05
5454,employee_5454,HR,280237,42,3,imo,2020-11-08
5455,employee_5455,marketing,269450,49,5,imo,2020-04-25
5456,employee_5456,finance,166194,47,2,kwara,2020-08-24
5457,employee_5457,sales,93737,50,2,osun,2020-01-12
5458,employee_5458,marketing,318938,51,5,lagos,2020-03-01
5459,employee_5459,HR,243294,27,4,kwara,2020-06-24
5460,employee_5460,marketing,108172,46,0,kano,2020-11-29
5461,employee_5461,HR,173625,37,2,abuja,2020-04-27
5462,employee_5462,engineering,140029,32,0,abuja,2020-08-17
5463,employee_5463,marketing,120586,25,3,lagos,2020-05-22
5464,employee_5464,HR,326588,60,1,enugu,2020-01-02
5465,employee_5465,support,305311,32,3,katsina,2020-09-03
5466,employee_5466,HR,346108,33,1,ogun,2020-02-23
5467,employee_5467,engineering,130153,34,1,kwara,2020-11-26
5468,employee_5468,HR,112877,30,2,lagos,2020-02-11
5469,employee_5469,sales,122326,29,2,abuja,2021-05-09
5470,employee_5470,finance,326817,46,0,lagos,2021-02-14
5471,employee_5471,finance,318454,53,5,kano,2020-09-13
5472,employee_5472,sales,277715,59,0,ogun,2020-06-22
5473,employee_5473,marketing,58183,32,3,kogi,2020-01-23
5474,employee_5474,finance,215311,23,5,kwara,2020-07-09
5475,employee_5475,engineering,139081,48,5,osun,2020-05-15
5476,employee_5476,sales,338915,31,5,osun,2021-05-17
5477,employee_5477,HR,223750,34,4,kwara,2020-07-12
5478,employee_5478,support,306769,39,2,katsina,2021-03-30
5479,employee_5479,finance,77445,25,5,kano,2021-01-28
5480,employee_5480,marketing,189800,60,0,kwara,2020-12-18
5481,employee_5481,sales,203354,33,1,ogun,2020-01-10
5482,employee_5482,sales,223943,60,1,abuja,2020-05-29
5483,employee_5483,finance,321825,36,4,kano,2021-04-05
5484,employee_5484,marketing,75948,45,5,akure,2020-11-07
5485,employee_5485,finance,286579,36,2,ogun,2020-12-02
5486,employee_5486,finance,111913,34,1,katsina,2021-03-22
5487,employee_5487,sales,87755,47,1,akure,2020-07-05
5488,employee_5488,HR,66839,56,0,osun,2021-04-17
5489,employee_5489,HR,150857,37,4,ibadan,2020-12-07
5490,employee_5490,HR,57886,37,2,imo,2020-05-31
5491,employee_5491,finance,126331,24,2,kano,2021-02-27
5492,employee_5492,support,307829,33,4,ogun,2021-06-06
5493,employee_5493,marketing,56465,49,3,abia,2020-04-26
5494,employee_5494,HR,113156,56,3,abia,2021-01-27
5495,employee_5495,HR,227318,39,5,lagos,2020-01-25
5496,employee_5496,HR,122119,21,5,kano,2021-03-20
5497,employee_5497,sales,343109,56,3,osun,2021-01-03
5498,employee_5498,engineering,132390,51,5,lagos,2020-11-17
5499,employee_5499,sales,65042,31,3,katsina,2020-01-22
5500,employee_5500,support,171872,54,1,lagos,2020-02-25
5501,employee_5501,engineering,69789,34,4,lagos,2020-04-01
5502,employee_5502,engineering,82018,56,0,lagos,2020-06-26
5503,employee_5503,marketing,138232,28,0,katsina,2021-05-07
5504,employee_5504,marketing,105093,42,0,ibadan,2020-04-17
5505,employee_5505,sales,314106,58,1,kogi,2021-01-10
5506,employee_5506,finance,78959,26,3,kano,2020-10-15
5507,employee_5507,HR,236164,44,2,katsina,2021-06-06
5508,employee_5508,sales,75893,57,3,osun,2020-04-01
5509,employee_5509,finance,208647,31,1,abia,2020-02-22
5510,employee_5510,finance,337863,33,1,abia,2021-06-16
5511,employee_5511,HR,296158,25,5,akure,2021-05-08
5512,employee_5512,finance,213596,37,4,kogi,2020-08-07
5513,employee_5513,HR,189245,30,2,kogi,2021-02-18
5514,employee_5514,engineering,213611,52,1,osun,2020-09-19
5515,employee_5515,marketing,189943,30,1,lagos,2020-01-24
5516,employee_5516,engineering,105846,39,1,imo,2020-04-10
5517,employee_5517,engineering,85436,48,5,lagos,2021-03-28
5518,employee_5518,support,63564,48,3,ogun,2020-02-16
5519,employee_5519,finance,178070,21,1,ibadan,2020-04-21
5520,employee_5520,marketing,162923,43,0,kwara,2020-01-14
5521,employee_5521,finance,189810,32,1,katsina,2020-12-24
5522,employee_5522,sales,198623,25,2,abuja,2020-05-05
5523,employee_5523,HR,181240,32,5,kwara,2021-06-10
5524,employee_5524,engineering,239948,26,5,ibadan,2021-03-28
5525,employee_5525,support,176354,57,5,osun,2020-01-10
5526,employee_5526,finance,167246,50,4,ogun,2020-04-18
5527,employee_5527,support,231243,42,3,kano,2021-05-09
5528,employee_5528,sales,338425,40,5,abuja,2021-06-18
5529,employee_5529,engineering,272189,29,5,kwara,2020-07-10
5530,employee_5530,sales,110343,33,3,kano,2020-09-23
5531,employee_5531,HR,203074,28,4,abuja,2021-04-19
5532,employee_5532,support,154390,57,2,osun,2020-08-22
5533,employee_5533,HR,238993,40,2,abia,2020-01-29
5534,employee_5534,finance,217686,38,5,kogi,2020-08-30
5535,employee_5535,support,123470,26,4,kano,2021-03-30
5536,employee_5536,engineering,55159,46,5,kano,2021-03-15
5537,employee_5537,marketing,271044,27,0,kwara,2020-11-02
5538,employee_5538,finance,297435,47,0,ogun,2021-05-15
5539,employee_5539,sales,316707,58,4,osun,2021-01-29
5540,employee_5540,support,132442,54,3,enugu,2020-10-25
5541,employee_5541,HR,171413,33,5,osun,2021-06-17
5542,employee_5542,finance,131438,41,4,kwara,2020-02-29
5543,employee_5543,finance,349116,46,5,kano,2020-12-30
5544,employee_5544,HR,235880,41,4,lagos,2020-09-10
5545,employee_5545,support,109269,41,1,osun,2020-12-09
5546,employee_5546,HR,83952,33,0,katsina,2020-12-30
5547,employee_5547,HR,84964,40,5,kwara,2020-12-07
5548,employee_5548,support,303577,42,0,enugu,2020-09-30
5549,employee_5549,HR,83350,59,1,ogun,2021-02-24
5550,employee_5550,HR,91185,58,3,imo,2020-09-09
5551,employee_5551,engineering,206521,44,3,kano,2021-03-13
5552,employee_5552,support,242644,40,1,akure,2021-06-10
5553,employee_5553,support,272453,46,0,abuja,2020-09-26
5554,employee_5554,sales,103909,28,3,lagos,2020-04-27
5555,employee_5555,engineering,304064,40,5,akure,2020-06-12
5556,employee_5556,finance,209544,55,3,abuja,2020-12-03
5557,employee_5557,engineering,328090,44,2,abuja,2020-04-04
5558,employee_5558,engineering,331973,22,1,lagos,2021-02-14
5559,employee_5559,support,110794,43,2,enugu,2020-04-05
5560,employee_5560,engineering,217381,50,4,enugu,2020-03-03
5561,employee_5561,HR,292009,27,1,imo,2020-04-23
5562,employee_5562,engineering,211962,29,5,enugu,2020-03-19
5563,employee_5563,engineering,82000,33,3,kogi,2021-03-17
5564,employee_5564,engineering,277590,34,1,kwara,2021-04-28
5565,employee_5565,marketing,324651,56,0,imo,2020-12-25
5566,employee_5566,marketing,193079,42,3,abia,2020-03-03
5567,employee_5567,sales,349944,42,2,ogun,2020-04-20
5568,employee_5568,finance,143128,38,1,enugu,2020-11-17
5569,employee_5569,support,80857,59,0,abuja,2021-01-20
5570,employee_5570,support,104638,42,1,ogun,2021-02-04
5571,employee_5571,finance,196178,35,0,kogi,2020-06-17
5572,employee_5572,HR,57837,22,1,lagos,2020-01-31
5573,employee_5573,finance,233966,31,0,kwara,2020-06-11
5574,employee_5574,HR,213865,21,4,kogi,2021-06-09
5575,employee_5575,marketing,318571,56,5,imo,2020-08-23
5576,employee_5576,engineering,95835,39,4,kogi,2020-07-21
5577,employee_5577,support,316752,47,3,kogi,2020-09-18
5578,employee_5578,finance,193828,25,5,imo,2020-06-02
5579,employee_5579,engineering,85027,51,0,kogi,2020-05-31
5580,employee_5580,HR,108193,52,4,osun,2020-11-11
5581,employee_5581,HR,266367,21,1,kano,2020-01-15
5582,employee_5582,engineering,160978,57,0,kano,2020-04-26
5583,employee_5583,finance,212257,29,2,osun,2020-11-14
5584,employee_5584,support,129923,53,1,imo,2020-04-14
5585,employee_5585,engineering,124644,28,0,akure,2021-05-19
5586,employee_5586,engineering,94950,32,5,ibadan,2020-10-14
5587,employee_5587,HR,153531,46,0,abia,2020-05-25
5588,employee_5588,finance,267671,52,1,kano,2020-06-21
5589,employee_5589,marketing,114436,49,0,kano,2020-09-12
5590,employee_5590,support,147886,24,4,abia,2020-11-27
5591,employee_5591,finance,210552,21,4,katsina,2020-10-13
5592,employee_5592,HR,247599,53,5,imo,2021-03-02
5593,employee_5593,marketing,105333,38,4,lagos,2020-08-08
5594,employee_5594,engineering,255637,47,2,imo,2021-02-10
5595,employee_5595,support,154333,22,5,lagos,2020-02-09
5596,employee_5596,HR,316455,51,2,ogun,2020-12-05
5597,employee_5597,sales,285567,45,0,katsina,2020-09-29
5598,employee_5598,HR,341729,29,1,katsina,2020-10-07
5599,employee_5599,finance,173387,22,5,ibadan,2021-05-01
5600,employee_5600,engineering,211451,32,3,kano,2020-01-12
5601,employee_5601,finance,92367,33,4,akure,2020-10-18
5602,employee_5602,engineering,202421,57,0,imo,2021-03-11
5603,employee_5603,engineering,96625,26,1,kwara,2020-09-18
5604,employee_5604,HR,216997,47,5,abuja,2021-02-08
5605,employee_5605,HR,176574,29,5,kogi,2021-03-04
5606,employee_5606,HR,242653,26,1,enugu,2021-05-03
5607,employee_5607,HR,298489,46,5,osun,2020-01-05
5608,employee_5608,finance,239528,43,4,lagos,2021-06-09
5609,employee_5609,finance,321267,34,0,lagos,2020-08-09
5610,employee_5610,finance,212402,47,4,ibadan,2020-08-08
5611,employee_5611,engineering,286279,39,4,kwara,2020-06-27
5612,employee_5612,engineering,298721,46,4,abuja,2020-05-28
5613,employee_5613,sales,318756,53,4,abia,2020-01-01
5614,employee_5614,engineering,144104,30,3,osun,2020-12-27
5615,employee_5615,engineering,76708,47,1,osun,2020-11-07
5616,employee_5616,finance,124719,22,2,kano,2020-01-23
5617,employee_5617,HR,69597,48,5,akure,2021-05-13
5618,employee_5618,engineering,126024,56,3,akure,2020-07-31
5619,employee_5619,HR,201327,53,0,ogun,2020-01-20
5620,employee_5620,engineering,152932,48,0,ibadan,2020-10-28
5621,employee_5621,sales,185657,29,0,ibadan,2020-06-29
5622,employee_5622,finance,187640,55,1,enugu,2020-04-11
5623,employee_5623,marketing,341812,22,2,akure,2021-04-14
5624,employee_5624,sales,143948,31,4,kogi,2020-06-09
5625,employee_5625,finance,344470,40,3,ogun,2020-01-20
5626,employee_5626,sales,131853,28,3,kogi,2021-01-07
5627,employee_5627,marketing,79551,43,1,lagos,2020-09-25
5628,employee_5628,finance,166524,26,5,osun,2021-04-24
5629,employee_5629,finance,79480,46,1,imo,2021-01-04
5630,employee_5630,marketing,76320,51,0,lagos,2021-03-31
5631,employee_5631,finance,82357,50,1,katsina,2021-05-14
5632,employee_5632,HR,221209,28,0,imo,2020-01-08
5633,employee_5633,marketing,154940,34,0,kwara,2021-03-03
5634,employee_5634,support,319240,36,5,osun,2021-06-20
5635,employee_5635,support,219305,57,0,ibadan,2021-01-27
5636,employee_5636,marketing,177636,46,3,abia,2021-02-02
5637,employee_5637,HR,85125,56,4,lagos,2020-02-13
5638,employee_5638,marketing,111657,53,5,lagos,2021-05-03
5639,employee_5639,HR,134060,27,4,osun,2020-12-29
5640,employee_5640,engineering,192594,25,4,enugu,2020-07-28
5641,employee_5641,finance,325565,46,0,enugu,2020-03-31
5642,employee_5642,sales,305221,41,2,akure,2020-01-19
5643,employee_5643,sales,240418,46,4,ogun,2021-03-13
5644,employee_5644,marketing,63912,39,3,enugu,2020-02-24
5645,employee_5645,support,80216,26,5,katsina,2021-01-06
5646,employee_5646,marketing,283077,55,3,abuja,2020-04-02
5647,employee_5647,HR,148146,25,0,enugu,2020-02-26
5648,employee_5648,support,220620,58,2,kogi,2021-01-20
5649,employee_5649,marketing,254446,27,2,ogun,2021-04-30
5650,employee_5650,marketing,289105,57,1,kwara,2020-05-21
5651,employee_5651,sales,189817,54,0,katsina,2020-09-10
5652,employee_5652,support,246030,29,4,ogun,2020-12-29
5653,employee_5653,support,196113,24,5,ogun,2020-01-31
5654,employee_5654,finance,202274,42,1,lagos,2020-11-12
5655,employee_5655,HR,107078,39,5,abia,2020-09-03
5656,employee_5656,engineering,269412,47,2,abuja,2020-09-17
5657,employee_5657,engineering,153921,46,5,abia,2020-09-24
5658,employee_5658,engineering,123121,58,4,abuja,2021-03-19
5659,employee_5659,marketing,305559,56,5,katsina,2020-08-05
5660,employee_5660,HR,249064,31,0,lagos,2020-01-24
5661,employee_5661,HR,333004,42,4,osun,2020-09-29
5662,employee_5662,sales,117911,57,0,akure,2021-01-14
5663,employee_5663,engineering,218359,32,0,osun,2020-07-18
5664,employee_5664,sales,124267,34,5,lagos,2020-03-23
5665,employee_5665,support,292342,30,5,kogi,2020-01-18
5666,employee_5666,sales,275464,26,1,ibadan,2020-05-11
5667,employee_5667,engineering,211865,37,0,akure,2021-02-07
5668,employee_5668,marketing,121470,24,3,kano,2021-05-10
5669,employee_5669,support,348282,60,5,osun,2020-10-27
5670,employee_5670,marketing,195818,24,0,abia,2021-06-12
5671,employee_5671,marketing,323371,57,1,kogi,2021-03-10
5672,employee_5672,HR,169722,45,3,ibadan,2020-02-27
5673,employee_5673,marketing,267738,44,3,abia,2020-02-09
5674,employee_5674,engineering,136450,32,4,akure,2021-05-17
5675,employee_5675,engineering,167027,40,4,katsina,2020-12-20
5676,employee_5676,support,246603,34,2,abuja,2021-05-01
5677,employee_5677,sales,81030,51,4,abia,2021-06-18
5678,employee_5678,sales,256225,51,4,osun,2020-09-05
5679,employee_5679,sales,339549,60,0,osun,2021-01-01
5680,employee_5680,HR,73206,58,4,ibadan,2021-01-20
5681,employee_5681,support,178294,39,3,enugu,2021-04-23
5682,employee_5682,finance,105003,43,2,imo,2021-03-15
5683,employee_5683,HR,164242,40,5,ibadan,2020-05-05
5684,employee_5684,marketing,68955,26,1,kwara,2020-01-29
5685,employee_5685,HR,84771,40,1,osun,2020-09-21
5686,employee_5686,HR,78326,49,2,kwara,2020-02-28
5687,employee_5687,engineering,225939,44,4,enugu,2020-06-18
5688,employee_5688,engineering,231992,45,2,kano,2020-06-24
5689,employee_5689,sales,91233,59,1,abia,2021-03-05
5690,employee_5690,support,337765,22,3,akure,2020-02-06
5691,employee_5691,support,78190,57,3,enugu,2020-01-05
5692,employee_5692,marketing,173737,34,4,kwara,2021-06-23
5693,employee_5693,engineering,274809,57,3,katsina,2020-07-22
5694,employee_5694,marketing,117436,53,3,kwara,2020-03-22
5695,employee_5695,support,281907,30,1,akure,2020-07-05
5696,employee_5696,marketing,332076,27,2,abuja,2020-07-13
5697,employee_5697,sales,138870,53,3,abuja,2020-01-26
5698,employee_5698,engineering,144101,34,4,imo,2021-04-27
5699,employee_5699,sales,58396,38,1,abuja,2020-07-31
5700,employee_5700,finance,236095,44,0,kogi,2020-07-29
5701,employee_5701,marketing,318892,53,1,kano,2021-05-31
5702,employee_5702,marketing,281853,28,0,akure,2021-04-19
5703,employee_5703,finance,189155,60,4,imo,2020-03-20
5704,employee_5704,engineering,89629,55,0,osun,2020-04-02
5705,employee_5705,sales,278848,21,5,imo,2020-04-20
5706,employee_5706,support,111674,30,4,abuja,2020-11-02
5707,employee_5707,sales,101661,38,1,kwara,2020-10-30
5708,employee_5708,engineering,106268,26,2,ogun,2020-10-17
5709,employee_5709,engineering,155809,33,2,osun,2021-03-10
5710,employee_5710,marketing,78743,24,3,lagos,2020-12-02
5711,employee_5711,finance,156745,22,4,kogi,2020-05-17
5712,employee_5712,support,307765,49,0,kwara,2021-03-05
5713,employee_5713,marketing,321093,47,4,katsina,2020-03-01
5714,employee_5714,engineering,283039,52,3,kano,2021-02-19
5715,employee_5715,engineering,183018,60,1,abia,2021-05-06
5716,employee_5716,support,211128,44,1,enugu,2021-01-15
5717,employee_5717,support,260467,60,3,kwara,2020-06-18
5718,employee_5718,sales,80560,46,4,kano,2020-01-20
5719,employee_5719,finance,112179,49,4,ogun,2021-01-17
5720,employee_5720,marketing,331202,34,0,katsina,2020-08-17
5721,employee_5721,finance,76788,22,1,enugu,2021-01-28
5722,employee_5722,sales,70480,23,1,kwara,2020-11-16
5723,employee_5723,finance,81662,34,4,ibadan,2021-03-25
5724,employee_5724,engineering,53425,47,4,ogun,2021-05-20
5725,employee_5725,HR,89000,50,1,kogi,2021-04-03
5726,employee_5726,HR,180578,26,0,ogun,2020-05-03
5727,employee_5727,support,65912,60,2,akure,2021-04-20
5728,employee_5728,finance,104482,36,0,abuja,2020-06-18
5729,employee_5729,engineering,311653,35,0,kwara,2020-03-20
5730,employee_5730,sales,154984,39,4,abuja,2020-03-25
5731,employee_5731,engineering,227771,22,1,imo,2021-04-18
5732,employee_5732,HR,223260,49,3,imo,2020-06-25
5733,employee_5733,sales,93733,59,2,kwara,2020-11-12
5734,employee_5734,HR,252920,28,5,kano,2021-05-23
5735,employee_5735,HR,233711,56,2,imo,2020-05-30
5736,employee_5736,finance,152142,40,4,kano,2020-05-26
5737,employee_5737,marketing,53765,53,2,enugu,2021-01-24
5738,employee_5738,HR,160711,45,1,katsina,2020-03-25
5739,employee_5739,sales,105288,36,5,akure,2020-01-03
5740,employee_5740,HR,212772,55,5,abia,2020-12-17
5741,employee_5741,finance,142625,42,3,kwara,2021-04-01
5742,employee_5742,support,77049,54,4,lagos,2021-02-05
5743,employee_5743,support,158292,43,3,imo,2020-05-25
5744,employee_5744,marketing,314011,59,4,kano,2020-02-14
5745,employee_5745,finance,209979,26,1,enugu,2020-06-25
5746,employee_5746,marketing,143294,60,0,kano,2021-03-25
5747,employee_5747,engineering,259453,39,1,abuja,2021-02-15
5748,employee_5748,marketing,225224,56,0,lagos,2021-02-24
5749,employee_5749,marketing,188945,25,5,abuja,2021-03-13
5750,employee_5750,engineering,136292,24,5,abuja,2020-06-21
5751,employee_5751,HR,105737,29,2,kwara,2020-11-11
5752,employee_5752,sales,130099,36,4,enugu,2020-11-14
5753,employee_5753,marketing,199506,53,4,abia,2020-08-20
5754,employee_5754,support,264335,57,4,lagos,2020-05-11
5755,employee_5755,HR,226174,23,4,abuja,2020-08-10
5756,employee_5756,finance,294905,56,0,katsina,2021-04-26
5757,employee_5757,support,190147,32,0,ibadan,2020-03-21
5758,employee_5758,finance,296590,22,4,osun,2021-01-18
5759,employee_5759,HR,114209,24,2,kogi,2020-01-05
5760,employee_5760,finance,331184,58,4,kano,2021-02-18
5761,employee_5761,engineering,107889,22,5,ibadan,2020-10-24
5762,employee_5762,support,304725,47,5,abia,2020-04-21
5763,employee_5763,support,199976,57,2,katsina,2020-10-29
5764,employee_5764,engineering,232081,24,0,katsina,2021-03-01
5765,employee_5765,marketing,102919,59,2,ogun,2021-01-14
5766,employee_5766,sales,214991,37,5,abia,2021-01-06
5767,employee_5767,HR,165372,41,2,imo,2021-06-08
5768,employee_5768,marketing,294839,29,4,imo,2020-11-19
5769,employee_5769,finance,51607,43,2,kano,2020-10-14
5770,employee_5770,engineering,101999,21,4,enugu,2020-03-30
5771,employee_5771,finance,210152,21,4,osun,2020-06-22
5772,employee_5772,HR,152307,39,3,kogi,2020-06-20
5773,employee_5773,marketing,286264,31,2,abia,2020-10-28
5774,employee_5774,marketing,167342,43,2,imo,2021-01-14
5775,employee_5775,support,216059,50,1,kogi,2020-07-31
5776,employee_5776,finance,322285,44,2,ogun,2020-01-09
5777,employee_5777,engineering,131036,36,5,imo,2020-02-01
5778,employee_5778,marketing,292010,31,4,kogi,2021-04-12
5779,employee_5779,marketing,132792,55,3,kogi,2020-03-22
5780,employee_5780,marketing,315881,29,4,akure,2020-01-26
5781,employee_5781,finance,71713,47,1,lagos,2020-11-09
5782,employee_5782,HR,198106,28,0,kano,2020-08-27
5783,employee_5783,support,59010,27,5,katsina,2020-02-22
5784,employee_5784,support,107793,25,1,kano,2021-02-02
5785,employee_5785,HR,179535,59,4,kwara,2021-02-23
5786,employee_5786,marketing,206509,58,3,kogi,2021-03-02
5787,employee_5787,marketing,262107,51,1,ibadan,2021-06-08
5788,employee_5788,engineering,236391,36,4,imo,2020-03-29
5789,employee_5789,HR,138254,26,4,lagos,2020-09-17
5790,employee_5790,HR,260102,23,2,kogi,2020-02-26
5791,employee_5791,finance,174562,47,5,ibadan,2020-09-17
5792,employee_5792,finance,249625,60,2,ibadan,2020-05-20
5793,employee_5793,support,84665,25,0,kogi,2021-03-29
5794,employee_5794,engineering,73473,44,1,ogun,2020-02-08
5795,employee_5795,HR,139695,47,5,abuja,2020-12-12
5796,employee_5796,engineering,341189,50,0,lagos,2020-09-20
5797,employee_5797,engineering,210198,38,3,ibadan,2021-02-14
5798,employee_5798,HR,328538,57,4,osun,2020-06-04
5799,employee_5799,HR,321240,40,0,abuja,2020-11-11
5800,employee_5800,support,184607,60,3,osun,2020-02-16
5801,employee_5801,support,227539,52,5,katsina,2020-11-29
5802,employee_5802,marketing,82441,42,2,abuja,2021-03-17
5803,employee_5803,HR,104828,53,4,abia,2020-06-12
5804,employee_5804,sales,237277,23,0,kogi,2020-06-11
5805,employee_5805,engineering,225556,33,4,ogun,2020-01-26
5806,employee_5806,support,57778,41,0,abia,2021-03-02
5807,employee_5807,support,303527,39,4,ogun,2020-05-06
5808,employee_5808,sales,331682,57,0,katsina,2020-08-27
5809,employee_5809,engineering,176214,58,1,enugu,2021-01-01
5810,employee_5810,support,317881,27,1,abia,2020-01-02
5811,employee_5811,support,102376,29,0,enugu,2020-01-24
5812,employee_5812,marketing,199174,39,4,akure,2021-04-18
5813,employee_5813,engineering,332623,25,1,ibadan,2020-04-26
5814,employee_5814,engineering,146729,59,0,kogi,2020-04-30
5815,employee_5815,sales,347422,27,5,kwara,2020-12-06
5816,employee_5816,HR,267981,25,0,kogi,2021-05-26
5817,employee_5817,engineering,295731,46,4,kogi,2021-05-07
5818,employee_5818,engineering,147059,41,5,kwara,2020-05-05
5819,employee_5819,HR,298956,27,3,enugu,2020-09-05
5820,employee_5820,HR,258608,55,5,akure,2021-05-21
5821,employee_5821,marketing,87146,24,2,abia,2020-05-11
5822,employee_5822,marketing,202224,25,3,ogun,2021-03-10
5823,employee_5823,HR,88619,53,2,akure,2020-05-09
5824,employee_5824,support,216339,47,3,kogi,2021-05-11
5825,employee_5825,marketing,279912,60,5,lagos,2020-11-25
5826,employee_5826,support,207691,28,0,kogi,2021-01-24
5827,employee_5827,marketing,99121,26,2,katsina,2020-10-22
5828,employee_5828,engineering,216025,30,2,kano,2021-03-10
5829,employee_5829,marketing,265772,58,3,osun,2021-04-01
5830,employee_5830,sales,320696,48,4,imo,2020-01-11
5831,employee_5831,engineering,295031,56,1,kwara,2020-05-01
5832,employee_5832,sales,56185,37,0,imo,2020-09-06
5833,employee_5833,sales,272316,38,5,lagos,2020-10-24
5834,employee_5834,marketing,302261,23,1,kwara,2020-08-28
5835,employee_5835,finance,99780,21,1,abuja,2020-04-13
5836,employee_5836,engineering,243786,43,3,imo,2021-05-07
5837,employee_5837,engineering,86472,55,1,lagos,2021-04-28
5838,employee_5838,marketing,210284,60,0,kwara,2020-07-04
5839,employee_5839,finance,231609,45,0,ogun,2020-10-23
5840,employee_5840,HR,129747,22,0,katsina,2020-02-15
5841,employee_5841,HR,117309,33,4,imo,2020-09-12
5842,employee_5842,support,232194,38,0,katsina,2021-01-17
5843,employee_5843,sales,92910,35,1,imo,2020-09-23
5844,employee_5844,finance,304927,31,5,enugu,2020-03-16
5845,employee_5845,HR,108336,59,3,ogun,2020-11-16
5846,employee_5846,support,301800,35,2,abuja,2020-11-25
5847,employee_5847,support,200803,57,3,lagos,2021-01-29
5848,employee_5848,sales,82469,49,5,kogi,2021-02-23
5849,employee_5849,finance,304237,26,1,ibadan,2020-08-02
5850,employee_5850,finance,262281,56,1,ibadan,2021-06-23
5851,employee_5851,finance,205213,58,3,akure,2020-04-19
5852,employee_5852,support,222254,52,4,kwara,2020-02-12
5853,employee_5853,engineering,214466,53,1,kano,2021-03-08
5854,employee_5854,support,297043,36,3,lagos,2021-03-20
5855,employee_5855,HR,80900,25,3,osun,2021-06-16
5856,employee_5856,support,131213,26,5,lagos,2020-12-10
5857,employee_5857,marketing,143079,52,4,katsina,2020-08-26
5858,employee_5858,HR,329713,42,4,abia,2021-01-19
5859,employee_5859,marketing,170426,37,2,abuja,2020-03-18
5860,employee_5860,sales,90479,24,3,akure,2020-04-03
5861,employee_5861,finance,99207,34,4,kano,2020-06-24
5862,employee_5862,HR,267716,30,4,imo,2020-07-20
5863,employee_5863,sales,227903,53,4,katsina,2020-10-08
5864,employee_5864,support,252672,24,2,kano,2020-02-04
5865,employee_5865,support,208652,55,4,kano,2020-11-20
5866,employee_5866,HR,249256,50,5,osun,2020-03-19
5867,employee_5867,support,151063,53,4,akure,2020-04-03
5868,employee_5868,finance,313685,46,4,ibadan,2020-02-08
5869,employee_5869,marketing,206558,53,3,abuja,2020-05-20
5870,employee_5870,marketing,92357,50,4,lagos,2021-05-23
5871,employee_5871,sales,269852,27,2,ibadan,2021-01-01
5872,employee_5872,support,322055,21,5,ogun,2021-03-13
5873,employee_5873,engineering,322874,49,0,lagos,2020-03-23
5874,employee_5874,HR,266717,41,0,kano,2020-07-08
5875,employee_5875,engineering,83248,47,1,akure,2021-04-01
5876,employee_5876,sales,105111,36,3,ibadan,2021-04-01
5877,employee_5877,HR,224049,58,4,akure,2021-01-26
5878,employee_5878,marketing,191574,32,0,abia,2020-06-24
5879,employee_5879,HR,318454,59,4,akure,2020-08-01
5880,employee_5880,finance,181797,27,2,katsina,2020-02-07
5881,employee_5881,engineering,181309,32,3,enugu,2020-08-26
5882,employee_5882,sales,151085,30,2,imo,2020-04-19
5883,employee_5883,finance,174889,26,0,abia,2020-09-26
5884,employee_5884,support,167446,22,4,lagos,2020-10-25
5885,employee_5885,finance,166159,26,0,imo,2020-02-07
5886,employee_5886,HR,219912,60,0,ibadan,2021-04-04
5887,employee_5887,finance,204034,51,3,osun,2020-03-30
5888,employee_5888,sales,107210,35,2,osun,2020-11-25
5889,employee_5889,engineering,316097,38,3,osun,2020-04-15
5890,employee_5890,sales,128592,53,2,enugu,2020-03-28
5891,employee_5891,HR,287040,28,4,osun,2020-06-04
5892,employee_5892,sales,139687,40,0,osun,2021-05-13
5893,employee_5893,marketing,155448,36,1,katsina,2020-02-26
5894,employee_5894,sales,240840,43,5,osun,2021-04-06
5895,employee_5895,sales,86415,36,2,akure,2020-05-14
5896,employee_5896,support,122809,21,5,kano,2020-05-12
5897,employee_5897,sales,277652,27,5,enugu,2021-04-12
5898,employee_5898,support,64461,23,0,kano,2020-02-16
5899,employee_5899,marketing,230549,42,5,abuja,2021-04-08
5900,employee_5900,HR,192008,55,4,abia,2020-09-10
5901,employee_5901,HR,110385,26,4,kwara,2021-03-19
5902,employee_5902,marketing,178915,44,2,lagos,2021-01-12
5903,employee_5903,HR,219925,46,2,lagos,2021-01-30
5904,employee_5904,engineering,229078,46,2,katsina,2020-05-20
5905,employee_5905,marketing,55663,24,4,kwara,2020-12-10
5906,employee_5906,engineering,86246,42,3,ogun,2020-07-01
5907,employee_5907,sales,220954,21,3,abia,2020-09-10
5908,employee_5908,support,266533,31,1,osun,2020-06-29
5909,employee_5909,HR,222316,21,2,katsina,2021-06-05
5910,employee_5910,sales,217676,33,0,kano,2020-07-19
5911,employee_5911,finance,343332,38,4,abia,2020-09-28
5912,employee_5912,HR,81981,57,2,abuja,2021-06-20
5913,employee_5913,finance,204930,38,3,abia,2020-06-09
5914,employee_5914,engineering,190367,32,2,akure,2021-05-26
5915,employee_5915,support,295531,32,3,katsina,2020-03-30
5916,employee_5916,HR,135195,26,0,ogun,2021-06-05
5917,employee_5917,engineering,317390,31,5,osun,2020-08-15
5918,employee_5918,marketing,68919,50,2,katsina,2020-12-17
5919,employee_5919,support,290325,32,4,lagos,2020-08-26
5920,employee_5920,HR,94047,48,2,abuja,2020-11-20
5921,employee_5921,finance,273858,50,1,abia,2020-07-13
5922,employee_5922,sales,247086,25,0,enugu,2020-05-21
5923,employee_5923,sales,295275,56,5,abia,2021-05-11
5924,employee_5924,support,269062,42,5,abia,2021-05-15
5925,employee_5925,HR,129553,39,3,lagos,2021-01-11
5926,employee_5926,support,299842,23,2,lagos,2020-05-19
5927,employee_5927,support,97412,27,4,kano,2020-12-04
5928,employee_5928,engineering,243911,53,5,imo,2020-08-11
5929,employee_5929,sales,323378,31,2,imo,2020-03-07
5930,employee_5930,sales,75268,30,2,ogun,2020-12-27
5931,employee_5931,support,244090,30,3,enugu,2020-09-18
5932,employee_5932,sales,347590,36,2,ibadan,2020-07-13
5933,employee_5933,HR,119025,31,4,katsina,2021-04-01
5934,employee_5934,HR,88950,33,0,kano,2021-05-21
5935,employee_5935,HR,147785,29,0,ibadan,2020-11-06
5936,employee_5936,marketing,201288,21,5,lagos,2020-01-13
5937,employee_5937,finance,236273,34,2,ibadan,2020-10-07
5938,employee_5938,sales,146988,31,3,abia,2020-05-16
5939,employee_5939,marketing,87381,52,1,enugu,2020-06-29
5940,employee_5940,finance,177044,33,2,enugu,2021-04-03
5941,employee_5941,HR,61062,37,4,imo,2020-09-26
5942,employee_5942,finance,175643,52,3,imo,2020-05-29
5943,employee_5943,support,339720,30,2,ogun,2021-01-11
5944,employee_5944,marketing,211133,56,2,kwara,2020-06-15
5945,employee_5945,support,310143,43,4,kogi,2021-01-08
5946,employee_5946,finance,339036,52,3,imo,2020-09-13
5947,employee_5947,engineering,174703,22,0,kwara,2021-03-25
5948,employee_5948,engineering,77834,48,1,katsina,2020-12-09
5949,employee_5949,marketing,107440,46,4,katsina,2020-04-20
5950,employee_5950,marketing,146383,37,5,imo,2020-10-10
5951,employee_5951,sales,200683,58,2,kogi,2021-01-27
5952,employee_5952,support,225086,46,5,kogi,2020-01-12
5953,employee_5953,HR,64715,52,3,ogun,2020-05-24
5954,employee_5954,finance,213900,26,1,abia,2020-03-02
5955,employee_5955,marketing,263992,28,1,enugu,2020-08-19
5956,employee_5956,finance,323542,42,3,imo,2020-11-12
5957,employee_5957,marketing,206481,25,4,ibadan,2020-11-01
5958,employee_5958,HR,278456,41,5,ibadan,2020-11-23
5959,employee_5959,HR,280673,23,2,enugu,2020-12-25
5960,employee_5960,finance,205134,26,2,kwara,2021-04-17
5961,employee_5961,finance,192323,59,0,akure,2020-01-13
5962,employee_5962,HR,123728,31,5,osun,2020-12-03
5963,employee_5963,engineering,335541,44,5,kwara,2021-03-25
5964,employee_5964,sales,319953,26,0,kogi,2020-11-19
5965,employee_5965,finance,52879,54,4,abuja,2020-11-13
5966,employee_5966,marketing,82259,54,3,kogi,2020-04-30
5967,employee_5967,finance,293873,38,4,imo,2020-01-31
5968,employee_5968,engineering,208431,53,5,kogi,2020-02-14
5969,employee_5969,marketing,56929,30,3,enugu,2021-06-10
5970,employee_5970,HR,134354,37,4,lagos,2020-08-31
5971,employee_5971,finance,118857,52,2,osun,2021-04-05
5972,employee_5972,marketing,204998,50,2,kano,2020-06-17
5973,employee_5973,marketing,83388,44,2,abuja,2020-11-19
5974,employee_5974,sales,147356,40,4,osun,2020-08-27
5975,employee_5975,support,306613,29,4,osun,2020-11-19
5976,employee_5976,support,121113,23,2,katsina,2020-02-04
5977,employee_5977,engineering,262258,24,2,kano,2021-02-28
5978,employee_5978,HR,309173,44,4,osun,2021-05-06
5979,employee_5979,support,145975,57,4,ibadan,2021-02-03
5980,employee_5980,support,322280,44,4,imo,2020-12-15
5981,employee_5981,sales,265336,22,2,lagos,2020-11-25
5982,employee_5982,sales,240595,59,4,enugu,2021-01-04
5983,employee_5983,support,153176,60,1,osun,2020-03-25
5984,employee_5984,marketing,327047,27,4,ibadan,2020-02-11
5985,employee_5985,finance,197010,53,2,kogi,2021-01-01
5986,employee_5986,HR,92522,55,4,katsina,2021-01-04
5987,employee_5987,marketing,77114,44,4,katsina,2020-02-21
5988,employee_5988,sales,252068,55,1,ogun,2020-01-02
5989,employee_5989,finance,181624,29,3,lagos,2020-05-24
5990,employee_5990,finance,194495,29,5,abuja,2020-04-05
5991,employee_5991,sales,169766,53,2,osun,2021-01-29
5992,employee_5992,HR,286263,37,1,abia,2021-02-25
5993,employee_5993,marketing,211737,55,2,lagos,2021-03-29
5994,employee_5994,engineering,84930,36,5,ibadan,2020-05-22
5995,employee_5995,HR,169437,41,5,akure,2020-01-25
5996,employee_5996,finance,210678,22,2,enugu,2020-04-23
5997,employee_5997,engineering,276234,29,0,kwara,2020-02-03
5998,employee_5998,HR,51553,28,5,abuja,2020-02-22
5999,employee_5999,finance,96245,30,2,kwara,2021-06-02
6000,employee_6000,sales,73078,39,4,ogun,2021-02-06
6001,employee_6001,engineering,121505,31,2,lagos,2020-06-20
6002,employee_6002,support,66357,28,0,osun,2021-05-29
6003,employee_6003,finance,226174,31,3,abuja,2021-05-16
6004,employee_6004,HR,320704,29,3,lagos,2020-05-10
6005,employee_6005,support,247531,28,1,akure,2020-05-10
6006,employee_6006,sales,307775,46,0,ibadan,2020-02-16
6007,employee_6007,HR,286475,28,4,abia,2020-08-04
6008,employee_6008,engineering,111152,21,0,kwara,2020-10-05
6009,employee_6009,marketing,233421,30,2,ibadan,2020-02-09
6010,employee_6010,engineering,160752,44,5,abuja,2021-06-05
6011,employee_6011,support,161137,38,5,akure,2021-05-19
6012,employee_6012,sales,198788,57,2,enugu,2021-06-01
6013,employee_6013,support,288014,60,1,kogi,2020-03-13
6014,employee_6014,engineering,262470,26,3,abia,2020-09-21
6015,employee_6015,sales,250257,46,5,ogun,2020-08-09
6016,employee_6016,HR,278308,48,1,ogun,2020-03-23
6017,employee_6017,marketing,334627,29,4,enugu,2021-05-30
6018,employee_6018,support,290965,45,4,abia,2020-06-02
6019,employee_6019,finance,244234,54,5,ibadan,2021-06-02
6020,employee_6020,finance,95221,46,3,kano,2021-03-12
6021,employee_6021,HR,230021,49,2,ibadan,2021-06-06
6022,employee_6022,finance,223052,32,2,lagos,2020-12-20
6023,employee_6023,finance,108940,47,4,katsina,2020-07-23
6024,employee_6024,engineering,189069,32,0,ogun,2020-11-11
6025,employee_6025,sales,143416,36,4,lagos,2020-07-13
6026,employee_6026,HR,286163,24,2,akure,2020-11-02
6027,employee_6027,finance,54469,31,3,ibadan,2020-04-05
6028,employee_6028,HR,181079,35,1,lagos,2020-12-05
6029,employee_6029,marketing,133496,22,5,abia,2021-05-02
6030,employee_6030,marketing,58026,37,5,kano,2021-01-29
6031,employee_6031,support,278715,27,5,abia,2020-09-07
6032,employee_6032,sales,294888,47,1,ibadan,2021-06-18
6033,employee_6033,finance,119383,55,2,ogun,2020-05-29
6034,employee_6034,marketing,214899,53,0,katsina,2020-04-07
6035,employee_6035,HR,63458,28,1,abia,2020-06-21
6036,employee_6036,support,303045,59,3,kwara,2020-12-12
6037,employee_6037,finance,348687,46,2,ogun,2020-06-09
6038,employee_6038,engineering,96042,51,3,abia,2020-01-18
6039,employee_6039,engineering,137757,53,0,lagos,2020-11-23
6040,employee_6040,marketing,161171,59,0,imo,2020-09-08
6041,employee_6041,engineering,248038,40,5,abuja,2021-01-20
6042,employee_6042,sales,61350,31,5,abuja,2020-11-04
6043,employee_6043,marketing,147509,60,0,imo,2021-04-23
6044,employee_6044,marketing,148624,38,0,abuja,2020-01-21
6045,employee_6045,sales,290730,29,2,ogun,2020-01-14
6046,employee_6046,HR,113983,23,4,kwara,2020-12-12
6047,employee_6047,marketing,163883,24,5,kogi,2020-01-02
6048,employee_6048,marketing,192827,33,4,ogun,2020-05-31
6049,employee_6049,marketing,97527,36,2,katsina,2020-10-05
6050,employee_6050,engineering,111653,53,3,kano,2021-04-23
6051,employee_6051,finance,141212,59,1,katsina,2020-03-25
6052,employee_6052,sales,230516,48,0,katsina,2021-03-18
6053,employee_6053,HR,110631,28,2,osun,2021-01-24
6054,employee_6054,support,233133,44,2,osun,2020-03-18
6055,employee_6055,support,290362,56,0,kwara,2020-12-16
6056,employee_6056,finance,308912,46,1,ibadan,2020-05-06
6057,employee_6057,support,277046,32,2,katsina,2020-04-23
6058,employee_6058,sales,189418,22,5,kano,2020-08-02
6059,employee_6059,sales,171848,57,1,lagos,2020-09-30
6060,employee_6060,finance,292490,38,0,ogun,2020-05-08
6061,employee_6061,marketing,341343,48,0,abia,2020-09-11
6062,employee_6062,sales,301765,57,0,akure,2020-09-22
6063,employee_6063,HR,217230,35,0,enugu,2020-01-25
6064,employee_6064,HR,308671,50,3,kano,2020-04-10
6065,employee_6065,support,290012,53,4,ogun,2021-05-18
6066,employee_6066,support,130830,55,3,kwara,2020-06-07
6067,employee_6067,sales,228393,21,0,ogun,2020-07-28
6068,employee_6068,engineering,139716,34,2,ibadan,2021-06-09
6069,employee_6069,support,170901,48,3,kano,2020-11-22
6070,employee_6070,HR,247121,52,0,kwara,2020-08-03
6071,employee_6071,HR,162926,58,2,katsina,2020-01-06
6072,employee_6072,HR,87055,42,2,osun,2020-12-22
6073,employee_6073,HR,131861,34,4,ogun,2020-08-27
6074,employee_6074,engineering,227409,59,5,ogun,2020-03-22
6075,employee_6075,engineering,237216,26,4,abia,2020-12-09
6076,employee_6076,engineering,303795,57,3,imo,2020-05-08
6077,employee_6077,HR,316397,27,0,abia,2020-04-24
6078,employee_6078,marketing,314683,49,0,kwara,2020-12-07
6079,employee_6079,engineering,71827,24,1,kwara,2020-04-12
6080,employee_6080,engineering,166014,29,0,katsina,2021-02-12
6081,employee_6081,engineering,345010,46,0,katsina,2020-08-20
6082,employee_6082,sales,194654,57,3,abuja,2020-06-21
6083,employee_6083,sales,50931,49,1,imo,2021-05-29
6084,employee_6084,engineering,296534,59,1,abia,2020-10-20
6085,employee_6085,finance,275272,59,3,osun,2020-01-03
6086,employee_6086,support,109257,24,1,katsina,2020-03-22
6087,employee_6087,marketing,176462,49,4,abia,2021-05-31
6088,employee_6088,engineering,191871,38,3,lagos,2020-01-06
6089,employee_6089,sales,92516,59,2,osun,2020-06-23
6090,employee_6090,HR,223195,60,5,abia,2020-06-12
6091,employee_6091,engineering,142821,52,1,ogun,2020-02-25
6092,employee_6092,finance,347196,52,4,lagos,2020-12-02
6093,employee_6093,finance,74466,27,2,ibadan,2020-08-12
6094,employee_6094,engineering,101579,27,0,ogun,2021-03-15
6095,employee_6095,sales,64570,43,0,kano,2020-03-16
6096,employee_6096,engineering,298590,41,1,akure,2020-07-21
6097,employee_6097,finance,203882,31,5,katsina,2021-03-13
6098,employee_6098,finance,160306,51,2,akure,2020-09-28
6099,employee_6099,marketing,100277,29,5,kwara,2020-07-02
6100,employee_6100,sales,212569,32,2,osun,2020-03-24
6101,employee_6101,finance,320576,42,4,kogi,2020-04-27
6102,employee_6102,marketing,204396,46,2,ogun,2020-12-12
6103,employee_6103,finance,280775,35,4,kwara,2020-09-04
6104,employee_6104,support,57974,26,3,abuja,2020-07-01
6105,employee_6105,sales,124512,40,1,kogi,2020-05-12
6106,employee_6106,marketing,91726,25,2,lagos,2021-04-04
6107,employee_6107,engineering,270200,55,4,kano,2020-07-30
6108,employee_6108,HR,111861,52,0,abuja,2020-10-12
6109,employee_6109,sales,293503,41,1,lagos,2020-04-03
6110,employee_6110,finance,305207,24,2,akure,2021-04-03
6111,employee_6111,support,69134,27,2,katsina,2020-01-23
6112,employee_6112,HR,282167,46,3,ogun,2020-05-07
6113,employee_6113,support,318229,29,2,imo,2020-10-08
6114,employee_6114,engineering,197069,30,5,kwara,2020-08-18
6115,employee_6115,HR,182853,31,0,lagos,2020-12-04
6116,employee_6116,finance,92760,23,4,imo,2020-10-28
6117,employee_6117,HR,295429,59,5,kogi,2021-04-30
6118,employee_6118,sales,205294,29,3,katsina,2020-08-22
6119,employee_6119,support,159806,28,1,kano,2020-12-31
6120,employee_6120,sales,145093,26,1,ogun,2021-04-21
6121,employee_6121,finance,93415,40,0,abia,2020-12-06
6122,employee_6122,finance,102976,48,5,imo,2020-05-11
6123,employee_6123,support,295545,50,1,osun,2020-03-11
6124,employee_6124,sales,114856,47,4,katsina,2020-10-12
6125,employee_6125,marketing,269080,26,3,ibadan,2021-02-09
6126,employee_6126,finance,337081,49,5,abia,2021-05-30
6127,employee_6127,HR,79529,51,5,osun,2020-12-04
6128,employee_6128,support,128342,24,3,akure,2021-04-28
6129,employee_6129,engineering,189378,45,2,kwara,2020-07-25
6130,employee_6130,support,292185,26,2,katsina,2020-03-02
6131,employee_6131,HR,305189,47,1,ogun,2020-04-24
6132,employee_6132,sales,195671,53,0,abia,2021-02-22
6133,employee_6133,sales,182397,35,0,imo,2020-05-29
6134,employee_6134,engineering,333797,32,3,kano,2020-12-23
6135,employee_6135,marketing,269314,50,1,ibadan,2021-05-24
6136,employee_6136,finance,150013,27,3,imo,2020-10-28
6137,employee_6137,support,92805,48,5,ibadan,2021-04-17
6138,employee_6138,support,227436,45,0,osun,2020-04-20
6139,employee_6139,finance,295504,44,2,abuja,2021-01-17
6140,employee_6140,sales,274889,28,5,ibadan,2020-06-04
6141,employee_6141,marketing,146245,35,2,kano,2020-06-22
6142,employee_6142,engineering,279490,54,4,kogi,2020-05-08
6143,employee_6143,HR,180414,41,1,ibadan,2020-07-02
6144,employee_6144,HR,112542,35,5,kano,2021-03-05
6145,employee_6145,marketing,308682,58,5,enugu,2020-08-11
6146,employee_6146,HR,221872,57,4,ogun,2021-02-01
6147,employee_6147,engineering,177382,59,2,enugu,2020-12-31
6148,employee_6148,marketing,245681,60,4,osun,2020-09-07
6149,employee_6149,finance,186442,36,1,abia,2021-06-11
6150,employee_6150,engineering,102207,59,2,ogun,2020-01-15
6151,employee_6151,marketing,198050,44,0,enugu,2021-04-09
6152,employee_6152,marketing,62088,27,3,abuja,2020-12-21
6153,employee_6153,finance,313453,58,2,osun,2020-11-23
6154,employee_6154,engineering,245563,36,5,kogi,2020-05-09
6155,employee_6155,HR,276065,21,3,kogi,2020-06-15
6156,employee_6156,sales,169509,49,2,abia,2020-01-20
6157,employee_6157,sales,313302,41,4,kogi,2020-09-13
6158,employee_6158,sales,241328,29,0,akure,2021-05-10
6159,employee_6159,HR,201269,55,4,akure,2021-01-25
6160,employee_6160,support,256242,41,2,kogi,2020-10-15
6161,employee_6161,HR,317337,57,4,enugu,2020-08-10
6162,employee_6162,engineering,281375,21,0,ibadan,2021-02-10
6163,employee_6163,sales,268746,24,5,imo,2021-01-05
6164,employee_6164,support,135893,29,5,kogi,2020-04-14
6165,employee_6165,HR,207386,52,0,katsina,2020-01-23
6166,employee_6166,finance,134376,21,3,ibadan,2020-01-27
6167,employee_6167,support,345390,25,4,ogun,2020-03-22
6168,employee_6168,support,286253,21,3,kogi,2020-08-22
6169,employee_6169,finance,205601,53,4,abuja,2020-01-24
6170,employee_6170,HR,95766,28,2,abia,2020-01-30
6171,employee_6171,marketing,95183,41,2,imo,2020-04-15
6172,employee_6172,sales,306641,33,4,katsina,2020-08-25
6173,employee_6173,marketing,288916,21,2,osun,2021-06-13
6174,employee_6174,HR,217475,47,1,kano,2021-05-01
6175,employee_6175,sales,74750,34,3,abuja,2020-08-13
6176,employee_6176,HR,314428,53,5,abia,2021-05-19
6177,employee_6177,finance,121829,41,3,kogi,2021-04-27
6178,employee_6178,finance,144810,46,2,katsina,2021-03-24
6179,employee_6179,marketing,310523,58,3,abia,2020-12-11
6180,employee_6180,HR,226348,40,1,abuja,2021-04-16
6181,employee_6181,engineering,112412,47,4,ibadan,2020-12-06
6182,employee_6182,marketing,341911,31,5,kogi,2020-08-11
6183,employee_6183,finance,204091,41,4,lagos,2020-11-29
6184,employee_6184,support,160695,50,2,imo,2020-10-04
6185,employee_6185,marketing,78790,38,4,ogun,2020-12-10
6186,employee_6186,support,112532,25,5,ibadan,2020-04-25
6187,employee_6187,engineering,91216,21,4,osun,2021-04-20
6188,employee_6188,support,137914,45,4,ogun,2020-01-18
6189,employee_6189,finance,211184,49,0,katsina,2021-05-20
6190,employee_6190,HR,116445,45,5,kogi,2021-03-11
6191,employee_6191,marketing,246070,60,4,abuja,2020-07-24
6192,employee_6192,sales,52239,33,4,ibadan,2021-05-22
6193,employee_6193,support,165982,27,1,imo,2020-12-03
6194,employee_6194,finance,309803,23,3,akure,2020-04-07
6195,employee_6195,finance,346409,52,3,enugu,2020-11-13
6196,employee_6196,engineering,80068,30,4,kogi,2021-05-12
6197,employee_6197,finance,100040,47,0,enugu,2020-09-01
6198,employee_6198,engineering,324200,44,0,ibadan,2021-05-02
6199,employee_6199,marketing,343916,29,2,akure,2021-01-29
6200,employee_6200,support,270514,27,1,kwara,2020-06-19
6201,employee_6201,finance,75775,54,1,kwara,2021-04-07
6202,employee_6202,support,119570,49,5,imo,2020-10-23
6203,employee_6203,engineering,248146,40,3,imo,2020-02-17
6204,employee_6204,marketing,325793,49,0,ibadan,2020-10-24
6205,employee_6205,marketing,92814,47,5,lagos,2021-05-08
6206,employee_6206,support,150052,22,1,enugu,2021-01-06
6207,employee_6207,support,329371,52,4,ibadan,2020-07-14
6208,employee_6208,HR,55522,43,0,lagos,2020-02-09
6209,employee_6209,marketing,189880,34,3,akure,2021-03-14
6210,employee_6210,support,51020,52,2,ibadan,2020-12-19
6211,employee_6211,finance,147960,32,1,katsina,2021-03-23
6212,employee_6212,engineering,268408,58,2,katsina,2020-10-31
6213,employee_6213,sales,120194,58,5,kogi,2020-08-12
6214,employee_6214,HR,104368,42,1,osun,2021-01-04
6215,employee_6215,marketing,257826,26,5,imo,2021-04-07
6216,employee_6216,support,68443,53,4,akure,2020-10-01
6217,employee_6217,marketing,109115,56,4,kano,2021-03-18
6218,employee_6218,finance,57549,58,2,abuja,2020-07-06
6219,employee_6219,finance,211083,51,1,ibadan,2021-03-11
6220,employee_6220,HR,162225,23,1,ibadan,2020-12-13
6221,employee_6221,marketing,199599,21,4,ogun,2020-10-08
6222,employee_6222,HR,71944,53,4,ibadan,2020-09-09
6223,employee_6223,support,278357,47,3,abia,2020-10-30
6224,employee_6224,sales,70426,42,2,ogun,2021-04-29
6225,employee_6225,engineering,349409,46,0,katsina,2020-02-17
6226,employee_6226,sales,239071,51,5,lagos,2021-04-27
6227,employee_6227,engineering,166861,22,5,kwara,2020-01-30
6228,employee_6228,HR,316576,51,4,akure,2020-06-12
6229,employee_6229,sales,119939,38,2,lagos,2021-03-02
6230,employee_6230,marketing,226969,33,2,abia,2020-03-16
6231,employee_6231,sales,92075,50,0,abuja,2021-06-05
6232,employee_6232,HR,124966,25,1,abuja,2021-03-30
6233,employee_6233,HR,171377,45,5,abuja,2020-07-28
6234,employee_6234,HR,335444,23,0,lagos,2020-04-17
6235,employee_6235,marketing,225162,59,2,lagos,2021-06-18
6236,employee_6236,support,298387,37,4,akure,2020-02-01
6237,employee_6237,HR,156667,37,3,enugu,2020-01-30
6238,employee_6238,finance,290498,49,1,kogi,2020-09-30
6239,employee_6239,engineering,198360,24,1,kano,2021-02-01
6240,employee_6240,marketing,232613,48,1,abia,2020-01-05
6241,employee_6241,marketing,192422,53,2,abia,2021-02-05
6242,employee_6242,engineering,342255,24,1,kwara,2021-06-06
6243,employee_6243,HR,164023,57,4,kwara,2020-10-26
6244,employee_6244,HR,299175,51,1,abuja,2020-03-16
6245,employee_6245,marketing,157180,25,4,abia,2020-12-17
6246,employee_6246,engineering,302449,41,5,katsina,2020-02-04
6247,employee_6247,marketing,301047,31,5,lagos,2020-09-21
6248,employee_6248,marketing,262452,55,0,kwara,2020-06-01
6249,employee_6249,engineering,197402,25,1,imo,2020-05-22
6250,employee_6250,finance,71220,47,4,kwara,2020-08-31
6251,employee_6251,HR,83524,37,5,ogun,2020-10-09
6252,employee_6252,finance,270009,56,5,imo,2021-03-08
6253,employee_6253,HR,93247,40,3,kwara,2021-05-14
6254,employee_6254,engineering,194709,26,0,akure,2020-05-03
6255,employee_6255,sales,269613,58,2,akure,2020-07-22
6256,employee_6256,marketing,121224,26,4,abuja,2020-04-20
6257,employee_6257,support,120870,39,3,ibadan,2021-06-19
6258,employee_6258,support,341333,24,3,kwara,2020-02-21
6259,employee_6259,sales,78036,50,3,katsina,2020-01-23
6260,employee_6260,marketing,344421,36,4,kano,2020-06-30
6261,employee_6261,HR,326023,30,0,ogun,2020-01-07
6262,employee_6262,HR,111609,43,1,katsina,2020-10-02
6263,employee_6263,support,325791,40,0,enugu,2020-04-21
6264,employee_6264,marketing,173719,29,1,akure,2021-04-03
6265,employee_6265,engineering,280244,49,4,abuja,2021-06-11
6266,employee_6266,finance,72369,46,2,abuja,2021-04-10
6267,employee_6267,support,310879,35,1,lagos,2020-08-10
6268,employee_6268,sales,56640,51,0,ibadan,2021-06-19
6269,employee_6269,sales,69783,34,3,kwara,2020-09-27
6270,employee_6270,finance,245846,51,5,abia,2021-02-20
6271,employee_6271,support,294401,48,5,katsina,2020-05-01
6272,employee_6272,support,198068,28,5,katsina,2020-04-12
6273,employee_6273,support,140316,60,4,imo,2020-08-02
6274,employee_6274,HR,143066,35,4,ibadan,2021-05-19
6275,employee_6275,support,329835,23,0,lagos,2020-12-26
6276,employee_6276,engineering,274349,49,0,akure,2021-01-19
6277,employee_6277,support,262064,34,3,kwara,2020-11-30
6278,employee_6278,sales,321248,54,5,lagos,2020-03-05
6279,employee_6279,engineering,307894,34,2,kwara,2020-07-09
6280,employee_6280,marketing,74866,38,2,lagos,2021-01-04
6281,employee_6281,sales,160637,29,5,kogi,2021-02-09
6282,employee_6282,HR,80724,43,3,kano,2020-12-31
6283,employee_6283,support,282080,30,1,katsina,2021-05-03
6284,employee_6284,engineering,99330,38,2,kano,2021-06-12
6285,employee_6285,finance,226410,55,1,abuja,2021-03-14
6286,employee_6286,engineering,201401,59,3,imo,2020-02-10
6287,employee_6287,marketing,106856,33,1,lagos,2021-05-21
6288,employee_6288,sales,139794,46,5,kano,2020-05-30
6289,employee_6289,marketing,289486,43,0,ibadan,2021-01-01
6290,employee_6290,HR,126816,54,1,ibadan,2021-01-14
6291,employee_6291,support,318334,24,1,abia,2020-11-30
6292,employee_6292,sales,262048,60,4,abia,2021-01-18
6293,employee_6293,marketing,150830,59,3,kano,2020-12-20
6294,employee_6294,engineering,65263,55,4,kogi,2021-03-23
6295,employee_6295,finance,95064,50,1,kwara,2020-11-26
6296,employee_6296,support,243653,26,4,osun,2021-01-11
6297,employee_6297,support,221568,35,4,ibadan,2020-12-20
6298,employee_6298,HR,195132,43,1,katsina,2021-06-21
6299,employee_6299,support,241678,31,0,ibadan,2021-02-24
6300,employee_6300,engineering,90418,26,0,abia,2021-01-12
6301,employee_6301,finance,292423,57,5,abia,2020-10-14
6302,employee_6302,HR,139653,36,2,abuja,2020-09-08
6303,employee_6303,HR,210480,31,3,abia,2020-06-17
6304,employee_6304,marketing,332309,59,5,katsina,2021-01-19
6305,employee_6305,finance,110298,60,2,kogi,2020-11-26
6306,employee_6306,support,195305,43,5,imo,2021-02-21
6307,employee_6307,engineering,168490,43,3,kogi,2020-05-05
6308,employee_6308,marketing,308416,33,4,abia,2021-01-20
6309,employee_6309,finance,83726,51,3,ogun,2020-12-12
6310,employee_6310,sales,52064,51,3,osun,2020-09-28
6311,employee_6311,marketing,100517,32,0,lagos,2020-07-13
6312,employee_6312,HR,242856,53,5,kogi,2021-01-20
6313,employee_6313,HR,303655,22,1,abuja,2021-02-25
6314,employee_6314,marketing,321806,51,0,osun,2020-03-07
6315,employee_6315,HR,278303,47,5,enugu,2020-04-22
6316,employee_6316,sales,163900,56,1,katsina,2020-07-29
6317,employee_6317,sales,307296,27,1,lagos,2020-06-12
6318,employee_6318,support,302914,25,5,akure,2020-03-31
6319,employee_6319,HR,164230,30,3,osun,2020-02-10
6320,employee_6320,engineering,334782,52,5,katsina,2021-03-06
6321,employee_6321,HR,311024,45,1,enugu,2020-11-01
6322,employee_6322,HR,74865,55,5,kogi,2020-02-19
6323,employee_6323,engineering,143576,27,4,abuja,2020-06-04
6324,employee_6324,support,207373,25,3,ogun,2020-10-18
6325,employee_6325,finance,289075,60,3,kwara,2020-06-09
6326,employee_6326,finance,335882,59,1,kano,2020-07-20
6327,employee_6327,support,92778,49,5,ibadan,2020-11-04
6328,employee_6328,support,314612,51,5,ibadan,2020-04-25
6329,employee_6329,finance,125079,21,1,abuja,2020-11-02
6330,employee_6330,sales,246093,40,5,kwara,2021-06-19
6331,employee_6331,engineering,248884,26,3,ibadan,2021-05-16
6332,employee_6332,HR,319716,36,5,kogi,2021-03-10
6333,employee_6333,marketing,199233,52,0,kwara,2020-08-02
6334,employee_6334,finance,197260,60,4,kwara,2020-12-27
6335,employee_6335,sales,204202,50,1,akure,2021-01-10
6336,employee_6336,HR,272462,41,5,abia,2021-01-12
6337,employee_6337,finance,254921,21,2,osun,2020-06-30
6338,employee_6338,HR,155682,54,4,abia,2020-05-21
6339,employee_6339,finance,106338,47,4,abuja,2020-08-21
6340,employee_6340,support,63069,47,4,katsina,2020-04-15
6341,employee_6341,support,145629,59,1,kwara,2020-12-16
6342,employee_6342,engineering,175158,37,0,katsina,2020-12-02
6343,employee_6343,marketing,69210,52,5,lagos,2021-02-04
6344,employee_6344,sales,95393,43,0,akure,2020-06-10
6345,employee_6345,finance,338147,45,1,abuja,2021-05-15
6346,employee_6346,engineering,57784,53,3,imo,2021-06-03
6347,employee_6347,engineering,151797,32,4,osun,2020-03-22
6348,employee_6348,engineering,107524,28,4,abia,2020-07-01
6349,employee_6349,support,291523,59,4,abia,2020-11-07
6350,employee_6350,engineering,242555,53,1,enugu,2020-08-27
6351,employee_6351,finance,242389,59,4,kwara,2021-01-28
6352,employee_6352,finance,337737,58,4,abia,2020-07-01
6353,employee_6353,support,80370,56,2,kwara,2020-07-04
6354,employee_6354,finance,216488,42,0,katsina,2020-04-06
6355,employee_6355,sales,174131,23,3,abia,2020-08-30
6356,employee_6356,HR,231514,59,5,osun,2020-11-27
6357,employee_6357,sales,231450,25,1,abia,2020-06-29
6358,employee_6358,support,233034,33,3,kogi,2021-06-12
6359,employee_6359,finance,323839,30,5,kwara,2020-05-28
6360,employee_6360,support,186691,26,0,abia,2020-10-06
6361,employee_6361,HR,58628,49,0,ogun,2020-02-10
6362,employee_6362,engineering,231644,47,1,katsina,2020-04-11
6363,employee_6363,marketing,71616,51,2,abia,2021-05-24
6364,employee_6364,sales,195687,39,4,katsina,2020-06-25
6365,employee_6365,HR,152780,33,0,ogun,2021-05-26
6366,employee_6366,finance,135175,33,1,kwara,2020-09-07
6367,employee_6367,engineering,70545,40,4,imo,2020-02-24
6368,employee_6368,sales,345944,40,2,lagos,2021-02-21
6369,employee_6369,HR,291700,29,0,ogun,2020-08-04
6370,employee_6370,sales,275596,28,5,akure,2020-06-26
6371,employee_6371,support,344826,31,1,ibadan,2021-03-19
6372,employee_6372,HR,323601,31,2,imo,2021-01-21
6373,employee_6373,marketing,281247,27,3,osun,2020-03-21
6374,employee_6374,sales,216773,44,5,ibadan,2020-04-01
6375,employee_6375,HR,163458,23,4,abuja,2021-01-12
6376,employee_6376,support,85360,25,5,katsina,2020-02-01
6377,employee_6377,engineering,92061,23,5,akure,2020-04-25
6378,employee_6378,engineering,182958,37,1,ibadan,2020-05-20
6379,employee_6379,finance,192355,25,2,abia,2021-01-31
6380,employee_6380,engineering,151324,44,2,kogi,2021-01-20
6381,employee_6381,HR,344944,22,3,katsina,2021-06-04
6382,employee_6382,sales,226333,48,2,ogun,2021-03-04
6383,employee_6383,engineering,345816,25,0,imo,2020-06-25
6384,employee_6384,marketing,204444,57,0,ibadan,2020-02-13
6385,employee_6385,engineering,125475,51,1,ibadan,2020-04-24
6386,employee_6386,marketing,308964,43,0,kano,2021-06-05
6387,employee_6387,marketing,289876,33,1,kwara,2020-03-08
6388,employee_6388,sales,187338,43,2,osun,2020-12-28
6389,employee_6389,sales,144673,50,2,enugu,2021-04-30
6390,employee_6390,sales,293230,56,1,kano,2020-03-14
6391,employee_6391,support,326363,45,3,katsina,2020-07-28
6392,employee_6392,support,282712,30,3,akure,2021-03-18
6393,employee_6393,support,326044,33,3,kano,2020-02-25
6394,employee_6394,engineering,201484,41,0,imo,2021-02-07
6395,employee_6395,finance,236907,60,0,akure,2020-03-11
6396,employee_6396,sales,333974,30,3,katsina,2020-08-12
6397,employee_6397,support,227791,24,1,abuja,2020-11-09
6398,employee_6398,HR,102293,52,1,abuja,2021-06-18
6399,employee_6399,marketing,323795,29,1,abia,2021-03-29
6400,employee_6400,HR,129663,37,1,kwara,2020-05-25
6401,employee_6401,HR,203679,37,5,imo,2020-05-25
6402,employee_6402,marketing,79886,49,0,kano,2020-05-28
6403,employee_6403,support,175027,22,1,imo,2020-12-12
6404,employee_6404,HR,56267,21,3,kano,2020-08-18
6405,employee_6405,HR,199299,55,5,ibadan,2020-10-02
6406,employee_6406,finance,195815,24,2,abuja,2020-07-21
6407,employee_6407,support,284855,39,5,kwara,2021-04-03
6408,employee_6408,engineering,237522,42,2,imo,2020-01-13
6409,employee_6409,engineering,237470,50,5,kano,2020-12-02
6410,employee_6410,HR,183047,40,4,katsina,2020-02-23
6411,employee_6411,marketing,348642,54,5,kano,2020-07-22
6412,employee_6412,HR,123585,26,2,katsina,2020-06-20
6413,employee_6413,marketing,145922,34,1,kano,2020-02-19
6414,employee_6414,engineering,314948,47,5,abuja,2021-01-19
6415,employee_6415,HR,257471,39,2,kogi,2020-02-25
6416,employee_6416,marketing,319741,23,3,kwara,2021-03-27
6417,employee_6417,HR,96415,25,1,ogun,2020-11-05
6418,employee_6418,sales,82207,40,0,kano,2020-06-20
6419,employee_6419,sales,187266,60,1,lagos,2020-02-24
6420,employee_6420,support,170090,53,5,kano,2021-01-12
6421,employee_6421,finance,168709,45,5,katsina,2020-03-22
6422,employee_6422,finance,292452,36,3,lagos,2020-08-15
6423,employee_6423,marketing,330831,42,3,enugu,2020-05-11
6424,employee_6424,support,268203,21,1,katsina,2020-07-12
6425,employee_6425,sales,64119,48,1,akure,2020-01-29
6426,employee_6426,sales,279790,21,1,katsina,2020-04-13
6427,employee_6427,sales,223362,23,4,abuja,2020-01-17
6428,employee_6428,finance,178006,42,1,abuja,2021-03-20
6429,employee_6429,HR,117199,57,3,akure,2020-05-15
6430,employee_6430,HR,104513,28,4,kwara,2021-03-04
6431,employee_6431,finance,192322,51,0,katsina,2020-08-21
6432,employee_6432,finance,94472,54,0,kano,2020-04-11
6433,employee_6433,support,247172,55,3,lagos,2021-01-22
6434,employee_6434,HR,220493,34,3,imo,2020-03-14
6435,employee_6435,HR,322186,27,4,ibadan,2021-06-10
6436,employee_6436,sales,325594,45,3,enugu,2021-04-20
6437,employee_6437,engineering,89016,22,4,lagos,2020-09-05
6438,employee_6438,HR,134774,21,3,ogun,2021-02-11
6439,employee_6439,HR,240935,51,1,abuja,2021-01-30
6440,employee_6440,marketing,244367,48,1,kwara,2020-11-25
6441,employee_6441,marketing,93954,46,4,abuja,2021-01-02
6442,employee_6442,marketing,129054,22,4,abuja,2020-01-18
6443,employee_6443,engineering,173440,48,3,enugu,2020-12-01
6444,employee_6444,marketing,71292,55,1,enugu,2020-08-23
6445,employee_6445,HR,306673,50,4,osun,2021-04-06
6446,employee_6446,support,157108,25,5,akure,2021-06-17
6447,employee_6447,marketing,149571,46,2,enugu,2020-10-18
6448,employee_6448,support,321087,42,4,kogi,2021-06-17
6449,employee_6449,finance,333523,51,5,katsina,2020-07-08
6450,employee_6450,finance,299619,39,2,katsina,2020-08-15
6451,employee_6451,marketing,295303,30,1,ibadan,2020-04-15
6452,employee_6452,finance,127063,58,1,osun,2020-04-21
6453,employee_6453,engineering,270919,53,5,kogi,2020-07-09
6454,employee_6454,engineering,100574,36,3,akure,2021-03-14
6455,employee_6455,finance,312437,55,3,abia,2020-06-28
6456,employee_6456,engineering,247735,52,4,enugu,2020-06-20
6457,employee_6457,HR,344573,39,1,kwara,2020-03-24
6458,employee_6458,marketing,140796,46,5,osun,2021-01-08
6459,employee_6459,support,201508,58,0,lagos,2020-03-17
6460,employee_6460,support,64979,35,4,lagos,2020-04-12
6461,employee_6461,HR,99972,57,1,ibadan,2020-10-23
6462,employee_6462,sales,159528,33,0,kano,2021-04-01
6463,employee_6463,HR,349919,58,2,osun,2020-06-06
6464,employee_6464,sales,209832,23,1,katsina,2020-06-11
6465,employee_6465,engineering,172225,30,4,katsina,2020-02-13
6466,employee_6466,sales,328736,37,0,lagos,2020-11-22
6467,employee_6467,engineering,221270,45,1,osun,2020-08-12
6468,employee_6468,finance,115117,36,0,katsina,2020-11-09
6469,employee_6469,marketing,122740,23,5,abuja,2020-07-13
6470,employee_6470,HR,76257,34,2,kano,2020-06-22
6471,employee_6471,marketing,225478,27,4,ogun,2020-06-16
6472,employee_6472,finance,167753,29,2,kogi,2020-12-13
6473,employee_6473,engineering,199514,56,2,kogi,2020-10-27
6474,employee_6474,finance,239102,47,4,osun,2020-01-08
6475,employee_6475,HR,152160,46,2,ibadan,2020-11-21
6476,employee_6476,HR,115300,42,3,ibadan,2020-09-08
6477,employee_6477,finance,295613,58,3,akure,2021-03-05
6478,employee_6478,finance,178921,30,3,katsina,2020-07-20
6479,employee_6479,HR,248835,24,2,katsina,2020-06-25
6480,employee_6480,engineering,272080,28,0,kano,2020-05-03
6481,employee_6481,sales,54748,38,1,enugu,2021-03-07
6482,employee_6482,finance,63481,56,2,katsina,2020-07-12
6483,employee_6483,sales,118974,37,0,ogun,2021-04-07
6484,employee_6484,finance,72953,60,3,kwara,2020-06-15
6485,employee_6485,sales,265905,59,4,abuja,2021-05-07
6486,employee_6486,support,108554,47,2,kano,2020-02-25
6487,employee_6487,support,304653,37,1,enugu,2020-11-19
6488,employee_6488,support,88113,50,3,enugu,2021-06-05
6489,employee_6489,finance,119491,44,0,lagos,2020-03-31
6490,employee_6490,sales,227994,53,4,enugu,2021-03-31
6491,employee_6491,engineering,85233,57,3,enugu,2020-09-23
6492,employee_6492,support,307914,50,2,katsina,2020-03-21
6493,employee_6493,sales,127412,50,4,enugu,2020-02-13
6494,employee_6494,sales,249077,57,4,osun,2021-01-13
6495,employee_6495,finance,94040,42,2,lagos,2020-09-10
6496,employee_6496,HR,338877,60,1,kogi,2020-06-02
6497,employee_6497,finance,287919,42,1,imo,2021-02-20
6498,employee_6498,sales,262831,56,5,lagos,2020-06-15
6499,employee_6499,marketing,210768,47,0,abia,2020-10-21
6500,employee_6500,finance,216165,38,2,abuja,2020-04-24
6501,employee_6501,support,305106,42,2,imo,2021-01-11
6502,employee_6502,marketing,163577,57,5,kwara,2020-06-04
6503,employee_6503,engineering,232896,49,0,osun,2021-01-04
6504,employee_6504,support,270782,40,3,kano,2020-12-29
6505,employee_6505,sales,280319,32,1,lagos,2021-06-02
6506,employee_6506,finance,218545,38,5,ibadan,2020-08-13
6507,employee_6507,support,265797,40,2,osun,2020-08-19
6508,employee_6508,sales,210277,51,4,lagos,2021-06-01
6509,employee_6509,sales,275270,55,4,imo,2020-07-27
6510,employee_6510,marketing,191812,58,0,kogi,2021-05-12
6511,employee_6511,engineering,241751,49,5,kogi,2020-05-27
6512,employee_6512,marketing,208517,56,0,kogi,2020-09-12
6513,employee_6513,support,163331,42,5,ogun,2020-03-31
6514,employee_6514,marketing,270624,30,5,kogi,2020-09-21
6515,employee_6515,sales,306806,56,4,lagos,2020-07-29
6516,employee_6516,support,278340,50,3,kogi,2020-04-16
6517,employee_6517,sales,289515,32,0,ogun,2020-01-25
6518,employee_6518,HR,169026,28,4,katsina,2020-02-16
6519,employee_6519,HR,76104,22,0,imo,2020-10-12
6520,employee_6520,finance,66425,25,3,kano,2020-10-16
6521,employee_6521,finance,211635,21,0,osun,2020-02-02
6522,employee_6522,HR,295304,29,1,ibadan,2021-04-14
6523,employee_6523,HR,208610,30,2,katsina,2020-02-24
6524,employee_6524,finance,259741,58,3,ogun,2020-01-21
6525,employee_6525,finance,332225,24,4,kano,2020-07-25
6526,employee_6526,engineering,65225,46,3,osun,2020-06-25
6527,employee_6527,support,313519,39,3,katsina,2020-12-04
6528,employee_6528,finance,229054,45,2,kano,2020-05-28
6529,employee_6529,sales,50724,55,0,enugu,2021-01-14
6530,employee_6530,marketing,292170,21,0,ogun,2020-04-04
6531,employee_6531,marketing,52156,53,0,ibadan,2021-04-13
6532,employee_6532,marketing,206770,58,5,lagos,2020-12-29
6533,employee_6533,engineering,245424,54,2,kwara,2021-06-19
6534,employee_6534,marketing,118146,44,4,abia,2020-03-11
6535,employee_6535,HR,80037,32,3,kano,2020-11-30
6536,employee_6536,marketing,114128,25,2,abuja,2021-03-16
6537,employee_6537,marketing,346894,42,0,imo,2021-02-16
6538,employee_6538,finance,282136,33,0,katsina,2020-06-26
6539,employee_6539,marketing,228149,26,2,akure,2020-05-21
6540,employee_6540,marketing,294013,37,5,kano,2021-06-16
6541,employee_6541,sales,265561,51,3,abuja,2020-02-15
6542,employee_6542,HR,151633,33,5,kogi,2020-06-01
6543,employee_6543,marketing,284039,54,5,imo,2020-03-04
6544,employee_6544,marketing,347835,50,0,enugu,2020-11-12
6545,employee_6545,sales,132439,24,2,kano,2020-04-01
6546,employee_6546,support,309163,50,2,ogun,2020-02-04
6547,employee_6547,marketing,252387,35,4,kano,2021-05-24
6548,employee_6548,sales,258740,58,5,kwara,2020-09-14
6549,employee_6549,support,148641,28,0,kano,2020-10-20
6550,employee_6550,support,74189,60,5,abia,2021-01-31
6551,employee_6551,support,53064,37,1,kogi,2021-03-01
6552,employee_6552,marketing,345459,41,3,lagos,2020-10-17
6553,employee_6553,engineering,105288,54,2,katsina,2020-11-30
6554,employee_6554,sales,181246,29,1,abuja,2021-02-07
6555,employee_6555,finance,142689,28,4,kogi,2020-09-05
6556,employee_6556,finance,258674,26,0,ogun,2021-04-02
6557,employee_6557,finance,346931,54,3,lagos,2021-04-01
6558,employee_6558,marketing,268406,36,4,imo,2020-03-28
6559,employee_6559,HR,198489,23,2,enugu,2020-06-05
6560,employee_6560,sales,338982,29,5,imo,2020-10-02
6561,employee_6561,marketing,174242,51,2,abuja,2021-02-11
6562,employee_6562,engineering,256819,25,5,ogun,2020-10-20
6563,employee_6563,engineering,161288,41,0,osun,2020-12-24
6564,employee_6564,sales,166300,23,0,osun,2021-04-30
6565,employee_6565,finance,265920,44,1,ibadan,2021-06-16
6566,employee_6566,HR,206888,55,1,ogun,2020-03-28
6567,employee_6567,engineering,212261,44,0,kogi,2020-11-13
6568,employee_6568,finance,172345,34,2,abia,2020-12-01
6569,employee_6569,sales,129817,38,0,abuja,2020-08-18
6570,employee_6570,marketing,228052,59,4,kogi,2020-09-26
6571,employee_6571,sales,326703,39,4,imo,2020-01-14
6572,employee_6572,support,316143,43,5,kano,2020-06-06
6573,employee_6573,marketing,136873,40,4,enugu,2020-10-27
6574,employee_6574,support,149379,30,1,kogi,2020-06-18
6575,employee_6575,support,315876,31,2,osun,2020-12-04
6576,employee_6576,support,222480,26,0,imo,2020-10-09
6577,employee_6577,support,66781,45,4,abia,2020-10-06
6578,employee_6578,engineering,57238,21,3,enugu,2020-10-18
6579,employee_6579,sales,100148,57,4,abuja,2020-06-03
6580,employee_6580,engineering,106582,25,0,kogi,2020-05-29
6581,employee_6581,marketing,147991,24,5,akure,2021-01-15
6582,employee_6582,support,255119,38,0,osun,2020-01-06
6583,employee_6583,support,171390,58,5,ogun,2021-04-11
6584,employee_6584,engineering,300886,23,2,osun,2020-05-24
6585,employee_6585,HR,99438,21,2,kogi,2020-03-09
6586,employee_6586,support,134475,27,4,ogun,2021-05-07
6587,employee_6587,support,232870,31,2,ibadan,2021-05-11
6588,employee_6588,support,81990,49,4,kwara,2020-08-03
6589,employee_6589,finance,201864,38,3,kano,2021-01-16
6590,employee_6590,engineering,118889,28,1,lagos,2021-02-20
6591,employee_6591,support,239651,41,0,osun,2020-01-15
6592,employee_6592,sales,70171,27,4,ibadan,2020-08-04
6593,employee_6593,engineering,242587,55,2,enugu,2020-03-27
6594,employee_6594,sales,161949,38,2,abuja,2020-11-22
6595,employee_6595,engineering,170688,45,0,imo,2020-06-07
6596,employee_6596,support,211187,23,1,kogi,2020-01-27
6597,employee_6597,engineering,147815,51,5,kwara,2020-07-04
6598,employee_6598,sales,52878,59,0,enugu,2021-03-12
6599,employee_6599,engineering,136237,37,0,kano,2021-02-16
6600,employee_6600,HR,219451,48,4,kwara,2021-04-15
6601,employee_6601,marketing,246121,42,1,osun,2020-04-06
6602,employee_6602,engineering,79819,46,1,imo,2020-03-09
6603,employee_6603,sales,275503,51,0,kwara,2020-07-17
6604,employee_6604,HR,170781,55,3,kwara,2020-05-15
6605,employee_6605,finance,53529,56,1,ogun,2020-10-30
6606,employee_6606,engineering,74764,26,3,lagos,2020-11-13
6607,employee_6607,sales,260283,39,0,lagos,2020-09-12
6608,employee_6608,support,343884,26,3,lagos,2021-01-19
6609,employee_6609,engineering,150879,30,3,abuja,2020-07-10
6610,employee_6610,finance,186711,33,1,enugu,2020-11-11
6611,employee_6611,marketing,231469,47,4,kwara,2021-03-18
6612,employee_6612,marketing,136557,51,1,ibadan,2021-05-09
6613,employee_6613,engineering,282482,29,2,kogi,2020-07-05
6614,employee_6614,finance,308038,58,4,osun,2021-03-13
6615,employee_6615,marketing,270236,29,0,akure,2020-12-08
6616,employee_6616,engineering,248355,51,1,kwara,2020-05-14
6617,employee_6617,HR,253742,21,4,katsina,2020-12-11
6618,employee_6618,HR,149705,34,4,abuja,2021-06-12
6619,employee_6619,sales,122557,51,5,enugu,2020-02-01
6620,employee_6620,HR,341484,52,2,kwara,2020-06-26
6621,employee_6621,marketing,147686,36,0,imo,2020-07-14
6622,employee_6622,engineering,290542,57,4,abia,2020-04-07
6623,employee_6623,HR,176038,24,3,ogun,2020-12-24
6624,employee_6624,support,232246,33,1,akure,2020-04-17
6625,employee_6625,sales,206969,58,3,abia,2020-10-29
6626,employee_6626,sales,334148,40,5,kogi,2021-05-17
6627,employee_6627,engineering,199402,50,0,ibadan,2020-08-20
6628,employee_6628,support,245154,26,5,kogi,2020-04-28
6629,employee_6629,support,306658,31,2,imo,2020-01-05
6630,employee_6630,finance,178075,57,2,enugu,2021-04-06
6631,employee_6631,HR,151436,25,1,katsina,2020-07-25
6632,employee_6632,sales,101822,39,1,ibadan,2020-11-21
6633,employee_6633,sales,207918,55,5,kogi,2021-05-21
6634,employee_6634,engineering,99059,42,1,osun,2021-01-16
6635,employee_6635,support,301729,35,5,lagos,2020-07-28
6636,employee_6636,HR,184605,25,3,lagos,2020-11-06
6637,employee_6637,sales,137606,58,0,ogun,2021-05-08
6638,employee_6638,engineering,228752,23,0,imo,2020-10-11
6639,employee_6639,HR,299994,41,2,ogun,2020-06-23
6640,employee_6640,sales,172894,44,2,lagos,2020-12-06
6641,employee_6641,sales,65167,26,5,abia,2020-09-11
6642,employee_6642,sales,180290,31,2,osun,2020-08-19
6643,employee_6643,marketing,193094,42,3,abuja,2021-01-15
6644,employee_6644,marketing,272549,47,5,osun,2020-03-22
6645,employee_6645,finance,337891,29,2,lagos,2020-09-24
6646,employee_6646,sales,91745,46,0,enugu,2020-03-19
6647,employee_6647,HR,145855,52,0,ibadan,2021-05-18
6648,employee_6648,engineering,94663,55,2,kogi,2020-09-03
6649,employee_6649,support,57843,47,4,lagos,2021-02-21
6650,employee_6650,support,277995,26,1,abuja,2020-07-04
6651,employee_6651,engineering,117475,58,4,imo,2021-06-14
6652,employee_6652,sales,183497,47,5,kogi,2021-06-14
6653,employee_6653,HR,219175,27,5,kogi,2020-03-22
6654,employee_6654,HR,149740,39,3,abia,2020-04-28
6655,employee_6655,engineering,121455,46,1,katsina,2020-07-15
6656,employee_6656,engineering,70304,48,5,akure,2021-06-16
6657,employee_6657,support,124178,30,4,katsina,2020-01-05
6658,employee_6658,engineering,191307,45,1,ibadan,2020-03-24
6659,employee_6659,marketing,268531,58,2,akure,2021-03-08
6660,employee_6660,engineering,279056,56,5,osun,2020-03-23
6661,employee_6661,finance,348945,23,5,kwara,2020-05-09
6662,employee_6662,engineering,139852,22,1,abia,2020-01-13
6663,employee_6663,marketing,141454,50,1,abia,2021-03-15
6664,employee_6664,HR,250165,42,3,enugu,2021-01-17
6665,employee_6665,sales,250806,43,2,kano,2020-02-02
6666,employee_6666,marketing,221493,56,1,kano,2021-04-05
6667,employee_6667,support,216569,21,5,ibadan,2020-10-21
6668,employee_6668,sales,218370,45,3,lagos,2020-04-24
6669,employee_6669,support,268975,30,5,osun,2021-05-30
6670,employee_6670,support,237060,55,2,osun,2020-03-14
6671,employee_6671,sales,237480,54,2,osun,2020-03-05
6672,employee_6672,finance,202127,28,3,kwara,2021-01-23
6673,employee_6673,engineering,231670,32,2,enugu,2020-08-13
6674,employee_6674,support,193997,59,4,abia,2021-06-06
6675,employee_6675,finance,56197,34,0,kwara,2020-07-30
6676,employee_6676,marketing,124117,37,2,abia,2020-03-01
6677,employee_6677,engineering,84325,41,5,ibadan,2020-06-09
6678,employee_6678,HR,92871,56,2,katsina,2020-06-12
6679,employee_6679,HR,52244,51,2,kwara,2021-04-19
6680,employee_6680,finance,234208,33,2,imo,2020-01-08
6681,employee_6681,engineering,78956,50,5,ibadan,2020-02-18
6682,employee_6682,HR,245324,52,1,abia,2021-01-18
6683,employee_6683,marketing,289822,31,4,imo,2020-03-01
6684,employee_6684,finance,256741,47,3,ibadan,2021-03-02
6685,employee_6685,finance,180866,29,2,abuja,2021-01-20
6686,employee_6686,finance,318044,51,2,kano,2021-05-20
6687,employee_6687,support,64654,25,5,kwara,2021-04-21
6688,employee_6688,support,132231,35,4,kwara,2020-12-05
6689,employee_6689,marketing,289061,57,4,lagos,2021-02-14
6690,employee_6690,sales,264570,43,2,kano,2020-09-28
6691,employee_6691,marketing,344791,44,1,lagos,2020-09-09
6692,employee_6692,finance,274145,56,3,abia,2021-04-05
6693,employee_6693,HR,62904,37,0,ogun,2020-01-08
6694,employee_6694,engineering,244554,34,3,akure,2021-03-22
6695,employee_6695,sales,154505,52,1,osun,2020-07-05
6696,employee_6696,sales,314504,52,3,abuja,2020-05-20
6697,employee_6697,marketing,333927,38,2,abuja,2020-11-14
6698,employee_6698,HR,242878,35,5,katsina,2021-03-06
6699,employee_6699,engineering,138931,56,3,osun,2020-01-24
6700,employee_6700,support,341511,53,3,enugu,2020-11-19
6701,employee_6701,sales,328692,52,1,akure,2020-10-03
6702,employee_6702,finance,265544,36,2,kano,2021-05-28
6703,employee_6703,support,244055,35,2,enugu,2020-11-12
6704,employee_6704,sales,131858,24,3,kogi,2020-12-15
6705,employee_6705,HR,306985,35,2,abia,2021-01-24
6706,employee_6706,finance,236733,30,4,osun,2021-06-05
6707,employee_6707,engineering,77150,26,3,abia,2021-02-14
6708,employee_6708,marketing,254671,46,3,ogun,2021-05-26
6709,employee_6709,support,115317,41,3,ogun,2020-07-23
6710,employee_6710,engineering,279910,44,4,kano,2020-12-15
6711,employee_6711,sales,290539,50,5,kogi,2021-01-24
6712,employee_6712,marketing,75599,23,0,kano,2021-04-04
6713,employee_6713,HR,99776,36,3,kano,2021-03-05
6714,employee_6714,finance,86897,29,2,akure,2020-12-14
6715,employee_6715,sales,122944,44,1,katsina,2020-09-27
6716,employee_6716,support,75056,32,5,abuja,2020-05-03
6717,employee_6717,marketing,81738,46,2,katsina,2021-03-13
6718,employee_6718,marketing,280298,50,5,osun,2020-10-18
6719,employee_6719,finance,288563,50,2,osun,2020-06-15
6720,employee_6720,support,73034,43,0,katsina,2020-04-15
6721,employee_6721,marketing,141465,51,1,kogi,2020-06-27
6722,employee_6722,engineering,103172,48,5,imo,2021-05-05
6723,employee_6723,support,292734,26,0,kwara,2021-02-10
6724,employee_6724,sales,195186,49,4,katsina,2020-02-26
6725,employee_6725,HR,341795,33,4,kano,2021-04-19
6726,employee_6726,marketing,103813,51,4,osun,2020-12-29
6727,employee_6727,support,141982,51,4,kogi,2020-01-01
6728,employee_6728,support,152609,22,5,lagos,2020-11-14
6729,employee_6729,finance,100520,31,4,enugu,2020-04-14
6730,employee_6730,support,267181,50,0,kogi,2020-03-17
6731,employee_6731,HR,302112,23,0,kwara,2020-05-04
6732,employee_6732,engineering,62118,49,1,akure,2020-12-22
6733,employee_6733,HR,308601,53,2,akure,2020-05-02
6734,employee_6734,HR,282270,25,0,akure,2020-08-11
6735,employee_6735,support,312459,55,1,ibadan,2021-04-01
6736,employee_6736,support,293466,55,5,osun,2020-10-05
6737,employee_6737,engineering,231936,45,3,osun,2021-03-30
6738,employee_6738,support,321380,22,4,kogi,2020-10-31
6739,employee_6739,sales,263505,29,2,abia,2021-02-15
6740,employee_6740,sales,136723,36,1,ibadan,2021-01-30
6741,employee_6741,support,88180,50,4,osun,2020-04-09
6742,employee_6742,sales,299901,26,0,ogun,2020-06-09
6743,employee_6743,engineering,158057,52,4,kogi,2020-09-21
6744,employee_6744,engineering,115130,55,4,ogun,2020-10-29
6745,employee_6745,sales,191627,51,0,enugu,2020-07-23
6746,employee_6746,marketing,328042,46,4,ibadan,2021-05-13
6747,employee_6747,marketing,266459,36,4,kano,2020-10-03
6748,employee_6748,sales,336595,49,0,ogun,2021-02-24
6749,employee_6749,marketing,234198,43,0,katsina,2020-03-28
6750,employee_6750,HR,304207,51,1,abuja,2020-12-03
6751,employee_6751,HR,330935,26,2,osun,2020-01-01
6752,employee_6752,finance,150415,46,5,abuja,2020-05-23
6753,employee_6753,marketing,105054,41,5,abuja,2021-01-31
6754,employee_6754,HR,200339,42,0,ogun,2020-06-14
6755,employee_6755,marketing,227500,54,4,abuja,2020-07-17
6756,employee_6756,engineering,313128,59,4,abuja,2021-05-24
6757,employee_6757,marketing,102804,28,5,akure,2021-06-06
6758,employee_6758,sales,125163,37,4,abia,2020-08-03
6759,employee_6759,finance,173133,24,5,ogun,2021-02-23
6760,employee_6760,sales,205579,25,3,enugu,2020-04-28
6761,employee_6761,HR,173527,58,4,kwara,2020-04-14
6762,employee_6762,HR,311525,60,3,kwara,2021-05-08
6763,employee_6763,marketing,309649,32,2,katsina,2021-05-19
6764,employee_6764,HR,212421,34,3,abia,2021-04-22
6765,employee_6765,finance,116421,33,5,abia,2021-01-10
6766,employee_6766,sales,176773,50,0,lagos,2021-06-07
6767,employee_6767,support,345649,49,1,katsina,2020-12-16
6768,employee_6768,support,268703,25,1,ogun,2020-01-10
6769,employee_6769,marketing,225082,30,2,enugu,2020-03-19
6770,employee_6770,marketing,246164,35,2,katsina,2020-02-15
6771,employee_6771,support,288611,49,1,abuja,2021-06-10
6772,employee_6772,sales,105686,45,5,katsina,2020-10-26
6773,employee_6773,finance,305229,53,2,kwara,2020-08-24
6774,employee_6774,marketing,347371,51,2,abuja,2020-08-08
6775,employee_6775,finance,172037,28,5,kano,2020-07-12
6776,employee_6776,support,186371,47,5,osun,2020-06-20
6777,employee_6777,support,345792,52,4,katsina,2021-03-29
6778,employee_6778,engineering,87403,29,2,enugu,2020-05-02
6779,employee_6779,engineering,98314,24,1,kwara,2020-09-04
6780,employee_6780,support,162781,35,0,abuja,2020-06-09
6781,employee_6781,marketing,285467,59,3,ogun,2020-09-16
6782,employee_6782,finance,228022,32,3,ogun,2021-03-14
6783,employee_6783,support,266346,45,5,kano,2020-11-07
6784,employee_6784,HR,316532,32,1,enugu,2021-03-22
6785,employee_6785,sales,164800,49,4,kwara,2020-09-12
6786,employee_6786,engineering,166768,23,3,kogi,2021-05-10
6787,employee_6787,engineering,124376,34,5,enugu,2021-02-23
6788,employee_6788,marketing,345867,37,1,katsina,2020-07-15
6789,employee_6789,support,274588,37,5,akure,2020-11-14
6790,employee_6790,support,334956,30,3,katsina,2021-01-05
6791,employee_6791,finance,338060,27,3,kogi,2020-04-06
6792,employee_6792,finance,345310,54,3,abia,2020-04-09
6793,employee_6793,engineering,320067,31,5,osun,2021-03-19
6794,employee_6794,marketing,127714,60,1,ibadan,2020-12-22
6795,employee_6795,marketing,81574,58,2,enugu,2020-06-01
6796,employee_6796,engineering,229656,43,3,katsina,2020-05-24
6797,employee_6797,support,226969,30,2,kwara,2021-05-27
6798,employee_6798,marketing,241699,53,1,abuja,2020-05-25
6799,employee_6799,support,201373,24,1,katsina,2021-05-28
6800,employee_6800,engineering,181163,22,5,imo,2020-09-13
6801,employee_6801,marketing,74728,59,4,enugu,2020-08-28
6802,employee_6802,engineering,169195,33,0,ogun,2020-06-06
6803,employee_6803,support,225856,47,5,kwara,2020-01-04
6804,employee_6804,marketing,251627,36,5,imo,2020-09-17
6805,employee_6805,marketing,174105,47,2,osun,2020-10-26
6806,employee_6806,finance,232916,51,0,abuja,2021-04-17
6807,employee_6807,HR,297324,53,2,katsina,2021-04-21
6808,employee_6808,finance,227064,52,1,kogi,2020-09-30
6809,employee_6809,engineering,181659,59,1,kwara,2021-02-17
6810,employee_6810,finance,52306,28,4,imo,2020-03-23
6811,employee_6811,engineering,92508,31,4,lagos,2020-02-19
6812,employee_6812,HR,93395,22,3,osun,2021-03-02
6813,employee_6813,support,177810,45,3,osun,2020-01-02
6814,employee_6814,HR,52158,42,0,lagos,2020-07-19
6815,employee_6815,HR,327118,31,0,kano,2020-12-29
6816,employee_6816,HR,343764,43,2,kano,2020-01-27
6817,employee_6817,HR,312190,25,1,akure,2020-05-16
6818,employee_6818,marketing,180760,36,4,kwara,2020-05-19
6819,employee_6819,marketing,226733,41,5,abia,2021-05-12
6820,employee_6820,marketing,270331,51,4,kogi,2020-07-24
6821,employee_6821,support,78530,31,1,imo,2020-12-28
6822,employee_6822,marketing,322329,54,5,kogi,2020-01-02
6823,employee_6823,engineering,78729,21,0,ibadan,2021-02-07
6824,employee_6824,marketing,156131,43,1,abia,2020-11-07
6825,employee_6825,engineering,227909,24,3,kogi,2021-01-02
6826,employee_6826,HR,161368,33,2,enugu,2020-02-17
6827,employee_6827,support,108628,58,0,kogi,2020-11-23
6828,employee_6828,engineering,345403,29,4,kwara,2020-02-25
6829,employee_6829,sales,232509,27,2,kano,2021-04-03
6830,employee_6830,engineering,99381,30,5,enugu,2020-10-09
6831,employee_6831,engineering,109954,30,4,imo,2021-03-10
6832,employee_6832,support,295047,47,2,kano,2020-09-29
6833,employee_6833,marketing,216127,40,3,kogi,2021-05-19
6834,employee_6834,engineering,129229,29,2,enugu,2020-06-03
6835,employee_6835,HR,112181,36,5,kano,2020-12-20
6836,employee_6836,marketing,323743,22,3,kogi,2020-04-08
6837,employee_6837,support,116846,58,5,kano,2021-05-04
6838,employee_6838,engineering,275230,44,1,ogun,2021-01-28
6839,employee_6839,sales,105204,30,5,abuja,2020-04-27
6840,employee_6840,HR,163331,50,4,kano,2021-05-29
6841,employee_6841,engineering,189107,54,0,kano,2020-06-17
6842,employee_6842,marketing,318849,33,5,abia,2020-12-10
6843,employee_6843,support,318854,50,2,enugu,2020-10-31
6844,employee_6844,finance,114435,29,2,lagos,2020-10-13
6845,employee_6845,HR,328770,37,1,abia,2021-06-24
6846,employee_6846,support,320242,36,1,akure,2020-03-20
6847,employee_6847,engineering,234710,55,5,imo,2020-06-24
6848,employee_6848,sales,54579,31,2,ogun,2021-01-05
6849,employee_6849,HR,323674,44,4,kano,2020-08-13
6850,employee_6850,finance,198427,47,1,abia,2020-08-06
6851,employee_6851,HR,97729,25,0,osun,2020-09-16
6852,employee_6852,sales,67321,25,0,enugu,2020-05-31
6853,employee_6853,support,174709,57,3,katsina,2020-03-28
6854,employee_6854,support,58730,27,5,abia,2020-02-13
6855,employee_6855,sales,277839,30,1,enugu,2021-06-01
6856,employee_6856,finance,231258,48,3,abuja,2020-06-24
6857,employee_6857,HR,74124,25,3,enugu,2020-11-10
6858,employee_6858,HR,67645,30,0,imo,2020-05-10
6859,employee_6859,engineering,278542,46,1,kano,2021-03-23
6860,employee_6860,sales,172526,58,2,kwara,2020-10-21
6861,employee_6861,marketing,178237,30,4,abia,2021-01-19
6862,employee_6862,finance,265902,38,0,kano,2021-02-02
6863,employee_6863,sales,180130,22,2,osun,2021-02-25
6864,employee_6864,marketing,165216,31,4,kano,2020-08-27
6865,employee_6865,HR,83511,51,3,enugu,2020-08-24
6866,employee_6866,sales,204676,58,5,katsina,2020-08-03
6867,employee_6867,finance,186258,46,4,abuja,2021-04-29
6868,employee_6868,support,229961,42,3,osun,2020-11-23
6869,employee_6869,marketing,311379,56,0,kogi,2021-01-21
6870,employee_6870,marketing,248130,45,0,osun,2021-02-02
6871,employee_6871,support,340716,43,0,enugu,2021-01-14
6872,employee_6872,sales,269782,34,4,kogi,2020-06-27
6873,employee_6873,HR,152319,55,4,ibadan,2020-03-18
6874,employee_6874,engineering,87713,50,4,akure,2020-01-06
6875,employee_6875,support,193453,59,2,kogi,2021-03-04
6876,employee_6876,engineering,164312,41,3,abia,2020-07-04
6877,employee_6877,HR,338690,22,1,akure,2020-11-26
6878,employee_6878,finance,302079,56,0,enugu,2020-10-19
6879,employee_6879,sales,151251,30,5,osun,2020-12-19
6880,employee_6880,engineering,196381,47,3,ibadan,2021-04-10
6881,employee_6881,engineering,128723,34,3,akure,2021-02-15
6882,employee_6882,support,106401,60,0,ibadan,2020-07-07
6883,employee_6883,finance,186896,46,1,abia,2020-11-07
6884,employee_6884,support,97362,48,5,ogun,2021-05-25
6885,employee_6885,finance,292212,38,4,imo,2021-01-01
6886,employee_6886,marketing,170737,57,3,lagos,2020-09-28
6887,employee_6887,marketing,155958,28,4,kano,2020-03-08
6888,employee_6888,engineering,336281,28,2,kwara,2021-01-16
6889,employee_6889,engineering,271956,27,4,enugu,2021-03-12
6890,employee_6890,HR,182861,38,0,kogi,2020-02-08
6891,employee_6891,support,325270,56,1,ibadan,2021-04-26
6892,employee_6892,support,119255,30,1,osun,2021-05-22
6893,employee_6893,marketing,157547,22,5,imo,2020-03-26
6894,employee_6894,sales,349572,32,5,kano,2020-07-25
6895,employee_6895,support,333299,59,5,imo,2020-03-04
6896,employee_6896,support,318480,43,2,katsina,2020-06-14
6897,employee_6897,sales,310316,50,3,lagos,2020-12-31
6898,employee_6898,finance,76358,34,3,abuja,2020-03-18
6899,employee_6899,support,250271,30,2,abia,2021-04-29
6900,employee_6900,sales,263928,41,5,osun,2020-01-08
6901,employee_6901,finance,155046,38,4,ogun,2021-05-07
6902,employee_6902,finance,280078,37,2,akure,2020-03-19
6903,employee_6903,engineering,106457,43,4,kwara,2020-09-14
6904,employee_6904,finance,239231,43,2,akure,2021-02-28
6905,employee_6905,HR,162152,32,0,enugu,2020-04-10
6906,employee_6906,finance,56858,27,4,ogun,2021-01-29
6907,employee_6907,finance,149536,43,5,enugu,2020-03-17
6908,employee_6908,sales,89852,52,0,kano,2021-04-28
6909,employee_6909,HR,312022,29,0,kano,2020-09-20
6910,employee_6910,finance,228327,39,3,osun,2021-04-25
6911,employee_6911,HR,275917,26,2,kano,2020-10-02
6912,employee_6912,finance,322708,34,4,ibadan,2020-04-12
6913,employee_6913,support,287062,44,3,kano,2020-08-09
6914,employee_6914,engineering,341357,60,3,abuja,2020-05-22
6915,employee_6915,support,265979,58,2,ibadan,2021-01-27
6916,employee_6916,finance,239821,26,3,abia,2020-08-09
6917,employee_6917,sales,120374,36,2,kano,2020-08-26
6918,employee_6918,marketing,127130,33,4,osun,2020-06-07
6919,employee_6919,finance,264282,42,4,ibadan,2021-03-18
6920,employee_6920,sales,153876,51,5,kogi,2021-05-27
6921,employee_6921,HR,326498,51,2,ogun,2020-06-06
6922,employee_6922,support,215038,60,2,katsina,2021-05-06
6923,employee_6923,HR,243940,57,5,abuja,2020-03-06
6924,employee_6924,finance,315656,21,4,imo,2020-09-17
6925,employee_6925,marketing,194319,52,3,ogun,2021-01-27
6926,employee_6926,support,134774,51,1,kwara,2021-04-21
6927,employee_6927,HR,187429,56,4,kogi,2020-07-14
6928,employee_6928,finance,127456,32,0,kogi,2020-08-20
6929,employee_6929,HR,308691,44,5,ogun,2020-07-11
6930,employee_6930,sales,93128,38,1,kano,2021-02-05
6931,employee_6931,marketing,244459,34,3,kogi,2021-06-08
6932,employee_6932,marketing,130828,39,0,osun,2020-03-31
6933,employee_6933,marketing,189291,28,1,kano,2020-11-26
6934,employee_6934,support,200368,50,0,katsina,2020-09-19
6935,employee_6935,support,338837,59,4,abia,2020-07-15
6936,employee_6936,engineering,147111,46,5,ibadan,2020-06-18
6937,employee_6937,marketing,314405,31,0,enugu,2020-09-14
6938,employee_6938,finance,188856,43,4,ogun,2021-06-04
6939,employee_6939,sales,303148,34,4,kano,2020-04-09
6940,employee_6940,engineering,123324,28,4,kogi,2020-03-09
6941,employee_6941,marketing,294428,32,5,lagos,2020-03-02
6942,employee_6942,engineering,57084,29,4,kano,2021-04-23
6943,employee_6943,engineering,332246,29,1,abia,2020-01-15
6944,employee_6944,marketing,209706,37,3,abia,2021-05-18
6945,employee_6945,finance,61325,52,2,lagos,2020-10-02
6946,employee_6946,sales,87494,29,5,kano,2020-09-15
6947,employee_6947,sales,106994,38,0,abuja,2021-02-14
6948,employee_6948,sales,157375,60,5,imo,2021-03-13
6949,employee_6949,support,210618,42,0,kogi,2021-05-26
6950,employee_6950,sales,92129,40,3,imo,2020-04-22
6951,employee_6951,engineering,288333,50,3,abia,2021-01-22
6952,employee_6952,marketing,160481,60,0,abuja,2020-01-31
6953,employee_6953,marketing,341212,59,5,kwara,2020-07-19
6954,employee_6954,support,287922,33,4,akure,2020-06-06
6955,employee_6955,sales,164090,47,3,ibadan,2020-04-08
6956,employee_6956,HR,73976,38,2,lagos,2020-09-24
6957,employee_6957,sales,182734,38,1,ibadan,2020-07-13
6958,employee_6958,marketing,169421,49,1,osun,2020-01-03
6959,employee_6959,support,57337,52,0,ogun,2020-08-02
6960,employee_6960,sales,216371,58,0,ogun,2020-02-27
6961,employee_6961,sales,104971,54,1,akure,2020-12-20
6962,employee_6962,finance,278688,58,5,ibadan,2020-10-13
6963,employee_6963,sales,109018,21,3,ogun,2020-06-09
6964,employee_6964,HR,238155,59,2,akure,2020-05-01
6965,employee_6965,engineering,287923,31,2,abia,2020-09-17
6966,employee_6966,support,244863,50,0,kano,2021-05-20
6967,employee_6967,support,343148,59,1,abia,2020-05-28
6968,employee_6968,engineering,211419,50,3,kano,2020-06-11
6969,employee_6969,marketing,322947,57,4,kano,2020-10-14
6970,employee_6970,HR,342170,21,1,abuja,2020-02-14
6971,employee_6971,support,318556,39,3,abuja,2021-03-30
6972,employee_6972,finance,143262,47,2,osun,2020-08-10
6973,employee_6973,marketing,284864,53,4,imo,2021-06-18
6974,employee_6974,finance,343684,55,5,abia,2020-05-20
6975,employee_6975,marketing,112274,54,4,osun,2021-02-07
6976,employee_6976,sales,288136,30,3,abuja,2021-06-12
6977,employee_6977,finance,62995,53,5,abuja,2020-11-14
6978,employee_6978,sales,180675,43,4,lagos,2020-01-16
6979,employee_6979,finance,300412,58,0,kogi,2020-07-29
6980,employee_6980,HR,144388,55,1,osun,2021-06-21
6981,employee_6981,engineering,88849,54,3,kano,2020-10-01
6982,employee_6982,support,159548,55,0,abia,2020-04-07
6983,employee_6983,engineering,315102,24,5,ogun,2020-07-18
6984,employee_6984,support,326685,46,2,lagos,2020-07-27
6985,employee_6985,engineering,253324,45,3,ogun,2020-12-10
6986,employee_6986,support,229107,52,2,abuja,2020-09-22
6987,employee_6987,support,119478,33,4,imo,2020-03-28
6988,employee_6988,finance,62040,21,3,kogi,2021-02-27
6989,employee_6989,HR,122345,29,2,kwara,2020-04-22
6990,employee_6990,sales,52492,29,1,katsina,2021-05-03
6991,employee_6991,support,308166,58,5,osun,2020-09-27
6992,employee_6992,finance,80424,44,2,abia,2020-12-27
6993,employee_6993,HR,129943,29,2,ogun,2021-02-01
6994,employee_6994,sales,213067,31,1,lagos,2021-01-05
6995,employee_6995,support,314886,43,4,kano,2021-05-18
6996,employee_6996,sales,232875,28,1,lagos,2020-09-03
6997,employee_6997,support,304244,35,1,osun,2021-04-28
6998,employee_6998,HR,346596,26,5,ibadan,2020-03-04
6999,employee_6999,HR,128358,48,4,lagos,2020-05-03
7000,employee_7000,finance,258885,36,2,akure,2020-01-18
7001,employee_7001,sales,274965,48,5,ogun,2020-11-20
7002,employee_7002,finance,74400,51,4,abuja,2020-09-04
7003,employee_7003,support,291972,22,2,enugu,2020-04-22
7004,employee_7004,engineering,171201,31,3,ogun,2020-06-19
7005,employee_7005,HR,217052,48,3,kano,2020-11-29
7006,employee_7006,sales,342747,34,1,abia,2020-03-10
7007,employee_7007,support,249021,54,2,ibadan,2020-12-23
7008,employee_7008,sales,220838,41,1,lagos,2020-04-10
7009,employee_7009,HR,154299,31,0,akure,2021-05-16
7010,employee_7010,support,156625,50,0,abia,2020-10-13
7011,employee_7011,engineering,141043,23,3,abuja,2020-07-01
7012,employee_7012,sales,296946,52,0,osun,2020-03-31
7013,employee_7013,engineering,101478,48,2,ogun,2021-02-03
7014,employee_7014,engineering,327230,30,5,ogun,2020-05-22
7015,employee_7015,engineering,138193,49,1,kogi,2020-12-27
7016,employee_7016,support,291592,42,2,kano,2020-09-12
7017,employee_7017,support,143711,52,3,enugu,2020-08-31
7018,employee_7018,HR,70968,31,1,osun,2020-07-13
7019,employee_7019,engineering,338949,39,4,imo,2020-12-13
7020,employee_7020,engineering,96767,26,3,lagos,2021-06-12
7021,employee_7021,support,322118,45,5,kano,2020-04-28
7022,employee_7022,sales,202290,60,2,imo,2020-06-29
7023,employee_7023,engineering,124335,49,4,abuja,2021-06-06
7024,employee_7024,support,165729,32,2,kano,2020-11-15
7025,employee_7025,finance,331131,43,1,abuja,2021-05-26
7026,employee_7026,HR,273781,56,1,imo,2020-03-24
7027,employee_7027,finance,224414,47,3,ogun,2020-03-30
7028,employee_7028,marketing,119831,21,0,kano,2020-09-23
7029,employee_7029,marketing,210938,40,0,enugu,2020-03-06
7030,employee_7030,support,234672,39,2,imo,2020-07-11
7031,employee_7031,marketing,247817,25,4,osun,2020-01-28
7032,employee_7032,sales,335922,33,0,akure,2020-06-07
7033,employee_7033,HR,182923,57,4,imo,2020-07-19
7034,employee_7034,support,306751,29,3,osun,2021-01-12
7035,employee_7035,engineering,113540,33,1,lagos,2020-12-07
7036,employee_7036,marketing,219963,34,3,ibadan,2021-01-07
7037,employee_7037,marketing,75975,37,4,kano,2021-04-17
7038,employee_7038,sales,200336,30,1,ogun,2020-07-14
7039,employee_7039,sales,157667,57,0,osun,2020-04-25
7040,employee_7040,finance,293824,32,0,lagos,2020-02-14
7041,employee_7041,marketing,91202,29,2,enugu,2020-08-21
7042,employee_7042,sales,330505,31,0,lagos,2020-12-03
7043,employee_7043,sales,290872,35,1,kwara,2020-02-03
7044,employee_7044,sales,251580,42,1,akure,2021-02-25
7045,employee_7045,support,296891,22,2,abia,2021-01-16
7046,employee_7046,HR,204431,33,2,katsina,2021-01-06
7047,employee_7047,sales,227994,24,1,imo,2021-03-10
7048,employee_7048,sales,92794,41,1,abia,2020-10-08
7049,employee_7049,support,214750,42,3,imo,2020-10-04
7050,employee_7050,engineering,204565,37,4,osun,2020-06-12
7051,employee_7051,sales,93639,25,0,ogun,2021-06-08
7052,employee_7052,HR,302638,57,0,kwara,2021-04-08
7053,employee_7053,marketing,343163,23,2,abuja,2021-06-15
7054,employee_7054,sales,241101,48,3,katsina,2021-01-07
7055,employee_7055,sales,207534,54,4,lagos,2020-01-25
7056,employee_7056,engineering,123416,41,5,katsina,2020-02-05
7057,employee_7057,finance,164264,32,0,akure,2021-01-27
7058,employee_7058,HR,268040,22,2,lagos,2020-05-12
7059,employee_7059,finance,232403,26,3,abuja,2020-10-31
7060,employee_7060,marketing,194119,41,1,kwara,2020-08-29
7061,employee_7061,support,90879,42,1,katsina,2021-05-29
7062,employee_7062,marketing,265612,21,0,ogun,2020-02-03
7063,employee_7063,finance,141088,56,1,kano,2021-03-26
7064,employee_7064,support,219326,33,2,imo,2020-11-28
7065,employee_7065,marketing,303232,43,3,enugu,2020-11-12
7066,employee_7066,support,211730,34,3,katsina,2020-06-09
7067,employee_7067,HR,218554,22,1,kano,2020-10-23
7068,employee_7068,sales,287244,51,4,abia,2020-05-07
7069,employee_7069,sales,167850,29,1,kogi,2021-01-11
7070,employee_7070,sales,92515,26,2,abuja,2021-06-11
7071,employee_7071,sales,159123,39,5,abia,2021-05-21
7072,employee_7072,sales,294260,53,2,kano,2021-01-24
7073,employee_7073,finance,291992,59,4,imo,2020-11-12
7074,employee_7074,HR,248695,32,0,abuja,2021-05-04
7075,employee_7075,engineering,109088,25,2,kano,2020-09-10
7076,employee_7076,engineering,343087,25,4,katsina,2021-04-06
7077,employee_7077,HR,249197,24,5,ogun,2020-08-27
7078,employee_7078,support,208918,46,1,imo,2020-05-06
7079,employee_7079,sales,319979,60,0,kano,2020-09-10
7080,employee_7080,sales,307279,36,5,osun,2021-03-10
7081,employee_7081,HR,278338,58,4,kogi,2020-05-05
7082,employee_7082,support,281273,56,3,abia,2020-02-07
7083,employee_7083,engineering,103362,50,5,ibadan,2020-12-06
7084,employee_7084,HR,331985,54,1,kano,2020-06-04
7085,employee_7085,engineering,298357,40,0,kano,2021-06-05
7086,employee_7086,HR,177935,25,3,ibadan,2020-09-10
7087,employee_7087,engineering,165700,43,5,osun,2020-03-01
7088,employee_7088,engineering,338516,25,4,abuja,2020-01-17
7089,employee_7089,HR,115211,24,2,lagos,2020-07-05
7090,employee_7090,finance,180052,56,0,kano,2020-01-10
7091,employee_7091,finance,199789,47,5,osun,2021-03-24
7092,employee_7092,marketing,235866,42,4,katsina,2021-02-10
7093,employee_7093,support,257365,42,2,akure,2020-11-26
7094,employee_7094,HR,85344,54,5,imo,2020-01-10
7095,employee_7095,marketing,214836,58,2,ibadan,2020-09-28
7096,employee_7096,marketing,277541,36,2,kwara,2021-05-10
7097,employee_7097,engineering,318752,35,1,osun,2020-12-06
7098,employee_7098,engineering,256194,22,4,abia,2020-04-19
7099,employee_7099,engineering,312713,40,2,kano,2021-05-03
7100,employee_7100,sales,95964,59,5,abia,2020-01-10
7101,employee_7101,HR,187635,30,3,ibadan,2020-08-06
7102,employee_7102,finance,91107,54,2,kano,2020-10-01
7103,employee_7103,HR,219988,22,2,kwara,2020-04-23
7104,employee_7104,finance,335307,43,1,osun,2021-02-10
7105,employee_7105,marketing,153733,26,4,akure,2020-06-22
7106,employee_7106,finance,176122,38,3,katsina,2021-05-13
7107,employee_7107,HR,217483,49,3,katsina,2020-01-19
7108,employee_7108,sales,171969,56,2,akure,2021-01-25
7109,employee_7109,engineering,71303,55,0,kogi,2020-08-28
7110,employee_7110,support,210723,31,5,akure,2021-04-30
7111,employee_7111,marketing,295825,49,1,kogi,2020-07-02
7112,employee_7112,finance,306858,47,1,kano,2021-05-26
7113,employee_7113,marketing,135188,38,4,osun,2020-04-03
7114,employee_7114,marketing,122095,40,2,akure,2020-08-20
7115,employee_7115,support,282763,31,2,imo,2020-06-06
7116,employee_7116,engineering,79108,59,1,ogun,2021-02-27
7117,employee_7117,support,230801,30,4,lagos,2021-05-26
7118,employee_7118,engineering,302970,50,0,kwara,2021-06-20
7119,employee_7119,engineering,228621,54,2,kwara,2020-06-17
7120,employee_7120,HR,291090,58,5,katsina,2021-01-05
7121,employee_7121,sales,125045,42,2,osun,2020-04-05
7122,employee_7122,sales,223776,40,1,ibadan,2021-02-20
7123,employee_7123,sales,80213,60,5,enugu,2020-08-22
7124,employee_7124,marketing,157704,57,0,ogun,2020-04-03
7125,employee_7125,HR,318241,26,0,lagos,2020-04-22
7126,employee_7126,marketing,66824,26,1,ogun,2021-06-08
7127,employee_7127,support,71357,44,5,kano,2020-01-16
7128,employee_7128,sales,151553,42,3,kano,2020-10-05
7129,employee_7129,HR,203943,38,0,ibadan,2020-01-31
7130,employee_7130,HR,96738,49,3,kano,2020-03-02
7131,employee_7131,sales,198034,40,3,kano,2020-05-23
7132,employee_7132,sales,278084,37,1,osun,2020-03-08
7133,employee_7133,engineering,297672,32,1,kwara,2020-08-25
7134,employee_7134,support,283778,41,0,osun,2020-05-17
7135,employee_7135,support,317466,49,0,imo,2020-09-17
7136,employee_7136,marketing,221893,59,2,osun,2020-07-22
7137,employee_7137,marketing,345754,52,4,enugu,2020-06-03
7138,employee_7138,sales,105052,59,3,osun,2021-05-10
7139,employee_7139,support,88529,46,4,enugu,2021-05-23
7140,employee_7140,finance,188917,28,0,kwara,2020-10-28
7141,employee_7141,support,311530,46,1,osun,2021-03-29
7142,employee_7142,support,185886,57,2,osun,2021-04-03
7143,employee_7143,support,98704,46,5,abuja,2021-05-09
7144,employee_7144,engineering,50065,32,5,enugu,2021-03-16
7145,employee_7145,support,178798,21,4,imo,2020-02-21
7146,employee_7146,engineering,238101,52,1,abia,2020-01-11
7147,employee_7147,finance,238003,30,1,abuja,2020-04-12
7148,employee_7148,HR,184351,34,5,enugu,2020-11-17
7149,employee_7149,sales,202021,47,3,kogi,2021-01-23
7150,employee_7150,finance,207361,30,0,osun,2021-02-12
7151,employee_7151,sales,255366,39,2,lagos,2021-03-25
7152,employee_7152,engineering,309405,33,0,kwara,2020-03-05
7153,employee_7153,finance,190571,31,0,lagos,2020-06-11
7154,employee_7154,support,50217,58,5,lagos,2020-04-02
7155,employee_7155,sales,298128,39,2,katsina,2021-01-24
7156,employee_7156,support,96941,60,1,akure,2020-07-22
7157,employee_7157,marketing,219030,53,1,ibadan,2020-01-14
7158,employee_7158,sales,322830,42,4,kwara,2020-08-01
7159,employee_7159,support,322699,26,5,katsina,2020-12-08
7160,employee_7160,HR,182911,46,1,abia,2020-10-05
7161,employee_7161,sales,71397,32,0,ogun,2021-05-07
7162,employee_7162,sales,80365,29,2,katsina,2020-09-02
7163,employee_7163,support,273814,58,3,imo,2021-04-07
7164,employee_7164,marketing,102352,22,4,osun,2020-07-03
7165,employee_7165,support,119490,21,4,osun,2021-02-07
7166,employee_7166,marketing,241053,53,5,kano,2021-01-07
7167,employee_7167,engineering,297342,39,4,abuja,2020-09-29
7168,employee_7168,finance,241713,57,1,akure,2020-07-14
7169,employee_7169,support,206342,47,0,akure,2020-04-11
7170,employee_7170,engineering,214770,29,1,abia,2021-02-25
7171,employee_7171,engineering,174654,52,3,akure,2020-09-04
7172,employee_7172,finance,145960,37,2,osun,2020-03-25
7173,employee_7173,HR,237198,36,5,kogi,2020-12-18
7174,employee_7174,marketing,271860,38,1,katsina,2020-04-27
7175,employee_7175,engineering,190354,44,4,katsina,2020-05-25
7176,employee_7176,support,80483,52,3,lagos,2021-06-24
7177,employee_7177,HR,240976,38,0,kogi,2020-09-09
7178,employee_7178,finance,101093,45,0,osun,2021-06-04
7179,employee_7179,finance,97807,37,2,abia,2020-09-16
7180,employee_7180,marketing,149278,24,5,katsina,2021-03-22
7181,employee_7181,engineering,271897,41,5,akure,2020-03-30
7182,employee_7182,HR,330860,28,1,abuja,2021-06-24
7183,employee_7183,finance,80226,52,3,kogi,2021-05-21
7184,employee_7184,HR,348697,23,2,osun,2020-01-14
7185,employee_7185,sales,336934,32,2,katsina,2020-07-17
7186,employee_7186,sales,115521,46,0,abia,2021-03-11
7187,employee_7187,support,154504,24,1,akure,2020-08-31
7188,employee_7188,sales,250454,56,1,ogun,2020-10-18
7189,employee_7189,engineering,252347,34,5,kwara,2020-08-25
7190,employee_7190,finance,277672,48,0,abuja,2021-05-16
7191,employee_7191,finance,239336,35,4,enugu,2021-02-17
7192,employee_7192,sales,348492,54,4,enugu,2021-02-24
7193,employee_7193,finance,198560,34,1,abuja,2020-06-19
7194,employee_7194,finance,194597,52,5,akure,2021-01-24
7195,employee_7195,engineering,339266,22,0,enugu,2020-08-17
7196,employee_7196,support,296402,46,1,kano,2020-10-17
7197,employee_7197,engineering,211103,25,4,kwara,2020-04-17
7198,employee_7198,support,78553,30,2,lagos,2021-05-20
7199,employee_7199,marketing,218061,33,3,katsina,2020-09-01
7200,employee_7200,finance,52512,32,0,kogi,2021-05-03
7201,employee_7201,support,130337,33,5,kwara,2020-05-14
7202,employee_7202,sales,327294,27,2,kogi,2021-02-01
7203,employee_7203,sales,247812,51,0,ibadan,2021-06-23
7204,employee_7204,HR,339170,46,2,kwara,2021-04-29
7205,employee_7205,marketing,315820,51,5,imo,2020-07-19
7206,employee_7206,marketing,83893,30,4,ibadan,2021-01-19
7207,employee_7207,finance,307034,47,5,lagos,2020-05-18
7208,employee_7208,finance,99840,29,2,kogi,2020-01-23
7209,employee_7209,HR,242129,59,5,kogi,2020-03-30
7210,employee_7210,sales,273174,40,0,abuja,2021-05-13
7211,employee_7211,finance,337154,58,0,osun,2020-02-12
7212,employee_7212,engineering,164775,22,5,kano,2021-05-10
7213,employee_7213,support,316868,35,1,kano,2020-03-03
7214,employee_7214,sales,280104,26,2,kogi,2021-05-06
7215,employee_7215,support,82285,33,0,kano,2021-06-07
7216,employee_7216,sales,94395,36,5,kano,2020-05-05
7217,employee_7217,finance,309540,42,1,akure,2020-07-04
7218,employee_7218,support,318547,40,1,abia,2021-03-13
7219,employee_7219,HR,147182,30,1,abuja,2021-05-08
7220,employee_7220,engineering,233111,24,3,akure,2021-04-16
7221,employee_7221,support,339815,21,2,enugu,2020-10-04
7222,employee_7222,engineering,133233,45,2,kano,2021-06-18
7223,employee_7223,sales,347312,49,0,akure,2020-08-29
7224,employee_7224,HR,270549,53,3,kogi,2021-04-20
7225,employee_7225,marketing,81821,28,3,kwara,2021-01-30
7226,employee_7226,support,105534,55,0,abia,2020-09-30
7227,employee_7227,sales,249006,29,1,kano,2020-03-29
7228,employee_7228,finance,287825,26,0,abia,2021-01-01
7229,employee_7229,HR,264452,46,2,katsina,2020-07-24
7230,employee_7230,engineering,255724,49,3,imo,2020-08-12
7231,employee_7231,marketing,219321,39,2,enugu,2020-12-06
7232,employee_7232,finance,271879,54,5,kano,2020-12-01
7233,employee_7233,finance,132490,50,5,enugu,2020-05-07
7234,employee_7234,marketing,225159,41,0,kogi,2021-04-23
7235,employee_7235,sales,71226,22,0,imo,2020-10-06
7236,employee_7236,marketing,197147,43,3,ibadan,2021-06-12
7237,employee_7237,support,68905,35,2,kogi,2021-03-24
7238,employee_7238,support,272490,28,0,akure,2021-03-02
7239,employee_7239,finance,79179,41,4,enugu,2020-08-04
7240,employee_7240,finance,143803,31,5,kano,2021-01-02
7241,employee_7241,HR,330626,46,0,ogun,2020-05-06
7242,employee_7242,sales,179194,28,2,katsina,2020-02-22
7243,employee_7243,marketing,68335,32,0,kogi,2021-06-06
7244,employee_7244,engineering,340188,34,3,osun,2020-05-02
7245,employee_7245,HR,181202,54,4,ogun,2021-04-16
7246,employee_7246,engineering,178415,52,1,kwara,2021-05-16
7247,employee_7247,support,130563,37,5,lagos,2020-02-02
7248,employee_7248,HR,206440,36,1,ibadan,2020-01-07
7249,employee_7249,finance,69102,38,4,abuja,2020-04-11
7250,employee_7250,HR,329140,24,5,kwara,2020-03-14
7251,employee_7251,support,341336,26,1,enugu,2021-04-22
7252,employee_7252,support,128464,38,5,imo,2020-03-11
7253,employee_7253,sales,183488,32,1,ogun,2021-02-27
7254,employee_7254,finance,182534,56,4,akure,2020-04-25
7255,employee_7255,engineering,105977,21,1,abuja,2020-04-26
7256,employee_7256,HR,156440,38,0,enugu,2021-06-01
7257,employee_7257,engineering,188619,32,3,ogun,2021-02-10
7258,employee_7258,HR,140128,52,2,osun,2020-07-11
7259,employee_7259,finance,318960,51,2,akure,2020-09-02
7260,employee_7260,finance,229861,60,3,kwara,2021-04-03
7261,employee_7261,support,278470,36,1,katsina,2021-06-18
7262,employee_7262,sales,273662,40,1,osun,2021-04-12
7263,employee_7263,support,186786,30,1,ibadan,2020-11-14
7264,employee_7264,engineering,282503,43,1,abia,2021-03-10
7265,employee_7265,sales,294579,44,1,kogi,2020-05-21
7266,employee_7266,engineering,54064,30,3,katsina,2020-12-09
7267,employee_7267,marketing,83087,24,3,imo,2020-03-02
7268,employee_7268,HR,203811,52,2,kogi,2021-05-03
7269,employee_7269,support,52883,51,5,enugu,2020-02-07
7270,employee_7270,HR,85756,37,3,ibadan,2021-01-04
7271,employee_7271,finance,67986,26,5,ibadan,2020-05-23
7272,employee_7272,HR,194234,49,4,osun,2020-08-17
7273,employee_7273,engineering,329752,38,2,ogun,2021-03-27
7274,employee_7274,finance,198116,33,0,enugu,2020-02-27
7275,employee_7275,sales,309671,56,1,kogi,2021-05-11
7276,employee_7276,sales,58862,46,4,kogi,2021-06-16
7277,employee_7277,support,288599,57,4,abia,2020-05-08
7278,employee_7278,marketing,250241,36,5,lagos,2020-06-24
7279,employee_7279,finance,166118,60,0,lagos,2020-12-25
7280,employee_7280,finance,165728,25,3,ogun,2021-03-31
7281,employee_7281,support,53863,38,0,ibadan,2020-05-26
7282,employee_7282,HR,136126,37,0,ogun,2021-03-22
7283,employee_7283,sales,270306,22,3,ibadan,2020-02-15
7284,employee_7284,sales,188353,45,1,enugu,2021-06-23
7285,employee_7285,marketing,272925,47,1,kwara,2020-01-12
7286,employee_7286,engineering,156977,33,0,katsina,2021-04-27
7287,employee_7287,finance,328524,50,4,lagos,2021-04-17
7288,employee_7288,sales,253066,49,3,ogun,2020-12-26
7289,employee_7289,marketing,176267,28,1,ogun,2020-04-04
7290,employee_7290,HR,306274,53,2,akure,2020-06-05
7291,employee_7291,marketing,274234,37,4,ogun,2020-08-10
7292,employee_7292,marketing,338127,53,5,abia,2021-02-21
7293,employee_7293,engineering,109720,34,4,akure,2020-11-26
7294,employee_7294,finance,170633,39,0,akure,2020-10-01
7295,employee_7295,support,91238,46,5,kano,2020-11-28
7296,employee_7296,finance,340081,24,4,abuja,2021-05-22
7297,employee_7297,support,314775,46,4,enugu,2021-05-03
7298,employee_7298,support,128249,56,4,enugu,2020-08-18
7299,employee_7299,sales,64505,44,0,imo,2020-03-19
7300,employee_7300,engineering,155142,43,1,akure,2020-08-29
7301,employee_7301,marketing,221708,29,2,kwara,2020-03-03
7302,employee_7302,engineering,63712,57,3,katsina,2020-03-28
7303,employee_7303,marketing,71593,23,4,kwara,2021-02-17
7304,employee_7304,HR,153547,25,3,kogi,2020-12-21
7305,employee_7305,marketing,167955,49,1,imo,2020-11-21
7306,employee_7306,engineering,97882,23,1,kwara,2020-02-12
7307,employee_7307,engineering,259381,27,5,osun,2020-12-09
7308,employee_7308,marketing,298681,33,0,abuja,2020-07-03
7309,employee_7309,finance,195559,28,4,osun,2020-06-09
7310,employee_7310,HR,196387,55,1,kano,2020-06-26
7311,employee_7311,finance,292032,26,2,ogun,2020-11-29
7312,employee_7312,support,112641,41,0,akure,2020-06-11
7313,employee_7313,marketing,238944,39,4,imo,2020-12-29
7314,employee_7314,marketing,324013,49,5,abuja,2020-04-01
7315,employee_7315,marketing,264702,59,0,kano,2020-04-30
7316,employee_7316,HR,323851,48,4,kogi,2020-03-12
7317,employee_7317,support,104073,55,1,osun,2020-11-09
7318,employee_7318,support,311999,41,1,abia,2021-05-17
7319,employee_7319,support,102466,30,4,ogun,2020-01-09
7320,employee_7320,finance,132849,39,0,kwara,2020-06-28
7321,employee_7321,sales,199262,45,0,osun,2020-05-05
7322,employee_7322,sales,213098,40,1,katsina,2021-04-30
7323,employee_7323,HR,62700,59,0,lagos,2020-02-02
7324,employee_7324,sales,141226,60,4,abia,2020-03-26
7325,employee_7325,support,168636,59,0,ibadan,2020-04-12
7326,employee_7326,engineering,197392,24,3,katsina,2020-08-10
7327,employee_7327,engineering,197181,50,3,enugu,2020-07-26
7328,employee_7328,engineering,75883,60,0,kogi,2020-10-24
7329,employee_7329,sales,89097,60,5,imo,2020-03-17
7330,employee_7330,finance,344420,43,1,lagos,2021-06-15
7331,employee_7331,marketing,269515,50,2,kogi,2020-09-06
7332,employee_7332,engineering,202871,42,1,ogun,2020-07-23
7333,employee_7333,support,274606,29,0,osun,2020-01-10
7334,employee_7334,HR,264795,25,5,kogi,2020-12-08
7335,employee_7335,finance,167640,53,2,ibadan,2020-05-03
7336,employee_7336,support,117647,48,1,kano,2021-03-04
7337,employee_7337,HR,170954,51,5,imo,2021-03-02
7338,employee_7338,HR,191223,41,4,kogi,2020-06-16
7339,employee_7339,sales,157227,44,5,abia,2020-07-31
7340,employee_7340,finance,115665,31,3,abia,2021-04-14
7341,employee_7341,finance,326070,23,3,kogi,2021-02-09
7342,employee_7342,sales,74429,57,3,akure,2020-11-09
7343,employee_7343,finance,137021,41,2,ibadan,2020-12-11
7344,employee_7344,support,86349,49,3,ibadan,2020-06-19
7345,employee_7345,finance,176110,32,3,katsina,2020-09-20
7346,employee_7346,marketing,335747,51,3,abuja,2020-01-07
7347,employee_7347,engineering,215657,60,2,kwara,2020-05-25
7348,employee_7348,sales,71791,47,4,lagos,2021-04-14
7349,employee_7349,support,108597,34,0,abia,2021-04-17
7350,employee_7350,HR,317381,43,4,lagos,2020-06-04
7351,employee_7351,engineering,322412,31,0,imo,2021-02-16
7352,employee_7352,finance,252925,22,1,kwara,2021-06-15
7353,employee_7353,support,152890,47,4,akure,2021-05-11
7354,employee_7354,marketing,265246,23,5,abuja,2020-12-20
7355,employee_7355,marketing,54214,37,1,osun,2020-08-08
7356,employee_7356,marketing,329499,56,5,abuja,2021-06-07
7357,employee_7357,sales,268932,51,2,lagos,2020-11-01
7358,employee_7358,finance,270969,38,5,abia,2020-08-02
7359,employee_7359,support,76885,52,3,kano,2020-02-18
7360,employee_7360,sales,318667,24,1,kwara,2020-06-09
7361,employee_7361,support,290826,35,4,kwara,2020-02-16
7362,employee_7362,marketing,330546,53,5,osun,2020-12-06
7363,employee_7363,HR,301350,50,2,enugu,2021-02-03
7364,employee_7364,marketing,158613,22,2,imo,2020-12-13
7365,employee_7365,engineering,69305,44,4,abia,2020-08-10
7366,employee_7366,sales,338579,40,4,kwara,2021-03-15
7367,employee_7367,engineering,81884,44,2,kano,2021-01-03
7368,employee_7368,engineering,328144,53,3,ogun,2021-06-15
7369,employee_7369,marketing,76533,43,2,lagos,2021-05-18
7370,employee_7370,sales,317333,55,2,katsina,2021-01-13
7371,employee_7371,support,61417,59,0,kwara,2020-03-22
7372,employee_7372,finance,326999,34,2,lagos,2020-06-22
7373,employee_7373,sales,235306,30,4,enugu,2020-02-06
7374,employee_7374,finance,285104,35,0,abia,2021-04-03
7375,employee_7375,support,281697,52,4,abuja,2020-02-19
7376,employee_7376,marketing,338567,27,1,lagos,2021-01-15
7377,employee_7377,sales,228526,38,0,lagos,2020-01-10
7378,employee_7378,HR,101335,47,4,osun,2021-02-03
7379,employee_7379,HR,90338,34,4,kano,2020-07-20
7380,employee_7380,marketing,112869,46,2,abuja,2020-09-22
7381,employee_7381,HR,181648,34,1,osun,2020-10-08
7382,employee_7382,HR,130081,54,5,imo,2020-11-10
7383,employee_7383,engineering,273157,39,2,katsina,2020-08-27
7384,employee_7384,marketing,210271,44,1,ibadan,2021-04-05
7385,employee_7385,support,187316,27,4,enugu,2020-07-26
7386,employee_7386,finance,283740,27,4,kwara,2020-07-03
7387,employee_7387,marketing,244468,34,1,kano,2020-07-25
7388,employee_7388,engineering,232339,28,1,abuja,2020-12-03
7389,employee_7389,finance,328450,49,4,ogun,2021-05-12
7390,employee_7390,engineering,325001,49,2,imo,2021-01-29
7391,employee_7391,sales,188029,24,4,lagos,2021-01-24
7392,employee_7392,engineering,190744,34,2,imo,2021-01-23
7393,employee_7393,support,179828,25,0,kwara,2020-06-05
7394,employee_7394,HR,145687,25,0,abuja,2020-12-07
7395,employee_7395,engineering,322066,32,2,ogun,2021-06-06
7396,employee_7396,sales,97097,27,2,abuja,2021-02-23
7397,employee_7397,HR,238226,42,2,enugu,2021-05-30
7398,employee_7398,marketing,192398,26,2,akure,2021-04-12
7399,employee_7399,finance,301190,36,2,akure,2021-04-12
7400,employee_7400,marketing,217446,52,3,enugu,2020-03-20
7401,employee_7401,sales,168192,40,2,enugu,2021-04-15
7402,employee_7402,marketing,340317,49,1,katsina,2020-03-25
7403,employee_7403,engineering,280742,43,3,akure,2020-09-12
7404,employee_7404,engineering,203770,41,1,enugu,2020-02-23
7405,employee_7405,sales,191900,52,0,katsina,2020-03-18
7406,employee_7406,finance,163911,58,3,osun,2020-06-03
7407,employee_7407,sales,94394,57,5,kano,2021-06-22
7408,employee_7408,HR,294128,59,5,katsina,2020-02-08
7409,employee_7409,sales,244422,23,2,enugu,2020-12-07
7410,employee_7410,sales,81322,57,5,enugu,2020-11-08
7411,employee_7411,support,114431,37,0,enugu,2020-11-11
7412,employee_7412,finance,66210,27,5,ogun,2020-04-10
7413,employee_7413,support,224632,59,2,imo,2020-09-10
7414,employee_7414,engineering,338074,44,3,imo,2020-03-15
7415,employee_7415,marketing,282612,41,0,kogi,2020-09-30
7416,employee_7416,finance,284401,55,2,kwara,2020-11-06
7417,employee_7417,support,183223,33,4,enugu,2021-01-22
7418,employee_7418,HR,93735,22,4,osun,2021-05-14
7419,employee_7419,finance,340040,43,5,abia,2020-11-13
7420,employee_7420,HR,73190,53,5,ibadan,2020-05-02
7421,employee_7421,HR,225050,27,4,lagos,2020-10-14
7422,employee_7422,sales,283250,28,4,kogi,2021-05-01
7423,employee_7423,HR,52305,54,2,abia,2021-01-30
7424,employee_7424,HR,248446,32,1,osun,2020-07-03
7425,employee_7425,finance,95319,43,0,katsina,2020-10-17
7426,employee_7426,support,71603,26,3,ibadan,2021-04-18
7427,employee_7427,engineering,157159,48,2,abuja,2020-05-11
7428,employee_7428,finance,190882,28,4,osun,2020-12-15
7429,employee_7429,engineering,323946,28,5,abia,2021-02-12
7430,employee_7430,finance,339689,51,5,imo,2021-04-29
7431,employee_7431,HR,299536,56,3,akure,2020-04-14
7432,employee_7432,sales,159164,56,5,akure,2020-05-22
7433,employee_7433,finance,125493,50,2,ogun,2021-04-08
7434,employee_7434,engineering,197174,45,2,enugu,2020-04-02
7435,employee_7435,support,289738,35,5,enugu,2021-04-13
7436,employee_7436,support,85081,44,3,imo,2021-03-29
7437,employee_7437,HR,348765,35,0,kogi,2020-01-05
7438,employee_7438,marketing,349349,56,0,osun,2020-06-30
7439,employee_7439,engineering,149423,53,1,osun,2021-03-08
7440,employee_7440,HR,246291,41,5,katsina,2020-06-23
7441,employee_7441,finance,313613,52,4,kwara,2021-05-23
7442,employee_7442,engineering,122123,29,0,kano,2020-09-28
7443,employee_7443,finance,266202,40,0,abia,2021-03-10
7444,employee_7444,engineering,249414,45,4,ogun,2020-10-01
7445,employee_7445,finance,348044,40,4,katsina,2020-01-31
7446,employee_7446,sales,193976,26,1,osun,2020-04-30
7447,employee_7447,support,204730,43,2,abia,2020-05-12
7448,employee_7448,HR,317314,58,3,ibadan,2020-08-03
7449,employee_7449,support,184796,51,3,kano,2021-03-11
7450,employee_7450,engineering,87646,49,0,abia,2020-08-31
7451,employee_7451,marketing,254848,23,4,katsina,2021-06-13
7452,employee_7452,marketing,116628,25,3,kogi,2020-06-07
7453,employee_7453,support,117836,38,0,kogi,2021-01-15
7454,employee_7454,sales,298916,33,4,ogun,2021-03-15
7455,employee_7455,marketing,56270,41,3,abuja,2020-01-09
7456,employee_7456,sales,136463,28,3,ogun,2020-12-03
7457,employee_7457,sales,147406,48,4,kano,2020-07-30
7458,employee_7458,HR,342900,35,5,imo,2020-09-09
7459,employee_7459,engineering,127621,40,3,abia,2021-05-09
7460,employee_7460,sales,311376,52,5,imo,2020-07-17
7461,employee_7461,sales,331691,56,4,lagos,2020-01-03
7462,employee_7462,support,313940,40,5,ogun,2020-08-02
7463,employee_7463,marketing,195927,56,2,abuja,2021-01-12
7464,employee_7464,support,247991,59,4,abuja,2020-08-03
7465,employee_7465,HR,137444,25,1,ibadan,2021-01-04
7466,employee_7466,finance,152229,31,4,osun,2020-01-26
7467,employee_7467,HR,130046,42,1,kogi,2020-04-20
7468,employee_7468,finance,196098,35,4,ogun,2020-01-09
7469,employee_7469,finance,87134,41,4,osun,2020-12-04
7470,employee_7470,support,145280,49,3,kwara,2020-08-13
7471,employee_7471,finance,82264,39,5,kogi,2021-03-04
7472,employee_7472,finance,79552,39,3,ogun,2020-09-08
7473,employee_7473,marketing,141307,54,1,katsina,2020-06-21
7474,employee_7474,sales,267989,55,0,kwara,2021-01-22
7475,employee_7475,sales,155518,26,2,kano,2021-05-12
7476,employee_7476,engineering,282539,49,3,enugu,2020-10-21
7477,employee_7477,sales,254450,31,5,imo,2020-02-09
7478,employee_7478,HR,226366,47,5,kogi,2020-03-04
7479,employee_7479,marketing,188387,38,3,osun,2021-05-18
7480,employee_7480,marketing,243922,43,0,lagos,2020-09-18
7481,employee_7481,sales,266554,30,3,kano,2021-01-08
7482,employee_7482,sales,326876,60,3,kogi,2020-05-03
7483,employee_7483,support,247089,56,1,osun,2021-02-19
7484,employee_7484,marketing,342292,25,4,kano,2020-03-09
7485,employee_7485,engineering,315375,49,0,enugu,2021-02-10
7486,employee_7486,support,335135,30,0,akure,2021-02-09
7487,employee_7487,finance,318220,56,3,kwara,2020-01-21
7488,employee_7488,HR,139884,48,1,ibadan,2021-04-29
7489,employee_7489,engineering,193702,28,5,abuja,2020-08-27
7490,employee_7490,sales,177045,26,5,enugu,2021-03-31
7491,employee_7491,sales,144675,45,0,abuja,2021-06-17
7492,employee_7492,HR,238504,51,4,ibadan,2020-05-07
7493,employee_7493,sales,58429,55,3,lagos,2020-03-11
7494,employee_7494,finance,241658,21,3,akure,2020-01-06
7495,employee_7495,finance,256998,57,2,enugu,2020-12-02
7496,employee_7496,finance,216696,32,3,abia,2021-03-23
7497,employee_7497,sales,257709,37,5,abuja,2020-12-01
7498,employee_7498,finance,289935,21,4,osun,2020-03-12
7499,employee_7499,marketing,77059,50,4,kwara,2020-10-13
7500,employee_7500,finance,90572,50,2,ogun,2020-08-02
7501,employee_7501,marketing,339653,25,4,abia,2020-02-01
7502,employee_7502,finance,73256,21,4,akure,2021-02-13
7503,employee_7503,HR,345176,40,2,abia,2020-12-05
7504,employee_7504,HR,128793,31,0,enugu,2021-06-19
7505,employee_7505,finance,96674,42,0,ogun,2021-02-16
7506,employee_7506,sales,99645,52,2,osun,2021-03-16
7507,employee_7507,HR,94587,34,3,abia,2020-10-08
7508,employee_7508,HR,257752,32,0,ogun,2021-05-19
7509,employee_7509,sales,187766,24,1,osun,2020-08-24
7510,employee_7510,HR,295120,29,3,abia,2021-01-18
7511,employee_7511,engineering,198859,30,0,ibadan,2020-12-02
7512,employee_7512,finance,280680,54,0,kogi,2021-06-24
7513,employee_7513,marketing,260537,43,2,kano,2020-02-10
7514,employee_7514,marketing,256493,32,0,enugu,2021-01-24
7515,employee_7515,sales,191241,29,0,enugu,2020-01-31
7516,employee_7516,engineering,77290,27,4,imo,2020-10-07
7517,employee_7517,sales,231208,49,4,kogi,2020-06-15
7518,employee_7518,engineering,315338,22,4,abuja,2021-02-22
7519,employee_7519,HR,255957,23,1,lagos,2021-02-23
7520,employee_7520,HR,337801,48,4,ogun,2021-03-14
7521,employee_7521,engineering,184461,38,0,abia,2021-05-23
7522,employee_7522,finance,286388,24,3,abuja,2021-01-18
7523,employee_7523,engineering,248407,53,4,ogun,2021-03-04
7524,employee_7524,HR,74755,40,1,ogun,2021-04-08
7525,employee_7525,marketing,320313,26,5,imo,2020-11-20
7526,employee_7526,marketing,99352,39,0,lagos,2020-07-09
7527,employee_7527,sales,218338,30,5,akure,2021-04-01
7528,employee_7528,finance,271914,59,0,enugu,2020-06-23
7529,employee_7529,HR,348925,37,2,abia,2020-02-18
7530,employee_7530,support,184279,54,3,katsina,2020-10-06
7531,employee_7531,engineering,215152,50,0,enugu,2021-06-20
7532,employee_7532,finance,288519,42,5,katsina,2020-09-23
7533,employee_7533,sales,154817,39,1,abuja,2021-01-12
7534,employee_7534,HR,55411,56,5,kano,2021-01-07
7535,employee_7535,marketing,76118,29,4,kwara,2020-05-23
7536,employee_7536,finance,95954,47,5,kano,2020-03-25
7537,employee_7537,sales,288685,32,5,ogun,2021-03-31
7538,employee_7538,marketing,247124,46,2,abuja,2020-01-06
7539,employee_7539,engineering,87830,29,4,katsina,2020-09-28
7540,employee_7540,finance,136670,24,5,enugu,2020-08-27
7541,employee_7541,engineering,62164,53,1,abia,2021-05-11
7542,employee_7542,engineering,329503,60,0,akure,2020-07-31
7543,employee_7543,sales,308625,60,4,abia,2020-11-23
7544,employee_7544,engineering,257154,43,1,kwara,2020-10-28
7545,employee_7545,finance,223649,39,0,kogi,2020-10-07
7546,employee_7546,support,306173,50,3,kwara,2021-04-26
7547,employee_7547,marketing,349078,24,1,kano,2020-08-13
7548,employee_7548,support,325675,40,4,abuja,2020-11-28
7549,employee_7549,engineering,59953,21,0,imo,2021-01-10
7550,employee_7550,support,348147,45,4,imo,2020-07-31
7551,employee_7551,support,235218,38,0,osun,2021-06-02
7552,employee_7552,marketing,160063,32,0,osun,2020-09-10
7553,employee_7553,sales,219599,58,2,akure,2020-06-21
7554,employee_7554,HR,247046,47,1,kogi,2020-09-22
7555,employee_7555,HR,285123,49,0,akure,2021-04-11
7556,employee_7556,support,330829,58,4,katsina,2021-05-23
7557,employee_7557,support,74074,33,4,enugu,2020-05-23
7558,employee_7558,sales,120170,28,3,kwara,2021-06-16
7559,employee_7559,HR,158312,25,2,ibadan,2021-04-05
7560,employee_7560,support,213430,50,3,osun,2020-09-02
7561,employee_7561,HR,223024,51,1,kogi,2020-02-20
7562,employee_7562,finance,199110,60,0,osun,2020-05-18
7563,employee_7563,finance,128438,29,4,lagos,2020-08-22
7564,employee_7564,marketing,68293,57,4,kwara,2020-01-02
7565,employee_7565,HR,229347,36,2,kano,2020-09-12
7566,employee_7566,finance,339888,39,3,imo,2020-04-10
7567,employee_7567,HR,186699,40,4,enugu,2021-05-09
7568,employee_7568,marketing,310617,32,3,kwara,2021-01-01
7569,employee_7569,sales,215804,44,5,lagos,2021-01-02
7570,employee_7570,support,120019,54,2,katsina,2020-01-10
7571,employee_7571,finance,204702,36,5,ibadan,2020-06-02
7572,employee_7572,finance,269478,37,2,kano,2020-06-10
7573,employee_7573,engineering,169432,60,2,kwara,2020-02-12
7574,employee_7574,finance,180469,36,0,ogun,2021-01-18
7575,employee_7575,finance,177281,52,4,kano,2021-03-11
7576,employee_7576,support,139761,41,5,osun,2020-11-03
7577,employee_7577,finance,329081,33,4,imo,2020-12-07
7578,employee_7578,HR,96551,39,4,akure,2021-04-12
7579,employee_7579,support,225068,51,3,enugu,2021-02-12
7580,employee_7580,engineering,140645,39,2,lagos,2020-03-19
7581,employee_7581,engineering,201342,33,1,imo,2020-02-19
7582,employee_7582,finance,192149,54,4,lagos,2020-08-17
7583,employee_7583,sales,136053,27,3,imo,2021-06-17
7584,employee_7584,sales,342876,40,2,abuja,2020-12-25
7585,employee_7585,support,75036,44,3,kwara,2020-05-21
7586,employee_7586,marketing,255021,24,3,ibadan,2020-12-05
7587,employee_7587,HR,347160,53,3,enugu,2021-01-10
7588,employee_7588,finance,199635,30,1,abia,2020-09-03
7589,employee_7589,marketing,139436,40,3,abia,2020-07-08
7590,employee_7590,support,60946,55,0,enugu,2020-06-11
7591,employee_7591,sales,242270,43,1,akure,2021-06-02
7592,employee_7592,marketing,166795,58,2,kano,2020-12-17
7593,employee_7593,marketing,252420,32,1,enugu,2020-10-27
7594,employee_7594,engineering,94450,27,1,abuja,2020-09-10
7595,employee_7595,marketing,216861,28,0,kogi,2021-04-30
7596,employee_7596,HR,281742,37,5,osun,2021-05-22
7597,employee_7597,sales,142471,31,0,kano,2020-04-07
7598,employee_7598,finance,190907,40,1,katsina,2020-08-27
7599,employee_7599,support,189993,49,2,kwara,2020-10-04
7600,employee_7600,HR,294128,38,0,kano,2021-05-14
7601,employee_7601,support,335394,22,3,ogun,2020-05-09
7602,employee_7602,support,61166,59,1,kano,2021-03-27
7603,employee_7603,finance,102829,44,4,osun,2020-12-11
7604,employee_7604,support,238229,30,1,lagos,2020-09-21
7605,employee_7605,finance,107257,37,1,ibadan,2021-02-18
7606,employee_7606,marketing,278450,34,3,abuja,2020-02-08
7607,employee_7607,marketing,260026,38,0,kano,2020-09-19
7608,employee_7608,marketing,241446,45,4,kwara,2020-03-16
7609,employee_7609,marketing,83284,28,0,imo,2020-05-23
7610,employee_7610,marketing,90559,58,3,imo,2020-09-29
7611,employee_7611,HR,274514,60,2,abuja,2020-03-13
7612,employee_7612,engineering,287005,29,1,imo,2020-09-16
7613,employee_7613,support,271955,46,0,katsina,2021-06-17
7614,employee_7614,engineering,347825,22,0,katsina,2020-04-12
7615,employee_7615,sales,105472,54,3,abuja,2020-02-27
7616,employee_7616,HR,268094,34,0,katsina,2020-09-28
7617,employee_7617,sales,130134,27,4,lagos,2020-08-14
7618,employee_7618,support,126157,54,5,enugu,2020-04-25
7619,employee_7619,sales,92066,53,2,kogi,2020-02-04
7620,employee_7620,sales,297004,28,2,kwara,2021-06-20
7621,employee_7621,engineering,241253,35,1,lagos,2020-04-14
7622,employee_7622,engineering,295766,35,5,akure,2020-12-31
7623,employee_7623,marketing,152405,25,0,kogi,2020-06-02
7624,employee_7624,engineering,134360,53,4,osun,2020-04-25
7625,employee_7625,sales,206906,23,2,osun,2021-01-19
7626,employee_7626,HR,266826,42,5,lagos,2021-05-27
7627,employee_7627,HR,53427,34,0,abuja,2021-03-07
7628,employee_7628,engineering,82465,58,5,abuja,2021-02-17
7629,employee_7629,sales,252373,48,2,abia,2020-02-26
7630,employee_7630,marketing,241984,46,1,ibadan,2020-12-01
7631,employee_7631,finance,226495,33,4,imo,2020-03-30
7632,employee_7632,support,76911,60,0,ibadan,2020-06-06
7633,employee_7633,marketing,315910,44,3,akure,2021-01-03
7634,employee_7634,engineering,178048,51,4,enugu,2020-06-13
7635,employee_7635,sales,219920,37,2,kwara,2020-03-23
7636,employee_7636,finance,170510,21,1,katsina,2020-10-20
7637,employee_7637,finance,348183,30,3,ibadan,2021-02-15
7638,employee_7638,support,271572,31,5,abuja,2021-02-23
7639,employee_7639,support,299410,55,2,akure,2020-12-03
7640,employee_7640,sales,268949,21,2,kwara,2021-04-29
7641,employee_7641,marketing,110470,49,3,katsina,2020-01-09
7642,employee_7642,HR,254775,38,0,kwara,2020-05-09
7643,employee_7643,engineering,317139,38,4,akure,2020-02-08
7644,employee_7644,sales,191477,42,4,imo,2021-03-14
7645,employee_7645,HR,98710,55,4,enugu,2020-04-27
7646,employee_7646,support,328330,51,4,kwara,2021-06-07
7647,employee_7647,support,143393,33,2,abuja,2021-03-23
7648,employee_7648,support,60318,57,2,kwara,2021-02-01
7649,employee_7649,engineering,224521,22,2,akure,2021-05-31
7650,employee_7650,engineering,206900,50,4,ogun,2020-04-16
7651,employee_7651,HR,146418,44,0,akure,2021-05-03
7652,employee_7652,finance,163997,53,0,osun,2020-04-28
7653,employee_7653,finance,332916,53,2,osun,2020-03-04
7654,employee_7654,HR,326557,58,0,abia,2020-03-03
7655,employee_7655,finance,102274,27,0,osun,2021-04-21
7656,employee_7656,marketing,139327,58,1,ogun,2021-02-06
7657,employee_7657,HR,217621,56,2,imo,2020-02-02
7658,employee_7658,support,203200,22,5,imo,2020-07-26
7659,employee_7659,HR,280594,34,1,kogi,2020-02-04
7660,employee_7660,marketing,55406,53,1,kwara,2021-03-28
7661,employee_7661,HR,155884,55,4,akure,2021-02-16
7662,employee_7662,support,223001,46,3,akure,2020-10-30
7663,employee_7663,support,328083,48,5,kano,2020-03-01
7664,employee_7664,HR,249099,34,3,imo,2020-12-10
7665,employee_7665,marketing,70560,21,0,ogun,2020-09-15
7666,employee_7666,marketing,98060,47,4,akure,2020-11-12
7667,employee_7667,engineering,267952,43,5,abuja,2020-03-25
7668,employee_7668,sales,152841,60,5,osun,2020-07-25
7669,employee_7669,engineering,345496,50,1,abia,2020-08-19
7670,employee_7670,engineering,315679,46,4,osun,2020-09-04
7671,employee_7671,marketing,303159,52,3,abia,2020-02-22
7672,employee_7672,finance,147981,43,5,ogun,2020-05-04
7673,employee_7673,marketing,229420,32,4,lagos,2020-08-31
7674,employee_7674,engineering,268739,59,2,kogi,2020-10-30
7675,employee_7675,support,243297,59,3,ibadan,2020-04-26
7676,employee_7676,finance,219685,27,4,enugu,2020-08-11
7677,employee_7677,sales,240855,27,2,kwara,2020-12-21
7678,employee_7678,finance,175033,39,2,osun,2020-06-30
7679,employee_7679,engineering,130708,27,1,ibadan,2020-06-04
7680,employee_7680,engineering,140636,38,3,katsina,2020-07-21
7681,employee_7681,marketing,174734,32,4,lagos,2020-07-06
7682,employee_7682,marketing,295006,34,2,katsina,2020-09-19
7683,employee_7683,engineering,105379,49,1,imo,2021-03-26
7684,employee_7684,engineering,291830,55,2,akure,2021-06-17
7685,employee_7685,sales,229981,56,3,ogun,2020-06-30
7686,employee_7686,marketing,221803,51,2,katsina,2020-08-03
7687,employee_7687,engineering,107905,47,2,enugu,2021-02-12
7688,employee_7688,engineering,79750,42,1,abia,2021-03-12
7689,employee_7689,engineering,306336,39,5,katsina,2020-08-31
7690,employee_7690,marketing,334297,58,5,osun,2020-02-08
7691,employee_7691,marketing,52831,50,2,lagos,2020-11-02
7692,employee_7692,HR,166845,27,2,abia,2021-05-27
7693,employee_7693,sales,53170,38,3,kano,2020-03-09
7694,employee_7694,finance,181042,34,3,kwara,2021-05-30
7695,employee_7695,support,164816,23,0,ogun,2020-04-20
7696,employee_7696,support,265144,21,3,ibadan,2020-03-26
7697,employee_7697,sales,252804,53,0,ogun,2020-09-09
7698,employee_7698,finance,306193,48,1,imo,2020-03-14
7699,employee_7699,engineering,347775,49,4,kano,2020-05-02
7700,employee_7700,marketing,179638,26,5,kogi,2020-02-08
7701,employee_7701,marketing,331392,50,2,akure,2020-09-04
7702,employee_7702,finance,93605,54,5,enugu,2021-03-12
7703,employee_7703,HR,322153,42,4,ibadan,2021-04-11
7704,employee_7704,sales,122790,46,3,osun,2020-12-19
7705,employee_7705,engineering,163828,41,2,kwara,2020-02-12
7706,employee_7706,support,227131,34,1,kano,2020-11-22
7707,employee_7707,finance,309856,43,4,enugu,2020-11-15
7708,employee_7708,marketing,335335,52,3,osun,2021-03-30
7709,employee_7709,engineering,210402,32,1,imo,2020-02-10
7710,employee_7710,HR,209032,38,2,ogun,2021-06-19
7711,employee_7711,marketing,78429,31,5,katsina,2021-05-17
7712,employee_7712,engineering,118239,38,0,kano,2020-09-22
7713,employee_7713,support,108942,53,3,osun,2021-05-10
7714,employee_7714,marketing,220471,58,1,kwara,2021-02-03
7715,employee_7715,marketing,277827,52,5,abuja,2020-09-17
7716,employee_7716,marketing,91011,48,4,kogi,2020-01-16
7717,employee_7717,engineering,240968,57,4,kwara,2020-11-30
7718,employee_7718,engineering,51624,25,5,abuja,2020-10-04
7719,employee_7719,support,128126,44,5,kano,2021-03-10
7720,employee_7720,finance,60207,41,0,enugu,2020-12-06
7721,employee_7721,marketing,345372,29,0,osun,2020-04-13
7722,employee_7722,support,298812,44,4,akure,2020-05-31
7723,employee_7723,engineering,197626,46,1,lagos,2021-05-24
7724,employee_7724,finance,103532,49,3,kogi,2021-03-06
7725,employee_7725,finance,69769,24,3,kano,2020-02-01
7726,employee_7726,HR,137650,30,2,imo,2021-01-14
7727,employee_7727,sales,130834,55,1,kwara,2020-11-23
7728,employee_7728,support,304720,27,1,abuja,2020-12-11
7729,employee_7729,sales,328435,43,2,lagos,2020-11-08
7730,employee_7730,marketing,256649,56,0,ibadan,2021-04-10
7731,employee_7731,support,228453,22,4,imo,2020-10-24
7732,employee_7732,HR,106770,45,5,osun,2020-06-26
7733,employee_7733,engineering,289056,51,3,enugu,2021-03-26
7734,employee_7734,sales,93754,51,2,osun,2020-08-30
7735,employee_7735,engineering,64587,45,0,ogun,2021-04-11
7736,employee_7736,sales,331254,60,2,ibadan,2020-09-18
7737,employee_7737,finance,95756,51,0,katsina,2020-03-03
7738,employee_7738,HR,254748,53,3,katsina,2020-09-07
7739,employee_7739,marketing,89840,27,2,kwara,2020-09-15
7740,employee_7740,HR,72851,28,1,abuja,2020-09-06
7741,employee_7741,finance,339877,51,2,kano,2020-05-13
7742,employee_7742,sales,192845,58,4,katsina,2020-12-01
7743,employee_7743,HR,207717,28,2,katsina,2021-06-20
7744,employee_7744,finance,59997,28,0,ibadan,2021-06-17
7745,employee_7745,engineering,287058,40,2,kwara,2021-05-27
7746,employee_7746,engineering,108632,60,1,enugu,2021-03-08
7747,employee_7747,HR,285707,53,3,kano,2020-06-09
7748,employee_7748,finance,65272,60,5,osun,2020-11-01
7749,employee_7749,HR,192221,25,2,akure,2020-07-05
7750,employee_7750,marketing,348781,58,5,ogun,2020-03-26
7751,employee_7751,finance,148487,21,0,ibadan,2020-02-01
7752,employee_7752,sales,148451,54,5,kwara,2021-03-02
7753,employee_7753,support,315002,40,3,akure,2020-12-16
7754,employee_7754,engineering,318496,46,2,imo,2021-01-22
7755,employee_7755,engineering,182336,22,1,imo,2020-11-30
7756,employee_7756,finance,187981,22,3,lagos,2020-01-22
7757,employee_7757,finance,161429,32,2,kwara,2021-04-26
7758,employee_7758,finance,331252,46,4,enugu,2020-03-11
7759,employee_7759,HR,88211,21,3,osun,2020-08-03
7760,employee_7760,finance,293859,49,1,osun,2021-03-24
7761,employee_7761,marketing,160372,37,0,kano,2021-03-31
7762,employee_7762,engineering,322736,36,2,akure,2021-05-03
7763,employee_7763,HR,53759,49,0,abuja,2020-02-29
7764,employee_7764,HR,221831,30,5,osun,2021-02-03
7765,employee_7765,finance,285804,35,4,enugu,2020-08-26
7766,employee_7766,support,152409,40,0,imo,2021-04-04
7767,employee_7767,support,131565,21,2,lagos,2020-09-17
7768,employee_7768,support,249255,44,3,kwara,2020-10-06
7769,employee_7769,sales,255748,45,1,imo,2021-03-27
7770,employee_7770,engineering,157269,25,1,abia,2020-10-15
7771,employee_7771,engineering,106733,35,5,kano,2021-02-10
7772,employee_7772,finance,178586,49,1,katsina,2021-04-05
7773,employee_7773,marketing,242567,24,1,enugu,2021-01-05
7774,employee_7774,HR,176533,36,2,akure,2020-09-25
7775,employee_7775,marketing,146739,23,4,kogi,2021-04-19
7776,employee_7776,support,221849,23,0,osun,2020-09-01
7777,employee_7777,HR,209229,40,1,ogun,2021-03-16
7778,employee_7778,finance,344931,28,2,katsina,2020-06-09
7779,employee_7779,sales,270924,34,5,osun,2020-11-24
7780,employee_7780,sales,320564,43,0,ibadan,2020-05-17
7781,employee_7781,HR,303047,24,2,abia,2021-05-30
7782,employee_7782,finance,244001,27,1,abuja,2020-08-15
7783,employee_7783,marketing,184167,35,5,kogi,2021-01-24
7784,employee_7784,engineering,89631,33,2,abia,2021-06-05
7785,employee_7785,support,335250,56,2,akure,2021-05-20
7786,employee_7786,sales,217868,22,1,ogun,2021-04-09
7787,employee_7787,finance,335747,59,0,imo,2020-03-04
7788,employee_7788,engineering,109613,25,4,abuja,2020-12-08
7789,employee_7789,engineering,239793,31,4,akure,2020-08-22
7790,employee_7790,support,72904,55,1,abuja,2020-01-12
7791,employee_7791,sales,86757,23,4,enugu,2021-05-20
7792,employee_7792,marketing,339960,23,4,enugu,2020-10-31
7793,employee_7793,finance,263593,36,2,enugu,2020-09-01
7794,employee_7794,sales,137725,56,1,lagos,2020-02-07
7795,employee_7795,marketing,160181,23,3,katsina,2020-08-23
7796,employee_7796,marketing,246634,27,3,lagos,2020-06-07
7797,employee_7797,HR,126838,49,2,ogun,2020-06-06
7798,employee_7798,support,96133,51,4,ogun,2020-07-06
7799,employee_7799,support,295480,49,0,lagos,2020-12-30
7800,employee_7800,support,63665,26,5,ogun,2020-08-24
7801,employee_7801,HR,235669,41,0,kano,2020-03-24
7802,employee_7802,HR,336158,34,0,kwara,2020-09-11
7803,employee_7803,HR,151777,34,2,kogi,2020-05-27
7804,employee_7804,HR,264378,37,1,ibadan,2020-01-11
7805,employee_7805,engineering,105275,51,2,imo,2020-06-22
7806,employee_7806,finance,102279,39,5,ibadan,2021-05-06
7807,employee_7807,HR,337909,33,1,katsina,2021-02-13
7808,employee_7808,sales,71024,49,3,kano,2021-06-13
7809,employee_7809,engineering,231677,47,0,akure,2020-05-20
7810,employee_7810,finance,213759,21,4,ogun,2020-10-29
7811,employee_7811,sales,282425,27,0,lagos,2020-05-26
7812,employee_7812,sales,228538,52,4,osun,2021-02-27
7813,employee_7813,marketing,302482,52,4,abuja,2020-05-03
7814,employee_7814,sales,197376,60,0,kano,2020-11-08
7815,employee_7815,marketing,151249,53,4,kogi,2021-01-23
7816,employee_7816,finance,150826,46,5,enugu,2021-02-13
7817,employee_7817,HR,76033,49,1,abia,2021-04-08
7818,employee_7818,HR,294067,43,3,ogun,2020-08-09
7819,employee_7819,engineering,341912,32,5,abia,2020-04-19
7820,employee_7820,HR,88916,35,1,kwara,2021-01-23
7821,employee_7821,engineering,285456,57,1,enugu,2020-10-17
7822,employee_7822,sales,122267,31,1,kano,2020-12-01
7823,employee_7823,finance,207964,45,5,katsina,2021-02-16
7824,employee_7824,support,152485,60,5,kano,2021-01-23
7825,employee_7825,sales,346333,27,4,enugu,2021-01-31
7826,employee_7826,marketing,256111,33,1,lagos,2020-07-05
7827,employee_7827,finance,98274,41,5,osun,2020-09-21
7828,employee_7828,finance,276778,50,5,osun,2020-09-20
7829,employee_7829,marketing,213224,49,0,abia,2021-02-15
7830,employee_7830,sales,245042,45,4,ogun,2020-10-20
7831,employee_7831,marketing,240095,48,2,ogun,2020-09-12
7832,employee_7832,support,60191,59,4,kwara,2020-02-25
7833,employee_7833,marketing,92723,41,2,lagos,2021-01-23
7834,employee_7834,support,203870,24,1,katsina,2020-12-29
7835,employee_7835,support,251098,31,3,imo,2020-10-15
7836,employee_7836,support,74933,55,2,abia,2020-12-14
7837,employee_7837,finance,97463,40,4,akure,2021-04-10
7838,employee_7838,HR,133296,56,0,kogi,2020-02-05
7839,employee_7839,support,220143,60,3,lagos,2020-11-28
7840,employee_7840,HR,251442,49,0,kogi,2021-04-16
7841,employee_7841,sales,339316,25,4,enugu,2021-02-03
7842,employee_7842,sales,165227,28,2,kwara,2020-04-04
7843,employee_7843,HR,188820,52,4,akure,2021-03-12
7844,employee_7844,engineering,220029,22,5,kano,2020-02-17
7845,employee_7845,sales,226349,25,2,enugu,2020-05-22
7846,employee_7846,engineering,144230,37,5,ogun,2020-04-25
7847,employee_7847,support,64310,43,1,kogi,2020-06-03
7848,employee_7848,sales,156433,58,3,katsina,2020-11-29
7849,employee_7849,support,275582,59,0,akure,2020-08-04
7850,employee_7850,sales,130724,43,3,ogun,2021-02-10
7851,employee_7851,finance,197562,54,0,osun,2020-02-25
7852,employee_7852,engineering,106596,51,0,imo,2021-04-29
7853,employee_7853,marketing,115800,27,0,enugu,2021-03-06
7854,employee_7854,finance,176047,58,4,kogi,2020-02-03
7855,employee_7855,sales,295521,43,1,ibadan,2021-04-20
7856,employee_7856,support,239508,22,3,imo,2020-03-12
7857,employee_7857,HR,283801,31,2,kwara,2021-05-02
7858,employee_7858,engineering,177140,29,5,imo,2020-06-27
7859,employee_7859,marketing,298454,43,2,kano,2021-06-12
7860,employee_7860,marketing,63926,22,2,kogi,2021-04-24
7861,employee_7861,finance,85941,54,1,ogun,2020-11-02
7862,employee_7862,support,158493,23,2,lagos,2020-10-12
7863,employee_7863,finance,333158,34,4,abuja,2021-04-27
7864,employee_7864,HR,73383,22,4,kogi,2020-11-27
7865,employee_7865,support,303433,55,3,osun,2021-05-18
7866,employee_7866,engineering,196441,27,2,enugu,2020-09-16
7867,employee_7867,HR,188840,34,1,abuja,2021-01-01
7868,employee_7868,support,270775,47,5,kwara,2020-05-29
7869,employee_7869,marketing,145785,51,1,lagos,2021-05-09
7870,employee_7870,HR,175610,49,0,enugu,2020-08-03
7871,employee_7871,finance,343331,41,3,enugu,2020-12-05
7872,employee_7872,marketing,211217,57,4,lagos,2020-02-27
7873,employee_7873,support,300405,37,4,osun,2020-08-12
7874,employee_7874,sales,231130,49,4,kano,2021-05-18
7875,employee_7875,engineering,315170,44,2,katsina,2020-03-18
7876,employee_7876,sales,256603,43,0,ibadan,2020-08-22
7877,employee_7877,finance,191780,55,2,kogi,2021-03-22
7878,employee_7878,support,108029,27,3,imo,2021-04-17
7879,employee_7879,engineering,263591,30,1,lagos,2020-07-06
7880,employee_7880,finance,317671,30,4,kwara,2020-04-05
7881,employee_7881,HR,145853,23,1,abia,2021-05-20
7882,employee_7882,HR,237338,51,2,kano,2020-07-04
7883,employee_7883,sales,142816,41,2,ibadan,2020-08-16
7884,employee_7884,engineering,215976,32,5,kano,2020-08-08
7885,employee_7885,engineering,107777,27,3,osun,2021-01-27
7886,employee_7886,marketing,239721,27,2,akure,2020-03-02
7887,employee_7887,support,336941,43,2,osun,2020-03-20
7888,employee_7888,HR,201959,56,3,kogi,2020-02-24
7889,employee_7889,support,80543,27,2,kogi,2020-08-30
7890,employee_7890,engineering,190172,34,3,enugu,2020-01-19
7891,employee_7891,support,103875,40,1,kwara,2020-06-11
7892,employee_7892,support,57563,40,2,kogi,2020-07-26
7893,employee_7893,finance,330869,42,1,abuja,2020-04-01
7894,employee_7894,engineering,114269,52,4,abia,2020-06-21
7895,employee_7895,engineering,290709,51,0,akure,2021-05-15
7896,employee_7896,sales,127426,60,3,akure,2020-07-15
7897,employee_7897,HR,162716,42,3,akure,2021-04-07
7898,employee_7898,HR,129894,58,2,kogi,2020-01-30
7899,employee_7899,engineering,128588,53,4,abia,2020-09-23
7900,employee_7900,finance,146800,58,3,abia,2020-08-24
7901,employee_7901,HR,312417,60,2,enugu,2020-07-03
7902,employee_7902,sales,301098,24,3,abia,2020-07-05
7903,employee_7903,sales,55514,55,3,katsina,2020-07-29
7904,employee_7904,support,148347,55,5,abuja,2021-01-20
7905,employee_7905,marketing,300040,43,0,enugu,2020-08-22
7906,employee_7906,support,319357,54,3,abia,2020-12-19
7907,employee_7907,finance,343647,59,4,imo,2020-04-27
7908,employee_7908,support,157527,41,2,kogi,2021-02-17
7909,employee_7909,support,230260,30,1,kwara,2021-04-15
7910,employee_7910,finance,167495,36,4,imo,2021-02-17
7911,employee_7911,marketing,341337,48,0,abuja,2020-02-18
7912,employee_7912,HR,227977,46,5,ogun,2021-06-22
7913,employee_7913,HR,279967,48,5,osun,2021-03-30
7914,employee_7914,engineering,198506,48,4,osun,2021-02-08
7915,employee_7915,support,153061,29,3,enugu,2020-12-11
7916,employee_7916,finance,58531,42,2,akure,2020-02-10
7917,employee_7917,marketing,151631,37,4,ibadan,2020-01-03
7918,employee_7918,HR,257643,29,4,osun,2020-11-28
7919,employee_7919,finance,198027,40,2,enugu,2020-05-08
7920,employee_7920,marketing,302453,21,4,kano,2021-02-17
7921,employee_7921,marketing,347252,54,0,kano,2020-04-02
7922,employee_7922,engineering,332968,41,4,kwara,2020-12-07
7923,employee_7923,HR,157963,59,5,abia,2020-06-16
7924,employee_7924,marketing,243908,49,5,kwara,2021-01-30
7925,employee_7925,support,231821,22,4,akure,2020-05-14
7926,employee_7926,finance,256309,34,0,kwara,2020-01-06
7927,employee_7927,engineering,68582,23,1,abia,2020-04-22
7928,employee_7928,engineering,287234,38,0,kano,2021-03-19
7929,employee_7929,support,75131,21,4,abuja,2020-02-24
7930,employee_7930,HR,88637,29,4,lagos,2021-04-01
7931,employee_7931,support,124535,59,5,imo,2020-11-06
7932,employee_7932,support,197487,49,2,kogi,2020-06-14
7933,employee_7933,HR,262675,60,3,ibadan,2020-02-06
7934,employee_7934,sales,252204,36,4,kogi,2020-08-16
7935,employee_7935,support,95883,53,3,katsina,2020-09-18
7936,employee_7936,finance,240939,41,2,imo,2021-04-27
7937,employee_7937,engineering,268050,23,5,enugu,2021-05-27
7938,employee_7938,engineering,241946,40,0,enugu,2020-04-25
7939,employee_7939,HR,324051,60,4,imo,2021-05-13
7940,employee_7940,marketing,54599,27,0,enugu,2021-03-12
7941,employee_7941,HR,92771,42,4,kwara,2021-04-25
7942,employee_7942,HR,93625,38,2,ogun,2020-02-11
7943,employee_7943,support,171407,36,0,akure,2020-05-17
7944,employee_7944,HR,241025,31,5,abia,2020-11-27
7945,employee_7945,HR,145206,30,0,kwara,2020-04-03
7946,employee_7946,HR,310796,40,4,osun,2020-09-03
7947,employee_7947,marketing,91152,59,0,lagos,2020-04-09
7948,employee_7948,engineering,118489,53,2,imo,2020-02-25
7949,employee_7949,engineering,309813,29,1,ibadan,2020-09-23
7950,employee_7950,sales,311465,52,5,abia,2021-01-09
7951,employee_7951,HR,258446,56,4,lagos,2020-06-09
7952,employee_7952,sales,318171,26,2,ibadan,2020-06-04
7953,employee_7953,HR,334541,32,4,abuja,2021-03-02
7954,employee_7954,marketing,316581,56,0,abia,2020-10-13
7955,employee_7955,marketing,87253,59,4,ogun,2020-03-09
7956,employee_7956,sales,51907,22,0,akure,2020-04-26
7957,employee_7957,marketing,294007,49,0,imo,2021-04-06
7958,employee_7958,finance,192133,35,5,ogun,2020-09-22
7959,employee_7959,sales,315751,30,0,enugu,2020-08-09
7960,employee_7960,marketing,346689,28,2,akure,2021-01-09
7961,employee_7961,engineering,235101,47,5,abia,2020-11-13
7962,employee_7962,support,133901,22,1,ibadan,2020-10-01
7963,employee_7963,sales,209718,30,4,abia,2020-12-16
7964,employee_7964,marketing,243881,30,5,akure,2020-06-18
7965,employee_7965,support,147754,39,1,abia,2020-02-23
7966,employee_7966,support,346579,21,2,kano,2020-12-22
7967,employee_7967,marketing,202972,35,1,ogun,2020-04-02
7968,employee_7968,HR,300846,56,0,enugu,2021-05-21
7969,employee_7969,HR,131631,38,2,abuja,2020-10-13
7970,employee_7970,sales,166124,33,1,enugu,2021-06-15
7971,employee_7971,marketing,198474,41,4,katsina,2020-01-26
7972,employee_7972,finance,54328,48,4,ogun,2021-05-14
7973,employee_7973,finance,327538,41,1,akure,2021-05-15
7974,employee_7974,HR,192959,59,1,imo,2021-01-15
7975,employee_7975,marketing,314269,51,3,ibadan,2020-01-21
7976,employee_7976,engineering,256963,57,3,ibadan,2021-03-22
7977,employee_7977,marketing,62949,28,3,ibadan,2020-10-09
7978,employee_7978,support,121734,36,5,enugu,2020-01-10
7979,employee_7979,engineering,202385,25,2,akure,2020-03-08
7980,employee_7980,support,73072,43,0,enugu,2021-05-14
7981,employee_7981,finance,296339,53,3,abuja,2020-06-05
7982,employee_7982,HR,245298,53,3,kogi,2021-01-26
7983,employee_7983,HR,256421,60,0,osun,2020-03-28
7984,employee_7984,engineering,276121,36,1,katsina,2021-02-01
7985,employee_7985,HR,245878,33,3,kwara,2021-03-20
7986,employee_7986,HR,69317,49,0,abuja,2020-08-03
7987,employee_7987,support,115010,46,5,kwara,2021-04-01
7988,employee_7988,marketing,76613,36,1,ogun,2020-05-17
7989,employee_7989,HR,101735,48,2,osun,2020-12-10
7990,employee_7990,marketing,260521,37,4,abuja,2021-05-20
7991,employee_7991,engineering,218756,56,0,katsina,2020-02-26
7992,employee_7992,sales,99393,39,3,lagos,2020-04-25
7993,employee_7993,engineering,232212,53,3,kano,2020-09-30
7994,employee_7994,finance,83050,26,5,abuja,2020-09-05
7995,employee_7995,marketing,302973,35,0,imo,2020-08-04
7996,employee_7996,engineering,82687,44,0,imo,2021-01-29
7997,employee_7997,marketing,93918,40,5,kogi,2020-04-26
7998,employee_7998,engineering,282982,45,2,katsina,2020-05-31
7999,employee_7999,sales,158434,27,2,kano,2020-09-24
8000,employee_8000,HR,332226,30,5,kano,2020-09-20
8001,employee_8001,support,194856,32,4,akure,2020-04-17
8002,employee_8002,finance,176001,55,2,abuja,2020-02-12
8003,employee_8003,HR,213451,22,4,enugu,2020-11-16
8004,employee_8004,HR,257093,22,5,kogi,2021-02-24
8005,employee_8005,finance,191222,34,0,abuja,2020-08-16
8006,employee_8006,support,51061,60,3,katsina,2021-03-27
8007,employee_8007,sales,204381,24,5,ogun,2020-03-25
8008,employee_8008,marketing,188485,32,1,kwara,2021-01-01
8009,employee_8009,HR,141174,23,2,imo,2020-07-24
8010,employee_8010,HR,54357,21,3,kano,2020-08-25
8011,employee_8011,engineering,216665,22,2,enugu,2020-05-22
8012,employee_8012,sales,306596,33,2,abia,2020-12-19
8013,employee_8013,sales,155248,39,3,ogun,2020-11-19
8014,employee_8014,HR,276877,51,5,ogun,2020-11-15
8015,employee_8015,marketing,339600,54,1,akure,2020-04-02
8016,employee_8016,marketing,115440,49,3,katsina,2021-04-22
8017,employee_8017,sales,262618,21,3,kano,2021-01-12
8018,employee_8018,marketing,157431,50,3,kano,2020-10-20
8019,employee_8019,finance,285766,39,2,abuja,2020-12-24
8020,employee_8020,HR,246904,46,0,kwara,2021-02-23
8021,employee_8021,engineering,210476,53,4,osun,2020-09-17
8022,employee_8022,engineering,90000,56,2,abuja,2020-10-27
8023,employee_8023,marketing,273164,55,3,katsina,2021-02-06
8024,employee_8024,marketing,205501,41,3,abuja,2021-06-12
8025,employee_8025,marketing,83743,36,2,osun,2020-07-21
8026,employee_8026,support,98454,45,3,akure,2020-11-27
8027,employee_8027,support,65896,34,5,abuja,2020-01-01
8028,employee_8028,marketing,154584,54,4,kwara,2020-07-06
8029,employee_8029,marketing,240679,45,1,enugu,2021-04-29
8030,employee_8030,HR,259227,52,4,osun,2021-06-16
8031,employee_8031,marketing,60623,27,4,kogi,2020-06-16
8032,employee_8032,HR,156626,27,2,kano,2020-04-15
8033,employee_8033,engineering,143108,42,1,ibadan,2020-01-11
8034,employee_8034,finance,186854,38,5,ibadan,2020-01-01
8035,employee_8035,sales,118004,26,0,abia,2020-05-06
8036,employee_8036,HR,217443,58,3,imo,2021-02-10
8037,employee_8037,sales,235060,47,0,abuja,2020-08-04
8038,employee_8038,marketing,150212,43,1,lagos,2020-03-13
8039,employee_8039,marketing,163602,46,1,katsina,2020-12-07
8040,employee_8040,marketing,305409,44,3,enugu,2021-05-30
8041,employee_8041,marketing,303549,52,5,kogi,2020-04-14
8042,employee_8042,HR,279471,47,2,abuja,2020-09-19
8043,employee_8043,support,133874,40,5,abuja,2020-01-08
8044,employee_8044,engineering,264813,59,0,lagos,2020-10-05
8045,employee_8045,engineering,318393,25,5,katsina,2021-02-26
8046,employee_8046,sales,125557,23,3,kogi,2021-03-12
8047,employee_8047,engineering,53682,31,0,abuja,2020-04-04
8048,employee_8048,support,286456,38,2,abuja,2021-06-01
8049,employee_8049,support,328503,58,1,ibadan,2021-04-02
8050,employee_8050,sales,166087,25,0,abuja,2020-03-21
8051,employee_8051,support,66279,46,0,lagos,2020-08-24
8052,employee_8052,engineering,328476,42,4,enugu,2020-08-17
8053,employee_8053,sales,72993,45,0,kano,2020-10-12
8054,employee_8054,finance,242635,43,0,osun,2021-01-10
8055,employee_8055,engineering,166492,29,1,ogun,2020-05-16
8056,employee_8056,sales,276795,42,0,osun,2020-01-27
8057,employee_8057,engineering,300846,24,5,abia,2020-12-29
8058,employee_8058,sales,348321,39,4,abia,2020-02-07
8059,employee_8059,finance,220843,49,4,imo,2020-10-08
8060,employee_8060,sales,112168,37,5,katsina,2020-12-28
8061,employee_8061,engineering,141921,21,0,ibadan,2020-12-18
8062,employee_8062,support,114957,41,4,kano,2020-11-12
8063,employee_8063,HR,255492,42,3,kwara,2021-01-13
8064,employee_8064,support,337536,45,4,enugu,2020-09-19
8065,employee_8065,finance,169829,22,1,enugu,2021-06-08
8066,employee_8066,marketing,100884,25,3,abia,2020-11-11
8067,employee_8067,finance,278968,27,5,kwara,2020-12-06
8068,employee_8068,engineering,136276,22,2,ibadan,2020-02-08
8069,employee_8069,finance,316340,33,2,akure,2021-04-19
8070,employee_8070,sales,332232,29,2,ibadan,2020-03-10
8071,employee_8071,HR,138584,25,2,ogun,2021-03-14
8072,employee_8072,engineering,300386,51,4,abuja,2020-10-18
8073,employee_8073,HR,168541,60,2,ogun,2021-03-27
8074,employee_8074,support,337108,37,3,kogi,2020-12-23
8075,employee_8075,engineering,228399,40,3,kogi,2021-05-22
8076,employee_8076,finance,189879,42,1,abuja,2020-09-08
8077,employee_8077,marketing,268717,51,4,kano,2020-07-23
8078,employee_8078,sales,143330,52,5,ogun,2020-10-05
8079,employee_8079,support,127431,33,3,ogun,2020-10-30
8080,employee_8080,engineering,214200,26,3,abia,2020-03-14
8081,employee_8081,sales,239862,51,5,katsina,2020-06-09
8082,employee_8082,HR,340522,33,3,abuja,2020-07-21
8083,employee_8083,marketing,107445,40,1,lagos,2020-02-24
8084,employee_8084,HR,336420,51,5,katsina,2020-10-18
8085,employee_8085,support,52798,33,3,kano,2021-05-10
8086,employee_8086,support,225763,45,1,osun,2020-12-19
8087,employee_8087,HR,117173,39,1,osun,2020-08-15
8088,employee_8088,HR,275108,50,2,abia,2020-12-04
8089,employee_8089,HR,76776,54,1,kogi,2020-01-27
8090,employee_8090,sales,232449,59,4,abia,2020-04-18
8091,employee_8091,sales,164333,25,0,kogi,2020-01-27
8092,employee_8092,engineering,116928,39,5,lagos,2020-07-13
8093,employee_8093,sales,78535,33,3,lagos,2020-05-24
8094,employee_8094,sales,321279,28,2,imo,2021-03-30
8095,employee_8095,support,237819,54,2,osun,2021-05-01
8096,employee_8096,finance,236048,31,4,abuja,2020-02-15
8097,employee_8097,support,160098,27,4,osun,2020-08-19
8098,employee_8098,marketing,260640,35,2,akure,2020-07-09
8099,employee_8099,HR,99039,35,1,akure,2021-06-13
8100,employee_8100,support,269861,32,3,kwara,2020-12-20
8101,employee_8101,engineering,172636,55,2,ogun,2020-01-10
8102,employee_8102,finance,191170,56,3,ogun,2020-02-20
8103,employee_8103,engineering,75000,26,3,ogun,2020-07-29
8104,employee_8104,HR,80673,21,0,ibadan,2020-06-17
8105,employee_8105,engineering,331101,57,1,osun,2021-01-31
8106,employee_8106,support,70818,52,1,katsina,2020-04-25
8107,employee_8107,HR,242864,47,5,abia,2021-02-05
8108,employee_8108,engineering,188660,30,0,kogi,2020-05-09
8109,employee_8109,engineering,188491,23,1,ibadan,2021-06-14
8110,employee_8110,marketing,347689,36,5,ibadan,2020-05-08
8111,employee_8111,engineering,309735,28,5,abuja,2020-11-24
8112,employee_8112,HR,129357,33,0,kano,2020-10-27
8113,employee_8113,engineering,241672,32,3,enugu,2021-01-19
8114,employee_8114,finance,238306,57,1,akure,2020-09-11
8115,employee_8115,HR,189630,31,2,ibadan,2021-03-31
8116,employee_8116,finance,349337,41,3,kogi,2020-06-26
8117,employee_8117,finance,143072,59,4,osun,2021-03-07
8118,employee_8118,support,105408,54,3,akure,2020-06-19
8119,employee_8119,marketing,344241,32,4,abuja,2021-03-31
8120,employee_8120,engineering,135297,48,1,ibadan,2020-11-18
8121,employee_8121,marketing,237443,29,1,ibadan,2020-08-19
8122,employee_8122,engineering,276710,49,1,lagos,2020-08-23
8123,employee_8123,support,340789,54,4,ibadan,2021-03-15
8124,employee_8124,engineering,60649,54,3,kano,2020-07-06
8125,employee_8125,sales,218051,59,0,osun,2020-10-15
8126,employee_8126,engineering,267925,48,4,ibadan,2020-05-19
8127,employee_8127,finance,66589,44,2,kogi,2020-06-04
8128,employee_8128,marketing,285087,42,2,osun,2020-08-21
8129,employee_8129,HR,340808,37,0,osun,2021-03-21
8130,employee_8130,HR,109601,59,4,akure,2020-05-02
8131,employee_8131,finance,245561,33,4,kwara,2020-10-22
8132,employee_8132,sales,286664,43,5,katsina,2021-06-18
8133,employee_8133,finance,293385,34,3,akure,2020-06-24
8134,employee_8134,sales,275638,48,0,abuja,2020-07-25
8135,employee_8135,engineering,300914,45,0,akure,2021-05-28
8136,employee_8136,support,268974,44,5,abia,2020-01-03
8137,employee_8137,finance,314682,51,0,kwara,2021-04-02
8138,employee_8138,HR,324297,39,0,abuja,2020-01-13
8139,employee_8139,sales,295643,46,2,ogun,2020-12-25
8140,employee_8140,support,193932,23,2,kogi,2020-02-15
8141,employee_8141,HR,80571,25,4,enugu,2020-07-30
8142,employee_8142,HR,332314,42,5,kogi,2020-11-30
8143,employee_8143,marketing,82645,59,0,akure,2020-08-30
8144,employee_8144,marketing,57959,43,5,katsina,2020-10-02
8145,employee_8145,sales,223846,22,1,kano,2020-10-26
8146,employee_8146,support,62502,34,0,enugu,2020-01-11
8147,employee_8147,support,168504,23,4,kwara,2020-12-12
8148,employee_8148,support,193597,32,1,ogun,2020-11-13
8149,employee_8149,marketing,325955,34,3,ogun,2021-02-26
8150,employee_8150,HR,312937,58,2,ogun,2021-03-03
8151,employee_8151,engineering,320399,60,3,ogun,2020-07-11
8152,employee_8152,support,258288,42,2,enugu,2021-03-27
8153,employee_8153,finance,266800,24,0,ogun,2020-03-27
8154,employee_8154,support,67210,56,2,katsina,2020-02-24
8155,employee_8155,engineering,271559,36,2,kwara,2021-05-24
8156,employee_8156,finance,104655,37,3,lagos,2020-02-25
8157,employee_8157,HR,215214,33,0,lagos,2021-01-04
8158,employee_8158,support,320254,39,0,katsina,2020-09-30
8159,employee_8159,finance,85744,57,2,abia,2020-09-20
8160,employee_8160,engineering,110600,49,3,ibadan,2021-01-02
8161,employee_8161,engineering,150398,41,2,ibadan,2020-05-08
8162,employee_8162,finance,167194,24,2,imo,2021-06-16
8163,employee_8163,support,99030,33,2,akure,2020-04-23
8164,employee_8164,HR,267130,38,0,lagos,2020-07-25
8165,employee_8165,marketing,283711,43,2,osun,2021-02-11
8166,employee_8166,marketing,81877,46,5,kogi,2021-03-10
8167,employee_8167,finance,153081,22,3,enugu,2020-07-17
8168,employee_8168,marketing,304481,41,0,kano,2021-05-03
8169,employee_8169,marketing,280396,33,3,kano,2020-04-07
8170,employee_8170,marketing,205061,53,0,enugu,2021-04-14
8171,employee_8171,finance,224494,41,4,ibadan,2020-05-01
8172,employee_8172,engineering,269868,45,0,enugu,2020-09-03
8173,employee_8173,support,194405,52,2,kano,2020-07-09
8174,employee_8174,engineering,86853,39,1,abuja,2021-01-02
8175,employee_8175,engineering,349218,49,0,enugu,2020-04-20
8176,employee_8176,support,73498,30,5,lagos,2020-06-08
8177,employee_8177,support,163778,39,4,kano,2021-01-07
8178,employee_8178,engineering,261134,26,4,katsina,2020-01-19
8179,employee_8179,HR,317317,47,1,kwara,2020-05-01
8180,employee_8180,marketing,171305,31,4,ibadan,2020-02-13
8181,employee_8181,engineering,292764,53,1,kogi,2020-08-01
8182,employee_8182,engineering,163622,31,2,imo,2020-04-17
8183,employee_8183,marketing,101125,24,5,lagos,2020-06-30
8184,employee_8184,HR,230927,58,5,abuja,2021-03-02
8185,employee_8185,HR,160749,37,2,katsina,2020-11-01
8186,employee_8186,HR,107805,22,2,akure,2020-04-21
8187,employee_8187,engineering,328981,35,0,lagos,2020-08-20
8188,employee_8188,engineering,237093,30,3,lagos,2020-07-26
8189,employee_8189,finance,184049,25,4,ogun,2020-10-07
8190,employee_8190,finance,79697,40,1,kwara,2020-01-08
8191,employee_8191,sales,236010,43,2,abia,2020-02-06
8192,employee_8192,finance,239775,41,4,kogi,2020-11-07
8193,employee_8193,finance,215856,30,3,ibadan,2021-02-04
8194,employee_8194,finance,62729,51,1,imo,2020-07-30
8195,employee_8195,engineering,180894,38,0,osun,2020-04-10
8196,employee_8196,support,278155,30,4,kwara,2020-11-01
8197,employee_8197,finance,332089,35,2,enugu,2020-12-10
8198,employee_8198,HR,84532,40,4,imo,2020-01-05
8199,employee_8199,marketing,101423,24,1,imo,2021-02-14
8200,employee_8200,HR,172569,35,1,kano,2021-02-22
8201,employee_8201,engineering,177669,22,0,kano,2020-02-13
8202,employee_8202,sales,54590,45,2,enugu,2020-07-31
8203,employee_8203,marketing,216989,54,0,lagos,2020-04-11
8204,employee_8204,support,298930,37,2,abuja,2020-04-02
8205,employee_8205,sales,71794,50,1,abia,2020-09-03
8206,employee_8206,engineering,334141,59,2,kogi,2021-02-19
8207,employee_8207,sales,131976,60,4,abuja,2021-04-17
8208,employee_8208,marketing,322052,33,2,kwara,2020-10-08
8209,employee_8209,HR,194442,26,3,kogi,2020-12-17
8210,employee_8210,engineering,178682,48,0,kano,2020-03-23
8211,employee_8211,marketing,162952,22,2,ogun,2020-05-03
8212,employee_8212,HR,294121,25,4,kwara,2020-03-20
8213,employee_8213,engineering,320081,37,2,imo,2021-02-20
8214,employee_8214,finance,120828,40,5,kwara,2020-05-15
8215,employee_8215,sales,235731,29,1,ibadan,2020-08-06
8216,employee_8216,engineering,210694,23,3,katsina,2020-05-10
8217,employee_8217,finance,125919,57,2,kogi,2020-03-28
8218,employee_8218,engineering,152693,44,1,ibadan,2020-04-15
8219,employee_8219,finance,198567,39,3,osun,2020-12-07
8220,employee_8220,marketing,87193,55,2,abia,2020-01-07
8221,employee_8221,engineering,135783,22,4,katsina,2021-06-10
8222,employee_8222,marketing,139714,27,0,kogi,2020-07-18
8223,employee_8223,finance,309353,21,0,kogi,2021-01-08
8224,employee_8224,finance,113099,54,1,ogun,2021-06-11
8225,employee_8225,finance,119350,60,5,ogun,2020-08-04
8226,employee_8226,support,269190,34,0,enugu,2021-02-20
8227,employee_8227,support,96127,57,3,katsina,2020-01-11
8228,employee_8228,engineering,209777,25,0,abuja,2020-02-16
8229,employee_8229,marketing,204484,59,4,osun,2020-01-08
8230,employee_8230,support,223095,47,3,osun,2020-12-09
8231,employee_8231,marketing,265495,37,5,osun,2020-03-01
8232,employee_8232,sales,254673,28,4,ibadan,2020-02-23
8233,employee_8233,finance,147498,27,0,kogi,2020-08-02
8234,employee_8234,HR,193405,24,0,kogi,2021-02-12
8235,employee_8235,HR,163280,27,1,osun,2020-08-01
8236,employee_8236,HR,298840,33,3,abuja,2021-05-22
8237,employee_8237,marketing,336411,39,2,ogun,2021-05-30
8238,employee_8238,HR,244855,55,3,ibadan,2020-10-02
8239,employee_8239,marketing,228274,33,0,kano,2020-10-01
8240,employee_8240,engineering,310853,44,4,imo,2020-04-19
8241,employee_8241,support,269099,39,4,ogun,2021-04-19
8242,employee_8242,support,62578,39,3,abia,2020-11-07
8243,employee_8243,support,59676,24,0,imo,2020-10-09
8244,employee_8244,marketing,91190,33,1,enugu,2020-02-21
8245,employee_8245,marketing,190569,50,1,kogi,2020-05-22
8246,employee_8246,engineering,253184,36,0,akure,2021-04-24
8247,employee_8247,sales,270808,26,2,enugu,2020-10-22
8248,employee_8248,HR,233476,41,5,abuja,2020-08-17
8249,employee_8249,sales,185042,59,1,ogun,2020-01-17
8250,employee_8250,engineering,251412,60,5,ibadan,2021-01-15
8251,employee_8251,HR,346880,48,3,ogun,2020-06-15
8252,employee_8252,finance,174218,39,5,enugu,2020-02-02
8253,employee_8253,engineering,212276,60,1,enugu,2020-04-11
8254,employee_8254,engineering,135355,45,4,enugu,2020-11-14
8255,employee_8255,support,127317,53,4,lagos,2021-02-03
8256,employee_8256,sales,347843,23,2,kogi,2020-09-02
8257,employee_8257,support,277416,39,1,lagos,2020-09-20
8258,employee_8258,finance,295059,59,3,ogun,2021-05-25
8259,employee_8259,sales,99277,41,3,kogi,2020-02-16
8260,employee_8260,sales,305993,21,0,imo,2020-04-02
8261,employee_8261,HR,338243,22,0,kano,2020-11-02
8262,employee_8262,HR,86229,56,0,lagos,2020-01-16
8263,employee_8263,marketing,315409,31,5,ogun,2021-01-08
8264,employee_8264,support,163452,34,2,katsina,2021-02-13
8265,employee_8265,finance,200116,49,0,kano,2020-05-06
8266,employee_8266,support,263056,32,5,katsina,2021-01-27
8267,employee_8267,finance,347875,42,3,enugu,2021-05-04
8268,employee_8268,engineering,196052,48,4,imo,2021-01-15
8269,employee_8269,sales,190734,57,2,akure,2020-06-16
8270,employee_8270,marketing,335330,31,2,imo,2020-02-18
8271,employee_8271,marketing,165755,34,5,abia,2021-02-10
8272,employee_8272,sales,321604,23,5,osun,2020-06-07
8273,employee_8273,HR,294086,33,2,akure,2021-04-10
8274,employee_8274,marketing,296814,49,1,osun,2021-06-11
8275,employee_8275,marketing,313924,49,1,akure,2021-02-25
8276,employee_8276,marketing,149113,51,2,kogi,2021-01-21
8277,employee_8277,HR,313506,38,5,lagos,2021-01-06
8278,employee_8278,finance,160080,52,1,kwara,2021-01-16
8279,employee_8279,marketing,163384,57,1,ogun,2020-03-16
8280,employee_8280,HR,209956,21,1,abia,2021-02-11
8281,employee_8281,engineering,298350,33,5,enugu,2021-04-17
8282,employee_8282,engineering,229343,24,3,abuja,2020-09-05
8283,employee_8283,support,327056,24,3,ibadan,2020-02-15
8284,employee_8284,engineering,145834,53,4,ogun,2020-01-02
8285,employee_8285,sales,153510,33,4,katsina,2020-02-23
8286,employee_8286,finance,75393,39,3,osun,2020-11-07
8287,employee_8287,support,96302,48,0,kano,2020-08-20
8288,employee_8288,sales,244913,31,4,osun,2020-07-21
8289,employee_8289,marketing,151799,35,5,akure,2021-05-19
8290,employee_8290,finance,285048,37,2,akure,2020-06-14
8291,employee_8291,finance,287628,38,1,katsina,2021-05-22
8292,employee_8292,sales,145510,22,2,katsina,2020-08-10
8293,employee_8293,finance,222887,34,0,katsina,2021-01-13
8294,employee_8294,engineering,195876,45,4,enugu,2021-06-20
8295,employee_8295,sales,109307,36,4,akure,2020-01-30
8296,employee_8296,HR,323670,44,2,katsina,2020-07-19
8297,employee_8297,sales,256164,43,4,ogun,2020-03-14
8298,employee_8298,marketing,179050,31,5,lagos,2021-02-03
8299,employee_8299,sales,287998,32,0,kogi,2020-06-23
8300,employee_8300,finance,275286,56,2,enugu,2020-09-20
8301,employee_8301,HR,206563,50,2,kwara,2020-12-27
8302,employee_8302,engineering,337404,24,4,ogun,2021-03-15
8303,employee_8303,engineering,70269,41,5,enugu,2020-06-04
8304,employee_8304,sales,221277,30,4,ogun,2020-09-19
8305,employee_8305,sales,91767,41,4,kogi,2020-11-24
8306,employee_8306,finance,169403,57,0,abia,2020-01-22
8307,employee_8307,finance,93063,21,3,akure,2021-03-02
8308,employee_8308,support,320826,55,3,ogun,2021-03-25
8309,employee_8309,HR,323598,29,1,kogi,2020-12-07
8310,employee_8310,finance,346010,59,5,abia,2020-08-03
8311,employee_8311,HR,105420,29,4,ogun,2020-09-09
8312,employee_8312,engineering,236446,32,1,imo,2020-01-10
8313,employee_8313,support,61330,42,0,kogi,2021-02-24
8314,employee_8314,support,235627,30,1,ibadan,2020-08-26
8315,employee_8315,engineering,348859,38,3,akure,2021-04-11
8316,employee_8316,finance,321069,25,3,ibadan,2021-06-04
8317,employee_8317,finance,257142,32,2,abia,2020-08-12
8318,employee_8318,support,112206,39,1,akure,2021-03-21
8319,employee_8319,engineering,175900,37,0,abuja,2020-10-07
8320,employee_8320,sales,145297,43,4,imo,2020-12-06
8321,employee_8321,finance,103399,30,4,lagos,2020-10-09
8322,employee_8322,marketing,153116,21,2,ogun,2020-11-23
8323,employee_8323,HR,194885,24,5,lagos,2020-11-08
8324,employee_8324,sales,287976,39,4,lagos,2020-10-08
8325,employee_8325,engineering,96278,40,2,enugu,2021-01-12
8326,employee_8326,HR,166299,58,2,ogun,2020-03-07
8327,employee_8327,finance,288563,38,3,lagos,2021-03-01
8328,employee_8328,sales,313313,22,4,katsina,2020-04-05
8329,employee_8329,HR,184534,48,5,akure,2020-07-21
8330,employee_8330,support,51771,52,5,imo,2020-06-06
8331,employee_8331,support,141598,58,4,akure,2020-12-09
8332,employee_8332,HR,86032,41,3,kano,2020-08-26
8333,employee_8333,engineering,185596,56,4,osun,2021-03-29
8334,employee_8334,support,226807,44,2,osun,2021-03-01
8335,employee_8335,marketing,186624,28,1,kwara,2020-05-12
8336,employee_8336,marketing,336766,56,3,akure,2021-01-29
8337,employee_8337,marketing,57713,56,5,imo,2020-11-17
8338,employee_8338,support,255720,59,1,lagos,2020-06-06
8339,employee_8339,marketing,151862,42,1,imo,2021-06-03
8340,employee_8340,sales,247668,51,2,kogi,2021-03-18
8341,employee_8341,sales,163608,27,2,ogun,2020-10-02
8342,employee_8342,engineering,294361,27,2,imo,2021-04-20
8343,employee_8343,marketing,249860,56,2,abuja,2020-01-08
8344,employee_8344,sales,258529,44,0,akure,2020-05-25
8345,employee_8345,engineering,161326,42,0,kwara,2020-08-13
8346,employee_8346,sales,325737,47,0,kogi,2021-04-29
8347,employee_8347,marketing,192545,40,4,imo,2021-03-02
8348,employee_8348,finance,94914,28,1,akure,2020-06-20
8349,employee_8349,support,303362,21,0,ogun,2021-01-24
8350,employee_8350,marketing,343131,30,0,osun,2020-06-08
8351,employee_8351,marketing,80641,30,2,akure,2020-02-01
8352,employee_8352,sales,250124,32,2,kwara,2021-02-17
8353,employee_8353,finance,187910,57,5,osun,2020-04-18
8354,employee_8354,finance,229087,27,5,enugu,2021-05-08
8355,employee_8355,finance,178898,39,0,kano,2020-03-22
8356,employee_8356,marketing,308159,24,1,lagos,2021-02-28
8357,employee_8357,HR,190329,54,1,kano,2020-08-16
8358,employee_8358,finance,318576,48,1,ibadan,2020-03-29
8359,employee_8359,finance,135338,27,1,kwara,2021-03-07
8360,employee_8360,sales,213640,27,5,enugu,2020-04-26
8361,employee_8361,finance,209125,53,2,abia,2020-01-09
8362,employee_8362,sales,84827,36,4,ibadan,2020-12-07
8363,employee_8363,sales,323230,38,2,kwara,2021-01-22
8364,employee_8364,engineering,275489,31,2,kwara,2020-10-07
8365,employee_8365,HR,338942,53,4,imo,2020-08-10
8366,employee_8366,support,171661,23,5,abia,2020-09-14
8367,employee_8367,finance,346172,55,0,abia,2021-06-18
8368,employee_8368,support,217037,54,0,kano,2020-08-06
8369,employee_8369,support,317719,46,3,katsina,2021-04-18
8370,employee_8370,marketing,252128,22,0,kwara,2021-03-03
8371,employee_8371,support,50160,52,4,lagos,2020-10-24
8372,employee_8372,marketing,68855,34,1,kano,2021-01-25
8373,employee_8373,HR,103797,32,5,imo,2020-12-06
8374,employee_8374,support,104138,50,3,kogi,2020-07-31
8375,employee_8375,support,263245,51,5,abuja,2020-09-02
8376,employee_8376,marketing,59925,56,4,akure,2020-02-27
8377,employee_8377,marketing,220859,37,1,ibadan,2020-02-13
8378,employee_8378,engineering,127427,53,1,enugu,2020-07-15
8379,employee_8379,engineering,242895,39,1,abuja,2020-05-14
8380,employee_8380,finance,320179,55,3,lagos,2021-02-19
8381,employee_8381,finance,292686,24,1,ogun,2020-09-23
8382,employee_8382,finance,242081,30,0,osun,2021-06-24
8383,employee_8383,engineering,204746,54,0,kwara,2021-01-16
8384,employee_8384,finance,331575,24,5,akure,2020-01-12
8385,employee_8385,engineering,321551,42,0,kogi,2021-05-29
8386,employee_8386,finance,58008,41,1,imo,2020-09-07
8387,employee_8387,finance,183767,28,0,enugu,2020-08-16
8388,employee_8388,sales,128519,24,4,kwara,2020-05-10
8389,employee_8389,HR,236568,49,2,kogi,2020-11-16
8390,employee_8390,support,195500,37,4,lagos,2021-03-17
8391,employee_8391,HR,187980,39,5,kogi,2021-06-09
8392,employee_8392,engineering,135480,36,2,lagos,2021-05-15
8393,employee_8393,engineering,144639,47,5,enugu,2020-05-18
8394,employee_8394,support,275082,23,0,kwara,2020-01-10
8395,employee_8395,HR,324540,28,2,akure,2020-01-14
8396,employee_8396,marketing,308977,21,3,ogun,2021-06-22
8397,employee_8397,HR,203129,56,5,abuja,2020-10-30
8398,employee_8398,marketing,203523,39,0,abuja,2020-04-30
8399,employee_8399,sales,187281,57,3,ibadan,2020-10-14
8400,employee_8400,support,336030,58,5,enugu,2020-02-12
8401,employee_8401,marketing,268134,40,4,kogi,2020-11-26
8402,employee_8402,finance,245765,60,0,lagos,2020-01-22
8403,employee_8403,support,315686,22,3,katsina,2021-01-11
8404,employee_8404,engineering,98316,42,5,katsina,2020-10-10
8405,employee_8405,marketing,198918,29,4,imo,2020-03-08
8406,employee_8406,finance,344407,58,3,kwara,2020-08-19
8407,employee_8407,marketing,63456,60,0,osun,2020-01-29
8408,employee_8408,sales,109856,49,0,kano,2020-01-26
8409,employee_8409,HR,319992,23,5,abuja,2020-08-17
8410,employee_8410,HR,119942,51,4,lagos,2020-04-27
8411,employee_8411,engineering,347596,27,2,kwara,2020-07-12
8412,employee_8412,sales,306014,34,2,kogi,2021-05-24
8413,employee_8413,engineering,204561,59,5,akure,2020-12-11
8414,employee_8414,sales,338134,32,0,abia,2020-01-01
8415,employee_8415,sales,77341,55,4,ibadan,2020-01-27
8416,employee_8416,HR,335288,52,2,katsina,2021-01-06
8417,employee_8417,marketing,248442,45,1,katsina,2020-11-19
8418,employee_8418,finance,253056,49,4,akure,2020-08-12
8419,employee_8419,marketing,156827,49,3,osun,2020-05-13
8420,employee_8420,support,347426,42,3,ibadan,2020-02-07
8421,employee_8421,finance,284808,58,1,enugu,2021-01-29
8422,employee_8422,engineering,127325,56,4,akure,2021-01-11
8423,employee_8423,support,123817,58,5,kwara,2020-01-21
8424,employee_8424,engineering,116564,37,3,abuja,2020-10-23
8425,employee_8425,engineering,126757,29,2,kwara,2020-01-08
8426,employee_8426,finance,316314,37,4,akure,2020-04-26
8427,employee_8427,engineering,51546,44,2,osun,2021-02-07
8428,employee_8428,sales,120052,54,3,kwara,2020-09-21
8429,employee_8429,engineering,327546,44,3,enugu,2021-06-10
8430,employee_8430,sales,162806,32,5,abuja,2021-01-31
8431,employee_8431,HR,161812,58,1,kogi,2020-12-28
8432,employee_8432,support,307153,32,2,ibadan,2020-09-20
8433,employee_8433,support,149440,53,0,enugu,2021-03-31
8434,employee_8434,finance,186815,32,0,ibadan,2020-12-06
8435,employee_8435,engineering,211090,49,4,ibadan,2021-04-22
8436,employee_8436,support,264439,39,2,ogun,2020-04-10
8437,employee_8437,finance,78198,52,4,ogun,2020-12-03
8438,employee_8438,marketing,219894,33,1,kogi,2021-01-30
8439,employee_8439,HR,233179,32,4,enugu,2020-04-04
8440,employee_8440,sales,201772,37,2,kano,2020-09-20
8441,employee_8441,marketing,341671,51,4,kogi,2020-08-30
8442,employee_8442,finance,304019,54,2,kogi,2020-03-06
8443,employee_8443,engineering,154181,54,2,akure,2020-03-31
8444,employee_8444,support,149074,21,5,kano,2020-01-29
8445,employee_8445,HR,62712,34,5,imo,2021-05-03
8446,employee_8446,HR,63743,59,2,kogi,2020-06-09
8447,employee_8447,finance,65468,43,3,akure,2020-05-25
8448,employee_8448,engineering,186861,57,3,ibadan,2020-05-19
8449,employee_8449,engineering,74803,48,5,imo,2021-03-12
8450,employee_8450,finance,254649,50,3,katsina,2021-03-25
8451,employee_8451,sales,68363,50,3,imo,2020-01-17
8452,employee_8452,sales,203550,29,0,abia,2020-05-16
8453,employee_8453,HR,146195,43,4,kwara,2021-01-12
8454,employee_8454,HR,171118,56,2,abuja,2021-01-20
8455,employee_8455,support,200186,57,3,osun,2020-11-10
8456,employee_8456,sales,184465,22,0,kwara,2020-03-03
8457,employee_8457,sales,264298,54,0,katsina,2020-01-20
8458,employee_8458,support,86079,21,1,akure,2021-02-02
8459,employee_8459,support,94604,37,4,abia,2020-09-16
8460,employee_8460,support,137619,33,3,abuja,2020-05-04
8461,employee_8461,support,273083,50,3,imo,2020-09-23
8462,employee_8462,sales,294985,34,0,katsina,2020-08-07
8463,employee_8463,finance,99156,27,3,imo,2020-02-16
8464,employee_8464,HR,294916,29,4,abia,2020-09-12
8465,employee_8465,finance,233631,57,3,katsina,2020-06-07
8466,employee_8466,support,315617,46,4,enugu,2020-03-07
8467,employee_8467,sales,311485,41,0,kano,2020-10-01
8468,employee_8468,marketing,151574,59,4,abuja,2020-05-24
8469,employee_8469,engineering,259604,25,5,akure,2020-12-13
8470,employee_8470,marketing,320919,58,5,kano,2021-06-21
8471,employee_8471,HR,287603,50,2,kano,2020-06-02
8472,employee_8472,HR,232534,45,2,akure,2020-03-24
8473,employee_8473,support,215683,28,4,kano,2021-05-22
8474,employee_8474,support,222992,38,0,lagos,2021-03-07
8475,employee_8475,sales,236725,53,2,kwara,2020-08-22
8476,employee_8476,finance,249409,30,2,abia,2020-02-22
8477,employee_8477,finance,109189,58,0,abuja,2020-04-24
8478,employee_8478,sales,314413,56,0,kano,2021-05-29
8479,employee_8479,engineering,142177,42,4,akure,2020-10-01
8480,employee_8480,HR,238634,24,2,ogun,2020-09-07
8481,employee_8481,finance,204413,29,3,ogun,2020-05-08
8482,employee_8482,engineering,192974,52,0,abia,2020-10-22
8483,employee_8483,marketing,346067,23,4,lagos,2020-09-19
8484,employee_8484,marketing,208776,50,4,akure,2020-07-24
8485,employee_8485,finance,172843,36,0,kogi,2021-02-06
8486,employee_8486,sales,262111,23,2,akure,2020-06-03
8487,employee_8487,HR,269791,57,1,katsina,2020-06-14
8488,employee_8488,HR,69213,44,0,kano,2020-12-27
8489,employee_8489,marketing,82211,30,4,imo,2020-09-25
8490,employee_8490,sales,337978,33,0,imo,2020-12-08
8491,employee_8491,HR,299003,55,4,ibadan,2020-01-19
8492,employee_8492,marketing,325520,48,3,kwara,2020-04-29
8493,employee_8493,marketing,330324,45,2,abia,2021-06-19
8494,employee_8494,sales,196316,48,3,akure,2020-07-23
8495,employee_8495,finance,134222,36,4,akure,2021-05-08
8496,employee_8496,support,102293,31,0,ogun,2020-06-08
8497,employee_8497,HR,304419,21,0,abuja,2020-05-21
8498,employee_8498,support,168090,42,3,katsina,2021-05-11
8499,employee_8499,support,160484,59,1,kano,2021-01-14
8500,employee_8500,support,70435,25,4,kano,2020-06-10
8501,employee_8501,sales,99671,57,3,abia,2021-04-27
8502,employee_8502,support,56968,35,0,lagos,2020-11-30
8503,employee_8503,HR,309116,28,4,lagos,2020-05-30
8504,employee_8504,engineering,214728,36,5,katsina,2021-04-13
8505,employee_8505,support,308615,42,1,abuja,2020-06-08
8506,employee_8506,marketing,194559,49,5,osun,2020-09-15
8507,employee_8507,HR,165905,26,2,abia,2020-05-25
8508,employee_8508,engineering,262110,48,2,ogun,2020-09-16
8509,employee_8509,support,199884,42,5,lagos,2021-04-22
8510,employee_8510,support,184824,32,0,enugu,2021-06-13
8511,employee_8511,sales,321990,35,0,lagos,2020-12-18
8512,employee_8512,sales,236424,31,2,enugu,2021-01-11
8513,employee_8513,support,318532,33,3,ibadan,2020-05-17
8514,employee_8514,marketing,258155,46,4,abuja,2020-01-09
8515,employee_8515,sales,170046,21,0,enugu,2020-06-17
8516,employee_8516,engineering,343034,31,3,abia,2020-12-18
8517,employee_8517,HR,225975,35,4,kano,2020-04-28
8518,employee_8518,marketing,106683,22,4,kwara,2021-02-22
8519,employee_8519,finance,121341,60,2,ogun,2020-08-26
8520,employee_8520,HR,91466,37,3,ibadan,2020-08-21
8521,employee_8521,support,221570,37,4,ibadan,2020-04-28
8522,employee_8522,engineering,309897,44,4,enugu,2021-05-14
8523,employee_8523,support,277998,58,4,enugu,2021-02-09
8524,employee_8524,engineering,343683,49,0,osun,2020-07-28
8525,employee_8525,finance,190725,31,3,kogi,2020-05-09
8526,employee_8526,marketing,160666,26,3,ogun,2021-04-25
8527,employee_8527,engineering,306905,49,1,imo,2020-09-04
8528,employee_8528,support,68254,60,5,imo,2021-03-15
8529,employee_8529,sales,204035,27,3,kano,2020-02-07
8530,employee_8530,HR,108862,43,4,abuja,2020-12-03
8531,employee_8531,sales,152559,27,2,katsina,2020-02-01
8532,employee_8532,finance,257868,28,3,lagos,2021-01-06
8533,employee_8533,engineering,239458,22,1,akure,2020-04-04
8534,employee_8534,marketing,156510,53,5,kogi,2020-02-12
8535,employee_8535,finance,59370,22,4,abuja,2020-05-19
8536,employee_8536,HR,124495,55,1,kano,2020-01-16
8537,employee_8537,engineering,262067,41,2,kogi,2020-11-03
8538,employee_8538,HR,193452,41,4,abuja,2021-04-08
8539,employee_8539,HR,173667,57,3,abuja,2020-05-29
8540,employee_8540,finance,137409,29,5,abia,2020-06-28
8541,employee_8541,sales,103060,46,3,katsina,2020-09-06
8542,employee_8542,sales,265473,23,2,katsina,2021-06-17
8543,employee_8543,marketing,196985,37,2,kano,2020-10-28
8544,employee_8544,marketing,58854,41,2,abia,2020-03-10
8545,employee_8545,HR,134442,34,3,abuja,2020-12-31
8546,employee_8546,HR,242861,50,4,akure,2020-08-23
8547,employee_8547,marketing,206558,42,5,akure,2020-05-09
8548,employee_8548,marketing,106875,41,5,ogun,2020-04-15
8549,employee_8549,finance,213011,51,1,kogi,2021-01-09
8550,employee_8550,HR,96314,57,1,katsina,2021-02-15
8551,employee_8551,sales,227990,30,5,lagos,2020-09-02
8552,employee_8552,finance,193018,46,0,kano,2021-06-11
8553,employee_8553,engineering,238396,40,1,osun,2020-04-12
8554,employee_8554,HR,120605,31,2,ogun,2020-12-08
8555,employee_8555,sales,66328,24,0,lagos,2020-04-25
8556,employee_8556,finance,228821,40,3,kwara,2020-08-31
8557,employee_8557,sales,194035,35,3,ibadan,2021-06-04
8558,employee_8558,HR,261338,29,1,kano,2021-02-23
8559,employee_8559,support,100988,56,5,kwara,2020-03-09
8560,employee_8560,marketing,256639,33,2,imo,2020-03-16
8561,employee_8561,HR,188122,49,0,ibadan,2020-07-15
8562,employee_8562,engineering,126215,37,0,kano,2020-03-15
8563,employee_8563,finance,79163,60,4,abuja,2020-10-15
8564,employee_8564,marketing,130095,26,2,abuja,2021-03-24
8565,employee_8565,engineering,62104,26,4,abuja,2020-11-22
8566,employee_8566,finance,78493,31,1,imo,2020-10-05
8567,employee_8567,marketing,81976,47,2,kano,2020-01-12
8568,employee_8568,finance,341766,56,5,kogi,2020-07-18
8569,employee_8569,HR,139535,22,5,lagos,2020-07-10
8570,employee_8570,sales,318926,34,4,enugu,2020-02-27
8571,employee_8571,engineering,291615,33,2,osun,2020-12-06
8572,employee_8572,HR,331306,28,0,abuja,2020-09-06
8573,employee_8573,sales,95586,26,5,akure,2020-02-10
8574,employee_8574,support,261088,40,3,akure,2021-01-24
8575,employee_8575,support,257413,27,1,osun,2021-03-02
8576,employee_8576,engineering,91606,24,3,kogi,2020-09-26
8577,employee_8577,sales,168656,39,0,ogun,2020-09-02
8578,employee_8578,sales,103125,54,2,lagos,2021-02-14
8579,employee_8579,engineering,194729,55,5,abia,2020-11-20
8580,employee_8580,finance,277896,23,0,kwara,2020-04-12
8581,employee_8581,engineering,314727,39,3,akure,2020-01-08
8582,employee_8582,HR,118078,22,3,enugu,2020-07-02
8583,employee_8583,sales,97612,42,3,kwara,2020-10-01
8584,employee_8584,marketing,169922,36,0,ogun,2020-10-17
8585,employee_8585,sales,261995,54,5,ibadan,2021-02-17
8586,employee_8586,HR,334692,55,1,ibadan,2021-03-07
8587,employee_8587,support,159547,22,0,kwara,2020-10-30
8588,employee_8588,finance,224460,21,5,kano,2021-01-09
8589,employee_8589,HR,344666,38,1,abuja,2020-06-04
8590,employee_8590,marketing,244640,38,1,abuja,2020-08-20
8591,employee_8591,support,69938,36,2,kano,2020-11-14
8592,employee_8592,sales,140237,33,4,lagos,2020-01-11
8593,employee_8593,sales,283711,32,4,ogun,2020-06-10
8594,employee_8594,finance,138683,39,2,kano,2020-07-30
8595,employee_8595,HR,97687,26,1,kano,2021-04-08
8596,employee_8596,sales,160127,38,1,abuja,2021-03-25
8597,employee_8597,sales,288715,57,3,lagos,2020-09-30
8598,employee_8598,finance,136822,29,0,akure,2021-05-06
8599,employee_8599,marketing,326693,55,2,ogun,2021-01-10
8600,employee_8600,finance,209303,31,5,enugu,2020-08-12
8601,employee_8601,engineering,231951,54,0,kogi,2020-08-26
8602,employee_8602,support,54682,53,0,ogun,2021-06-17
8603,employee_8603,HR,143344,54,0,akure,2020-11-29
8604,employee_8604,sales,143218,48,3,imo,2021-03-15
8605,employee_8605,support,320860,51,4,kwara,2021-04-20
8606,employee_8606,sales,68609,42,4,abuja,2020-05-18
8607,employee_8607,support,286779,57,3,kano,2021-05-27
8608,employee_8608,marketing,125703,37,3,katsina,2020-12-21
8609,employee_8609,marketing,230981,59,1,kano,2020-03-14
8610,employee_8610,engineering,341691,42,2,kogi,2020-11-26
8611,employee_8611,sales,253650,55,0,abuja,2021-05-24
8612,employee_8612,marketing,123356,59,5,kano,2021-03-08
8613,employee_8613,marketing,335018,60,4,akure,2020-03-25
8614,employee_8614,finance,231232,27,4,kogi,2020-12-06
8615,employee_8615,sales,342829,25,3,ogun,2020-04-24
8616,employee_8616,sales,129082,33,0,ibadan,2020-01-27
8617,employee_8617,finance,114502,42,1,akure,2020-11-07
8618,employee_8618,marketing,102309,33,3,lagos,2020-07-04
8619,employee_8619,sales,319530,58,5,ogun,2020-07-02
8620,employee_8620,engineering,58960,42,4,kano,2020-02-21
8621,employee_8621,marketing,176916,43,3,ibadan,2020-10-18
8622,employee_8622,engineering,326939,27,2,kogi,2020-12-17
8623,employee_8623,support,73828,51,5,abuja,2020-11-03
8624,employee_8624,engineering,245643,53,0,abia,2020-09-18
8625,employee_8625,sales,234302,50,1,abuja,2020-04-09
8626,employee_8626,marketing,284318,30,4,abia,2020-09-23
8627,employee_8627,HR,223866,60,3,osun,2020-02-18
8628,employee_8628,HR,246543,45,2,abuja,2020-03-12
8629,employee_8629,sales,312714,48,0,enugu,2021-05-21
8630,employee_8630,support,323232,40,0,katsina,2020-04-22
8631,employee_8631,support,65886,44,5,osun,2020-12-08
8632,employee_8632,support,177683,32,2,abia,2020-01-13
8633,employee_8633,marketing,238777,54,0,ibadan,2020-05-23
8634,employee_8634,sales,286712,30,3,osun,2021-03-01
8635,employee_8635,sales,343903,29,5,ibadan,2020-10-09
8636,employee_8636,sales,191105,45,4,kano,2020-11-30
8637,employee_8637,marketing,279472,47,4,kano,2020-09-13
8638,employee_8638,sales,220723,54,2,lagos,2020-08-02
8639,employee_8639,finance,124658,47,1,abuja,2020-06-23
8640,employee_8640,engineering,201408,21,3,kwara,2020-11-09
8641,employee_8641,finance,176109,51,0,lagos,2020-01-29
8642,employee_8642,HR,99090,41,1,osun,2020-04-02
8643,employee_8643,HR,80140,37,0,abia,2020-02-14
8644,employee_8644,sales,154802,49,3,katsina,2020-03-13
8645,employee_8645,finance,314246,47,4,lagos,2020-11-09
8646,employee_8646,finance,93043,36,1,osun,2020-08-04
8647,employee_8647,engineering,95599,36,3,abuja,2020-09-05
8648,employee_8648,finance,339284,36,0,kwara,2021-01-24
8649,employee_8649,support,176482,51,0,abuja,2020-06-06
8650,employee_8650,sales,310623,52,0,enugu,2020-10-01
8651,employee_8651,engineering,194995,29,4,kano,2020-09-22
8652,employee_8652,marketing,330433,36,0,ibadan,2020-10-07
8653,employee_8653,support,273950,55,1,ogun,2020-03-01
8654,employee_8654,finance,60146,26,4,lagos,2021-05-18
8655,employee_8655,marketing,196790,59,4,lagos,2020-01-15
8656,employee_8656,support,266629,43,4,akure,2020-08-17
8657,employee_8657,finance,295896,57,2,abia,2021-05-09
8658,employee_8658,sales,221346,25,1,osun,2021-03-23
8659,employee_8659,engineering,100192,34,0,katsina,2020-05-11
8660,employee_8660,engineering,65246,52,5,lagos,2020-08-18
8661,employee_8661,HR,197998,50,1,enugu,2020-04-29
8662,employee_8662,HR,117127,40,3,imo,2020-08-22
8663,employee_8663,marketing,212669,54,2,abuja,2020-10-27
8664,employee_8664,marketing,314285,48,4,katsina,2020-11-18
8665,employee_8665,engineering,126325,55,5,akure,2020-01-05
8666,employee_8666,engineering,187159,48,4,osun,2021-04-12
8667,employee_8667,sales,163742,43,1,ogun,2021-03-02
8668,employee_8668,support,320223,48,5,kogi,2021-03-17
8669,employee_8669,support,267743,25,3,ogun,2020-02-10
8670,employee_8670,HR,298274,50,2,abia,2020-03-20
8671,employee_8671,engineering,60578,49,5,kano,2020-09-19
8672,employee_8672,marketing,162267,41,0,imo,2021-03-01
8673,employee_8673,sales,52717,27,0,katsina,2021-05-20
8674,employee_8674,sales,224244,47,2,kwara,2021-03-17
8675,employee_8675,support,217795,58,5,ibadan,2021-02-14
8676,employee_8676,sales,159666,56,5,abia,2020-12-15
8677,employee_8677,HR,140975,27,4,enugu,2021-03-10
8678,employee_8678,sales,194357,44,4,lagos,2021-04-23
8679,employee_8679,engineering,82218,47,2,akure,2021-04-18
8680,employee_8680,support,78198,23,1,ibadan,2021-02-10
8681,employee_8681,HR,242224,45,3,kwara,2020-01-26
8682,employee_8682,finance,87905,25,5,osun,2020-11-06
8683,employee_8683,sales,128533,41,5,imo,2020-10-23
8684,employee_8684,marketing,282528,51,5,kogi,2020-05-01
8685,employee_8685,HR,277207,53,2,katsina,2020-03-15
8686,employee_8686,finance,51875,21,0,kano,2020-08-26
8687,employee_8687,sales,274342,51,1,kogi,2020-01-30
8688,employee_8688,finance,94571,49,0,katsina,2021-02-01
8689,employee_8689,finance,195072,42,4,abia,2020-07-01
8690,employee_8690,HR,272688,37,4,osun,2021-05-14
8691,employee_8691,support,332871,44,0,kano,2020-10-31
8692,employee_8692,sales,85845,31,5,akure,2020-12-20
8693,employee_8693,marketing,215946,47,4,kano,2020-09-09
8694,employee_8694,engineering,323141,35,0,abia,2020-10-01
8695,employee_8695,HR,246067,45,0,katsina,2021-01-03
8696,employee_8696,engineering,344646,34,3,imo,2020-07-27
8697,employee_8697,HR,104297,53,2,ogun,2021-06-23
8698,employee_8698,sales,61387,48,0,ogun,2020-12-02
8699,employee_8699,support,59103,38,4,akure,2020-11-10
8700,employee_8700,marketing,301319,40,1,osun,2020-02-10
8701,employee_8701,engineering,134914,24,4,abia,2020-04-19
8702,employee_8702,finance,80104,58,3,ibadan,2021-02-16
8703,employee_8703,sales,195039,32,2,osun,2020-10-17
8704,employee_8704,engineering,334644,31,3,akure,2020-10-29
8705,employee_8705,support,163826,23,3,abia,2020-04-23
8706,employee_8706,finance,93203,49,2,enugu,2020-04-18
8707,employee_8707,finance,291694,38,4,osun,2021-02-12
8708,employee_8708,support,188861,50,1,katsina,2021-03-20
8709,employee_8709,sales,93515,25,3,kogi,2020-03-14
8710,employee_8710,finance,308861,21,1,enugu,2020-09-22
8711,employee_8711,support,82609,37,4,kwara,2021-02-01
8712,employee_8712,engineering,101534,27,3,kano,2020-09-30
8713,employee_8713,sales,339015,60,0,ibadan,2021-03-03
8714,employee_8714,finance,175718,38,3,abuja,2020-06-25
8715,employee_8715,finance,68140,21,0,abia,2020-05-23
8716,employee_8716,engineering,131038,58,4,osun,2020-12-24
8717,employee_8717,finance,211544,54,0,imo,2021-04-16
8718,employee_8718,HR,262420,51,5,katsina,2020-03-13
8719,employee_8719,support,125174,57,1,ibadan,2020-02-13
8720,employee_8720,finance,288592,31,0,abuja,2021-04-25
8721,employee_8721,finance,244481,48,0,kano,2021-02-28
8722,employee_8722,sales,84981,40,0,kogi,2020-06-02
8723,employee_8723,engineering,251910,33,0,enugu,2021-01-24
8724,employee_8724,finance,339438,59,3,abuja,2020-09-15
8725,employee_8725,HR,278282,47,5,ogun,2020-02-09
8726,employee_8726,support,51250,57,4,kogi,2021-04-06
8727,employee_8727,marketing,50135,22,0,abuja,2020-09-05
8728,employee_8728,HR,70597,33,2,imo,2020-01-15
8729,employee_8729,HR,237443,51,2,abuja,2020-03-01
8730,employee_8730,support,343221,26,4,imo,2020-08-04
8731,employee_8731,marketing,76996,28,5,akure,2020-11-09
8732,employee_8732,engineering,216166,46,1,kogi,2020-12-01
8733,employee_8733,marketing,245927,27,4,enugu,2020-12-01
8734,employee_8734,HR,333879,57,2,ibadan,2021-04-05
8735,employee_8735,sales,54779,57,2,abuja,2020-12-11
8736,employee_8736,marketing,251370,35,0,osun,2021-01-12
8737,employee_8737,marketing,75825,36,2,enugu,2020-03-01
8738,employee_8738,sales,144646,31,2,kwara,2020-03-20
8739,employee_8739,HR,119827,58,5,ibadan,2020-07-09
8740,employee_8740,support,321938,51,1,enugu,2021-03-03
8741,employee_8741,finance,86342,28,5,ibadan,2020-02-05
8742,employee_8742,HR,72069,22,5,enugu,2020-07-11
8743,employee_8743,engineering,62540,45,5,akure,2020-06-17
8744,employee_8744,sales,301997,52,3,enugu,2021-03-14
8745,employee_8745,HR,110572,50,0,lagos,2020-10-23
8746,employee_8746,support,179254,37,5,abuja,2020-02-04
8747,employee_8747,support,258812,29,4,kogi,2020-09-14
8748,employee_8748,sales,143613,33,0,enugu,2021-01-28
8749,employee_8749,engineering,101633,37,3,abia,2021-06-14
8750,employee_8750,marketing,117596,40,2,kwara,2020-04-13
8751,employee_8751,finance,277413,38,1,kogi,2020-10-29
8752,employee_8752,HR,273667,60,2,akure,2020-04-21
8753,employee_8753,finance,109482,25,3,abuja,2020-09-07
8754,employee_8754,engineering,202551,53,4,enugu,2020-03-16
8755,employee_8755,support,349723,42,2,abuja,2020-09-27
8756,employee_8756,sales,144292,36,0,abia,2020-04-28
8757,employee_8757,support,164163,52,0,kwara,2020-07-15
8758,employee_8758,HR,294933,46,3,akure,2020-05-16
8759,employee_8759,support,265781,53,2,katsina,2020-01-15
8760,employee_8760,sales,204989,40,0,abuja,2020-10-07
8761,employee_8761,support,149681,46,3,ogun,2020-09-16
8762,employee_8762,finance,275123,57,0,kano,2020-10-07
8763,employee_8763,support,274766,46,3,imo,2020-10-12
8764,employee_8764,support,236228,23,1,osun,2021-04-14
8765,employee_8765,engineering,315444,57,1,katsina,2020-05-07
8766,employee_8766,marketing,186466,49,5,imo,2020-05-08
8767,employee_8767,HR,224315,31,5,ibadan,2021-06-21
8768,employee_8768,marketing,74420,51,5,abuja,2021-02-16
8769,employee_8769,HR,98657,40,1,osun,2020-03-05
8770,employee_8770,marketing,225130,25,3,kwara,2021-01-29
8771,employee_8771,HR,108540,30,2,katsina,2020-02-24
8772,employee_8772,support,323690,28,2,osun,2021-04-23
8773,employee_8773,support,148325,30,2,kwara,2020-07-11
8774,employee_8774,support,108688,60,0,akure,2020-09-22
8775,employee_8775,HR,255748,55,4,ibadan,2020-12-31
8776,employee_8776,sales,116833,58,4,kwara,2021-03-29
8777,employee_8777,HR,262349,22,3,abuja,2021-06-14
8778,employee_8778,sales,60983,59,3,akure,2020-05-18
8779,employee_8779,marketing,220086,25,5,imo,2020-07-20
8780,employee_8780,HR,59164,57,5,abia,2021-04-20
8781,employee_8781,engineering,175044,49,5,ogun,2020-08-04
8782,employee_8782,marketing,335439,38,4,akure,2021-06-12
8783,employee_8783,HR,184881,36,2,kwara,2020-10-30
8784,employee_8784,marketing,308520,32,5,abia,2021-05-10
8785,employee_8785,sales,97879,34,2,akure,2020-02-21
8786,employee_8786,marketing,198054,56,1,kano,2021-01-30
8787,employee_8787,engineering,256927,51,3,ibadan,2020-12-10
8788,employee_8788,sales,330383,51,4,ibadan,2021-02-11
8789,employee_8789,marketing,246317,49,3,enugu,2021-06-06
8790,employee_8790,support,257336,36,2,lagos,2020-12-27
8791,employee_8791,marketing,125398,60,0,osun,2021-04-24
8792,employee_8792,engineering,208171,48,4,katsina,2020-07-04
8793,employee_8793,HR,292635,34,5,imo,2021-01-03
8794,employee_8794,marketing,199272,52,0,ibadan,2021-01-01
8795,employee_8795,support,226769,36,5,ibadan,2020-02-02
8796,employee_8796,engineering,74853,57,4,kwara,2021-02-07
8797,employee_8797,support,267911,37,3,osun,2020-01-13
8798,employee_8798,sales,150469,51,0,abia,2021-03-30
8799,employee_8799,support,192462,33,2,kwara,2021-03-29
8800,employee_8800,finance,70701,22,5,kano,2021-06-08
8801,employee_8801,engineering,265865,41,2,osun,2020-02-04
8802,employee_8802,finance,142619,25,5,kogi,2021-06-09
8803,employee_8803,finance,93563,48,1,akure,2021-05-18
8804,employee_8804,sales,131494,21,4,osun,2021-04-18
8805,employee_8805,marketing,104960,53,4,katsina,2021-02-23
8806,employee_8806,engineering,276775,40,2,ogun,2021-02-05
8807,employee_8807,marketing,167754,59,4,imo,2020-05-15
8808,employee_8808,engineering,257047,26,0,osun,2020-12-13
8809,employee_8809,marketing,321249,31,2,kano,2021-03-27
8810,employee_8810,support,329166,25,5,lagos,2020-09-09
8811,employee_8811,engineering,78877,22,3,akure,2020-09-03
8812,employee_8812,sales,95911,39,1,kano,2021-04-28
8813,employee_8813,sales,74077,36,3,kano,2021-02-04
8814,employee_8814,finance,193790,35,1,kano,2021-04-11
8815,employee_8815,marketing,323617,42,2,enugu,2020-09-18
8816,employee_8816,support,117490,45,1,enugu,2021-04-14
8817,employee_8817,support,284870,34,0,ogun,2020-05-17
8818,employee_8818,HR,274502,23,1,abuja,2021-03-09
8819,employee_8819,finance,69538,53,3,akure,2020-12-19
8820,employee_8820,engineering,310586,35,4,osun,2020-05-16
8821,employee_8821,support,68900,41,0,ogun,2021-05-11
8822,employee_8822,support,294913,26,4,kwara,2021-04-12
8823,employee_8823,finance,184095,37,5,kano,2020-08-09
8824,employee_8824,engineering,320520,28,0,ibadan,2020-02-27
8825,employee_8825,support,303905,36,0,osun,2020-04-12
8826,employee_8826,support,281768,43,3,abia,2021-06-22
8827,employee_8827,HR,142001,46,3,lagos,2020-10-01
8828,employee_8828,finance,277949,58,4,enugu,2021-03-06
8829,employee_8829,HR,205019,54,3,akure,2020-09-14
8830,employee_8830,sales,119111,29,1,lagos,2020-07-15
8831,employee_8831,engineering,323242,42,4,katsina,2021-05-25
8832,employee_8832,engineering,238385,48,3,kogi,2021-06-10
8833,employee_8833,engineering,131957,22,1,ibadan,2021-03-30
8834,employee_8834,support,141707,36,1,abuja,2020-05-18
8835,employee_8835,HR,280001,56,0,kwara,2020-03-24
8836,employee_8836,engineering,343704,56,4,imo,2021-04-17
8837,employee_8837,support,82139,33,2,ibadan,2020-11-14
8838,employee_8838,marketing,70687,50,3,katsina,2021-05-28
8839,employee_8839,support,168617,39,2,katsina,2021-02-05
8840,employee_8840,finance,166340,41,4,kogi,2020-11-20
8841,employee_8841,support,258777,53,5,katsina,2020-01-15
8842,employee_8842,finance,73011,41,1,kogi,2021-06-04
8843,employee_8843,sales,265049,52,3,akure,2021-02-23
8844,employee_8844,finance,62386,46,0,lagos,2020-08-03
8845,employee_8845,engineering,178813,50,2,imo,2020-02-14
8846,employee_8846,support,65466,48,5,katsina,2020-05-21
8847,employee_8847,finance,193682,56,5,ibadan,2020-02-26
8848,employee_8848,HR,102374,35,5,katsina,2021-06-17
8849,employee_8849,HR,298347,50,2,kano,2020-10-01
8850,employee_8850,HR,326959,41,0,enugu,2021-05-21
8851,employee_8851,finance,274659,42,3,akure,2021-06-13
8852,employee_8852,support,182404,47,4,abia,2020-05-07
8853,employee_8853,marketing,93381,45,2,ibadan,2021-03-20
8854,employee_8854,HR,247719,53,5,lagos,2020-12-31
8855,employee_8855,HR,184351,41,3,imo,2020-12-12
8856,employee_8856,engineering,279952,23,3,ogun,2020-10-21
8857,employee_8857,marketing,240015,30,5,enugu,2021-01-22
8858,employee_8858,engineering,251904,43,2,katsina,2020-05-22
8859,employee_8859,support,145083,46,3,ibadan,2020-06-28
8860,employee_8860,sales,223730,25,4,ogun,2021-04-24
8861,employee_8861,sales,122725,27,5,abia,2020-05-13
8862,employee_8862,sales,267662,36,2,lagos,2020-11-23
8863,employee_8863,sales,51244,42,4,imo,2020-04-17
8864,employee_8864,support,299214,53,5,enugu,2021-02-22
8865,employee_8865,sales,161841,40,1,kwara,2020-08-18
8866,employee_8866,HR,123235,34,5,abia,2021-06-06
8867,employee_8867,HR,237047,48,1,enugu,2020-08-04
8868,employee_8868,sales,99154,26,4,abuja,2021-06-04
8869,employee_8869,support,130388,21,5,kogi,2020-01-03
8870,employee_8870,finance,235139,40,0,osun,2021-03-19
8871,employee_8871,support,316717,32,1,ogun,2020-03-04
8872,employee_8872,engineering,91387,34,2,kwara,2020-06-24
8873,employee_8873,sales,243123,42,0,kano,2021-03-27
8874,employee_8874,marketing,151010,38,4,abia,2020-03-13
8875,employee_8875,support,227391,51,0,ibadan,2021-02-13
8876,employee_8876,HR,299708,22,4,lagos,2020-07-19
8877,employee_8877,finance,232686,31,5,osun,2021-04-09
8878,employee_8878,engineering,261198,42,0,abuja,2021-04-20
8879,employee_8879,sales,128884,52,1,katsina,2021-06-24
8880,employee_8880,support,157188,31,4,abia,2021-05-01
8881,employee_8881,support,269195,60,0,abuja,2020-09-06
8882,employee_8882,engineering,324914,55,1,katsina,2021-01-25
8883,employee_8883,finance,340391,59,2,imo,2020-06-06
8884,employee_8884,sales,316991,36,4,abuja,2021-03-07
8885,employee_8885,finance,236553,35,3,kogi,2021-03-21
8886,employee_8886,engineering,184204,27,4,abia,2020-02-26
8887,employee_8887,engineering,175126,52,2,kano,2021-01-04
8888,employee_8888,marketing,311873,26,0,kogi,2021-05-23
8889,employee_8889,engineering,210063,29,1,abia,2021-04-03
8890,employee_8890,finance,206982,27,0,osun,2020-11-21
8891,employee_8891,marketing,286799,41,3,kwara,2020-12-08
8892,employee_8892,support,205880,30,0,kogi,2021-01-20
8893,employee_8893,sales,106810,32,2,osun,2020-10-04
8894,employee_8894,finance,172863,40,4,imo,2020-11-26
8895,employee_8895,finance,127145,22,5,imo,2021-03-11
8896,employee_8896,engineering,349700,52,4,ibadan,2021-06-04
8897,employee_8897,HR,325108,57,1,osun,2020-07-08
8898,employee_8898,support,209239,31,5,ogun,2021-06-11
8899,employee_8899,engineering,95645,29,5,katsina,2021-03-02
8900,employee_8900,HR,163643,55,1,kwara,2021-04-09
8901,employee_8901,sales,305938,55,5,enugu,2020-07-25
8902,employee_8902,engineering,168223,41,0,katsina,2020-12-22
8903,employee_8903,sales,185246,36,1,osun,2020-12-16
8904,employee_8904,engineering,149631,58,3,kwara,2021-06-06
8905,employee_8905,sales,168748,21,2,lagos,2021-04-18
8906,employee_8906,finance,104841,59,4,kwara,2021-06-01
8907,employee_8907,marketing,257867,46,1,abuja,2021-06-24
8908,employee_8908,HR,255248,51,2,kogi,2020-07-25
8909,employee_8909,HR,77166,36,2,osun,2020-10-04
8910,employee_8910,sales,292675,23,1,imo,2021-05-15
8911,employee_8911,sales,341565,21,5,kogi,2021-04-25
8912,employee_8912,engineering,187926,56,0,katsina,2020-07-31
8913,employee_8913,finance,149137,21,3,osun,2020-02-01
8914,employee_8914,HR,216043,43,3,ibadan,2020-03-19
8915,employee_8915,sales,286009,32,0,osun,2020-01-09
8916,employee_8916,sales,345359,28,1,kano,2020-04-15
8917,employee_8917,marketing,325168,22,1,ogun,2020-05-27
8918,employee_8918,sales,164051,25,0,abuja,2020-09-12
8919,employee_8919,marketing,342852,24,4,ogun,2021-02-22
8920,employee_8920,HR,247710,47,1,osun,2020-06-01
8921,employee_8921,HR,111464,57,0,ogun,2020-06-17
8922,employee_8922,HR,260558,47,3,akure,2021-01-17
8923,employee_8923,finance,166280,55,1,enugu,2020-07-31
8924,employee_8924,support,218511,51,4,imo,2021-06-03
8925,employee_8925,sales,174187,40,3,kwara,2020-09-01
8926,employee_8926,marketing,101230,56,2,imo,2020-05-21
8927,employee_8927,engineering,183807,50,4,imo,2020-11-17
8928,employee_8928,marketing,153510,56,3,osun,2020-08-05
8929,employee_8929,marketing,157999,23,1,imo,2021-01-12
8930,employee_8930,support,186869,50,5,kano,2021-06-13
8931,employee_8931,marketing,246311,60,5,ibadan,2020-05-21
8932,employee_8932,engineering,115128,38,5,akure,2021-06-10
8933,employee_8933,finance,247903,28,4,enugu,2021-06-06
8934,employee_8934,engineering,204000,56,5,abuja,2021-05-29
8935,employee_8935,marketing,55383,30,4,lagos,2020-04-09
8936,employee_8936,marketing,92117,55,0,ibadan,2020-02-06
8937,employee_8937,sales,121446,57,2,kwara,2020-07-28
8938,employee_8938,engineering,324863,25,0,lagos,2021-05-15
8939,employee_8939,support,63205,44,5,imo,2021-05-16
8940,employee_8940,HR,309744,51,1,katsina,2021-05-29
8941,employee_8941,sales,102114,38,0,osun,2021-02-08
8942,employee_8942,engineering,325879,39,1,imo,2020-07-03
8943,employee_8943,HR,65089,33,1,akure,2020-10-31
8944,employee_8944,finance,70095,55,0,katsina,2021-05-19
8945,employee_8945,HR,304363,51,3,abia,2020-09-09
8946,employee_8946,engineering,100315,41,0,imo,2020-09-11
8947,employee_8947,sales,256406,44,0,imo,2020-08-30
8948,employee_8948,engineering,276985,51,4,imo,2020-03-23
8949,employee_8949,HR,169257,56,2,katsina,2020-10-17
8950,employee_8950,support,257289,35,5,abuja,2021-06-18
8951,employee_8951,support,199827,49,3,abuja,2020-06-18
8952,employee_8952,finance,67303,45,5,kano,2020-07-27
8953,employee_8953,sales,315072,58,2,ogun,2020-10-28
8954,employee_8954,engineering,191631,52,5,enugu,2021-05-07
8955,employee_8955,marketing,180027,31,0,kwara,2020-05-15
8956,employee_8956,marketing,209702,27,4,ogun,2020-10-10
8957,employee_8957,sales,219776,56,5,ibadan,2021-05-20
8958,employee_8958,engineering,157607,46,5,kwara,2021-03-07
8959,employee_8959,finance,149851,47,4,abuja,2020-05-30
8960,employee_8960,marketing,85245,26,3,katsina,2020-03-18
8961,employee_8961,engineering,216743,31,5,abia,2020-03-22
8962,employee_8962,finance,266808,32,3,kwara,2020-07-31
8963,employee_8963,engineering,115854,35,2,kano,2020-06-17
8964,employee_8964,sales,183506,51,3,ogun,2021-02-28
8965,employee_8965,finance,76803,36,0,abuja,2021-06-22
8966,employee_8966,finance,59590,49,5,enugu,2020-07-12
8967,employee_8967,engineering,245707,42,5,osun,2021-05-19
8968,employee_8968,sales,110074,37,1,ogun,2021-03-19
8969,employee_8969,marketing,100224,49,0,akure,2020-03-28
8970,employee_8970,HR,79740,39,3,ibadan,2020-10-28
8971,employee_8971,finance,262364,29,3,ibadan,2020-03-10
8972,employee_8972,HR,304614,40,3,kogi,2020-08-24
8973,employee_8973,finance,277281,40,4,lagos,2020-12-30
8974,employee_8974,support,292104,41,1,lagos,2021-04-09
8975,employee_8975,HR,212437,56,5,kogi,2020-07-23
8976,employee_8976,engineering,85608,36,2,katsina,2020-08-14
8977,employee_8977,support,344116,26,1,kano,2020-01-12
8978,employee_8978,support,105829,48,0,enugu,2021-01-26
8979,employee_8979,HR,251744,42,0,kogi,2020-11-15
8980,employee_8980,support,64815,34,3,kwara,2020-10-31
8981,employee_8981,engineering,262207,58,3,kano,2020-06-10
8982,employee_8982,finance,292485,32,1,ogun,2020-03-10
8983,employee_8983,HR,106791,23,3,kano,2021-01-22
8984,employee_8984,finance,129031,52,1,akure,2020-03-06
8985,employee_8985,sales,70039,59,3,ibadan,2021-04-17
8986,employee_8986,sales,94142,46,2,katsina,2020-12-23
8987,employee_8987,finance,175516,37,3,osun,2020-11-10
8988,employee_8988,support,324012,21,2,enugu,2020-03-05
8989,employee_8989,marketing,95521,56,3,kwara,2020-03-24
8990,employee_8990,sales,290476,23,4,enugu,2021-02-06
8991,employee_8991,HR,147704,60,5,kano,2020-08-01
8992,employee_8992,sales,150538,29,1,akure,2020-04-28
8993,employee_8993,finance,131677,35,5,abia,2020-11-24
8994,employee_8994,finance,204566,36,1,ibadan,2020-01-12
8995,employee_8995,marketing,258895,36,1,kwara,2020-07-24
8996,employee_8996,engineering,277793,56,1,ogun,2021-01-26
8997,employee_8997,marketing,328085,32,3,imo,2020-01-03
8998,employee_8998,marketing,264328,44,0,abia,2020-06-15
8999,employee_8999,engineering,164971,48,0,kwara,2020-02-12
9000,employee_9000,sales,73692,56,1,ogun,2020-03-21
9001,employee_9001,support,299217,38,5,ogun,2020-05-20
9002,employee_9002,sales,185836,39,4,osun,2020-05-01
9003,employee_9003,sales,343194,56,1,ogun,2020-11-08
9004,employee_9004,marketing,203552,31,3,kano,2021-01-16
9005,employee_9005,support,60650,39,0,abuja,2020-11-27
9006,employee_9006,finance,260016,43,3,kogi,2020-04-13
9007,employee_9007,engineering,339805,31,4,kwara,2020-08-29
9008,employee_9008,finance,274677,57,0,osun,2020-01-01
9009,employee_9009,sales,230924,41,2,akure,2021-01-28
9010,employee_9010,support,154827,33,2,kano,2020-11-29
9011,employee_9011,HR,270670,25,2,osun,2020-07-09
9012,employee_9012,sales,319439,27,5,lagos,2020-11-20
9013,employee_9013,support,273408,29,2,lagos,2021-03-14
9014,employee_9014,sales,337269,23,1,ogun,2021-01-30
9015,employee_9015,engineering,138246,47,2,abuja,2021-01-26
9016,employee_9016,HR,216324,34,3,katsina,2020-05-15
9017,employee_9017,HR,203488,32,4,lagos,2020-01-19
9018,employee_9018,engineering,183516,52,3,imo,2021-02-13
9019,employee_9019,marketing,183684,41,4,imo,2020-06-09
9020,employee_9020,sales,314030,22,4,imo,2021-04-20
9021,employee_9021,HR,71561,57,0,osun,2020-11-30
9022,employee_9022,HR,162990,35,3,katsina,2020-04-28
9023,employee_9023,finance,225987,38,5,kogi,2020-03-28
9024,employee_9024,finance,144623,32,5,akure,2021-01-17
9025,employee_9025,finance,103537,58,5,kogi,2021-05-24
9026,employee_9026,finance,306861,52,3,abuja,2021-03-23
9027,employee_9027,finance,312290,24,2,kano,2020-04-28
9028,employee_9028,engineering,59745,21,3,kano,2020-05-06
9029,employee_9029,support,337697,32,1,imo,2021-01-12
9030,employee_9030,marketing,273229,34,3,katsina,2021-03-31
9031,employee_9031,marketing,156759,26,5,ibadan,2021-06-17
9032,employee_9032,marketing,81683,40,2,osun,2020-12-13
9033,employee_9033,HR,265409,45,3,ibadan,2021-01-10
9034,employee_9034,sales,80197,30,5,imo,2021-02-22
9035,employee_9035,support,112560,40,4,ogun,2020-01-11
9036,employee_9036,finance,72875,44,2,abuja,2020-06-04
9037,employee_9037,sales,166563,34,2,akure,2020-02-18
9038,employee_9038,support,240055,45,5,katsina,2021-01-04
9039,employee_9039,HR,327891,39,3,kogi,2020-06-25
9040,employee_9040,HR,255299,30,1,kwara,2021-06-09
9041,employee_9041,HR,247377,24,3,abuja,2020-08-24
9042,employee_9042,finance,297339,59,5,kogi,2021-02-22
9043,employee_9043,marketing,205632,36,2,kogi,2021-01-01
9044,employee_9044,support,103225,35,4,ibadan,2021-04-21
9045,employee_9045,finance,210137,35,2,osun,2021-01-30
9046,employee_9046,sales,291022,56,3,ogun,2020-08-20
9047,employee_9047,sales,85233,44,1,abia,2021-05-26
9048,employee_9048,HR,166722,24,5,abia,2020-02-22
9049,employee_9049,sales,122673,51,3,kano,2021-04-16
9050,employee_9050,engineering,83286,36,2,ogun,2021-02-13
9051,employee_9051,marketing,195252,52,5,abia,2020-03-09
9052,employee_9052,HR,277129,52,1,kogi,2020-12-08
9053,employee_9053,engineering,296575,34,1,abuja,2020-09-15
9054,employee_9054,engineering,299332,37,4,imo,2020-01-09
9055,employee_9055,engineering,273453,53,1,ogun,2020-06-15
9056,employee_9056,sales,125901,23,1,ogun,2020-04-20
9057,employee_9057,support,137906,35,0,osun,2020-01-13
9058,employee_9058,marketing,273492,28,1,lagos,2021-05-30
9059,employee_9059,marketing,230217,56,1,lagos,2021-01-27
9060,employee_9060,finance,256475,36,1,abia,2021-01-09
9061,employee_9061,HR,249914,54,2,abia,2020-07-22
9062,employee_9062,engineering,121202,37,0,abia,2021-03-18
9063,employee_9063,finance,307891,29,1,kogi,2020-10-27
9064,employee_9064,engineering,153931,22,5,kogi,2021-05-18
9065,employee_9065,finance,81420,60,5,osun,2020-04-08
9066,employee_9066,marketing,287101,42,2,akure,2020-11-13
9067,employee_9067,support,57793,39,3,kogi,2021-03-18
9068,employee_9068,HR,72860,43,5,kogi,2020-12-23
9069,employee_9069,HR,224578,32,3,katsina,2021-01-14
9070,employee_9070,marketing,77069,38,1,ibadan,2020-05-15
9071,employee_9071,engineering,293384,43,3,enugu,2021-02-07
9072,employee_9072,sales,88250,36,0,katsina,2020-01-18
9073,employee_9073,sales,53066,27,4,akure,2021-01-29
9074,employee_9074,sales,307959,33,0,imo,2020-10-12
9075,employee_9075,HR,124981,38,3,kwara,2020-07-21
9076,employee_9076,engineering,251262,57,5,kano,2020-01-24
9077,employee_9077,support,229819,44,2,ogun,2020-07-26
9078,employee_9078,marketing,87097,31,4,abia,2020-12-31
9079,employee_9079,support,334167,32,4,ibadan,2020-08-04
9080,employee_9080,marketing,69715,21,1,ibadan,2020-04-08
9081,employee_9081,support,138924,46,5,lagos,2020-08-01
9082,employee_9082,finance,211644,32,2,ogun,2021-01-02
9083,employee_9083,support,214394,53,0,abuja,2020-07-12
9084,employee_9084,HR,254397,38,2,enugu,2020-08-08
9085,employee_9085,marketing,338035,37,3,lagos,2021-04-26
9086,employee_9086,support,199606,54,5,kogi,2021-01-03
9087,employee_9087,HR,100489,32,5,ogun,2021-01-12
9088,employee_9088,finance,139781,49,4,osun,2020-07-22
9089,employee_9089,sales,256845,32,2,ibadan,2021-05-30
9090,employee_9090,support,52663,28,5,abia,2020-02-26
9091,employee_9091,HR,94232,50,5,ibadan,2021-05-29
9092,employee_9092,sales,65227,39,0,imo,2021-06-23
9093,employee_9093,support,293646,49,4,kogi,2020-09-08
9094,employee_9094,engineering,288799,53,0,kwara,2020-01-28
9095,employee_9095,sales,230174,58,3,katsina,2020-08-11
9096,employee_9096,support,327643,26,2,ogun,2020-09-01
9097,employee_9097,finance,286399,33,5,abia,2020-07-28
9098,employee_9098,finance,92872,26,2,akure,2020-05-31
9099,employee_9099,finance,96313,43,5,enugu,2021-04-01
9100,employee_9100,marketing,138455,42,4,ogun,2020-11-20
9101,employee_9101,HR,63278,57,1,kano,2021-03-22
9102,employee_9102,sales,241258,54,1,abia,2020-08-29
9103,employee_9103,support,313942,28,2,ibadan,2020-07-14
9104,employee_9104,HR,339858,59,2,akure,2021-04-06
9105,employee_9105,marketing,109702,54,5,lagos,2020-12-03
9106,employee_9106,HR,157365,51,5,imo,2020-11-18
9107,employee_9107,support,110173,31,1,kano,2021-01-09
9108,employee_9108,support,163735,42,5,kogi,2020-10-05
9109,employee_9109,sales,82083,21,2,kogi,2020-04-26
9110,employee_9110,finance,96555,23,2,kwara,2021-05-31
9111,employee_9111,sales,315532,58,3,akure,2021-03-24
9112,employee_9112,engineering,188188,47,4,ibadan,2021-05-18
9113,employee_9113,HR,314191,58,3,katsina,2020-01-02
9114,employee_9114,marketing,115273,29,5,ogun,2020-03-24
9115,employee_9115,marketing,277041,49,5,katsina,2021-05-09
9116,employee_9116,engineering,126098,45,1,enugu,2021-03-25
9117,employee_9117,HR,301748,33,0,imo,2020-04-15
9118,employee_9118,finance,66257,54,2,lagos,2021-05-23
9119,employee_9119,engineering,319277,42,0,enugu,2021-02-17
9120,employee_9120,sales,228250,26,5,ogun,2021-02-13
9121,employee_9121,engineering,66179,29,3,ogun,2021-03-27
9122,employee_9122,marketing,343415,53,2,katsina,2020-08-13
9123,employee_9123,support,277061,26,4,katsina,2021-06-10
9124,employee_9124,engineering,72841,51,4,abia,2020-05-26
9125,employee_9125,marketing,177361,47,3,osun,2021-03-03
9126,employee_9126,support,108594,29,5,lagos,2021-05-18
9127,employee_9127,marketing,239536,57,3,lagos,2020-07-17
9128,employee_9128,HR,104941,38,0,kwara,2020-03-27
9129,employee_9129,support,334015,39,1,imo,2021-04-26
9130,employee_9130,support,76705,27,3,abia,2020-10-17
9131,employee_9131,engineering,178052,60,3,kano,2020-07-09
9132,employee_9132,HR,195730,32,5,ogun,2020-04-03
9133,employee_9133,finance,207924,34,4,lagos,2020-01-19
9134,employee_9134,sales,117710,57,1,katsina,2021-03-07
9135,employee_9135,finance,282974,59,4,osun,2020-04-16
9136,employee_9136,finance,276904,56,2,kogi,2020-09-19
9137,employee_9137,marketing,146933,30,3,lagos,2020-09-14
9138,employee_9138,HR,107142,51,1,akure,2020-10-10
9139,employee_9139,support,69032,27,2,kwara,2021-03-19
9140,employee_9140,engineering,127692,49,0,katsina,2020-01-26
9141,employee_9141,finance,151818,47,1,kogi,2020-03-13
9142,employee_9142,sales,311180,26,5,katsina,2020-12-01
9143,employee_9143,HR,322334,58,4,lagos,2021-02-02
9144,employee_9144,support,234345,57,2,ogun,2021-02-04
9145,employee_9145,marketing,254401,30,4,kano,2020-11-04
9146,employee_9146,engineering,219783,56,5,lagos,2021-03-29
9147,employee_9147,HR,271333,43,3,abuja,2020-03-25
9148,employee_9148,marketing,287224,37,0,abia,2021-05-05
9149,employee_9149,support,186161,60,4,ogun,2020-03-15
9150,employee_9150,engineering,239549,43,1,osun,2020-01-30
9151,employee_9151,engineering,236003,57,4,enugu,2020-07-15
9152,employee_9152,sales,202320,35,2,abia,2020-01-29
9153,employee_9153,support,296088,23,5,abuja,2020-06-10
9154,employee_9154,marketing,246371,21,5,akure,2020-02-11
9155,employee_9155,marketing,270866,45,0,lagos,2020-04-19
9156,employee_9156,support,276631,44,0,ibadan,2020-07-19
9157,employee_9157,marketing,325702,24,2,lagos,2020-11-05
9158,employee_9158,finance,137451,26,4,akure,2020-04-29
9159,employee_9159,HR,78593,36,5,kogi,2020-05-29
9160,employee_9160,sales,225706,35,1,kogi,2020-12-06
9161,employee_9161,sales,202665,36,3,osun,2020-09-13
9162,employee_9162,support,143498,21,3,akure,2020-10-15
9163,employee_9163,HR,218733,43,1,katsina,2020-10-31
9164,employee_9164,support,347064,36,5,abia,2020-05-15
9165,employee_9165,finance,93062,41,5,kogi,2021-05-30
9166,employee_9166,marketing,70990,50,1,kwara,2020-12-07
9167,employee_9167,sales,53925,22,3,katsina,2020-11-27
9168,employee_9168,engineering,111971,56,0,ogun,2020-12-05
9169,employee_9169,engineering,54804,44,0,abia,2020-03-22
9170,employee_9170,marketing,156898,26,5,ibadan,2020-11-20
9171,employee_9171,engineering,213283,28,0,ogun,2021-01-09
9172,employee_9172,marketing,116880,29,4,kano,2020-11-16
9173,employee_9173,marketing,237985,50,5,enugu,2020-01-09
9174,employee_9174,HR,344948,56,5,lagos,2021-04-07
9175,employee_9175,support,111261,59,5,akure,2021-03-07
9176,employee_9176,engineering,230243,29,4,akure,2021-01-20
9177,employee_9177,HR,228574,41,5,kwara,2020-03-20
9178,employee_9178,support,177048,47,3,kogi,2020-03-27
9179,employee_9179,marketing,340886,23,0,osun,2021-04-13
9180,employee_9180,HR,194196,44,4,akure,2020-11-28
9181,employee_9181,HR,99430,29,1,abuja,2020-12-02
9182,employee_9182,finance,262444,33,0,ogun,2020-10-11
9183,employee_9183,support,187012,22,2,akure,2021-03-22
9184,employee_9184,marketing,187597,52,3,akure,2021-03-23
9185,employee_9185,HR,249623,60,0,ibadan,2020-06-28
9186,employee_9186,support,134913,58,1,enugu,2020-04-18
9187,employee_9187,engineering,251686,58,3,kogi,2021-04-02
9188,employee_9188,finance,226347,54,1,abuja,2020-03-22
9189,employee_9189,engineering,329166,27,1,katsina,2020-10-01
9190,employee_9190,marketing,179831,32,1,kogi,2020-10-25
9191,employee_9191,support,225316,26,5,abuja,2021-03-18
9192,employee_9192,finance,324329,26,3,abia,2021-03-17
9193,employee_9193,engineering,340105,24,3,osun,2020-10-17
9194,employee_9194,sales,265334,28,1,lagos,2020-07-25
9195,employee_9195,engineering,174239,43,3,kano,2020-06-29
9196,employee_9196,engineering,149444,42,0,kogi,2020-09-26
9197,employee_9197,sales,119873,22,5,ogun,2021-01-18
9198,employee_9198,marketing,295882,46,0,ogun,2020-03-11
9199,employee_9199,support,134026,26,1,abia,2020-08-15
9200,employee_9200,engineering,227696,50,5,abuja,2021-01-03
9201,employee_9201,engineering,239518,60,1,katsina,2021-05-05
9202,employee_9202,HR,242946,26,1,katsina,2021-03-19
9203,employee_9203,HR,286389,43,2,kogi,2020-06-05
9204,employee_9204,support,150738,53,2,enugu,2020-07-21
9205,employee_9205,engineering,117689,44,3,katsina,2020-08-16
9206,employee_9206,finance,69639,41,1,katsina,2020-01-09
9207,employee_9207,support,139592,47,2,osun,2020-06-03
9208,employee_9208,sales,260682,42,0,osun,2020-08-29
9209,employee_9209,sales,155254,23,0,abuja,2021-02-26
9210,employee_9210,HR,339568,55,0,enugu,2021-05-15
9211,employee_9211,HR,129766,21,0,lagos,2020-07-12
9212,employee_9212,HR,320275,35,0,abuja,2020-03-08
9213,employee_9213,engineering,148445,60,3,ibadan,2021-04-30
9214,employee_9214,HR,245214,48,5,imo,2020-10-22
9215,employee_9215,sales,205347,52,5,abuja,2020-09-09
9216,employee_9216,support,72485,50,1,lagos,2021-03-07
9217,employee_9217,engineering,53542,32,4,imo,2020-09-04
9218,employee_9218,finance,274941,21,3,ogun,2020-04-20
9219,employee_9219,sales,195029,56,1,abuja,2020-07-09
9220,employee_9220,HR,66470,46,4,abuja,2020-06-26
9221,employee_9221,finance,315976,51,4,abuja,2020-03-27
9222,employee_9222,support,81997,29,2,kano,2021-05-15
9223,employee_9223,engineering,273726,27,1,kano,2021-02-03
9224,employee_9224,engineering,269483,27,2,abia,2020-06-26
9225,employee_9225,finance,213852,56,3,ibadan,2020-03-24
9226,employee_9226,finance,226432,53,1,katsina,2020-03-05
9227,employee_9227,HR,331642,40,1,kwara,2021-04-22
9228,employee_9228,HR,170368,33,0,enugu,2021-04-01
9229,employee_9229,HR,294510,44,1,ibadan,2021-05-26
9230,employee_9230,finance,294159,38,3,ibadan,2020-01-12
9231,employee_9231,HR,151204,21,2,akure,2020-11-10
9232,employee_9232,support,92451,29,0,kano,2020-11-11
9233,employee_9233,HR,322785,34,2,imo,2020-09-17
9234,employee_9234,sales,85287,24,5,kogi,2020-01-14
9235,employee_9235,support,112262,38,0,katsina,2020-08-24
9236,employee_9236,sales,309891,48,4,abia,2020-04-24
9237,employee_9237,HR,166347,43,5,imo,2021-04-02
9238,employee_9238,marketing,105182,22,0,ogun,2020-07-11
9239,employee_9239,HR,101062,46,3,abia,2021-01-15
9240,employee_9240,support,54648,46,1,lagos,2021-05-17
9241,employee_9241,engineering,349381,54,3,enugu,2020-12-06
9242,employee_9242,engineering,205571,33,5,abuja,2021-02-15
9243,employee_9243,finance,313811,44,2,abia,2021-05-20
9244,employee_9244,support,282240,43,2,imo,2020-10-08
9245,employee_9245,marketing,113827,45,0,ogun,2021-03-24
9246,employee_9246,engineering,307496,31,5,abuja,2020-12-29
9247,employee_9247,sales,264402,33,4,kogi,2020-07-02
9248,employee_9248,sales,239186,38,5,osun,2020-07-23
9249,employee_9249,engineering,203615,24,5,kogi,2020-10-19
9250,employee_9250,marketing,284540,25,0,kano,2021-04-28
9251,employee_9251,support,50003,38,4,katsina,2021-01-26
9252,employee_9252,support,193072,27,0,enugu,2021-05-02
9253,employee_9253,support,185372,39,4,ibadan,2020-02-06
9254,employee_9254,engineering,176014,45,0,kogi,2020-02-11
9255,employee_9255,sales,216368,57,4,abuja,2020-04-12
9256,employee_9256,engineering,79681,22,0,imo,2020-05-27
9257,employee_9257,support,332443,34,5,enugu,2020-02-09
9258,employee_9258,HR,233101,47,1,lagos,2020-05-26
9259,employee_9259,support,330993,35,2,kogi,2020-05-11
9260,employee_9260,support,78488,40,1,abia,2021-06-01
9261,employee_9261,marketing,231535,24,0,akure,2020-10-08
9262,employee_9262,engineering,164695,25,3,akure,2021-06-22
9263,employee_9263,support,293321,28,1,lagos,2020-12-28
9264,employee_9264,engineering,107511,29,1,ogun,2020-07-28
9265,employee_9265,HR,303214,26,5,katsina,2020-06-04
9266,employee_9266,engineering,82045,40,3,kogi,2020-05-01
9267,employee_9267,HR,260155,36,0,abuja,2021-01-09
9268,employee_9268,sales,298943,27,5,enugu,2020-03-13
9269,employee_9269,sales,118049,47,3,kwara,2020-05-13
9270,employee_9270,engineering,192083,43,5,kogi,2021-04-22
9271,employee_9271,support,197472,49,2,lagos,2020-06-21
9272,employee_9272,sales,114252,43,4,kogi,2020-04-20
9273,employee_9273,marketing,247903,25,5,katsina,2020-11-08
9274,employee_9274,sales,85867,52,3,ogun,2020-04-05
9275,employee_9275,support,152173,49,4,kwara,2021-02-28
9276,employee_9276,sales,204574,37,4,imo,2020-12-31
9277,employee_9277,marketing,300947,34,3,kwara,2021-03-12
9278,employee_9278,support,138069,46,2,abia,2020-05-03
9279,employee_9279,engineering,300927,59,4,kogi,2020-07-18
9280,employee_9280,marketing,93104,25,3,osun,2020-06-25
9281,employee_9281,support,164299,55,4,kwara,2020-08-27
9282,employee_9282,finance,59338,32,5,ogun,2021-01-16
9283,employee_9283,marketing,252424,31,3,katsina,2020-01-30
9284,employee_9284,marketing,249421,59,1,enugu,2020-08-30
9285,employee_9285,HR,109746,21,5,imo,2021-06-22
9286,employee_9286,sales,174893,51,3,imo,2020-11-01
9287,employee_9287,HR,204023,40,1,imo,2020-11-22
9288,employee_9288,sales,206786,53,0,enugu,2021-05-29
9289,employee_9289,marketing,183507,24,3,kano,2021-03-24
9290,employee_9290,marketing,164949,23,2,enugu,2021-02-03
9291,employee_9291,finance,171862,56,4,enugu,2020-07-15
9292,employee_9292,HR,199338,45,1,kano,2020-10-18
9293,employee_9293,support,260850,38,2,kano,2021-04-10
9294,employee_9294,HR,139478,35,0,abia,2020-07-11
9295,employee_9295,engineering,194536,21,0,ogun,2020-12-08
9296,employee_9296,engineering,135378,60,2,kwara,2021-03-01
9297,employee_9297,marketing,149287,42,0,ibadan,2021-01-02
9298,employee_9298,HR,278351,39,0,katsina,2020-12-26
9299,employee_9299,HR,280200,23,1,ogun,2020-06-21
9300,employee_9300,engineering,154772,47,5,abia,2020-03-19
9301,employee_9301,HR,249788,29,3,katsina,2020-08-28
9302,employee_9302,marketing,194149,32,2,kwara,2020-03-25
9303,employee_9303,HR,81544,21,4,osun,2020-12-24
9304,employee_9304,finance,96155,35,2,kano,2021-02-27
9305,employee_9305,HR,134792,53,4,abia,2021-06-07
9306,employee_9306,engineering,59183,56,2,lagos,2020-02-05
9307,employee_9307,engineering,101263,59,3,kogi,2020-12-09
9308,employee_9308,sales,205568,28,0,imo,2021-01-07
9309,employee_9309,engineering,148594,27,4,enugu,2020-03-25
9310,employee_9310,engineering,111137,50,5,lagos,2021-05-14
9311,employee_9311,marketing,124115,30,1,kwara,2020-12-06
9312,employee_9312,finance,205545,52,3,ogun,2021-06-02
9313,employee_9313,finance,293309,45,3,akure,2020-02-03
9314,employee_9314,support,253535,33,2,ibadan,2021-04-23
9315,employee_9315,engineering,192511,39,2,kano,2021-05-21
9316,employee_9316,finance,77326,51,3,kogi,2020-10-14
9317,employee_9317,finance,200804,28,0,kogi,2020-05-04
9318,employee_9318,marketing,137071,23,4,imo,2020-11-15
9319,employee_9319,engineering,122581,30,1,lagos,2020-08-30
9320,employee_9320,support,333442,52,5,kogi,2021-04-07
9321,employee_9321,HR,330277,40,1,osun,2020-03-08
9322,employee_9322,marketing,211121,45,0,kano,2020-05-21
9323,employee_9323,HR,106908,53,1,ibadan,2021-01-08
9324,employee_9324,support,100722,39,5,lagos,2021-02-25
9325,employee_9325,finance,172958,39,0,kano,2020-07-04
9326,employee_9326,sales,252341,52,5,katsina,2020-04-18
9327,employee_9327,sales,287248,55,5,akure,2020-01-29
9328,employee_9328,finance,148866,52,2,ibadan,2020-09-01
9329,employee_9329,engineering,283643,44,2,kano,2020-08-17
9330,employee_9330,marketing,287863,30,4,lagos,2020-04-17
9331,employee_9331,support,343348,52,0,akure,2020-06-25
9332,employee_9332,marketing,183572,43,1,ogun,2020-04-04
9333,employee_9333,engineering,236863,54,3,lagos,2021-04-11
9334,employee_9334,marketing,91352,37,4,abia,2020-04-18
9335,employee_9335,support,148818,59,4,kano,2021-06-10
9336,employee_9336,engineering,53381,53,3,lagos,2020-11-06
9337,employee_9337,finance,102133,43,4,katsina,2021-06-24
9338,employee_9338,finance,77869,58,4,abuja,2021-06-19
9339,employee_9339,engineering,197067,58,3,abia,2021-03-01
9340,employee_9340,finance,240493,34,1,abia,2021-04-11
9341,employee_9341,engineering,216518,58,3,abia,2020-09-25
9342,employee_9342,HR,170260,33,2,katsina,2020-10-06
9343,employee_9343,engineering,115111,53,1,ogun,2021-01-06
9344,employee_9344,support,103761,38,4,kogi,2020-09-13
9345,employee_9345,engineering,124800,31,4,ibadan,2021-05-28
9346,employee_9346,HR,81027,30,5,kano,2020-01-09
9347,employee_9347,support,208635,54,3,kano,2021-06-22
9348,employee_9348,sales,211573,35,5,osun,2020-10-15
9349,employee_9349,HR,233596,56,3,kano,2020-04-30
9350,employee_9350,HR,113642,55,5,ibadan,2020-03-22
9351,employee_9351,support,343820,23,5,enugu,2020-04-29
9352,employee_9352,support,283345,56,0,osun,2021-02-06
9353,employee_9353,finance,322280,43,2,abuja,2021-05-19
9354,employee_9354,HR,143200,33,2,ogun,2020-06-10
9355,employee_9355,finance,115318,33,4,imo,2021-03-23
9356,employee_9356,engineering,280202,41,5,akure,2021-03-04
9357,employee_9357,finance,83934,50,1,ogun,2020-09-21
9358,employee_9358,HR,260282,30,5,lagos,2021-03-09
9359,employee_9359,engineering,349205,39,5,katsina,2020-09-26
9360,employee_9360,marketing,246395,31,0,imo,2020-12-31
9361,employee_9361,marketing,188460,50,5,abia,2020-01-01
9362,employee_9362,marketing,229881,39,5,abuja,2020-05-12
9363,employee_9363,finance,192909,52,4,kwara,2020-10-22
9364,employee_9364,HR,78343,22,5,imo,2020-12-11
9365,employee_9365,support,58522,50,5,imo,2020-07-15
9366,employee_9366,finance,150733,41,1,kano,2020-09-18
9367,employee_9367,finance,182049,60,1,osun,2020-12-14
9368,employee_9368,support,296153,59,3,kwara,2021-01-29
9369,employee_9369,support,109635,29,4,imo,2021-02-19
9370,employee_9370,engineering,79125,34,2,kano,2020-06-20
9371,employee_9371,support,137473,44,3,kano,2020-10-08
9372,employee_9372,sales,309539,51,2,abuja,2021-02-09
9373,employee_9373,sales,263743,35,0,katsina,2020-03-19
9374,employee_9374,sales,128438,28,0,kogi,2020-06-16
9375,employee_9375,support,209076,38,1,abuja,2021-03-01
9376,employee_9376,support,250655,25,5,enugu,2021-03-19
9377,employee_9377,engineering,51333,21,5,ibadan,2020-02-28
9378,employee_9378,support,329670,33,4,katsina,2021-03-19
9379,employee_9379,support,257203,47,3,kogi,2020-05-16
9380,employee_9380,sales,66500,53,4,akure,2020-12-03
9381,employee_9381,marketing,315179,33,5,enugu,2020-05-01
9382,employee_9382,engineering,158645,42,5,akure,2020-10-05
9383,employee_9383,finance,159226,52,3,ogun,2021-05-06
9384,employee_9384,HR,199875,28,3,ibadan,2020-01-11
9385,employee_9385,finance,310342,26,2,osun,2020-05-21
9386,employee_9386,marketing,108967,29,5,abuja,2020-09-10
9387,employee_9387,support,231659,53,4,enugu,2020-01-29
9388,employee_9388,finance,157971,30,0,kwara,2020-01-20
9389,employee_9389,support,189115,47,4,abia,2020-03-04
9390,employee_9390,engineering,313031,55,5,kogi,2020-11-29
9391,employee_9391,sales,301120,33,1,abia,2020-10-04
9392,employee_9392,support,244483,58,4,ogun,2020-09-13
9393,employee_9393,engineering,303014,27,5,enugu,2020-12-01
9394,employee_9394,support,140037,39,3,abia,2021-03-12
9395,employee_9395,marketing,172312,56,4,akure,2020-01-17
9396,employee_9396,HR,53784,21,2,kano,2020-12-14
9397,employee_9397,sales,195388,31,3,ogun,2020-06-13
9398,employee_9398,finance,227617,55,3,abuja,2020-07-11
9399,employee_9399,finance,290591,45,0,imo,2020-11-17
9400,employee_9400,finance,53533,21,0,kano,2021-05-27
9401,employee_9401,marketing,51335,26,2,katsina,2020-11-06
9402,employee_9402,engineering,330239,32,2,akure,2020-07-11
9403,employee_9403,marketing,321869,21,3,enugu,2021-05-06
9404,employee_9404,HR,132841,40,1,katsina,2020-01-13
9405,employee_9405,sales,346723,41,5,ibadan,2020-06-11
9406,employee_9406,HR,167565,27,0,imo,2020-03-29
9407,employee_9407,HR,214574,25,1,kwara,2020-08-12
9408,employee_9408,HR,299143,22,5,enugu,2020-03-01
9409,employee_9409,engineering,159895,24,1,kano,2020-10-11
9410,employee_9410,support,136821,50,4,abia,2020-08-06
9411,employee_9411,engineering,256915,46,1,abia,2020-05-25
9412,employee_9412,finance,94564,53,0,kwara,2020-03-31
9413,employee_9413,finance,303133,56,5,ibadan,2020-03-06
9414,employee_9414,finance,122247,36,2,kwara,2020-06-07
9415,employee_9415,support,312884,21,5,abia,2020-07-21
9416,employee_9416,engineering,118045,37,1,kwara,2021-04-27
9417,employee_9417,engineering,91752,49,3,osun,2020-07-29
9418,employee_9418,engineering,199516,22,1,enugu,2020-09-13
9419,employee_9419,marketing,92472,59,1,osun,2020-07-13
9420,employee_9420,HR,303163,31,4,enugu,2020-11-03
9421,employee_9421,finance,170164,43,2,lagos,2021-03-16
9422,employee_9422,HR,205969,29,5,lagos,2020-09-30
9423,employee_9423,support,307231,47,1,katsina,2020-01-09
9424,employee_9424,engineering,88818,31,0,akure,2020-05-06
9425,employee_9425,finance,188878,57,4,ibadan,2020-05-14
9426,employee_9426,sales,309367,56,4,akure,2021-03-30
9427,employee_9427,engineering,65598,28,1,enugu,2020-08-09
9428,employee_9428,marketing,301837,55,3,ibadan,2020-12-03
9429,employee_9429,engineering,259771,52,4,kwara,2021-01-11
9430,employee_9430,support,59899,44,5,abuja,2021-06-19
9431,employee_9431,engineering,281934,24,0,katsina,2020-03-22
9432,employee_9432,finance,65161,55,5,imo,2020-02-05
9433,employee_9433,sales,134954,49,1,osun,2021-04-30
9434,employee_9434,finance,88238,31,3,imo,2021-06-21
9435,employee_9435,HR,147441,31,1,ibadan,2020-07-04
9436,employee_9436,HR,137015,30,5,katsina,2020-02-06
9437,employee_9437,marketing,291495,24,5,abuja,2020-07-05
9438,employee_9438,sales,337877,29,0,katsina,2020-07-24
9439,employee_9439,finance,117186,33,3,ibadan,2020-08-17
9440,employee_9440,sales,127751,29,1,osun,2021-06-21
9441,employee_9441,HR,303377,24,0,kogi,2021-03-11
9442,employee_9442,HR,194499,33,4,enugu,2020-06-21
9443,employee_9443,finance,121198,32,3,osun,2020-07-12
9444,employee_9444,finance,273209,31,5,osun,2020-02-10
9445,employee_9445,sales,230176,30,1,enugu,2021-05-06
9446,employee_9446,finance,327471,53,4,enugu,2020-05-04
9447,employee_9447,finance,172430,46,2,katsina,2020-07-22
9448,employee_9448,finance,292762,59,3,lagos,2020-07-24
9449,employee_9449,HR,323503,55,2,abia,2020-02-19
9450,employee_9450,finance,201754,48,2,kogi,2020-12-15
9451,employee_9451,marketing,213643,55,5,katsina,2021-02-03
9452,employee_9452,support,300925,58,1,lagos,2020-10-28
9453,employee_9453,finance,261139,27,5,kano,2020-05-03
9454,employee_9454,engineering,298752,42,3,imo,2020-03-06
9455,employee_9455,support,341550,55,1,kogi,2021-03-12
9456,employee_9456,support,113216,51,0,abuja,2020-08-17
9457,employee_9457,sales,173037,43,1,lagos,2020-01-02
9458,employee_9458,finance,276470,43,5,kano,2020-06-10
9459,employee_9459,marketing,283507,54,1,kwara,2020-01-24
9460,employee_9460,sales,214883,35,2,imo,2020-10-04
9461,employee_9461,marketing,138305,52,0,imo,2021-01-24
9462,employee_9462,marketing,116331,25,1,katsina,2020-12-29
9463,employee_9463,engineering,250030,48,1,imo,2020-04-23
9464,employee_9464,marketing,188320,57,4,katsina,2020-10-19
9465,employee_9465,engineering,151435,40,2,enugu,2020-02-21
9466,employee_9466,marketing,103347,52,3,akure,2020-08-11
9467,employee_9467,finance,159618,35,3,ibadan,2021-05-01
9468,employee_9468,marketing,196173,41,2,imo,2020-08-16
9469,employee_9469,engineering,243868,30,5,enugu,2021-03-02
9470,employee_9470,engineering,176107,56,0,lagos,2021-01-17
9471,employee_9471,sales,174779,37,3,ibadan,2020-08-31
9472,employee_9472,marketing,130416,56,5,kwara,2020-05-20
9473,employee_9473,finance,348361,59,3,kwara,2021-01-09
9474,employee_9474,finance,234376,43,2,lagos,2020-11-13
9475,employee_9475,engineering,215039,56,3,ogun,2020-01-29
9476,employee_9476,finance,314822,24,3,lagos,2021-02-13
9477,employee_9477,sales,143943,38,5,ibadan,2020-08-20
9478,employee_9478,marketing,117350,33,0,kwara,2020-05-17
9479,employee_9479,engineering,222740,59,0,ibadan,2021-02-11
9480,employee_9480,marketing,205309,23,4,abia,2020-10-28
9481,employee_9481,engineering,185237,33,2,enugu,2020-09-30
9482,employee_9482,sales,304300,57,3,kwara,2020-06-03
9483,employee_9483,sales,317471,48,1,ibadan,2020-11-27
9484,employee_9484,marketing,151824,25,5,ibadan,2020-02-05
9485,employee_9485,marketing,111323,49,0,ibadan,2021-05-09
9486,employee_9486,HR,280856,23,1,imo,2020-07-21
9487,employee_9487,marketing,238666,38,5,osun,2020-09-05
9488,employee_9488,finance,155852,35,3,kano,2020-06-01
9489,employee_9489,marketing,275460,52,3,akure,2020-02-25
9490,employee_9490,sales,153570,51,5,abia,2020-08-09
9491,employee_9491,HR,229908,44,2,osun,2020-02-17
9492,employee_9492,finance,107416,55,2,akure,2021-06-03
9493,employee_9493,support,259219,31,1,osun,2020-03-19
9494,employee_9494,HR,253891,52,3,ibadan,2020-09-05
9495,employee_9495,finance,105070,38,3,enugu,2020-03-14
9496,employee_9496,sales,55442,25,3,ibadan,2020-11-26
9497,employee_9497,HR,303074,34,2,kano,2020-01-16
9498,employee_9498,engineering,167870,34,2,abia,2020-08-20
9499,employee_9499,support,251790,58,2,kogi,2020-10-22
9500,employee_9500,finance,347882,39,2,akure,2020-02-22
9501,employee_9501,engineering,207908,22,0,enugu,2021-04-07
9502,employee_9502,support,267663,50,2,kano,2020-02-02
9503,employee_9503,engineering,172478,40,4,osun,2020-09-28
9504,employee_9504,support,84485,28,2,kano,2020-06-13
9505,employee_9505,sales,203361,40,0,kwara,2020-09-13
9506,employee_9506,engineering,59534,55,3,enugu,2020-06-07
9507,employee_9507,finance,65322,34,0,akure,2020-09-15
9508,employee_9508,sales,239423,56,5,enugu,2021-06-22
9509,employee_9509,sales,204474,49,3,kwara,2020-11-16
9510,employee_9510,engineering,346090,36,5,kano,2021-03-21
9511,employee_9511,HR,147720,50,1,abuja,2020-04-24
9512,employee_9512,support,132187,59,4,kano,2021-06-15
9513,employee_9513,HR,316936,21,5,ibadan,2020-04-22
9514,employee_9514,sales,156850,50,3,abia,2021-03-28
9515,employee_9515,engineering,314836,48,1,kano,2020-12-30
9516,employee_9516,sales,310242,42,4,ibadan,2020-08-12
9517,employee_9517,engineering,307921,39,1,kogi,2020-06-06
9518,employee_9518,sales,101330,37,0,ogun,2021-05-17
9519,employee_9519,HR,126688,30,4,katsina,2020-01-20
9520,employee_9520,finance,319639,47,3,imo,2020-05-28
9521,employee_9521,marketing,313305,42,1,enugu,2020-09-10
9522,employee_9522,marketing,105742,40,4,abia,2021-02-14
9523,employee_9523,HR,175193,39,5,lagos,2020-06-10
9524,employee_9524,engineering,249032,37,5,kogi,2021-03-10
9525,employee_9525,support,286365,27,4,katsina,2020-10-09
9526,employee_9526,support,128568,59,4,kogi,2020-05-09
9527,employee_9527,finance,329076,29,4,ogun,2020-07-04
9528,employee_9528,HR,347761,37,1,kano,2020-06-15
9529,employee_9529,support,291923,27,0,akure,2020-05-11
9530,employee_9530,HR,231907,52,4,abuja,2020-10-18
9531,employee_9531,marketing,109387,56,0,kano,2020-02-07
9532,employee_9532,finance,197562,21,2,kwara,2020-05-13
9533,employee_9533,sales,84931,38,0,ibadan,2020-04-26
9534,employee_9534,support,340678,47,5,osun,2020-02-29
9535,employee_9535,finance,261891,36,4,lagos,2020-10-30
9536,employee_9536,engineering,59365,40,2,akure,2020-07-04
9537,employee_9537,finance,128173,47,2,ibadan,2021-02-03
9538,employee_9538,engineering,261490,52,4,kano,2021-02-22
9539,employee_9539,marketing,337080,53,1,katsina,2020-10-29
9540,employee_9540,support,246034,54,0,osun,2021-03-19
9541,employee_9541,support,265368,36,0,osun,2020-11-19
9542,employee_9542,support,260064,51,2,akure,2020-02-23
9543,employee_9543,support,155449,49,3,ogun,2020-11-06
9544,employee_9544,support,304206,53,4,abuja,2020-08-21
9545,employee_9545,HR,57703,21,3,ibadan,2021-03-21
9546,employee_9546,HR,321284,46,4,abuja,2020-05-05
9547,employee_9547,engineering,223681,21,3,ogun,2020-08-07
9548,employee_9548,finance,312547,51,3,kogi,2021-02-09
9549,employee_9549,HR,105629,48,0,ogun,2021-03-23
9550,employee_9550,finance,76871,44,1,enugu,2021-03-07
9551,employee_9551,sales,67591,37,0,akure,2020-04-27
9552,employee_9552,engineering,258978,26,1,imo,2020-12-09
9553,employee_9553,HR,82441,46,0,akure,2021-04-04
9554,employee_9554,marketing,167185,38,5,abuja,2020-06-30
9555,employee_9555,engineering,203689,53,5,kwara,2020-11-22
9556,employee_9556,engineering,191721,42,3,abia,2020-11-28
9557,employee_9557,sales,73784,43,3,imo,2020-02-03
9558,employee_9558,sales,176669,50,3,abuja,2020-05-02
9559,employee_9559,marketing,332788,32,5,ibadan,2020-06-15
9560,employee_9560,engineering,216920,28,1,akure,2020-08-29
9561,employee_9561,HR,122104,21,3,ogun,2020-04-25
9562,employee_9562,marketing,182271,27,3,katsina,2021-05-02
9563,employee_9563,support,104728,39,5,ibadan,2020-07-08
9564,employee_9564,engineering,201358,22,1,lagos,2020-06-22
9565,employee_9565,engineering,80688,29,5,abia,2021-05-28
9566,employee_9566,HR,186218,53,3,katsina,2021-01-16
9567,employee_9567,finance,281542,52,5,akure,2020-09-23
9568,employee_9568,HR,287846,32,4,abia,2020-11-22
9569,employee_9569,finance,83591,31,2,abia,2020-06-28
9570,employee_9570,engineering,92140,28,5,abia,2021-02-09
9571,employee_9571,marketing,280706,33,3,kogi,2021-01-14
9572,employee_9572,finance,51853,54,0,lagos,2020-10-12
9573,employee_9573,HR,318365,46,2,kano,2021-02-21
9574,employee_9574,marketing,199895,26,4,abia,2021-03-16
9575,employee_9575,support,64378,41,1,osun,2020-02-10
9576,employee_9576,engineering,50945,44,4,imo,2020-10-10
9577,employee_9577,marketing,98464,36,3,ogun,2020-12-19
9578,employee_9578,sales,216203,47,2,kogi,2021-02-09
9579,employee_9579,sales,175491,33,0,abia,2020-01-10
9580,employee_9580,HR,223962,37,1,enugu,2020-07-31
9581,employee_9581,engineering,255195,49,3,osun,2021-05-28
9582,employee_9582,sales,214472,28,5,ogun,2020-11-13
9583,employee_9583,support,258453,37,3,lagos,2021-02-08
9584,employee_9584,HR,215303,25,0,ibadan,2020-06-28
9585,employee_9585,marketing,77846,25,5,enugu,2020-10-20
9586,employee_9586,finance,209603,48,4,kogi,2021-02-16
9587,employee_9587,HR,272704,39,4,osun,2021-05-06
9588,employee_9588,HR,52852,27,1,katsina,2020-03-06
9589,employee_9589,support,347381,44,5,kogi,2021-02-01
9590,employee_9590,HR,258480,57,3,osun,2020-12-16
9591,employee_9591,finance,158046,45,0,kogi,2020-10-14
9592,employee_9592,marketing,256114,29,0,imo,2021-05-09
9593,employee_9593,sales,232273,53,4,kogi,2020-01-28
9594,employee_9594,support,337271,28,5,kano,2020-12-25
9595,employee_9595,engineering,93337,34,1,osun,2021-06-16
9596,employee_9596,marketing,311826,51,1,imo,2021-05-22
9597,employee_9597,engineering,189157,25,3,kwara,2020-11-11
9598,employee_9598,engineering,258652,25,2,enugu,2020-07-14
9599,employee_9599,sales,174671,43,3,abuja,2020-02-12
9600,employee_9600,sales,125101,55,1,imo,2021-01-30
9601,employee_9601,engineering,67847,46,2,abuja,2020-04-21
9602,employee_9602,sales,314448,21,5,katsina,2020-04-06
9603,employee_9603,finance,96306,36,5,enugu,2021-01-11
9604,employee_9604,support,127204,48,0,ogun,2020-06-07
9605,employee_9605,sales,187787,24,2,lagos,2021-03-25
9606,employee_9606,marketing,337206,31,5,lagos,2021-03-10
9607,employee_9607,HR,179112,27,2,ogun,2020-03-01
9608,employee_9608,sales,303069,60,1,kogi,2020-10-05
9609,employee_9609,HR,56123,49,0,kano,2020-03-17
9610,employee_9610,engineering,152844,54,3,abuja,2020-06-12
9611,employee_9611,sales,63386,54,1,osun,2021-04-14
9612,employee_9612,support,108061,42,1,imo,2020-11-04
9613,employee_9613,marketing,286770,27,1,ibadan,2020-02-06
9614,employee_9614,support,329292,33,4,enugu,2020-12-29
9615,employee_9615,support,289378,26,1,abia,2020-10-21
9616,employee_9616,marketing,246115,43,1,kano,2021-01-15
9617,employee_9617,sales,277644,41,0,imo,2020-02-11
9618,employee_9618,support,293615,38,2,osun,2020-04-10
9619,employee_9619,finance,132416,32,1,ogun,2020-10-13
9620,employee_9620,sales,94443,58,5,lagos,2020-12-15
9621,employee_9621,sales,182701,28,3,osun,2020-07-31
9622,employee_9622,support,143045,26,5,akure,2020-10-20
9623,employee_9623,finance,71885,58,4,enugu,2020-09-21
9624,employee_9624,engineering,319940,29,3,abuja,2021-06-05
9625,employee_9625,marketing,52912,42,1,kogi,2020-04-08
9626,employee_9626,finance,337667,54,3,abuja,2020-01-12
9627,employee_9627,sales,228325,45,1,akure,2020-03-19
9628,employee_9628,finance,256992,43,4,osun,2020-07-08
9629,employee_9629,support,256289,60,3,katsina,2020-03-18
9630,employee_9630,sales,300464,50,5,abuja,2021-06-18
9631,employee_9631,engineering,171992,22,5,kogi,2020-05-06
9632,employee_9632,HR,97126,32,3,kwara,2020-09-01
9633,employee_9633,finance,134181,34,5,imo,2020-04-22
9634,employee_9634,marketing,278565,48,5,lagos,2020-02-17
9635,employee_9635,finance,317224,52,5,ibadan,2020-11-10
9636,employee_9636,finance,177202,27,0,lagos,2020-06-07
9637,employee_9637,marketing,52747,34,3,kogi,2021-05-29
9638,employee_9638,finance,53122,51,2,abuja,2020-09-01
9639,employee_9639,marketing,281026,49,1,abuja,2021-05-08
9640,employee_9640,marketing,335142,49,4,abuja,2020-03-18
9641,employee_9641,engineering,163343,32,3,kwara,2020-12-26
9642,employee_9642,support,339060,32,0,lagos,2021-03-10
9643,employee_9643,HR,263717,26,1,kogi,2020-05-30
9644,employee_9644,finance,60633,53,5,osun,2020-06-22
9645,employee_9645,support,248880,22,1,imo,2021-02-15
9646,employee_9646,support,135145,39,4,ogun,2021-05-24
9647,employee_9647,HR,210288,58,2,kwara,2020-02-26
9648,employee_9648,sales,239446,34,0,kano,2020-02-18
9649,employee_9649,support,163214,34,0,ogun,2020-12-12
9650,employee_9650,finance,111749,35,4,imo,2020-07-24
9651,employee_9651,marketing,236031,22,1,enugu,2021-05-21
9652,employee_9652,engineering,149947,41,2,osun,2020-04-18
9653,employee_9653,finance,310246,41,0,ibadan,2020-01-14
9654,employee_9654,finance,183206,40,2,ogun,2020-07-30
9655,employee_9655,sales,257084,24,5,lagos,2021-02-24
9656,employee_9656,sales,289817,36,1,lagos,2021-02-01
9657,employee_9657,sales,241559,43,3,kano,2020-04-04
9658,employee_9658,HR,249470,27,1,enugu,2020-03-26
9659,employee_9659,sales,208574,22,1,kano,2020-10-01
9660,employee_9660,marketing,288096,33,2,enugu,2020-01-27
9661,employee_9661,engineering,69201,50,0,abuja,2021-03-16
9662,employee_9662,support,93973,49,2,abuja,2021-03-25
9663,employee_9663,marketing,272108,26,5,abia,2020-10-13
9664,employee_9664,marketing,279465,34,0,ibadan,2021-03-12
9665,employee_9665,engineering,111782,24,2,enugu,2021-01-08
9666,employee_9666,sales,241184,33,0,imo,2020-11-15
9667,employee_9667,support,173782,21,5,abuja,2021-04-25
9668,employee_9668,engineering,107027,23,3,akure,2021-05-30
9669,employee_9669,HR,327240,43,1,enugu,2021-04-13
9670,employee_9670,support,124963,55,1,kwara,2021-05-15
9671,employee_9671,finance,312972,44,2,abuja,2020-05-17
9672,employee_9672,support,135896,38,2,osun,2020-10-11
9673,employee_9673,marketing,315196,52,0,abia,2020-08-06
9674,employee_9674,finance,261911,49,2,ogun,2020-10-02
9675,employee_9675,marketing,198302,48,4,lagos,2020-07-22
9676,employee_9676,support,248209,36,3,kogi,2020-06-25
9677,employee_9677,engineering,240754,49,5,abia,2020-01-18
9678,employee_9678,finance,137511,49,4,enugu,2021-03-30
9679,employee_9679,engineering,83597,32,3,kwara,2020-03-12
9680,employee_9680,sales,111304,33,0,kogi,2021-05-29
9681,employee_9681,marketing,342549,27,1,osun,2020-02-17
9682,employee_9682,engineering,282399,53,2,akure,2021-03-09
9683,employee_9683,sales,223561,50,1,lagos,2020-01-22
9684,employee_9684,sales,95696,31,0,kwara,2020-03-12
9685,employee_9685,HR,179069,32,2,abuja,2020-06-03
9686,employee_9686,finance,199501,57,3,lagos,2020-04-07
9687,employee_9687,support,158370,36,2,kwara,2021-01-09
9688,employee_9688,support,149501,46,4,abuja,2020-02-28
9689,employee_9689,marketing,331294,52,3,kogi,2021-04-29
9690,employee_9690,finance,347504,47,3,abuja,2020-09-23
9691,employee_9691,sales,97726,30,2,imo,2020-02-12
9692,employee_9692,support,177455,51,0,imo,2020-02-09
9693,employee_9693,marketing,105756,26,0,kogi,2020-11-19
9694,employee_9694,HR,299506,51,2,ibadan,2021-03-05
9695,employee_9695,HR,342671,40,0,kogi,2020-04-17
9696,employee_9696,sales,157733,32,5,imo,2021-05-30
9697,employee_9697,HR,266868,52,3,akure,2021-05-23
9698,employee_9698,HR,332506,43,2,lagos,2021-04-20
9699,employee_9699,support,107982,40,4,abia,2020-03-22
9700,employee_9700,marketing,102635,48,1,abuja,2021-01-07
9701,employee_9701,HR,173919,54,5,kano,2020-08-18
9702,employee_9702,support,102729,40,0,abia,2020-01-05
9703,employee_9703,finance,254054,55,3,abuja,2020-12-24
9704,employee_9704,sales,97224,30,1,lagos,2021-03-11
9705,employee_9705,sales,285143,25,2,akure,2021-01-15
9706,employee_9706,sales,228289,21,2,ogun,2021-01-27
9707,employee_9707,sales,251215,44,2,lagos,2020-12-19
9708,employee_9708,sales,77484,42,5,enugu,2020-05-16
9709,employee_9709,HR,247976,39,3,ibadan,2020-09-05
9710,employee_9710,engineering,116483,57,0,enugu,2021-03-08
9711,employee_9711,sales,92270,40,5,abia,2021-03-23
9712,employee_9712,HR,154677,41,0,abuja,2021-06-08
9713,employee_9713,HR,138042,31,2,kwara,2020-11-13
9714,employee_9714,finance,330250,28,4,imo,2020-11-22
9715,employee_9715,support,144521,49,3,abuja,2020-03-18
9716,employee_9716,HR,89469,43,0,abia,2021-04-04
9717,employee_9717,sales,302865,53,4,kano,2020-08-31
9718,employee_9718,finance,238804,25,1,akure,2020-07-22
9719,employee_9719,HR,290562,43,4,kano,2020-08-15
9720,employee_9720,finance,91623,60,4,ibadan,2020-02-15
9721,employee_9721,HR,314158,24,4,imo,2021-04-30
9722,employee_9722,marketing,292728,53,2,abuja,2020-11-02
9723,employee_9723,support,240209,36,5,kwara,2020-11-16
9724,employee_9724,HR,319549,34,4,kogi,2021-01-23
9725,employee_9725,finance,292407,22,5,osun,2021-06-04
9726,employee_9726,sales,176106,47,3,osun,2020-09-17
9727,employee_9727,HR,148803,57,2,ogun,2020-12-16
9728,employee_9728,support,249701,38,1,kano,2020-08-21
9729,employee_9729,engineering,208100,39,4,lagos,2020-03-07
9730,employee_9730,sales,143900,29,2,kwara,2020-03-01
9731,employee_9731,HR,307098,29,3,kwara,2020-04-22
9732,employee_9732,marketing,263165,32,1,ogun,2021-02-22
9733,employee_9733,finance,349342,42,3,osun,2020-04-02
9734,employee_9734,sales,216026,51,4,ibadan,2020-02-06
9735,employee_9735,engineering,157314,45,3,kano,2020-06-02
9736,employee_9736,engineering,273515,34,1,kogi,2020-01-30
9737,employee_9737,sales,262488,23,1,enugu,2020-12-14
9738,employee_9738,marketing,197373,43,2,imo,2020-05-24
9739,employee_9739,finance,171627,36,5,abia,2021-05-26
9740,employee_9740,marketing,343993,22,2,imo,2020-09-09
9741,employee_9741,engineering,337248,26,3,osun,2020-11-16
9742,employee_9742,sales,337044,49,1,katsina,2020-01-24
9743,employee_9743,sales,200985,40,2,ogun,2021-05-28
9744,employee_9744,HR,74848,43,0,ogun,2020-05-19
9745,employee_9745,HR,65141,46,1,kwara,2021-03-24
9746,employee_9746,engineering,287077,55,0,akure,2020-07-10
9747,employee_9747,engineering,325595,28,3,osun,2021-04-25
9748,employee_9748,sales,225027,29,5,imo,2021-01-18
9749,employee_9749,support,283483,39,3,imo,2020-09-28
9750,employee_9750,engineering,238148,50,2,kwara,2020-01-14
9751,employee_9751,marketing,251060,45,1,abuja,2021-03-17
9752,employee_9752,support,200059,54,5,imo,2021-01-08
9753,employee_9753,marketing,169282,42,1,kogi,2020-05-04
9754,employee_9754,engineering,179056,55,3,ibadan,2021-04-06
9755,employee_9755,engineering,254679,37,2,akure,2021-02-13
9756,employee_9756,support,65116,30,0,lagos,2020-12-03
9757,employee_9757,HR,178191,28,3,ibadan,2020-01-12
9758,employee_9758,support,77114,50,4,abia,2021-01-30
9759,employee_9759,finance,319437,57,0,ibadan,2021-04-03
9760,employee_9760,sales,240931,26,4,lagos,2020-04-12
9761,employee_9761,sales,193809,57,4,ogun,2020-08-12
9762,employee_9762,marketing,148467,50,4,enugu,2021-05-30
9763,employee_9763,finance,298103,22,4,ibadan,2021-05-07
9764,employee_9764,engineering,279413,57,3,enugu,2020-02-28
9765,employee_9765,engineering,205405,30,2,ogun,2020-06-07
9766,employee_9766,sales,250673,60,2,osun,2020-11-27
9767,employee_9767,HR,202617,28,0,enugu,2020-10-15
9768,employee_9768,finance,167714,24,1,ogun,2020-06-25
9769,employee_9769,engineering,338801,28,5,ibadan,2020-02-01
9770,employee_9770,engineering,320439,38,0,kwara,2021-02-15
9771,employee_9771,support,208359,32,1,katsina,2021-01-12
9772,employee_9772,marketing,273967,22,2,katsina,2021-03-05
9773,employee_9773,support,133886,40,4,osun,2021-05-18
9774,employee_9774,finance,200183,53,1,osun,2020-10-23
9775,employee_9775,marketing,280733,28,1,kogi,2020-09-03
9776,employee_9776,finance,132737,47,3,kano,2020-09-30
9777,employee_9777,HR,300273,26,5,ibadan,2020-02-01
9778,employee_9778,marketing,148073,56,5,kogi,2021-02-13
9779,employee_9779,HR,98521,56,4,kano,2020-01-05
9780,employee_9780,engineering,219495,37,2,imo,2020-01-31
9781,employee_9781,engineering,206794,21,0,akure,2020-05-23
9782,employee_9782,support,221862,24,1,lagos,2020-02-21
9783,employee_9783,support,258866,37,3,ibadan,2020-04-12
9784,employee_9784,sales,180165,27,5,katsina,2020-12-16
9785,employee_9785,marketing,66686,59,4,ibadan,2020-12-17
9786,employee_9786,support,253434,51,5,kano,2021-01-24
9787,employee_9787,marketing,93500,25,5,abuja,2020-01-27
9788,employee_9788,finance,87857,37,2,abia,2020-03-20
9789,employee_9789,sales,209996,58,0,kogi,2020-09-25
9790,employee_9790,support,277926,33,2,abia,2020-03-27
9791,employee_9791,engineering,199976,21,0,osun,2020-02-22
9792,employee_9792,marketing,209244,56,2,katsina,2020-09-06
9793,employee_9793,engineering,163616,56,4,akure,2021-01-16
9794,employee_9794,sales,91981,50,5,osun,2020-11-07
9795,employee_9795,HR,265809,42,2,katsina,2020-05-20
9796,employee_9796,HR,128312,49,1,katsina,2021-04-13
9797,employee_9797,marketing,113325,54,0,kano,2020-12-16
9798,employee_9798,engineering,118733,30,3,kogi,2021-01-08
9799,employee_9799,HR,333034,31,3,ibadan,2020-04-15
9800,employee_9800,HR,112094,30,1,ibadan,2020-08-10
9801,employee_9801,engineering,187819,57,5,ogun,2021-01-26
9802,employee_9802,marketing,214009,48,5,ibadan,2020-10-15
9803,employee_9803,support,94564,33,1,kano,2020-02-28
9804,employee_9804,sales,87349,23,4,imo,2020-09-16
9805,employee_9805,HR,234717,45,2,kwara,2020-06-07
9806,employee_9806,marketing,197981,53,4,abia,2020-04-28
9807,employee_9807,finance,82117,48,5,abuja,2020-05-13
9808,employee_9808,marketing,131287,32,0,ibadan,2020-06-17
9809,employee_9809,sales,211062,54,2,abia,2021-04-17
9810,employee_9810,support,269397,37,0,enugu,2020-08-29
9811,employee_9811,engineering,192192,27,0,kwara,2021-06-23
9812,employee_9812,support,304204,55,1,ibadan,2021-02-18
9813,employee_9813,engineering,340213,53,2,akure,2020-07-06
9814,employee_9814,finance,177423,39,5,ogun,2020-11-18
9815,employee_9815,HR,205892,35,3,kwara,2020-01-06
9816,employee_9816,engineering,306025,24,4,katsina,2021-04-18
9817,employee_9817,marketing,296300,21,0,imo,2020-10-06
9818,employee_9818,support,54684,55,2,katsina,2020-07-03
9819,employee_9819,engineering,299629,43,3,akure,2020-03-12
9820,employee_9820,finance,261915,60,2,ibadan,2021-01-25
9821,employee_9821,engineering,310064,46,5,abia,2020-05-26
9822,employee_9822,HR,105139,39,2,enugu,2021-03-21
9823,employee_9823,engineering,108906,24,1,kano,2020-12-29
9824,employee_9824,engineering,204626,39,3,ibadan,2020-10-31
9825,employee_9825,engineering,168045,31,3,osun,2021-04-08
9826,employee_9826,support,82815,51,5,ogun,2020-08-28
9827,employee_9827,HR,332331,44,4,kogi,2020-10-06
9828,employee_9828,HR,305456,25,5,akure,2021-04-03
9829,employee_9829,engineering,107967,45,5,katsina,2020-10-28
9830,employee_9830,HR,255897,46,2,abuja,2020-03-22
9831,employee_9831,HR,115759,51,2,enugu,2020-07-29
9832,employee_9832,engineering,326733,51,2,lagos,2021-02-13
9833,employee_9833,HR,104212,43,1,ogun,2021-05-24
9834,employee_9834,HR,333778,26,4,akure,2020-12-10
9835,employee_9835,sales,345484,42,2,akure,2021-04-05
9836,employee_9836,support,101763,52,2,kano,2021-02-12
9837,employee_9837,engineering,192604,31,1,lagos,2021-03-26
9838,employee_9838,marketing,313209,32,3,katsina,2020-02-04
9839,employee_9839,sales,129616,30,5,lagos,2021-04-12
9840,employee_9840,engineering,237108,33,2,imo,2020-06-27
9841,employee_9841,engineering,131006,48,1,ibadan,2021-01-22
9842,employee_9842,engineering,306478,22,5,kwara,2020-12-02
9843,employee_9843,engineering,206030,26,1,abuja,2020-02-09
9844,employee_9844,HR,114092,41,2,katsina,2020-07-13
9845,employee_9845,engineering,247858,28,2,katsina,2020-02-11
9846,employee_9846,marketing,155920,24,1,imo,2020-06-13
9847,employee_9847,HR,280844,51,4,kogi,2020-11-08
9848,employee_9848,finance,156189,60,5,ogun,2020-04-04
9849,employee_9849,HR,53127,58,5,ogun,2020-05-09
9850,employee_9850,HR,285775,28,3,lagos,2020-08-12
9851,employee_9851,finance,197897,53,0,enugu,2020-03-13
9852,employee_9852,marketing,172913,28,4,kogi,2020-09-19
9853,employee_9853,engineering,301149,45,0,abuja,2020-11-22
9854,employee_9854,support,70964,22,2,imo,2020-08-12
9855,employee_9855,marketing,240412,32,4,kogi,2020-03-30
9856,employee_9856,finance,108323,34,1,abia,2021-05-10
9857,employee_9857,engineering,209414,36,4,abuja,2021-03-24
9858,employee_9858,marketing,340462,33,0,katsina,2020-05-12
9859,employee_9859,HR,104221,28,0,osun,2020-07-29
9860,employee_9860,marketing,297118,55,4,abuja,2020-07-04
9861,employee_9861,support,349968,44,3,akure,2021-02-03
9862,employee_9862,HR,241430,58,3,kano,2020-08-05
9863,employee_9863,support,87279,32,5,katsina,2021-03-08
9864,employee_9864,marketing,145865,60,3,ogun,2020-12-08
9865,employee_9865,sales,321031,55,3,ibadan,2021-05-13
9866,employee_9866,support,87931,39,5,osun,2020-09-17
9867,employee_9867,marketing,279389,38,3,osun,2020-06-17
9868,employee_9868,HR,290087,46,0,abuja,2021-05-24
9869,employee_9869,marketing,210324,36,2,katsina,2020-08-03
9870,employee_9870,sales,331654,21,2,kwara,2020-01-02
9871,employee_9871,sales,125285,59,5,katsina,2020-04-20
9872,employee_9872,support,127157,30,4,imo,2021-01-27
9873,employee_9873,marketing,161530,41,0,imo,2020-05-24
9874,employee_9874,engineering,183164,31,2,kogi,2020-09-06
9875,employee_9875,finance,208288,33,0,kano,2020-05-02
9876,employee_9876,support,271853,58,0,osun,2020-03-02
9877,employee_9877,sales,153041,58,5,imo,2021-02-03
9878,employee_9878,marketing,65480,46,5,ogun,2020-06-06
9879,employee_9879,marketing,291037,22,0,abia,2021-05-07
9880,employee_9880,sales,140802,42,4,osun,2021-02-21
9881,employee_9881,HR,106699,38,4,kano,2021-01-29
9882,employee_9882,engineering,198695,31,2,abuja,2020-10-22
9883,employee_9883,support,318191,47,5,enugu,2020-12-12
9884,employee_9884,sales,332991,34,3,katsina,2020-07-26
9885,employee_9885,HR,94626,59,5,ogun,2020-09-12
9886,employee_9886,HR,175771,55,1,imo,2020-11-02
9887,employee_9887,sales,251935,22,4,abia,2020-07-15
9888,employee_9888,sales,177613,29,4,kano,2020-03-01
9889,employee_9889,support,109946,41,2,abia,2020-02-20
9890,employee_9890,sales,311521,43,5,kano,2020-01-20
9891,employee_9891,engineering,326421,47,0,katsina,2020-05-27
9892,employee_9892,engineering,209819,40,5,kogi,2020-11-22
9893,employee_9893,finance,198082,59,4,kwara,2021-02-06
9894,employee_9894,marketing,67558,46,2,kano,2020-06-20
9895,employee_9895,sales,134476,24,2,katsina,2021-06-21
9896,employee_9896,support,90060,39,0,kano,2020-03-08
9897,employee_9897,finance,240717,42,3,kogi,2020-10-24
9898,employee_9898,finance,240339,51,5,enugu,2020-06-02
9899,employee_9899,engineering,51837,56,0,akure,2020-01-19
9900,employee_9900,support,320227,23,2,akure,2021-01-02
9901,employee_9901,finance,130188,53,2,kano,2020-08-06
9902,employee_9902,engineering,220577,55,4,osun,2021-06-17
9903,employee_9903,HR,119604,30,2,kano,2020-09-21
9904,employee_9904,marketing,281036,34,4,kogi,2021-03-05
9905,employee_9905,sales,83671,47,0,abuja,2020-02-02
9906,employee_9906,sales,212846,43,0,osun,2020-12-27
9907,employee_9907,finance,96621,44,3,osun,2021-01-01
9908,employee_9908,sales,83601,57,2,enugu,2020-07-08
9909,employee_9909,engineering,302867,54,4,ibadan,2020-01-06
9910,employee_9910,HR,246906,46,5,imo,2021-05-16
9911,employee_9911,support,261995,41,2,katsina,2021-06-20
9912,employee_9912,marketing,221718,33,4,lagos,2020-11-26
9913,employee_9913,HR,156212,37,1,kano,2021-01-19
9914,employee_9914,finance,314703,56,1,enugu,2021-02-22
9915,employee_9915,marketing,330009,28,2,lagos,2021-05-28
9916,employee_9916,finance,76368,24,1,imo,2020-02-24
9917,employee_9917,sales,284243,47,2,kwara,2020-05-22
9918,employee_9918,marketing,77602,50,5,kano,2021-05-26
9919,employee_9919,HR,245151,55,3,enugu,2020-11-01
9920,employee_9920,HR,320885,23,5,akure,2021-06-18
9921,employee_9921,marketing,277955,57,0,akure,2020-02-02
9922,employee_9922,HR,51976,57,0,ogun,2020-08-29
9923,employee_9923,sales,93344,31,4,katsina,2021-05-19
9924,employee_9924,marketing,70002,23,0,kano,2021-05-16
9925,employee_9925,HR,274809,35,3,ogun,2020-08-15
9926,employee_9926,finance,336497,58,2,ibadan,2020-04-03
9927,employee_9927,finance,175820,50,1,akure,2021-06-02
9928,employee_9928,finance,195289,27,4,kano,2020-05-17
9929,employee_9929,marketing,346885,30,4,ogun,2020-12-07
9930,employee_9930,support,66582,32,3,ibadan,2020-09-25
9931,employee_9931,engineering,266403,23,3,enugu,2021-06-19
9932,employee_9932,HR,292860,23,1,osun,2020-07-21
9933,employee_9933,marketing,252157,56,3,abia,2021-03-01
9934,employee_9934,sales,101338,32,1,katsina,2021-04-13
9935,employee_9935,HR,122755,31,0,katsina,2020-02-26
9936,employee_9936,sales,245542,22,5,ogun,2021-01-06
9937,employee_9937,support,299772,24,1,kogi,2021-03-12
9938,employee_9938,engineering,297470,57,0,kano,2021-06-19
9939,employee_9939,engineering,291632,56,0,kano,2020-03-22
9940,employee_9940,sales,63193,40,5,osun,2020-02-09
9941,employee_9941,engineering,344564,58,1,imo,2021-03-04
9942,employee_9942,finance,77513,23,1,osun,2020-03-08
9943,employee_9943,finance,249153,55,1,ibadan,2020-07-29
9944,employee_9944,finance,286202,27,5,abuja,2020-07-31
9945,employee_9945,finance,106847,33,4,akure,2020-05-30
9946,employee_9946,sales,186214,45,4,abuja,2021-03-08
9947,employee_9947,HR,52330,30,3,kwara,2021-05-30
9948,employee_9948,support,163120,49,0,akure,2021-05-08
9949,employee_9949,engineering,190483,22,3,osun,2020-06-22
9950,employee_9950,finance,309782,28,0,kano,2020-09-10
9951,employee_9951,finance,100791,50,1,akure,2020-12-03
9952,employee_9952,sales,131009,40,2,imo,2020-07-16
9953,employee_9953,sales,253587,33,0,abia,2020-07-26
9954,employee_9954,engineering,79427,55,2,ogun,2020-12-24
9955,employee_9955,sales,74499,40,4,osun,2020-03-28
9956,employee_9956,sales,257465,43,2,ogun,2020-11-05
9957,employee_9957,engineering,285644,51,3,akure,2020-05-22
9958,employee_9958,HR,103171,48,2,kwara,2021-03-05
9959,employee_9959,finance,291057,23,1,kogi,2020-01-29
9960,employee_9960,engineering,276036,56,0,ibadan,2021-05-01
9961,employee_9961,finance,154330,47,4,ogun,2020-10-21
9962,employee_9962,support,250207,56,0,akure,2020-10-21
9963,employee_9963,support,259316,35,2,abia,2020-10-07
9964,employee_9964,engineering,220637,36,0,akure,2020-07-14
9965,employee_9965,support,326653,48,1,enugu,2021-04-20
9966,employee_9966,HR,246394,34,5,osun,2020-06-14
9967,employee_9967,support,346067,25,5,ibadan,2021-03-21
9968,employee_9968,marketing,273073,54,2,abuja,2020-05-24
9969,employee_9969,sales,304797,35,4,lagos,2021-06-22
9970,employee_9970,support,275713,58,5,imo,2020-09-19
9971,employee_9971,support,170496,54,1,enugu,2020-09-14
9972,employee_9972,engineering,132092,44,5,akure,2020-06-25
9973,employee_9973,marketing,192232,23,5,lagos,2020-08-14
9974,employee_9974,support,238615,34,1,ibadan,2020-10-18
9975,employee_9975,finance,280008,47,4,kwara,2020-09-10
9976,employee_9976,HR,218277,26,3,kogi,2020-02-09
9977,employee_9977,sales,301324,33,4,kogi,2021-02-06
9978,employee_9978,sales,150369,50,4,kwara,2021-02-23
9979,employee_9979,support,335459,45,3,abuja,2021-04-12
9980,employee_9980,engineering,151237,32,0,osun,2020-05-28
9981,employee_9981,HR,147239,47,3,enugu,2020-06-26
9982,employee_9982,HR,301730,46,3,kano,2020-08-16
9983,employee_9983,HR,162429,31,4,ogun,2020-01-07
9984,employee_9984,sales,226839,48,4,abuja,2020-03-14
9985,employee_9985,marketing,235847,41,3,enugu,2020-10-15
9986,employee_9986,finance,281906,45,5,osun,2021-02-27
9987,employee_9987,engineering,69928,27,3,osun,2020-06-27
9988,employee_9988,engineering,62831,60,5,kwara,2020-09-03
9989,employee_9989,support,81397,59,1,ibadan,2020-12-31
9990,employee_9990,engineering,52204,40,4,kogi,2021-05-12
9991,employee_9991,support,76998,54,4,katsina,2021-03-21
9992,employee_9992,support,102036,46,1,kano,2020-06-17
9993,employee_9993,sales,78133,23,5,kano,2021-02-17
9994,employee_9994,engineering,276891,48,4,akure,2020-08-07
9995,employee_9995,finance,165743,32,4,akure,2020-03-03
9996,employee_9996,support,254145,37,3,lagos,2020-01-30
9997,employee_9997,engineering,243800,43,0,kogi,2021-03-22
9998,employee_9998,engineering,298615,32,4,osun,2021-01-31
9999,employee_9999,finance,319287,35,0,osun,2021-06-11
10000,employee_10000,HR,278617,47,5,ibadan,2020-04-05
