item_id,product,category,warehouse,stock,supplier,unitcost,lastrestocked
1,desk,furniture,WH-3,8,supplier-16,1080.18,2021-02-03
2,printer,electronics,WH-4,246,supplier-8,810.96,2020-12-25
3,chair,furniture,WH-3,33,supplier-15,143.14,2020-10-18
4,printer,electronics,WH-2,85,supplier-10,114.1,2020-10-02
5,flashdrives,electronics,WH-1,330,supplier-2,1363.98,2020-01-23
6,printer,electronics,WH-2,293,supplier-1,432.48,2020-02-27
7,scanner,electronics,WH-3,133,supplier-4,1307.73,2020-04-26
8,chair,furniture,WH-4,484,supplier-19,353.01,2020-02-28
9,desktops,electronics,WH-2,360,supplier-16,1393.41,2020-02-02
10,laptop,electronics,WH-4,160,supplier-17,641.01,2021-06-04
11,flashdrives,electronics,WH-2,107,supplier-8,1471.93,2021-05-12
12,flashdrives,electronics,WH-2,8,supplier-13,308.59,2020-01-27
13,chair,furniture,WH-4,299,supplier-14,940.39,2021-05-24
14,keyboard,electronics,WH-5,16,supplier-2,568.84,2020-09-02
15,desktops,electronics,WH-3,79,supplier-17,232.92,2021-03-12
16,monitor,electronics,WH-5,63,supplier-13,1302.59,2020-08-31
17,desktops,electronics,WH-5,436,supplier-17,961.83,2021-03-28
18,laptop,electronics,WH-3,67,supplier-16,603.31,2020-07-22
19,chair,furniture,WH-2,454,supplier-11,404.45,2021-06-13
20,desk,furniture,WH-4,435,supplier-19,150.96,2020-05-16
21,printer,electronics,WH-3,157,supplier-5,493.43,2020-11-24
22,printer,electronics,WH-5,299,supplier-5,1190.04,2021-06-17
23,printer,electronics,WH-2,102,supplier-18,1341.4,2021-02-14
24,printer,electronics,WH-4,191,supplier-18,222.23,2020-01-30
25,desktops,electronics,WH-2,135,supplier-4,539.49,2020-12-16
26,desktops,electronics,WH-2,299,supplier-7,591.97,2020-02-20
27,printer,electronics,WH-3,339,supplier-7,667.09,2021-06-08
28,keyboard,electronics,WH-5,52,supplier-11,859.01,2020-01-17
29,chair,furniture,WH-1,217,supplier-5,689.01,2021-01-16
30,scanner,electronics,WH-4,138,supplier-5,861.57,2021-01-15
31,chair,furniture,WH-5,297,supplier-12,978.14,2020-09-27
32,keyboard,electronics,WH-5,434,supplier-11,1362.54,2020-10-17
33,flashdrives,electronics,WH-4,414,supplier-15,250.55,2021-01-27
34,mouse,electronics,WH-5,322,supplier-4,1244.15,2020-07-17
35,desktops,electronics,WH-1,170,supplier-2,781.1,2020-09-12
36,monitor,electronics,WH-3,8,supplier-10,257.85,2021-06-20
37,printer,electronics,WH-2,322,supplier-18,1096.45,2021-05-31
38,monitor,electronics,WH-3,62,supplier-3,931.68,2020-07-27
39,printer,electronics,WH-5,100,supplier-15,1203.01,2021-01-05
40,desk,furniture,WH-2,262,supplier-18,527.71,2021-02-02
41,desktops,electronics,WH-3,123,supplier-3,1223.51,2020-08-30
42,printer,electronics,WH-3,333,supplier-14,985.95,2020-06-22
43,flashdrives,electronics,WH-2,242,supplier-15,805.59,2020-07-22
44,desk,furniture,WH-5,35,supplier-8,1207.68,2020-10-05
45,monitor,electronics,WH-3,67,supplier-1,382.69,2020-11-15
46,flashdrives,electronics,WH-2,374,supplier-20,686.88,2021-03-16
47,desktops,electronics,WH-3,465,supplier-17,384.05,2020-01-28
48,laptop,electronics,WH-1,192,supplier-2,951.36,2020-07-17
49,keyboard,electronics,WH-2,312,supplier-13,875.21,2020-08-02
50,mouse,electronics,WH-3,165,supplier-13,1048.86,2020-06-08
51,printer,electronics,WH-2,426,supplier-17,268.21,2021-01-02
52,mouse,electronics,WH-4,154,supplier-13,1090.55,2020-12-05
53,monitor,electronics,WH-1,44,supplier-20,1374.42,2020-11-01
54,scanner,electronics,WH-1,463,supplier-10,673.79,2021-04-07
55,printer,electronics,WH-1,184,supplier-6,1074.91,2021-02-26
56,desk,furniture,WH-2,280,supplier-17,479.58,2020-06-05
57,printer,electronics,WH-2,393,supplier-2,274.22,2020-04-01
58,desk,furniture,WH-4,99,supplier-18,1299.01,2020-11-07
59,chair,furniture,WH-4,231,supplier-16,1199.4,2020-09-08
60,flashdrives,electronics,WH-1,43,supplier-17,321.23,2021-06-24
61,scanner,electronics,WH-3,29,supplier-8,1037.84,2020-02-26
62,mouse,electronics,WH-1,102,supplier-10,925.39,2020-07-10
63,keyboard,electronics,WH-3,170,supplier-20,92.21,2021-02-19
64,mouse,electronics,WH-5,284,supplier-16,1285.36,2020-05-09
65,monitor,electronics,WH-3,334,supplier-8,1114.33,2020-08-17
66,monitor,electronics,WH-4,246,supplier-19,826.07,2020-06-24
67,desktops,electronics,WH-5,481,supplier-4,587.8,2020-03-24
68,keyboard,electronics,WH-4,418,supplier-17,1216.48,2020-04-22
69,desktops,electronics,WH-2,334,supplier-10,865.69,2020-07-16
70,keyboard,electronics,WH-5,381,supplier-7,247.97,2020-11-25
71,chair,furniture,WH-3,150,supplier-10,509.67,2021-03-04
72,flashdrives,electronics,WH-2,189,supplier-18,347.37,2020-09-13
73,mouse,electronics,WH-1,363,supplier-7,256.66,2021-03-22
74,chair,furniture,WH-5,281,supplier-15,1278.93,2021-03-09
75,desk,furniture,WH-1,63,supplier-8,12.94,2020-09-14
76,scanner,electronics,WH-3,148,supplier-4,1313.97,2020-11-10
77,desktops,electronics,WH-4,271,supplier-20,1396.62,2021-03-12
78,monitor,electronics,WH-4,432,supplier-13,599.51,2020-09-28
79,scanner,electronics,WH-5,303,supplier-2,590.76,2020-08-22
80,chair,furniture,WH-5,115,supplier-1,104.11,2020-04-13
81,laptop,electronics,WH-3,367,supplier-15,171.52,2020-11-06
82,monitor,electronics,WH-5,453,supplier-3,1066.56,2020-12-01
83,desk,furniture,WH-5,222,supplier-16,455.85,2020-10-16
84,chair,furniture,WH-3,265,supplier-13,1098.88,2020-04-05
85,desktops,electronics,WH-4,169,supplier-10,1031.57,2020-01-22
86,desk,furniture,WH-3,248,supplier-1,1068.56,2020-06-06
87,scanner,electronics,WH-3,284,supplier-12,238.9,2021-05-22
88,mouse,electronics,WH-2,6,supplier-12,1378.1,2021-04-26
89,desk,furniture,WH-1,429,supplier-18,987.09,2020-02-08
90,mouse,electronics,WH-3,339,supplier-12,194.99,2020-08-02
91,monitor,electronics,WH-3,462,supplier-4,262.78,2020-03-06
92,printer,electronics,WH-1,346,supplier-7,379.28,2021-05-11
93,chair,furniture,WH-3,455,supplier-16,1326.32,2020-10-31
94,desk,furniture,WH-4,494,supplier-8,1114.44,2021-02-28
95,laptop,electronics,WH-1,24,supplier-7,1169.17,2020-02-02
96,desk,furniture,WH-4,458,supplier-8,122.91,2021-05-01
97,chair,furniture,WH-1,351,supplier-5,1182.84,2020-02-20
98,scanner,electronics,WH-3,64,supplier-9,1266.37,2020-05-01
99,desk,furniture,WH-4,436,supplier-2,1129.84,2021-05-13
100,keyboard,electronics,WH-5,426,supplier-20,1253.88,2020-12-27
101,printer,electronics,WH-2,390,supplier-10,499.56,2020-12-21
102,desk,furniture,WH-5,422,supplier-8,450.63,2021-06-24
103,keyboard,electronics,WH-2,228,supplier-16,1304.74,2020-07-24
104,scanner,electronics,WH-5,128,supplier-8,307.98,2020-08-10
105,monitor,electronics,WH-4,74,supplier-9,1409.25,2021-06-04
106,flashdrives,electronics,WH-1,406,supplier-1,39.71,2020-04-11
107,flashdrives,electronics,WH-1,295,supplier-7,840.66,2021-02-20
108,mouse,electronics,WH-3,237,supplier-7,1422.24,2020-07-05
109,keyboard,electronics,WH-1,342,supplier-13,1116.51,2020-07-23
110,monitor,electronics,WH-5,312,supplier-12,992.95,2020-10-14
111,mouse,electronics,WH-1,120,supplier-9,1081.2,2020-12-30
112,printer,electronics,WH-3,28,supplier-4,402.27,2020-12-11
113,monitor,electronics,WH-1,346,supplier-16,998.2,2020-08-11
114,laptop,electronics,WH-1,89,supplier-5,1257.93,2020-01-04
115,laptop,electronics,WH-4,225,supplier-8,724.47,2021-03-19
116,printer,electronics,WH-3,188,supplier-2,1141.78,2020-11-09
117,desk,furniture,WH-2,88,supplier-1,1143.28,2020-07-16
118,desk,furniture,WH-5,307,supplier-19,508.97,2020-12-21
119,monitor,electronics,WH-5,22,supplier-6,916.45,2020-04-16
120,keyboard,electronics,WH-1,66,supplier-17,1289.52,2020-06-13
121,mouse,electronics,WH-2,88,supplier-13,418.51,2020-01-08
122,mouse,electronics,WH-1,201,supplier-14,217.95,2020-06-03
123,chair,furniture,WH-5,331,supplier-8,1067.37,2020-04-05
124,printer,electronics,WH-3,181,supplier-2,707.89,2021-03-11
125,mouse,electronics,WH-2,347,supplier-2,799.94,2021-06-09
126,printer,electronics,WH-1,344,supplier-2,181.83,2021-04-02
127,desk,furniture,WH-5,87,supplier-2,1045.42,2020-02-15
128,chair,furniture,WH-2,460,supplier-15,1366.43,2020-01-02
129,flashdrives,electronics,WH-1,418,supplier-17,1210.64,2020-05-25
130,printer,electronics,WH-5,147,supplier-14,304.55,2021-03-14
131,scanner,electronics,WH-4,293,supplier-13,284.53,2020-10-22
132,monitor,electronics,WH-3,56,supplier-8,404.15,2020-05-28
133,printer,electronics,WH-3,149,supplier-19,538.56,2021-01-14
134,keyboard,electronics,WH-5,426,supplier-20,1196.77,2020-04-03
135,desk,furniture,WH-4,69,supplier-5,1321.06,2020-09-08
136,scanner,electronics,WH-1,91,supplier-18,692.95,2021-01-04
137,chair,furniture,WH-2,217,supplier-8,1198.77,2021-04-12
138,printer,electronics,WH-5,291,supplier-11,338.33,2020-10-03
139,desk,furniture,WH-4,282,supplier-19,1197.12,2021-05-20
140,desk,furniture,WH-1,444,supplier-7,615.95,2021-04-13
141,monitor,electronics,WH-4,392,supplier-19,1068.99,2020-12-11
142,scanner,electronics,WH-1,322,supplier-7,489.3,2021-06-10
143,chair,furniture,WH-3,367,supplier-5,928.31,2020-03-20
144,keyboard,electronics,WH-5,365,supplier-7,35.35,2020-07-21
145,mouse,electronics,WH-1,347,supplier-8,59.01,2020-04-04
146,keyboard,electronics,WH-1,405,supplier-12,552.52,2020-02-15
147,laptop,electronics,WH-1,242,supplier-19,1298.17,2020-05-21
148,printer,electronics,WH-4,211,supplier-9,123.94,2021-05-04
149,scanner,electronics,WH-2,308,supplier-9,1071.7,2020-02-02
150,desk,furniture,WH-3,326,supplier-2,595.54,2020-12-01
151,desktops,electronics,WH-1,452,supplier-13,1230.68,2020-09-30
152,monitor,electronics,WH-3,326,supplier-19,1305.55,2021-01-05
153,flashdrives,electronics,WH-4,305,supplier-12,779.5,2020-06-19
154,monitor,electronics,WH-2,422,supplier-10,710.49,2020-03-11
155,mouse,electronics,WH-3,223,supplier-5,950.08,2021-04-02
156,chair,furniture,WH-2,425,supplier-1,823.47,2020-02-21
157,chair,furniture,WH-5,413,supplier-10,824.8,2020-07-20
158,printer,electronics,WH-3,98,supplier-18,126.98,2021-02-08
159,desk,furniture,WH-4,44,supplier-6,835.46,2020-04-17
160,desk,furniture,WH-3,62,supplier-8,284.06,2020-01-28
161,flashdrives,electronics,WH-4,104,supplier-11,819.85,2021-04-12
162,flashdrives,electronics,WH-2,426,supplier-3,222.51,2020-12-02
163,flashdrives,electronics,WH-1,488,supplier-14,30.83,2020-08-27
164,flashdrives,electronics,WH-5,481,supplier-18,1222.76,2020-01-28
165,printer,electronics,WH-2,51,supplier-11,1490.21,2021-01-15
166,chair,furniture,WH-3,57,supplier-20,282.24,2020-03-24
167,printer,electronics,WH-2,406,supplier-9,941.31,2020-03-27
168,flashdrives,electronics,WH-1,304,supplier-18,1261.46,2021-06-23
169,chair,furniture,WH-3,285,supplier-5,1406.25,2021-04-01
170,monitor,electronics,WH-3,351,supplier-14,276.9,2020-06-26
171,desk,furniture,WH-1,16,supplier-1,280.71,2020-02-02
172,monitor,electronics,WH-1,353,supplier-10,1134.62,2020-06-10
173,printer,electronics,WH-1,29,supplier-4,1015.45,2020-03-30
174,laptop,electronics,WH-5,386,supplier-1,1160.11,2021-01-08
175,monitor,electronics,WH-4,24,supplier-19,769.07,2021-01-25
176,mouse,electronics,WH-4,65,supplier-20,276.68,2021-06-12
177,monitor,electronics,WH-2,67,supplier-19,1475.0,2020-09-12
178,chair,furniture,WH-3,215,supplier-3,266.25,2020-01-25
179,chair,furniture,WH-1,231,supplier-7,118.41,2021-05-15
180,mouse,electronics,WH-4,165,supplier-15,601.3,2021-06-11
181,monitor,electronics,WH-4,309,supplier-13,747.69,2021-01-25
182,desk,furniture,WH-2,359,supplier-15,598.31,2021-04-06
183,monitor,electronics,WH-2,446,supplier-11,1446.87,2021-04-21
184,keyboard,electronics,WH-3,15,supplier-3,794.13,2020-03-09
185,printer,electronics,WH-5,363,supplier-20,158.25,2020-12-11
186,desk,furniture,WH-5,397,supplier-17,578.47,2020-04-25
187,printer,electronics,WH-3,189,supplier-7,480.85,2020-03-18
188,monitor,electronics,WH-3,346,supplier-19,254.19,2020-03-02
189,chair,furniture,WH-4,212,supplier-16,894.9,2021-06-18
190,flashdrives,electronics,WH-5,450,supplier-14,766.91,2020-05-16
191,chair,furniture,WH-3,383,supplier-18,1183.97,2021-02-01
192,desk,furniture,WH-2,100,supplier-10,406.96,2021-02-08
193,keyboard,electronics,WH-2,235,supplier-18,711.87,2020-03-25
194,desktops,electronics,WH-4,3,supplier-12,720.96,2021-06-21
195,mouse,electronics,WH-1,296,supplier-3,319.21,2020-07-22
196,scanner,electronics,WH-2,299,supplier-14,635.59,2020-08-04
197,mouse,electronics,WH-2,59,supplier-17,963.09,2020-11-27
198,mouse,electronics,WH-5,77,supplier-3,1114.01,2021-02-17
199,scanner,electronics,WH-2,24,supplier-1,86.54,2020-01-02
200,flashdrives,electronics,WH-5,228,supplier-18,577.03,2021-03-27
201,keyboard,electronics,WH-5,409,supplier-1,919.29,2021-01-12
202,chair,furniture,WH-5,350,supplier-4,1168.53,2020-01-22
203,mouse,electronics,WH-1,121,supplier-12,379.75,2020-03-04
204,scanner,electronics,WH-5,132,supplier-16,620.33,2021-05-25
205,monitor,electronics,WH-5,246,supplier-4,1284.24,2021-02-18
206,scanner,electronics,WH-4,317,supplier-20,23.4,2021-05-19
207,scanner,electronics,WH-2,359,supplier-5,374.73,2021-01-04
208,laptop,electronics,WH-2,291,supplier-4,299.14,2020-08-18
209,laptop,electronics,WH-2,408,supplier-7,872.14,2020-03-11
210,scanner,electronics,WH-5,219,supplier-15,360.42,2020-08-07
211,mouse,electronics,WH-1,206,supplier-1,29.25,2021-02-10
212,keyboard,electronics,WH-1,185,supplier-19,1490.52,2020-10-04
213,desktops,electronics,WH-1,164,supplier-17,658.21,2020-04-18
214,flashdrives,electronics,WH-3,193,supplier-8,863.94,2020-07-24
215,desktops,electronics,WH-4,174,supplier-4,592.28,2020-09-19
216,desktops,electronics,WH-4,295,supplier-4,250.43,2020-02-22
217,desk,furniture,WH-3,480,supplier-18,275.81,2020-07-03
218,mouse,electronics,WH-1,478,supplier-8,535.41,2020-05-05
219,desk,furniture,WH-1,99,supplier-13,1246.82,2020-12-20
220,chair,furniture,WH-1,474,supplier-11,1145.98,2020-10-23
221,desktops,electronics,WH-2,352,supplier-20,257.9,2021-06-19
222,scanner,electronics,WH-4,281,supplier-7,519.96,2020-04-17
223,desk,furniture,WH-5,115,supplier-20,1014.1,2020-09-04
224,monitor,electronics,WH-4,51,supplier-11,852.46,2021-04-15
225,keyboard,electronics,WH-4,216,supplier-16,114.64,2020-05-19
226,printer,electronics,WH-4,78,supplier-13,1312.33,2020-12-30
227,chair,furniture,WH-5,443,supplier-4,585.4,2021-04-16
228,scanner,electronics,WH-3,409,supplier-17,42.68,2021-05-29
229,keyboard,electronics,WH-3,23,supplier-5,1034.06,2020-04-13
230,laptop,electronics,WH-1,466,supplier-19,1156.52,2020-06-28
231,monitor,electronics,WH-4,24,supplier-5,1348.65,2021-02-04
232,flashdrives,electronics,WH-1,444,supplier-20,1482.5,2020-04-28
233,printer,electronics,WH-4,86,supplier-13,517.04,2020-04-08
234,monitor,electronics,WH-4,176,supplier-6,1106.13,2020-08-01
235,flashdrives,electronics,WH-3,104,supplier-11,647.06,2020-09-16
236,laptop,electronics,WH-1,206,supplier-12,1062.16,2021-01-24
237,mouse,electronics,WH-3,424,supplier-17,383.05,2020-08-23
238,printer,electronics,WH-5,418,supplier-4,467.64,2020-03-05
239,desktops,electronics,WH-5,325,supplier-5,448.5,2021-03-22
240,chair,furniture,WH-3,353,supplier-18,61.95,2021-02-02
241,desk,furniture,WH-2,85,supplier-16,748.53,2020-06-07
242,mouse,electronics,WH-1,84,supplier-2,976.14,2020-11-07
243,monitor,electronics,WH-2,400,supplier-3,92.85,2021-03-19
244,flashdrives,electronics,WH-1,441,supplier-4,1169.88,2020-04-17
245,desk,furniture,WH-3,189,supplier-9,442.9,2020-04-06
246,keyboard,electronics,WH-3,36,supplier-15,329.98,2021-06-13
247,scanner,electronics,WH-1,330,supplier-16,568.16,2020-07-10
248,keyboard,electronics,WH-4,278,supplier-8,1000.82,2020-05-04
249,desk,furniture,WH-5,174,supplier-5,379.96,2021-01-08
250,flashdrives,electronics,WH-2,288,supplier-6,987.15,2020-02-26
251,flashdrives,electronics,WH-1,115,supplier-6,1273.37,2020-03-04
252,laptop,electronics,WH-4,84,supplier-4,207.92,2021-06-14
253,chair,furniture,WH-5,383,supplier-11,444.8,2020-06-27
254,chair,furniture,WH-1,89,supplier-1,887.72,2020-11-02
255,printer,electronics,WH-3,232,supplier-9,1049.16,2020-07-20
256,flashdrives,electronics,WH-5,443,supplier-1,1147.86,2020-10-25
257,monitor,electronics,WH-2,57,supplier-14,839.91,2020-01-29
258,chair,furniture,WH-4,267,supplier-12,255.05,2021-04-06
259,printer,electronics,WH-2,68,supplier-2,593.5,2020-04-11
260,monitor,electronics,WH-3,430,supplier-4,1366.15,2020-06-17
261,chair,furniture,WH-1,97,supplier-8,853.8,2020-09-22
262,printer,electronics,WH-1,83,supplier-4,1350.79,2021-01-03
263,monitor,electronics,WH-1,46,supplier-12,855.58,2020-10-31
264,flashdrives,electronics,WH-4,284,supplier-14,1192.3,2021-03-01
265,scanner,electronics,WH-2,313,supplier-4,327.99,2021-02-14
266,mouse,electronics,WH-3,187,supplier-11,92.9,2020-06-24
267,printer,electronics,WH-3,456,supplier-1,793.93,2020-08-25
268,scanner,electronics,WH-3,38,supplier-5,848.71,2020-11-24
269,desktops,electronics,WH-4,23,supplier-20,516.45,2021-03-17
270,monitor,electronics,WH-4,398,supplier-6,669.94,2020-06-30
271,keyboard,electronics,WH-3,287,supplier-11,331.33,2021-03-02
272,monitor,electronics,WH-3,13,supplier-5,1499.77,2020-08-08
273,printer,electronics,WH-3,245,supplier-1,949.6,2021-04-01
274,scanner,electronics,WH-4,210,supplier-11,1429.5,2021-06-21
275,desk,furniture,WH-5,107,supplier-18,1317.84,2020-07-25
276,keyboard,electronics,WH-3,245,supplier-14,145.23,2020-03-09
277,scanner,electronics,WH-2,134,supplier-8,771.49,2020-08-31
278,printer,electronics,WH-1,208,supplier-17,856.84,2020-10-14
279,scanner,electronics,WH-3,217,supplier-18,1007.16,2021-04-13
280,mouse,electronics,WH-4,141,supplier-20,21.36,2020-11-28
281,printer,electronics,WH-2,313,supplier-18,19.33,2020-04-03
282,chair,furniture,WH-5,216,supplier-12,315.35,2020-03-06
283,chair,furniture,WH-1,301,supplier-4,171.33,2021-04-29
284,desktops,electronics,WH-4,382,supplier-10,908.75,2021-02-07
285,scanner,electronics,WH-4,378,supplier-11,787.78,2021-06-09
286,flashdrives,electronics,WH-3,309,supplier-5,121.34,2020-11-15
287,chair,furniture,WH-3,275,supplier-11,671.69,2020-09-14
288,laptop,electronics,WH-5,393,supplier-20,1003.21,2020-06-11
289,desk,furniture,WH-3,327,supplier-7,1280.52,2020-02-07
290,keyboard,electronics,WH-3,409,supplier-17,475.95,2020-12-02
291,keyboard,electronics,WH-3,32,supplier-14,184.95,2020-11-24
292,scanner,electronics,WH-1,45,supplier-15,914.9,2021-01-13
293,printer,electronics,WH-5,266,supplier-20,847.41,2020-09-18
294,monitor,electronics,WH-4,22,supplier-6,437.84,2020-03-11
295,laptop,electronics,WH-3,86,supplier-17,1361.9,2021-01-08
296,flashdrives,electronics,WH-4,369,supplier-8,311.33,2020-02-19
297,monitor,electronics,WH-4,484,supplier-9,185.57,2020-06-28
298,chair,furniture,WH-1,128,supplier-16,695.44,2020-01-30
299,flashdrives,electronics,WH-4,6,supplier-6,1049.96,2020-02-20
300,mouse,electronics,WH-3,286,supplier-4,1168.75,2021-06-12
301,chair,furniture,WH-1,150,supplier-15,1436.87,2020-07-14
302,keyboard,electronics,WH-1,355,supplier-1,1278.58,2020-10-14
303,keyboard,electronics,WH-4,325,supplier-7,1382.2,2020-09-08
304,keyboard,electronics,WH-4,36,supplier-17,425.27,2021-03-22
305,laptop,electronics,WH-4,304,supplier-8,749.53,2020-06-22
306,mouse,electronics,WH-5,112,supplier-11,1180.84,2020-07-27
307,desktops,electronics,WH-3,58,supplier-6,664.95,2020-05-04
308,laptop,electronics,WH-4,381,supplier-7,846.62,2020-04-06
309,printer,electronics,WH-1,265,supplier-1,1066.28,2020-10-11
310,flashdrives,electronics,WH-4,110,supplier-16,726.06,2020-06-21
311,chair,furniture,WH-1,14,supplier-6,185.23,2020-01-06
312,laptop,electronics,WH-3,281,supplier-1,880.05,2020-06-23
313,desk,furniture,WH-2,219,supplier-14,1130.79,2021-03-01
314,desktops,electronics,WH-1,442,supplier-10,1349.97,2021-01-01
315,laptop,electronics,WH-2,272,supplier-18,1103.06,2020-08-18
316,desk,furniture,WH-4,458,supplier-3,689.45,2020-11-22
317,monitor,electronics,WH-3,243,supplier-8,780.79,2021-01-08
318,keyboard,electronics,WH-1,386,supplier-10,957.73,2021-06-22
319,laptop,electronics,WH-3,354,supplier-15,168.57,2020-08-22
320,laptop,electronics,WH-2,362,supplier-4,60.08,2020-03-21
321,keyboard,electronics,WH-4,133,supplier-16,61.81,2020-11-17
322,scanner,electronics,WH-1,343,supplier-20,1214.32,2020-11-30
323,desk,furniture,WH-4,20,supplier-13,1106.24,2020-03-27
324,printer,electronics,WH-3,128,supplier-13,1259.98,2020-10-27
325,chair,furniture,WH-5,390,supplier-15,1357.6,2021-02-13
326,mouse,electronics,WH-5,162,supplier-16,951.39,2020-09-04
327,desktops,electronics,WH-4,209,supplier-5,543.59,2020-06-24
328,desktops,electronics,WH-3,390,supplier-11,139.55,2020-03-25
329,desktops,electronics,WH-3,417,supplier-8,776.66,2020-07-01
330,scanner,electronics,WH-2,287,supplier-7,140.5,2020-04-16
331,scanner,electronics,WH-1,1,supplier-2,905.23,2020-12-19
332,chair,furniture,WH-5,81,supplier-19,1277.41,2020-04-01
333,flashdrives,electronics,WH-5,240,supplier-13,484.3,2020-08-28
334,laptop,electronics,WH-3,268,supplier-6,687.29,2020-05-20
335,mouse,electronics,WH-3,178,supplier-2,1143.98,2021-03-19
336,desktops,electronics,WH-1,63,supplier-3,619.75,2020-05-30
337,mouse,electronics,WH-5,467,supplier-15,388.67,2021-02-02
338,scanner,electronics,WH-5,79,supplier-6,68.35,2020-09-11
339,printer,electronics,WH-3,201,supplier-5,66.27,2020-05-09
340,flashdrives,electronics,WH-3,295,supplier-10,1255.92,2020-04-08
341,monitor,electronics,WH-1,484,supplier-20,1405.85,2020-10-08
342,desktops,electronics,WH-3,386,supplier-16,1323.98,2020-02-13
343,chair,furniture,WH-1,361,supplier-16,368.44,2020-01-19
344,keyboard,electronics,WH-1,182,supplier-13,1083.99,2020-04-16
345,monitor,electronics,WH-5,302,supplier-9,1336.84,2021-04-28
346,desk,furniture,WH-3,312,supplier-17,425.01,2021-04-16
347,desk,furniture,WH-2,34,supplier-2,983.87,2020-06-11
348,laptop,electronics,WH-4,274,supplier-4,1285.34,2021-03-04
349,flashdrives,electronics,WH-4,52,supplier-7,829.59,2021-03-28
350,monitor,electronics,WH-3,115,supplier-11,1178.17,2020-03-20
351,mouse,electronics,WH-1,367,supplier-5,1126.04,2020-08-22
352,scanner,electronics,WH-4,234,supplier-2,428.03,2020-05-18
353,flashdrives,electronics,WH-1,408,supplier-6,297.78,2021-06-14
354,desktops,electronics,WH-1,332,supplier-7,854.2,2020-08-09
355,chair,furniture,WH-2,289,supplier-20,821.01,2021-05-17
356,desk,furniture,WH-2,85,supplier-5,1358.23,2020-04-13
357,laptop,electronics,WH-5,475,supplier-3,1288.57,2020-10-12
358,scanner,electronics,WH-1,425,supplier-20,1236.09,2020-01-23
359,desk,furniture,WH-5,486,supplier-9,822.03,2021-05-09
360,keyboard,electronics,WH-1,130,supplier-17,437.77,2020-09-03
361,scanner,electronics,WH-4,89,supplier-15,1178.1,2020-04-02
362,scanner,electronics,WH-2,179,supplier-10,1354.97,2021-01-30
363,monitor,electronics,WH-2,26,supplier-16,199.03,2020-08-05
364,mouse,electronics,WH-2,379,supplier-11,655.87,2021-02-03
365,desk,furniture,WH-1,364,supplier-10,1426.11,2020-12-30
366,desk,furniture,WH-1,131,supplier-6,1472.19,2021-02-05
367,desk,furniture,WH-1,461,supplier-11,351.85,2020-06-23
368,laptop,electronics,WH-2,112,supplier-1,33.6,2020-07-29
369,flashdrives,electronics,WH-4,407,supplier-4,1371.17,2021-05-12
370,scanner,electronics,WH-3,114,supplier-9,199.01,2021-06-24
371,mouse,electronics,WH-1,261,supplier-10,1315.93,2020-07-03
372,flashdrives,electronics,WH-5,359,supplier-6,31.02,2020-02-21
373,chair,furniture,WH-2,91,supplier-18,703.41,2020-03-22
374,desk,furniture,WH-3,271,supplier-17,986.14,2021-05-13
375,desktops,electronics,WH-5,272,supplier-8,346.82,2021-05-13
376,monitor,electronics,WH-2,15,supplier-6,543.84,2020-12-05
377,monitor,electronics,WH-5,483,supplier-14,480.24,2020-10-15
378,laptop,electronics,WH-2,357,supplier-15,1342.49,2021-02-25
379,printer,electronics,WH-4,21,supplier-16,421.39,2021-03-04
380,desktops,electronics,WH-5,43,supplier-3,352.46,2020-10-20
381,desk,furniture,WH-5,265,supplier-9,142.6,2020-12-11
382,printer,electronics,WH-2,270,supplier-19,351.05,2020-04-10
383,chair,furniture,WH-3,480,supplier-2,949.29,2020-01-14
384,flashdrives,electronics,WH-3,209,supplier-3,1300.22,2020-01-23
385,mouse,electronics,WH-5,108,supplier-20,417.6,2020-10-23
386,flashdrives,electronics,WH-2,271,supplier-16,1382.06,2020-08-27
387,scanner,electronics,WH-3,123,supplier-19,183.34,2020-08-05
388,desk,furniture,WH-4,180,supplier-8,536.84,2020-09-25
389,desk,furniture,WH-3,163,supplier-16,540.43,2021-03-15
390,keyboard,electronics,WH-1,442,supplier-7,1375.86,2021-05-08
391,flashdrives,electronics,WH-4,3,supplier-5,26.68,2020-04-28
392,printer,electronics,WH-3,328,supplier-17,380.53,2020-02-23
393,mouse,electronics,WH-5,438,supplier-4,1048.66,2021-02-26
394,scanner,electronics,WH-4,115,supplier-4,284.48,2020-06-02
395,desktops,electronics,WH-2,335,supplier-8,1342.3,2020-03-23
396,laptop,electronics,WH-5,430,supplier-2,973.42,2020-05-31
397,flashdrives,electronics,WH-3,495,supplier-4,219.02,2020-10-03
398,flashdrives,electronics,WH-1,303,supplier-6,953.43,2020-03-10
399,desktops,electronics,WH-5,480,supplier-2,102.45,2020-01-30
400,flashdrives,electronics,WH-1,125,supplier-5,565.42,2020-07-14
401,mouse,electronics,WH-1,76,supplier-19,1084.07,2020-09-18
402,chair,furniture,WH-2,452,supplier-15,1092.43,2020-01-14
403,monitor,electronics,WH-1,402,supplier-17,542.89,2020-07-15
404,keyboard,electronics,WH-3,342,supplier-1,1237.44,2020-09-04
405,laptop,electronics,WH-2,132,supplier-13,510.95,2020-11-24
406,printer,electronics,WH-3,383,supplier-1,1144.34,2020-07-02
407,scanner,electronics,WH-2,375,supplier-14,59.48,2020-04-14
408,mouse,electronics,WH-1,125,supplier-15,1237.95,2020-09-15
409,laptop,electronics,WH-5,219,supplier-2,1203.0,2020-02-19
410,scanner,electronics,WH-3,63,supplier-5,1416.93,2021-03-08
411,scanner,electronics,WH-5,245,supplier-18,1064.44,2020-11-07
412,monitor,electronics,WH-4,371,supplier-13,1272.37,2020-02-06
413,flashdrives,electronics,WH-2,186,supplier-19,424.39,2021-01-16
414,keyboard,electronics,WH-5,413,supplier-15,1254.2,2020-04-21
415,scanner,electronics,WH-5,264,supplier-3,995.84,2020-08-01
416,scanner,electronics,WH-1,191,supplier-16,1092.32,2020-04-13
417,flashdrives,electronics,WH-2,302,supplier-3,271.07,2020-10-01
418,chair,furniture,WH-1,198,supplier-16,164.53,2020-02-09
419,laptop,electronics,WH-4,314,supplier-18,539.65,2020-07-01
420,mouse,electronics,WH-5,30,supplier-9,1280.04,2021-03-22
421,flashdrives,electronics,WH-2,323,supplier-16,1216.82,2021-04-01
422,desk,furniture,WH-5,100,supplier-9,333.44,2021-05-04
423,printer,electronics,WH-2,115,supplier-2,309.51,2021-01-14
424,keyboard,electronics,WH-4,356,supplier-1,287.0,2020-10-07
425,desktops,electronics,WH-4,310,supplier-13,615.62,2020-09-01
426,printer,electronics,WH-4,100,supplier-10,1165.27,2021-03-04
427,keyboard,electronics,WH-2,94,supplier-3,600.28,2020-06-22
428,scanner,electronics,WH-1,298,supplier-15,500.72,2020-08-05
429,keyboard,electronics,WH-5,400,supplier-9,58.91,2020-08-14
430,flashdrives,electronics,WH-3,73,supplier-8,551.71,2020-01-31
431,monitor,electronics,WH-2,96,supplier-14,495.28,2021-02-21
432,scanner,electronics,WH-1,276,supplier-4,582.43,2020-06-06
433,monitor,electronics,WH-1,473,supplier-20,256.18,2020-02-11
434,chair,furniture,WH-5,459,supplier-13,801.86,2020-03-24
435,laptop,electronics,WH-1,286,supplier-15,248.5,2020-07-03
436,scanner,electronics,WH-2,296,supplier-19,877.99,2020-02-18
437,desk,furniture,WH-2,371,supplier-19,1245.78,2021-05-15
438,chair,furniture,WH-2,306,supplier-6,1181.81,2020-08-16
439,keyboard,electronics,WH-3,60,supplier-4,259.57,2021-05-31
440,monitor,electronics,WH-2,400,supplier-3,1311.35,2020-10-15
441,monitor,electronics,WH-1,44,supplier-16,118.61,2020-03-12
442,laptop,electronics,WH-4,164,supplier-3,1114.69,2021-04-26
443,scanner,electronics,WH-3,428,supplier-18,70.0,2021-04-26
444,scanner,electronics,WH-1,455,supplier-14,432.48,2020-06-28
445,chair,furniture,WH-2,12,supplier-11,1405.36,2020-08-03
446,mouse,electronics,WH-5,146,supplier-5,1362.07,2021-02-24
447,laptop,electronics,WH-2,53,supplier-18,150.51,2020-07-02
448,flashdrives,electronics,WH-5,186,supplier-15,1293.9,2020-12-29
449,desktops,electronics,WH-5,469,supplier-1,63.61,2020-03-17
450,desk,furniture,WH-4,287,supplier-1,1437.64,2021-03-26
451,monitor,electronics,WH-5,173,supplier-13,954.19,2020-05-29
452,monitor,electronics,WH-5,49,supplier-6,1450.11,2021-05-22
453,desktops,electronics,WH-3,494,supplier-2,176.07,2021-02-11
454,desktops,electronics,WH-5,356,supplier-20,1273.29,2020-05-27
455,chair,furniture,WH-3,275,supplier-12,577.4,2020-08-13
456,desk,furniture,WH-4,82,supplier-14,272.51,2021-03-28
457,monitor,electronics,WH-3,464,supplier-10,813.21,2021-02-05
458,keyboard,electronics,WH-1,289,supplier-17,206.79,2020-03-17
459,mouse,electronics,WH-2,51,supplier-16,1263.14,2020-12-10
460,flashdrives,electronics,WH-1,341,supplier-4,209.0,2021-02-18
461,laptop,electronics,WH-2,163,supplier-7,245.19,2020-10-02
462,desktops,electronics,WH-3,8,supplier-12,882.21,2020-05-02
463,scanner,electronics,WH-4,454,supplier-1,894.03,2020-06-01
464,desk,furniture,WH-3,28,supplier-13,422.42,2020-06-01
465,monitor,electronics,WH-4,310,supplier-13,150.97,2020-08-14
466,printer,electronics,WH-4,264,supplier-6,618.07,2020-03-28
467,desktops,electronics,WH-2,82,supplier-19,436.52,2020-03-17
468,mouse,electronics,WH-4,270,supplier-14,580.6,2021-06-21
469,flashdrives,electronics,WH-1,289,supplier-10,1294.36,2020-12-22
470,mouse,electronics,WH-4,261,supplier-2,1226.6,2020-11-02
471,laptop,electronics,WH-3,20,supplier-20,260.1,2020-06-12
472,chair,furniture,WH-4,86,supplier-18,593.61,2021-03-22
473,monitor,electronics,WH-3,180,supplier-8,1407.26,2020-01-10
474,scanner,electronics,WH-4,23,supplier-8,1187.54,2020-10-16
475,mouse,electronics,WH-4,154,supplier-9,397.3,2020-07-18
476,monitor,electronics,WH-3,281,supplier-10,287.43,2021-03-17
477,chair,furniture,WH-1,408,supplier-18,1354.01,2020-11-16
478,laptop,electronics,WH-3,121,supplier-16,1217.96,2021-05-09
479,mouse,electronics,WH-2,167,supplier-13,1286.45,2020-03-27
480,mouse,electronics,WH-1,362,supplier-9,709.83,2020-10-23
481,desktops,electronics,WH-3,442,supplier-8,1154.91,2021-06-06
482,keyboard,electronics,WH-3,356,supplier-14,1192.47,2021-04-28
483,laptop,electronics,WH-1,234,supplier-17,845.67,2020-08-25
484,printer,electronics,WH-3,111,supplier-5,128.47,2020-03-16
485,keyboard,electronics,WH-4,148,supplier-4,527.32,2021-04-11
486,flashdrives,electronics,WH-3,209,supplier-16,1290.43,2021-01-04
487,chair,furniture,WH-4,291,supplier-3,1250.79,2020-07-02
488,laptop,electronics,WH-1,115,supplier-11,767.58,2020-10-23
489,keyboard,electronics,WH-2,448,supplier-19,767.25,2021-01-26
490,flashdrives,electronics,WH-4,49,supplier-19,983.59,2020-06-23
491,printer,electronics,WH-3,191,supplier-17,666.28,2021-06-03
492,mouse,electronics,WH-2,220,supplier-5,1431.75,2021-03-26
493,desk,furniture,WH-4,295,supplier-6,676.36,2020-02-16
494,printer,electronics,WH-3,37,supplier-7,1325.01,2020-04-29
495,chair,furniture,WH-5,379,supplier-10,1122.12,2020-06-06
496,monitor,electronics,WH-5,123,supplier-14,952.81,2021-02-23
497,flashdrives,electronics,WH-1,175,supplier-1,733.64,2020-03-09
498,scanner,electronics,WH-3,378,supplier-4,220.36,2020-10-25
499,chair,furniture,WH-3,206,supplier-8,896.37,2020-07-04
500,scanner,electronics,WH-4,412,supplier-13,294.63,2020-05-27
501,mouse,electronics,WH-4,10,supplier-7,1382.47,2020-01-04
502,desktops,electronics,WH-1,228,supplier-7,1204.04,2020-11-25
503,mouse,electronics,WH-1,486,supplier-7,301.3,2021-04-15
504,scanner,electronics,WH-3,309,supplier-16,963.37,2020-02-10
505,mouse,electronics,WH-3,489,supplier-17,287.61,2020-04-03
506,desktops,electronics,WH-5,20,supplier-19,666.46,2020-02-05
507,mouse,electronics,WH-3,433,supplier-8,1302.26,2021-05-20
508,monitor,electronics,WH-3,231,supplier-9,29.24,2020-04-13
509,keyboard,electronics,WH-2,219,supplier-8,1466.92,2020-02-19
510,laptop,electronics,WH-1,308,supplier-6,889.44,2021-06-24
511,laptop,electronics,WH-5,439,supplier-5,830.78,2020-05-12
512,laptop,electronics,WH-1,482,supplier-12,499.22,2020-12-27
513,desk,furniture,WH-5,46,supplier-17,662.68,2021-01-11
514,flashdrives,electronics,WH-3,193,supplier-6,630.28,2020-08-08
515,keyboard,electronics,WH-2,53,supplier-14,1193.17,2020-07-04
516,desktops,electronics,WH-1,490,supplier-18,132.04,2020-07-01
517,mouse,electronics,WH-4,122,supplier-1,15.7,2021-04-09
518,mouse,electronics,WH-2,146,supplier-14,201.12,2020-12-08
519,monitor,electronics,WH-5,141,supplier-10,338.16,2021-03-18
520,printer,electronics,WH-2,383,supplier-2,388.32,2020-01-06
521,keyboard,electronics,WH-4,450,supplier-17,37.17,2020-09-10
522,laptop,electronics,WH-4,387,supplier-13,1082.17,2020-12-28
523,laptop,electronics,WH-1,450,supplier-18,703.62,2020-09-02
524,monitor,electronics,WH-5,461,supplier-12,165.42,2020-01-20
525,mouse,electronics,WH-3,496,supplier-7,124.72,2020-06-27
526,keyboard,electronics,WH-2,420,supplier-18,1479.28,2020-04-23
527,flashdrives,electronics,WH-5,66,supplier-13,1437.69,2020-05-09
528,printer,electronics,WH-5,76,supplier-14,233.3,2020-10-10
529,desktops,electronics,WH-4,97,supplier-20,951.69,2021-06-06
530,chair,furniture,WH-4,364,supplier-4,479.91,2020-12-03
531,mouse,electronics,WH-1,390,supplier-2,1320.61,2020-05-01
532,desktops,electronics,WH-1,393,supplier-8,475.87,2021-04-26
533,keyboard,electronics,WH-1,169,supplier-6,425.26,2020-08-19
534,desktops,electronics,WH-2,434,supplier-12,208.47,2020-11-20
535,desk,furniture,WH-1,230,supplier-3,991.64,2021-04-15
536,flashdrives,electronics,WH-4,250,supplier-5,1136.21,2021-04-01
537,laptop,electronics,WH-3,40,supplier-6,1316.45,2021-02-15
538,keyboard,electronics,WH-3,437,supplier-17,1153.3,2021-06-17
539,mouse,electronics,WH-5,310,supplier-7,540.89,2021-04-30
540,keyboard,electronics,WH-3,211,supplier-8,741.12,2020-01-10
541,laptop,electronics,WH-5,77,supplier-11,186.14,2020-06-11
542,monitor,electronics,WH-5,406,supplier-3,1124.61,2021-02-05
543,keyboard,electronics,WH-4,372,supplier-7,983.57,2021-03-13
544,printer,electronics,WH-2,346,supplier-17,1171.78,2021-05-11
545,chair,furniture,WH-4,120,supplier-8,986.06,2020-06-14
546,monitor,electronics,WH-3,91,supplier-12,1318.29,2020-06-02
547,desktops,electronics,WH-5,219,supplier-14,1111.41,2021-02-16
548,scanner,electronics,WH-4,373,supplier-11,1390.76,2020-06-08
549,printer,electronics,WH-3,428,supplier-15,315.15,2020-05-14
550,scanner,electronics,WH-1,420,supplier-15,889.44,2020-07-15
551,desk,furniture,WH-3,95,supplier-17,899.66,2021-06-01
552,desktops,electronics,WH-3,497,supplier-11,69.91,2021-01-03
553,flashdrives,electronics,WH-2,348,supplier-2,599.79,2020-07-27
554,monitor,electronics,WH-4,30,supplier-13,975.24,2021-04-11
555,flashdrives,electronics,WH-1,14,supplier-9,211.64,2020-11-29
556,printer,electronics,WH-4,315,supplier-18,724.7,2020-06-02
557,mouse,electronics,WH-4,76,supplier-18,275.15,2020-01-31
558,desktops,electronics,WH-5,341,supplier-2,1350.28,2020-08-24
559,printer,electronics,WH-3,315,supplier-18,841.64,2020-03-30
560,scanner,electronics,WH-2,63,supplier-20,260.4,2021-03-12
561,scanner,electronics,WH-4,203,supplier-13,96.56,2021-01-12
562,desktops,electronics,WH-5,128,supplier-11,378.61,2020-06-04
563,desktops,electronics,WH-3,369,supplier-8,554.53,2021-06-06
564,desktops,electronics,WH-3,232,supplier-4,564.76,2020-10-12
565,mouse,electronics,WH-3,311,supplier-16,12.48,2020-12-27
566,scanner,electronics,WH-1,441,supplier-8,464.79,2020-08-21
567,laptop,electronics,WH-3,368,supplier-12,973.93,2020-09-01
568,printer,electronics,WH-4,215,supplier-12,1225.78,2020-05-30
569,desk,furniture,WH-2,438,supplier-12,1145.2,2020-06-23
570,desk,furniture,WH-3,275,supplier-11,861.56,2021-02-01
571,keyboard,electronics,WH-3,201,supplier-2,768.6,2020-01-05
572,desktops,electronics,WH-3,226,supplier-18,1226.79,2020-02-20
573,laptop,electronics,WH-3,180,supplier-19,758.25,2021-06-07
574,flashdrives,electronics,WH-2,140,supplier-3,900.6,2021-02-08
575,mouse,electronics,WH-4,342,supplier-14,439.48,2020-09-30
576,monitor,electronics,WH-2,310,supplier-1,710.55,2020-11-27
577,desktops,electronics,WH-2,128,supplier-10,1105.82,2021-06-05
578,chair,furniture,WH-4,403,supplier-9,855.56,2020-12-15
579,scanner,electronics,WH-5,180,supplier-2,603.89,2021-04-20
580,desktops,electronics,WH-1,131,supplier-10,1446.04,2020-09-30
581,flashdrives,electronics,WH-3,329,supplier-12,1205.35,2020-06-03
582,scanner,electronics,WH-5,331,supplier-12,897.19,2020-05-04
583,laptop,electronics,WH-4,42,supplier-12,996.67,2020-10-14
584,monitor,electronics,WH-2,490,supplier-13,585.0,2020-04-16
585,keyboard,electronics,WH-5,375,supplier-17,1209.54,2020-03-21
586,laptop,electronics,WH-4,439,supplier-19,119.07,2021-06-18
587,scanner,electronics,WH-5,448,supplier-5,460.47,2021-05-23
588,flashdrives,electronics,WH-3,192,supplier-12,285.67,2020-07-04
589,printer,electronics,WH-4,203,supplier-6,918.65,2020-06-25
590,monitor,electronics,WH-1,353,supplier-12,1356.48,2020-01-07
591,printer,electronics,WH-1,490,supplier-8,271.98,2020-01-12
592,desktops,electronics,WH-4,423,supplier-6,493.43,2020-11-05
593,desk,furniture,WH-4,79,supplier-6,357.22,2021-06-10
594,desk,furniture,WH-1,480,supplier-11,781.67,2020-06-13
595,printer,electronics,WH-1,243,supplier-3,291.22,2020-07-24
596,flashdrives,electronics,WH-3,307,supplier-15,483.6,2020-08-09
597,printer,electronics,WH-4,296,supplier-13,557.66,2020-08-01
598,mouse,electronics,WH-3,308,supplier-3,1124.58,2021-04-16
599,laptop,electronics,WH-4,242,supplier-12,975.38,2020-10-14
600,laptop,electronics,WH-5,112,supplier-13,1321.8,2020-01-04
601,keyboard,electronics,WH-3,72,supplier-2,121.01,2021-03-24
602,laptop,electronics,WH-2,163,supplier-13,221.82,2021-01-23
603,scanner,electronics,WH-1,209,supplier-7,775.04,2020-07-30
604,desk,furniture,WH-1,470,supplier-12,729.08,2021-04-30
605,laptop,electronics,WH-4,211,supplier-16,84.3,2020-03-28
606,laptop,electronics,WH-1,359,supplier-11,187.81,2020-03-26
607,keyboard,electronics,WH-4,368,supplier-15,658.93,2020-04-19
608,monitor,electronics,WH-5,207,supplier-15,223.62,2020-08-16
609,desktops,electronics,WH-2,348,supplier-12,834.27,2021-03-16
610,printer,electronics,WH-3,275,supplier-3,1186.26,2020-05-13
611,desktops,electronics,WH-3,274,supplier-11,1076.94,2020-02-03
612,printer,electronics,WH-4,127,supplier-12,1284.61,2020-08-18
613,laptop,electronics,WH-4,226,supplier-17,667.16,2020-10-28
614,mouse,electronics,WH-1,12,supplier-15,308.33,2020-11-09
615,keyboard,electronics,WH-5,140,supplier-13,1153.16,2020-03-20
616,mouse,electronics,WH-4,419,supplier-4,1271.61,2020-07-14
617,desktops,electronics,WH-4,110,supplier-2,1379.36,2021-05-30
618,printer,electronics,WH-5,69,supplier-12,870.55,2021-06-18
619,keyboard,electronics,WH-5,60,supplier-6,219.88,2020-03-07
620,desk,furniture,WH-1,346,supplier-18,255.77,2020-08-05
621,monitor,electronics,WH-2,290,supplier-9,989.03,2020-10-11
622,desk,furniture,WH-1,358,supplier-1,1266.16,2020-12-04
623,mouse,electronics,WH-5,387,supplier-4,498.49,2021-04-10
624,chair,furniture,WH-3,17,supplier-9,138.58,2020-01-15
625,printer,electronics,WH-1,254,supplier-17,335.79,2020-06-24
626,desk,furniture,WH-5,86,supplier-5,1086.85,2021-03-10
627,desk,furniture,WH-5,482,supplier-16,1009.18,2020-08-02
628,desk,furniture,WH-2,385,supplier-4,1098.3,2021-05-06
629,desktops,electronics,WH-4,482,supplier-18,94.93,2021-06-03
630,desktops,electronics,WH-5,65,supplier-7,1260.9,2020-02-26
631,laptop,electronics,WH-3,74,supplier-6,360.03,2020-06-12
632,scanner,electronics,WH-1,461,supplier-6,961.52,2021-03-05
633,monitor,electronics,WH-4,129,supplier-16,1400.33,2020-05-24
634,desk,furniture,WH-4,34,supplier-17,456.56,2020-02-15
635,chair,furniture,WH-1,416,supplier-18,1095.83,2020-07-17
636,chair,furniture,WH-1,49,supplier-13,118.84,2020-09-19
637,mouse,electronics,WH-2,186,supplier-5,677.15,2020-01-19
638,desktops,electronics,WH-4,260,supplier-1,1286.61,2020-08-06
639,keyboard,electronics,WH-3,3,supplier-19,730.69,2020-04-21
640,desk,furniture,WH-2,271,supplier-8,418.5,2021-05-22
641,printer,electronics,WH-3,273,supplier-1,17.67,2020-05-31
642,flashdrives,electronics,WH-1,138,supplier-14,1333.97,2020-06-17
643,desk,furniture,WH-1,276,supplier-18,637.47,2020-03-20
644,desk,furniture,WH-1,245,supplier-5,278.82,2021-06-09
645,flashdrives,electronics,WH-4,18,supplier-18,1412.52,2020-12-12
646,keyboard,electronics,WH-1,320,supplier-20,1437.11,2021-06-08
647,mouse,electronics,WH-1,461,supplier-10,932.92,2020-02-21
648,laptop,electronics,WH-1,370,supplier-18,679.04,2020-03-31
649,laptop,electronics,WH-5,58,supplier-6,953.0,2021-03-25
650,desk,furniture,WH-1,452,supplier-18,183.27,2020-06-18
651,desktops,electronics,WH-2,340,supplier-3,32.57,2020-07-29
652,mouse,electronics,WH-5,105,supplier-20,1111.39,2020-03-16
653,laptop,electronics,WH-2,164,supplier-16,474.72,2020-07-06
654,monitor,electronics,WH-1,168,supplier-16,675.68,2021-05-13
655,monitor,electronics,WH-2,476,supplier-1,121.87,2020-07-06
656,desktops,electronics,WH-4,323,supplier-5,923.92,2020-09-10
657,mouse,electronics,WH-1,112,supplier-3,581.15,2020-01-25
658,flashdrives,electronics,WH-5,145,supplier-2,757.11,2020-07-29
659,laptop,electronics,WH-5,321,supplier-8,608.53,2020-10-15
660,printer,electronics,WH-5,411,supplier-18,517.22,2020-07-17
661,scanner,electronics,WH-3,419,supplier-2,663.64,2020-11-29
662,desktops,electronics,WH-4,342,supplier-4,1046.92,2020-09-12
663,mouse,electronics,WH-5,79,supplier-19,309.49,2021-06-05
664,keyboard,electronics,WH-4,333,supplier-7,71.01,2020-12-13
665,flashdrives,electronics,WH-5,459,supplier-9,1028.36,2020-04-20
666,keyboard,electronics,WH-2,222,supplier-4,1214.46,2021-02-07
667,laptop,electronics,WH-2,112,supplier-8,1446.9,2021-04-06
668,flashdrives,electronics,WH-1,393,supplier-11,1012.03,2021-05-27
669,desk,furniture,WH-1,415,supplier-11,633.59,2020-12-06
670,monitor,electronics,WH-1,70,supplier-7,450.69,2020-12-04
671,chair,furniture,WH-4,173,supplier-1,1232.04,2020-09-19
672,scanner,electronics,WH-1,430,supplier-14,850.86,2020-08-14
673,laptop,electronics,WH-4,390,supplier-16,1050.21,2020-06-17
674,monitor,electronics,WH-2,60,supplier-6,664.64,2020-02-09
675,flashdrives,electronics,WH-2,455,supplier-9,1267.12,2021-06-01
676,chair,furniture,WH-2,485,supplier-16,285.63,2020-05-31
677,chair,furniture,WH-4,329,supplier-2,965.9,2020-11-28
678,printer,electronics,WH-5,18,supplier-2,1025.11,2020-07-23
679,chair,furniture,WH-4,331,supplier-4,349.37,2020-04-16
680,desk,furniture,WH-4,250,supplier-5,1455.94,2020-01-26
681,desktops,electronics,WH-1,317,supplier-13,412.25,2020-06-16
682,chair,furniture,WH-1,194,supplier-15,239.12,2021-03-04
683,flashdrives,electronics,WH-1,114,supplier-13,82.25,2020-11-23
684,monitor,electronics,WH-5,107,supplier-9,910.55,2020-08-06
685,laptop,electronics,WH-4,241,supplier-20,441.68,2021-04-08
686,monitor,electronics,WH-2,32,supplier-13,727.52,2020-03-17
687,flashdrives,electronics,WH-5,389,supplier-18,1355.63,2021-02-07
688,desk,furniture,WH-1,418,supplier-8,369.88,2020-05-18
689,desk,furniture,WH-2,267,supplier-20,191.64,2021-06-15
690,monitor,electronics,WH-4,438,supplier-18,1094.14,2020-12-10
691,keyboard,electronics,WH-4,143,supplier-20,208.94,2021-01-11
692,scanner,electronics,WH-3,378,supplier-6,1056.66,2020-05-16
693,scanner,electronics,WH-1,195,supplier-3,586.64,2021-01-31
694,monitor,electronics,WH-5,249,supplier-6,1179.33,2021-01-02
695,mouse,electronics,WH-4,352,supplier-9,484.8,2020-03-11
696,desktops,electronics,WH-3,270,supplier-3,360.33,2021-03-19
697,chair,furniture,WH-2,107,supplier-9,437.31,2020-05-07
698,desk,furniture,WH-5,106,supplier-15,842.84,2020-05-28
699,desk,furniture,WH-3,147,supplier-20,551.35,2020-06-11
700,chair,furniture,WH-5,248,supplier-4,1027.39,2020-07-26
701,keyboard,electronics,WH-1,351,supplier-7,1481.11,2020-08-17
702,monitor,electronics,WH-1,0,supplier-8,324.11,2020-09-10
703,monitor,electronics,WH-4,45,supplier-19,125.34,2020-08-10
704,scanner,electronics,WH-2,60,supplier-14,1386.89,2020-04-29
705,chair,furniture,WH-2,97,supplier-19,1326.8,2020-08-31
706,keyboard,electronics,WH-3,164,supplier-2,159.89,2021-01-12
707,keyboard,electronics,WH-5,232,supplier-16,1450.17,2020-08-28
708,desktops,electronics,WH-2,169,supplier-7,1225.07,2020-02-05
709,chair,furniture,WH-4,349,supplier-14,11.32,2020-08-21
710,keyboard,electronics,WH-4,371,supplier-18,415.95,2020-04-18
711,mouse,electronics,WH-3,304,supplier-1,1205.44,2020-02-14
712,scanner,electronics,WH-4,238,supplier-20,375.44,2020-07-18
713,desk,furniture,WH-4,10,supplier-12,1416.52,2021-03-02
714,mouse,electronics,WH-1,171,supplier-4,968.2,2021-01-11
715,mouse,electronics,WH-2,133,supplier-20,1445.15,2021-04-14
716,keyboard,electronics,WH-5,465,supplier-6,534.37,2020-03-23
717,scanner,electronics,WH-4,327,supplier-19,1267.03,2021-02-20
718,mouse,electronics,WH-3,341,supplier-8,1449.65,2021-02-06
719,mouse,electronics,WH-2,117,supplier-4,688.36,2020-07-03
720,printer,electronics,WH-2,104,supplier-20,751.35,2020-04-27
721,flashdrives,electronics,WH-1,77,supplier-5,1198.4,2020-08-09
722,monitor,electronics,WH-2,438,supplier-9,822.96,2021-03-23
723,laptop,electronics,WH-1,479,supplier-14,68.89,2020-08-03
724,laptop,electronics,WH-1,273,supplier-13,1491.05,2021-06-09
725,desk,furniture,WH-3,300,supplier-20,871.53,2020-06-22
726,chair,furniture,WH-5,73,supplier-9,206.31,2021-06-22
727,flashdrives,electronics,WH-5,52,supplier-17,562.79,2021-02-03
728,laptop,electronics,WH-5,483,supplier-4,1303.37,2020-10-01
729,scanner,electronics,WH-2,13,supplier-13,857.91,2021-01-05
730,desk,furniture,WH-3,65,supplier-20,164.81,2020-07-26
731,laptop,electronics,WH-3,357,supplier-13,729.6,2020-12-06
732,mouse,electronics,WH-3,367,supplier-15,273.22,2021-03-11
733,chair,furniture,WH-5,366,supplier-19,93.18,2020-09-20
734,keyboard,electronics,WH-2,7,supplier-20,663.13,2021-02-11
735,desktops,electronics,WH-5,128,supplier-17,1196.24,2020-01-23
736,monitor,electronics,WH-2,33,supplier-15,1048.69,2021-06-12
737,laptop,electronics,WH-2,446,supplier-12,1124.59,2020-04-18
738,desk,furniture,WH-3,456,supplier-12,391.91,2020-12-01
739,monitor,electronics,WH-2,314,supplier-19,117.13,2021-02-10
740,laptop,electronics,WH-2,431,supplier-15,975.62,2020-07-30
741,mouse,electronics,WH-1,90,supplier-12,987.84,2020-03-27
742,chair,furniture,WH-2,456,supplier-11,302.91,2021-05-19
743,chair,furniture,WH-1,94,supplier-10,1138.4,2020-05-13
744,laptop,electronics,WH-5,166,supplier-11,1487.71,2020-11-09
745,printer,electronics,WH-5,185,supplier-1,448.27,2020-03-31
746,laptop,electronics,WH-4,418,supplier-12,422.73,2020-09-11
747,desktops,electronics,WH-4,353,supplier-1,871.88,2021-06-01
748,monitor,electronics,WH-4,280,supplier-7,241.6,2020-01-20
749,laptop,electronics,WH-5,115,supplier-15,343.92,2020-02-26
750,monitor,electronics,WH-2,393,supplier-18,995.38,2021-05-01
751,mouse,electronics,WH-2,93,supplier-16,853.93,2020-08-01
752,monitor,electronics,WH-2,486,supplier-6,515.85,2020-08-05
753,laptop,electronics,WH-3,310,supplier-3,61.5,2020-04-25
754,scanner,electronics,WH-3,260,supplier-6,1419.07,2020-01-25
755,desktops,electronics,WH-4,427,supplier-1,584.61,2020-06-02
756,chair,furniture,WH-4,74,supplier-12,869.27,2021-05-16
757,keyboard,electronics,WH-1,148,supplier-4,279.12,2021-05-18
758,laptop,electronics,WH-2,415,supplier-5,852.85,2020-12-18
759,chair,furniture,WH-2,462,supplier-18,571.29,2020-12-08
760,flashdrives,electronics,WH-1,87,supplier-15,1061.39,2021-02-10
761,chair,furniture,WH-1,456,supplier-14,763.37,2021-06-16
762,laptop,electronics,WH-5,147,supplier-17,917.82,2021-04-26
763,keyboard,electronics,WH-5,203,supplier-9,1467.61,2021-01-11
764,printer,electronics,WH-1,260,supplier-17,1404.54,2020-10-18
765,monitor,electronics,WH-1,100,supplier-8,243.57,2020-06-08
766,flashdrives,electronics,WH-1,356,supplier-3,943.73,2020-03-13
767,laptop,electronics,WH-4,99,supplier-2,1136.9,2020-12-15
768,printer,electronics,WH-3,448,supplier-4,1425.65,2020-09-08
769,flashdrives,electronics,WH-5,43,supplier-16,160.64,2021-03-11
770,scanner,electronics,WH-2,46,supplier-7,917.46,2020-11-05
771,keyboard,electronics,WH-3,179,supplier-17,1358.67,2021-06-18
772,keyboard,electronics,WH-2,436,supplier-15,1499.5,2020-02-27
773,chair,furniture,WH-2,132,supplier-7,1431.93,2020-08-19
774,keyboard,electronics,WH-4,347,supplier-5,204.25,2020-02-05
775,monitor,electronics,WH-5,26,supplier-17,1190.79,2021-04-18
776,desk,furniture,WH-4,82,supplier-11,430.56,2020-11-12
777,flashdrives,electronics,WH-1,422,supplier-15,1236.46,2020-06-18
778,keyboard,electronics,WH-5,30,supplier-7,566.75,2020-04-19
779,scanner,electronics,WH-3,454,supplier-18,598.93,2020-10-15
780,chair,furniture,WH-3,382,supplier-15,396.21,2021-03-21
781,mouse,electronics,WH-4,256,supplier-13,288.02,2021-03-24
782,chair,furniture,WH-3,320,supplier-14,429.68,2020-08-31
783,scanner,electronics,WH-4,286,supplier-5,55.8,2020-06-10
784,printer,electronics,WH-1,5,supplier-9,324.91,2021-03-16
785,desktops,electronics,WH-3,183,supplier-14,1196.33,2021-02-09
786,laptop,electronics,WH-1,389,supplier-10,210.89,2020-09-21
787,flashdrives,electronics,WH-5,284,supplier-14,145.08,2020-08-18
788,chair,furniture,WH-1,263,supplier-18,1037.4,2020-02-01
789,scanner,electronics,WH-1,139,supplier-12,1378.73,2021-02-19
790,chair,furniture,WH-2,482,supplier-14,301.84,2020-11-09
791,keyboard,electronics,WH-1,106,supplier-14,582.4,2020-04-25
792,scanner,electronics,WH-5,75,supplier-2,111.92,2021-03-13
793,printer,electronics,WH-4,216,supplier-6,1198.64,2020-11-18
794,chair,furniture,WH-4,228,supplier-7,836.49,2020-03-13
795,monitor,electronics,WH-3,61,supplier-14,437.22,2021-05-20
796,mouse,electronics,WH-4,393,supplier-12,1378.04,2021-05-05
797,mouse,electronics,WH-5,99,supplier-6,1209.74,2020-09-13
798,scanner,electronics,WH-2,279,supplier-5,682.23,2021-01-07
799,flashdrives,electronics,WH-4,263,supplier-8,116.14,2021-04-27
800,scanner,electronics,WH-5,82,supplier-16,573.08,2020-05-03
801,laptop,electronics,WH-1,151,supplier-20,820.23,2020-05-14
802,laptop,electronics,WH-2,92,supplier-11,945.35,2021-03-28
803,desktops,electronics,WH-5,168,supplier-14,541.8,2021-01-16
804,mouse,electronics,WH-4,194,supplier-7,1177.74,2020-06-06
805,printer,electronics,WH-3,132,supplier-7,877.95,2020-10-16
806,mouse,electronics,WH-4,386,supplier-1,1323.68,2020-12-13
807,keyboard,electronics,WH-5,253,supplier-7,1158.88,2020-03-24
808,scanner,electronics,WH-4,282,supplier-6,109.75,2020-10-16
809,monitor,electronics,WH-2,9,supplier-19,1411.89,2020-03-10
810,chair,furniture,WH-2,276,supplier-18,45.6,2020-05-10
811,keyboard,electronics,WH-4,260,supplier-13,851.87,2020-06-01
812,flashdrives,electronics,WH-2,116,supplier-2,1411.72,2020-09-11
813,mouse,electronics,WH-5,41,supplier-1,1202.18,2020-06-10
814,desk,furniture,WH-3,145,supplier-5,107.71,2021-01-25
815,chair,furniture,WH-4,53,supplier-13,1492.33,2020-09-20
816,chair,furniture,WH-2,407,supplier-20,516.11,2020-09-10
817,flashdrives,electronics,WH-2,285,supplier-9,268.25,2020-10-19
818,laptop,electronics,WH-1,257,supplier-17,1167.78,2020-03-24
819,chair,furniture,WH-3,94,supplier-1,709.11,2020-07-02
820,printer,electronics,WH-4,368,supplier-8,1359.75,2020-07-22
821,desktops,electronics,WH-1,498,supplier-7,1415.0,2020-01-20
822,desk,furniture,WH-2,422,supplier-3,336.39,2020-02-26
823,flashdrives,electronics,WH-5,424,supplier-14,592.8,2020-06-17
824,flashdrives,electronics,WH-1,212,supplier-8,1008.01,2021-05-08
825,laptop,electronics,WH-1,339,supplier-8,608.25,2020-12-24
826,keyboard,electronics,WH-4,341,supplier-16,1175.26,2020-10-10
827,keyboard,electronics,WH-4,140,supplier-20,1491.44,2020-02-29
828,chair,furniture,WH-1,476,supplier-8,202.96,2021-05-08
829,printer,electronics,WH-2,480,supplier-8,515.89,2020-08-03
830,desk,furniture,WH-1,24,supplier-12,1143.74,2020-01-03
831,desktops,electronics,WH-3,491,supplier-9,80.02,2021-06-16
832,scanner,electronics,WH-3,106,supplier-12,141.33,2021-03-02
833,desktops,electronics,WH-2,341,supplier-18,1436.63,2021-01-11
834,mouse,electronics,WH-2,328,supplier-20,922.82,2021-02-28
835,printer,electronics,WH-1,22,supplier-3,508.41,2020-12-07
836,desktops,electronics,WH-5,84,supplier-18,790.47,2021-03-21
837,laptop,electronics,WH-5,175,supplier-13,266.87,2021-06-12
838,monitor,electronics,WH-3,378,supplier-19,1155.61,2021-01-08
839,desk,furniture,WH-4,449,supplier-14,331.1,2020-06-26
840,scanner,electronics,WH-2,491,supplier-18,81.24,2020-11-24
841,desktops,electronics,WH-1,329,supplier-7,675.86,2021-03-21
842,printer,electronics,WH-1,430,supplier-16,772.11,2020-11-08
843,monitor,electronics,WH-3,285,supplier-7,787.29,2020-08-02
844,scanner,electronics,WH-5,110,supplier-1,342.76,2020-04-18
845,keyboard,electronics,WH-3,403,supplier-18,1136.79,2020-10-20
846,printer,electronics,WH-3,371,supplier-8,1477.33,2020-08-10
847,chair,furniture,WH-3,95,supplier-2,198.74,2020-05-15
848,desktops,electronics,WH-1,442,supplier-2,774.1,2020-11-08
849,monitor,electronics,WH-5,124,supplier-6,1072.1,2020-04-03
850,monitor,electronics,WH-2,40,supplier-8,980.87,2020-03-11
851,laptop,electronics,WH-4,185,supplier-6,1044.5,2021-05-08
852,desktops,electronics,WH-5,384,supplier-13,1471.11,2020-10-16
853,chair,furniture,WH-5,348,supplier-4,1050.75,2020-12-12
854,desktops,electronics,WH-5,450,supplier-13,837.15,2020-09-14
855,keyboard,electronics,WH-1,248,supplier-6,636.94,2020-02-06
856,desktops,electronics,WH-2,50,supplier-7,946.94,2020-03-25
857,keyboard,electronics,WH-5,411,supplier-6,1035.78,2020-08-22
858,mouse,electronics,WH-1,235,supplier-17,438.98,2021-03-23
859,flashdrives,electronics,WH-3,194,supplier-4,1405.16,2020-03-31
860,desktops,electronics,WH-2,110,supplier-6,748.3,2020-05-13
861,chair,furniture,WH-5,241,supplier-9,134.74,2021-03-25
862,monitor,electronics,WH-1,322,supplier-16,1372.0,2020-01-08
863,desk,furniture,WH-4,166,supplier-14,170.58,2020-02-07
864,scanner,electronics,WH-5,160,supplier-18,444.4,2020-05-16
865,mouse,electronics,WH-1,80,supplier-20,1242.5,2020-10-10
866,monitor,electronics,WH-3,136,supplier-1,98.38,2020-06-12
867,mouse,electronics,WH-4,142,supplier-18,791.77,2020-04-02
868,flashdrives,electronics,WH-1,414,supplier-20,585.93,2021-05-17
869,desk,furniture,WH-1,373,supplier-10,1239.95,2020-12-29
870,desk,furniture,WH-3,31,supplier-4,586.61,2020-12-21
871,chair,furniture,WH-2,35,supplier-20,945.87,2020-10-30
872,chair,furniture,WH-1,282,supplier-4,414.43,2021-01-01
873,laptop,electronics,WH-5,450,supplier-5,1485.14,2020-08-11
874,chair,furniture,WH-5,122,supplier-17,550.58,2020-06-20
875,desk,furniture,WH-2,355,supplier-12,1054.26,2020-06-13
876,printer,electronics,WH-4,429,supplier-11,818.54,2020-08-06
877,mouse,electronics,WH-4,482,supplier-7,1394.55,2020-02-03
878,flashdrives,electronics,WH-1,38,supplier-20,1471.24,2020-03-16
879,monitor,electronics,WH-3,420,supplier-14,818.84,2020-01-12
880,laptop,electronics,WH-2,211,supplier-20,1431.94,2021-01-07
881,printer,electronics,WH-3,418,supplier-5,1171.69,2020-02-27
882,keyboard,electronics,WH-4,251,supplier-13,943.86,2020-03-10
883,printer,electronics,WH-1,287,supplier-3,882.64,2020-09-09
884,mouse,electronics,WH-1,139,supplier-8,1207.62,2020-09-13
885,chair,furniture,WH-3,199,supplier-11,933.71,2020-08-07
886,mouse,electronics,WH-4,412,supplier-7,767.39,2020-04-04
887,keyboard,electronics,WH-5,338,supplier-18,616.58,2020-03-16
888,scanner,electronics,WH-5,274,supplier-1,880.4,2020-11-07
889,desktops,electronics,WH-5,264,supplier-11,1387.6,2020-09-24
890,printer,electronics,WH-4,408,supplier-10,1155.38,2020-09-30
891,chair,furniture,WH-2,281,supplier-17,99.62,2020-07-06
892,printer,electronics,WH-3,133,supplier-9,37.83,2021-03-03
893,flashdrives,electronics,WH-5,46,supplier-20,730.38,2021-03-25
894,printer,electronics,WH-3,408,supplier-11,574.01,2021-05-07
895,chair,furniture,WH-5,129,supplier-5,56.16,2020-10-01
896,flashdrives,electronics,WH-1,299,supplier-1,1494.14,2021-01-14
897,flashdrives,electronics,WH-3,330,supplier-10,384.68,2020-03-04
898,printer,electronics,WH-4,190,supplier-12,1023.57,2020-03-12
899,flashdrives,electronics,WH-4,458,supplier-4,1244.67,2020-04-06
900,desktops,electronics,WH-2,116,supplier-4,298.24,2020-01-21
901,laptop,electronics,WH-4,272,supplier-4,1109.41,2021-01-08
902,keyboard,electronics,WH-4,227,supplier-18,1222.42,2021-05-11
903,laptop,electronics,WH-2,64,supplier-13,968.53,2020-12-28
904,scanner,electronics,WH-1,459,supplier-5,732.45,2020-05-13
905,monitor,electronics,WH-3,260,supplier-20,1092.16,2020-05-25
906,desk,furniture,WH-2,54,supplier-18,119.15,2020-06-09
907,scanner,electronics,WH-1,333,supplier-16,743.84,2021-03-09
908,printer,electronics,WH-2,283,supplier-13,966.48,2021-03-05
909,scanner,electronics,WH-3,273,supplier-20,477.91,2020-10-03
910,flashdrives,electronics,WH-4,242,supplier-4,1429.06,2020-01-20
911,desktops,electronics,WH-5,10,supplier-13,1196.49,2021-04-29
912,keyboard,electronics,WH-3,338,supplier-5,199.46,2020-03-23
913,monitor,electronics,WH-1,465,supplier-11,504.79,2020-02-18
914,keyboard,electronics,WH-2,387,supplier-1,682.75,2020-12-28
915,laptop,electronics,WH-3,353,supplier-20,177.59,2021-02-26
916,desktops,electronics,WH-3,75,supplier-14,86.52,2020-01-01
917,desktops,electronics,WH-5,375,supplier-20,1409.6,2021-04-19
918,printer,electronics,WH-2,121,supplier-14,524.24,2021-02-16
919,scanner,electronics,WH-2,83,supplier-6,1162.33,2020-11-01
920,flashdrives,electronics,WH-1,463,supplier-3,1353.19,2020-08-02
921,desk,furniture,WH-2,172,supplier-10,702.73,2020-10-30
922,laptop,electronics,WH-5,27,supplier-14,364.0,2020-05-21
923,desktops,electronics,WH-2,123,supplier-18,287.18,2021-02-16
924,desk,furniture,WH-3,206,supplier-6,127.46,2020-07-07
925,flashdrives,electronics,WH-5,322,supplier-19,1371.18,2020-09-26
926,printer,electronics,WH-1,243,supplier-18,400.5,2020-01-03
927,keyboard,electronics,WH-5,207,supplier-12,914.33,2021-05-07
928,desk,furniture,WH-1,389,supplier-5,1490.9,2020-11-02
929,monitor,electronics,WH-1,2,supplier-6,1354.89,2020-08-05
930,laptop,electronics,WH-4,321,supplier-13,955.46,2021-02-26
931,keyboard,electronics,WH-2,259,supplier-4,207.51,2021-04-18
932,printer,electronics,WH-5,158,supplier-7,47.86,2021-06-17
933,desktops,electronics,WH-2,406,supplier-9,176.4,2020-04-16
934,monitor,electronics,WH-4,423,supplier-20,865.11,2021-04-06
935,flashdrives,electronics,WH-1,337,supplier-9,549.77,2020-11-09
936,desk,furniture,WH-3,417,supplier-7,747.37,2020-09-08
937,desktops,electronics,WH-1,207,supplier-16,1486.32,2021-05-20
938,scanner,electronics,WH-2,254,supplier-13,816.2,2020-12-02
939,mouse,electronics,WH-3,404,supplier-13,1069.52,2020-06-06
940,scanner,electronics,WH-3,413,supplier-13,539.06,2020-01-08
941,desktops,electronics,WH-4,280,supplier-5,173.74,2020-04-22
942,monitor,electronics,WH-3,478,supplier-6,1194.85,2021-01-29
943,scanner,electronics,WH-2,456,supplier-12,923.78,2020-12-07
944,scanner,electronics,WH-2,100,supplier-19,717.92,2020-01-30
945,desktops,electronics,WH-4,225,supplier-1,1042.36,2021-02-17
946,flashdrives,electronics,WH-1,343,supplier-17,416.72,2020-08-18
947,scanner,electronics,WH-3,412,supplier-3,742.4,2020-06-30
948,flashdrives,electronics,WH-4,273,supplier-16,671.75,2020-05-16
949,flashdrives,electronics,WH-1,280,supplier-17,1431.52,2020-09-22
950,monitor,electronics,WH-4,464,supplier-13,575.15,2020-06-02
951,chair,furniture,WH-4,74,supplier-17,591.94,2020-01-22
952,flashdrives,electronics,WH-2,423,supplier-5,251.24,2020-11-11
953,flashdrives,electronics,WH-2,449,supplier-14,1216.58,2020-04-18
954,monitor,electronics,WH-2,80,supplier-9,1198.08,2020-04-21
955,desktops,electronics,WH-5,350,supplier-8,221.82,2020-12-14
956,keyboard,electronics,WH-4,172,supplier-13,1212.62,2021-06-24
957,scanner,electronics,WH-1,271,supplier-18,688.37,2020-10-17
958,chair,furniture,WH-3,310,supplier-10,640.41,2020-12-29
959,flashdrives,electronics,WH-2,31,supplier-2,659.14,2021-06-20
960,printer,electronics,WH-5,379,supplier-18,1089.06,2021-03-24
961,mouse,electronics,WH-2,267,supplier-4,172.95,2020-04-12
962,desktops,electronics,WH-3,142,supplier-20,1040.64,2020-06-24
963,monitor,electronics,WH-2,219,supplier-11,1369.44,2020-02-06
964,desktops,electronics,WH-1,496,supplier-12,381.78,2020-04-30
965,monitor,electronics,WH-1,370,supplier-4,597.03,2020-06-23
966,printer,electronics,WH-1,468,supplier-15,1458.49,2020-08-18
967,flashdrives,electronics,WH-2,37,supplier-17,1192.49,2021-03-21
968,printer,electronics,WH-1,382,supplier-12,1094.87,2020-05-29
969,monitor,electronics,WH-5,255,supplier-2,1035.85,2020-01-07
970,monitor,electronics,WH-2,222,supplier-19,243.79,2020-06-15
971,scanner,electronics,WH-5,381,supplier-10,678.3,2020-06-03
972,desktops,electronics,WH-4,187,supplier-1,178.44,2021-06-14
973,desktops,electronics,WH-3,21,supplier-12,379.3,2020-10-02
974,printer,electronics,WH-2,185,supplier-12,313.76,2020-06-29
975,keyboard,electronics,WH-5,14,supplier-19,325.74,2021-01-08
976,mouse,electronics,WH-3,49,supplier-1,483.06,2021-05-17
977,keyboard,electronics,WH-3,136,supplier-6,877.36,2021-04-23
978,scanner,electronics,WH-2,114,supplier-17,1098.69,2020-05-08
979,desk,furniture,WH-3,330,supplier-13,266.6,2020-07-17
980,mouse,electronics,WH-5,103,supplier-19,929.53,2020-01-01
981,mouse,electronics,WH-3,373,supplier-2,957.4,2020-09-27
982,mouse,electronics,WH-2,352,supplier-3,515.82,2021-02-20
983,desktops,electronics,WH-3,380,supplier-19,845.89,2020-06-10
984,mouse,electronics,WH-3,297,supplier-12,186.65,2020-07-10
985,flashdrives,electronics,WH-3,442,supplier-6,1374.33,2021-02-20
986,desk,furniture,WH-5,350,supplier-4,872.9,2021-05-29
987,desk,furniture,WH-2,444,supplier-14,392.84,2020-12-05
988,flashdrives,electronics,WH-2,263,supplier-6,620.26,2020-11-16
989,laptop,electronics,WH-5,121,supplier-9,780.19,2021-06-21
990,keyboard,electronics,WH-4,58,supplier-17,474.52,2021-05-21
991,laptop,electronics,WH-4,442,supplier-5,673.81,2021-05-12
992,scanner,electronics,WH-3,28,supplier-3,271.69,2020-03-11
993,desk,furniture,WH-1,4,supplier-13,36.64,2021-03-19
994,printer,electronics,WH-3,274,supplier-19,1023.85,2021-06-07
995,scanner,electronics,WH-1,381,supplier-13,863.79,2020-10-07
996,keyboard,electronics,WH-2,38,supplier-18,1333.06,2020-08-18
997,scanner,electronics,WH-1,495,supplier-1,492.79,2021-05-16
998,laptop,electronics,WH-5,270,supplier-3,265.15,2021-02-24
999,keyboard,electronics,WH-3,184,supplier-5,1341.06,2021-03-20
1000,mouse,electronics,WH-1,202,supplier-11,1292.43,2021-06-14
1001,chair,furniture,WH-2,266,supplier-2,1318.86,2020-01-03
1002,desktops,electronics,WH-5,358,supplier-7,890.3,2020-07-17
1003,scanner,electronics,WH-3,353,supplier-16,1081.57,2020-07-09
1004,flashdrives,electronics,WH-5,316,supplier-5,305.54,2020-12-05
1005,monitor,electronics,WH-4,454,supplier-9,360.81,2021-02-27
1006,mouse,electronics,WH-1,361,supplier-8,252.37,2020-07-03
1007,printer,electronics,WH-4,386,supplier-10,780.77,2020-07-28
1008,desk,furniture,WH-5,141,supplier-7,724.37,2020-03-15
1009,desk,furniture,WH-3,18,supplier-13,986.12,2020-05-09
1010,flashdrives,electronics,WH-3,398,supplier-12,180.79,2020-12-27
1011,printer,electronics,WH-1,239,supplier-16,1197.95,2020-12-03
1012,chair,furniture,WH-3,72,supplier-12,174.73,2021-03-21
1013,printer,electronics,WH-4,33,supplier-17,234.77,2020-06-20
1014,desktops,electronics,WH-1,4,supplier-16,337.28,2021-03-14
1015,chair,furniture,WH-2,370,supplier-8,291.47,2020-03-18
1016,keyboard,electronics,WH-2,383,supplier-6,460.69,2020-06-09
1017,chair,furniture,WH-1,385,supplier-18,186.0,2020-04-16
1018,laptop,electronics,WH-1,443,supplier-16,156.52,2021-05-21
1019,flashdrives,electronics,WH-1,235,supplier-1,1459.04,2021-01-15
1020,monitor,electronics,WH-4,286,supplier-15,1147.76,2020-01-23
1021,keyboard,electronics,WH-5,371,supplier-18,884.39,2021-04-20
1022,chair,furniture,WH-5,246,supplier-13,710.58,2020-02-20
1023,printer,electronics,WH-4,482,supplier-16,489.9,2020-08-26
1024,flashdrives,electronics,WH-3,455,supplier-5,739.67,2020-12-13
1025,laptop,electronics,WH-2,197,supplier-7,1067.65,2020-07-19
1026,keyboard,electronics,WH-3,103,supplier-18,399.45,2021-04-13
1027,mouse,electronics,WH-1,489,supplier-13,1280.6,2021-04-27
1028,laptop,electronics,WH-2,294,supplier-12,384.08,2021-05-28
1029,monitor,electronics,WH-2,466,supplier-10,859.88,2020-06-04
1030,monitor,electronics,WH-4,228,supplier-19,1408.8,2020-06-13
1031,mouse,electronics,WH-1,92,supplier-15,232.08,2020-07-28
1032,flashdrives,electronics,WH-3,60,supplier-10,580.18,2020-05-31
1033,chair,furniture,WH-4,22,supplier-6,833.3,2020-01-01
1034,scanner,electronics,WH-2,492,supplier-1,1456.0,2021-02-16
1035,monitor,electronics,WH-5,459,supplier-3,745.69,2020-03-05
1036,chair,furniture,WH-1,407,supplier-7,1025.63,2020-04-05
1037,scanner,electronics,WH-3,388,supplier-3,757.72,2020-03-30
1038,desk,furniture,WH-5,215,supplier-16,1431.07,2021-01-23
1039,chair,furniture,WH-1,379,supplier-8,196.81,2020-12-29
1040,desk,furniture,WH-2,407,supplier-20,226.84,2021-06-22
1041,flashdrives,electronics,WH-2,122,supplier-16,106.0,2020-02-10
1042,desk,furniture,WH-1,112,supplier-20,968.73,2020-10-24
1043,flashdrives,electronics,WH-2,446,supplier-11,835.25,2020-05-05
1044,desktops,electronics,WH-1,248,supplier-8,1324.71,2020-02-18
1045,flashdrives,electronics,WH-5,287,supplier-1,974.05,2021-04-19
1046,mouse,electronics,WH-3,271,supplier-18,1442.48,2020-11-10
1047,desk,furniture,WH-4,11,supplier-14,140.57,2020-06-14
1048,scanner,electronics,WH-1,172,supplier-13,759.03,2021-01-21
1049,laptop,electronics,WH-5,130,supplier-16,469.38,2020-07-30
1050,laptop,electronics,WH-4,465,supplier-12,393.48,2021-02-27
1051,monitor,electronics,WH-5,192,supplier-1,1401.11,2021-05-01
1052,flashdrives,electronics,WH-3,79,supplier-12,1342.22,2020-07-05
1053,mouse,electronics,WH-3,439,supplier-6,1119.32,2021-04-12
1054,desktops,electronics,WH-3,62,supplier-5,479.42,2020-01-04
1055,laptop,electronics,WH-4,475,supplier-4,77.61,2021-05-25
1056,keyboard,electronics,WH-5,475,supplier-9,129.36,2020-08-23
1057,desk,furniture,WH-2,446,supplier-17,1271.56,2020-12-13
1058,monitor,electronics,WH-2,154,supplier-7,769.37,2020-02-22
1059,scanner,electronics,WH-4,320,supplier-1,721.54,2021-05-25
1060,mouse,electronics,WH-5,200,supplier-18,632.4,2021-04-02
1061,desk,furniture,WH-4,18,supplier-9,1469.91,2020-04-10
1062,monitor,electronics,WH-2,415,supplier-10,1186.3,2021-03-12
1063,chair,furniture,WH-4,425,supplier-11,765.84,2021-04-21
1064,flashdrives,electronics,WH-5,146,supplier-17,871.79,2020-11-20
1065,scanner,electronics,WH-3,322,supplier-10,1351.43,2021-04-10
1066,flashdrives,electronics,WH-2,370,supplier-11,342.62,2020-04-02
1067,scanner,electronics,WH-1,350,supplier-3,1454.06,2020-10-13
1068,chair,furniture,WH-5,285,supplier-15,1209.8,2021-01-03
1069,desktops,electronics,WH-4,490,supplier-15,215.91,2020-07-27
1070,chair,furniture,WH-5,36,supplier-4,437.76,2020-04-13
1071,mouse,electronics,WH-3,61,supplier-17,1279.33,2020-02-24
1072,desk,furniture,WH-2,166,supplier-2,952.55,2021-05-01
1073,desktops,electronics,WH-4,375,supplier-18,662.42,2021-03-20
1074,desktops,electronics,WH-5,178,supplier-8,946.72,2020-11-25
1075,printer,electronics,WH-4,10,supplier-11,1405.59,2020-08-27
1076,monitor,electronics,WH-5,100,supplier-1,887.34,2021-03-03
1077,chair,furniture,WH-4,12,supplier-15,814.97,2020-08-30
1078,desk,furniture,WH-5,385,supplier-6,927.92,2020-11-09
1079,laptop,electronics,WH-2,206,supplier-18,981.84,2020-08-11
1080,scanner,electronics,WH-4,340,supplier-20,162.98,2020-05-22
1081,chair,furniture,WH-2,346,supplier-2,833.67,2020-03-31
1082,keyboard,electronics,WH-1,398,supplier-20,614.3,2021-05-13
1083,mouse,electronics,WH-3,180,supplier-5,671.14,2020-08-21
1084,keyboard,electronics,WH-4,436,supplier-4,921.5,2020-10-10
1085,mouse,electronics,WH-1,352,supplier-5,375.92,2020-07-23
1086,scanner,electronics,WH-5,487,supplier-7,1476.65,2020-11-28
1087,keyboard,electronics,WH-4,26,supplier-14,240.98,2020-09-26
1088,monitor,electronics,WH-2,205,supplier-12,361.79,2020-08-09
1089,monitor,electronics,WH-5,7,supplier-6,900.02,2021-02-14
1090,printer,electronics,WH-1,154,supplier-14,284.49,2020-05-03
1091,monitor,electronics,WH-5,117,supplier-13,1228.13,2020-04-22
1092,desk,furniture,WH-5,178,supplier-17,560.11,2021-02-08
1093,monitor,electronics,WH-5,391,supplier-1,1221.63,2020-08-14
1094,monitor,electronics,WH-3,261,supplier-5,620.79,2020-12-07
1095,keyboard,electronics,WH-3,449,supplier-1,1214.99,2020-12-13
1096,chair,furniture,WH-2,358,supplier-12,740.29,2021-05-06
1097,flashdrives,electronics,WH-3,65,supplier-15,51.18,2021-04-20
1098,flashdrives,electronics,WH-3,32,supplier-11,257.55,2021-04-21
1099,laptop,electronics,WH-5,260,supplier-6,948.23,2020-09-03
1100,desktops,electronics,WH-1,232,supplier-16,300.19,2020-10-01
1101,desk,furniture,WH-4,245,supplier-12,708.25,2020-02-06
1102,mouse,electronics,WH-5,287,supplier-14,1008.53,2021-05-19
1103,desktops,electronics,WH-2,347,supplier-14,504.35,2021-01-17
1104,laptop,electronics,WH-3,473,supplier-17,895.39,2020-09-10
1105,printer,electronics,WH-1,296,supplier-8,925.34,2020-04-17
1106,mouse,electronics,WH-3,229,supplier-15,623.6,2021-03-15
1107,desktops,electronics,WH-3,175,supplier-9,1217.63,2020-06-28
1108,chair,furniture,WH-4,498,supplier-5,1066.43,2020-03-25
1109,scanner,electronics,WH-3,159,supplier-7,813.26,2020-11-08
1110,chair,furniture,WH-3,341,supplier-3,1408.43,2020-06-30
1111,printer,electronics,WH-3,236,supplier-4,1447.93,2020-05-29
1112,flashdrives,electronics,WH-5,106,supplier-5,809.24,2020-04-11
1113,scanner,electronics,WH-5,176,supplier-6,910.72,2020-10-09
1114,chair,furniture,WH-1,303,supplier-13,1482.94,2020-01-05
1115,scanner,electronics,WH-1,231,supplier-14,785.87,2020-10-24
1116,mouse,electronics,WH-3,33,supplier-15,70.89,2020-01-31
1117,laptop,electronics,WH-4,315,supplier-13,1045.31,2021-03-13
1118,desktops,electronics,WH-3,177,supplier-1,770.1,2020-11-11
1119,scanner,electronics,WH-1,408,supplier-1,177.48,2021-03-16
1120,chair,furniture,WH-2,426,supplier-6,1210.43,2020-05-14
1121,mouse,electronics,WH-4,221,supplier-11,441.49,2021-04-23
1122,desktops,electronics,WH-4,348,supplier-9,942.2,2020-12-16
1123,desktops,electronics,WH-1,330,supplier-12,926.42,2021-01-30
1124,desk,furniture,WH-5,145,supplier-20,244.06,2020-01-22
1125,printer,electronics,WH-4,87,supplier-6,487.03,2020-11-01
1126,chair,furniture,WH-1,231,supplier-12,851.2,2021-05-28
1127,monitor,electronics,WH-3,498,supplier-5,1255.98,2021-04-21
1128,desktops,electronics,WH-5,5,supplier-13,636.16,2020-06-23
1129,printer,electronics,WH-5,479,supplier-11,781.06,2020-03-29
1130,scanner,electronics,WH-2,22,supplier-17,1118.85,2021-01-30
1131,flashdrives,electronics,WH-2,155,supplier-3,734.98,2020-05-26
1132,chair,furniture,WH-5,251,supplier-19,1034.92,2020-12-29
1133,mouse,electronics,WH-5,282,supplier-14,1061.39,2021-04-20
1134,desktops,electronics,WH-4,447,supplier-6,883.92,2020-12-03
1135,desktops,electronics,WH-1,148,supplier-16,1402.69,2020-11-22
1136,chair,furniture,WH-2,247,supplier-9,433.23,2021-04-05
1137,printer,electronics,WH-1,104,supplier-4,1179.16,2020-02-03
1138,mouse,electronics,WH-1,434,supplier-4,91.97,2021-04-29
1139,mouse,electronics,WH-4,112,supplier-3,1451.23,2020-03-15
1140,mouse,electronics,WH-2,178,supplier-14,691.95,2021-04-27
1141,mouse,electronics,WH-1,367,supplier-8,345.19,2020-05-15
1142,laptop,electronics,WH-3,77,supplier-18,668.41,2020-08-23
1143,flashdrives,electronics,WH-4,453,supplier-13,1454.44,2020-08-27
1144,keyboard,electronics,WH-4,210,supplier-5,36.98,2020-05-28
1145,printer,electronics,WH-4,78,supplier-5,1418.42,2021-02-11
1146,printer,electronics,WH-1,173,supplier-8,1289.99,2021-05-12
1147,keyboard,electronics,WH-5,30,supplier-14,983.64,2020-12-26
1148,flashdrives,electronics,WH-1,197,supplier-18,639.39,2020-04-26
1149,keyboard,electronics,WH-5,179,supplier-12,1181.02,2020-02-29
1150,keyboard,electronics,WH-5,148,supplier-2,626.79,2021-05-30
1151,flashdrives,electronics,WH-5,71,supplier-9,1363.58,2020-02-04
1152,scanner,electronics,WH-2,190,supplier-4,466.48,2021-05-14
1153,scanner,electronics,WH-4,106,supplier-9,864.34,2020-11-16
1154,monitor,electronics,WH-3,124,supplier-15,431.57,2020-12-05
1155,keyboard,electronics,WH-3,95,supplier-11,652.05,2021-06-07
1156,desktops,electronics,WH-3,250,supplier-1,734.32,2020-03-29
1157,mouse,electronics,WH-4,473,supplier-13,320.27,2020-07-28
1158,desk,furniture,WH-4,51,supplier-18,987.97,2020-03-07
1159,printer,electronics,WH-1,172,supplier-19,1374.15,2021-05-04
1160,keyboard,electronics,WH-5,135,supplier-3,279.01,2020-11-23
1161,desktops,electronics,WH-3,170,supplier-7,39.74,2020-03-14
1162,flashdrives,electronics,WH-5,107,supplier-13,291.98,2021-03-24
1163,desk,furniture,WH-1,448,supplier-2,513.84,2020-11-01
1164,printer,electronics,WH-3,390,supplier-3,618.39,2020-03-11
1165,mouse,electronics,WH-4,361,supplier-20,1145.08,2020-08-02
1166,desktops,electronics,WH-2,98,supplier-6,1057.81,2021-04-08
1167,mouse,electronics,WH-3,310,supplier-12,537.88,2021-05-09
1168,mouse,electronics,WH-4,175,supplier-18,460.4,2021-03-26
1169,laptop,electronics,WH-1,296,supplier-16,794.94,2020-04-17
1170,mouse,electronics,WH-1,296,supplier-1,1068.0,2020-01-13
1171,scanner,electronics,WH-2,127,supplier-16,99.95,2021-01-26
1172,mouse,electronics,WH-5,447,supplier-15,817.75,2020-07-07
1173,desktops,electronics,WH-2,329,supplier-4,690.02,2021-05-11
1174,chair,furniture,WH-5,433,supplier-8,1463.57,2020-08-15
1175,desk,furniture,WH-4,414,supplier-14,141.22,2021-05-26
1176,flashdrives,electronics,WH-4,59,supplier-14,1061.61,2021-03-28
1177,desk,furniture,WH-4,243,supplier-4,1465.4,2021-04-27
1178,mouse,electronics,WH-5,235,supplier-4,847.44,2020-05-25
1179,laptop,electronics,WH-1,226,supplier-18,1265.55,2021-06-09
1180,monitor,electronics,WH-4,172,supplier-18,739.92,2020-11-04
1181,printer,electronics,WH-5,192,supplier-3,1333.05,2020-02-18
1182,keyboard,electronics,WH-2,253,supplier-20,376.49,2021-03-11
1183,chair,furniture,WH-3,266,supplier-17,496.72,2021-06-06
1184,printer,electronics,WH-1,96,supplier-13,340.16,2020-06-14
1185,mouse,electronics,WH-2,251,supplier-20,596.44,2020-07-26
1186,mouse,electronics,WH-1,251,supplier-16,1181.1,2020-11-18
1187,printer,electronics,WH-3,407,supplier-14,356.3,2020-08-01
1188,scanner,electronics,WH-4,361,supplier-19,1014.38,2020-09-29
1189,scanner,electronics,WH-1,359,supplier-7,315.93,2021-03-03
1190,chair,furniture,WH-1,86,supplier-13,161.84,2020-07-25
1191,chair,furniture,WH-4,34,supplier-2,1311.46,2020-11-25
1192,keyboard,electronics,WH-2,320,supplier-7,131.5,2020-01-11
1193,chair,furniture,WH-2,438,supplier-19,707.51,2020-04-29
1194,laptop,electronics,WH-2,392,supplier-8,1432.12,2021-06-10
1195,flashdrives,electronics,WH-3,280,supplier-1,364.98,2020-07-19
1196,desk,furniture,WH-1,2,supplier-3,824.4,2020-04-28
1197,flashdrives,electronics,WH-4,73,supplier-5,618.54,2020-01-13
1198,desktops,electronics,WH-1,359,supplier-19,514.53,2021-01-10
1199,mouse,electronics,WH-5,481,supplier-14,1187.23,2021-02-01
1200,desk,furniture,WH-4,153,supplier-19,957.32,2020-04-23
1201,monitor,electronics,WH-3,383,supplier-20,845.07,2020-05-20
1202,chair,furniture,WH-2,68,supplier-7,692.53,2021-03-07
1203,desktops,electronics,WH-2,451,supplier-6,1035.53,2021-02-15
1204,keyboard,electronics,WH-1,364,supplier-19,1099.58,2020-10-14
1205,desk,furniture,WH-1,380,supplier-3,40.98,2020-12-15
1206,laptop,electronics,WH-5,453,supplier-6,530.83,2021-04-14
1207,keyboard,electronics,WH-4,312,supplier-14,697.13,2021-04-28
1208,scanner,electronics,WH-3,214,supplier-11,1013.88,2021-02-26
1209,laptop,electronics,WH-2,401,supplier-7,527.28,2020-07-25
1210,scanner,electronics,WH-5,111,supplier-15,1148.71,2021-01-17
1211,keyboard,electronics,WH-2,98,supplier-14,891.98,2021-04-08
1212,mouse,electronics,WH-4,429,supplier-10,560.25,2020-08-23
1213,monitor,electronics,WH-3,251,supplier-3,743.44,2021-04-14
1214,keyboard,electronics,WH-4,462,supplier-13,1462.21,2020-04-09
1215,desk,furniture,WH-3,416,supplier-13,279.1,2020-03-04
1216,printer,electronics,WH-4,431,supplier-4,538.15,2021-05-29
1217,laptop,electronics,WH-2,252,supplier-12,1166.13,2020-08-14
1218,laptop,electronics,WH-2,322,supplier-20,319.84,2020-03-19
1219,mouse,electronics,WH-1,74,supplier-13,1213.77,2020-09-14
1220,monitor,electronics,WH-1,247,supplier-20,989.43,2020-05-27
1221,printer,electronics,WH-2,92,supplier-6,1154.68,2020-03-09
1222,mouse,electronics,WH-5,351,supplier-9,1193.65,2020-01-05
1223,keyboard,electronics,WH-3,75,supplier-2,745.97,2020-07-15
1224,scanner,electronics,WH-4,139,supplier-18,976.7,2021-05-31
1225,desk,furniture,WH-5,476,supplier-9,201.09,2021-01-01
1226,desk,furniture,WH-2,227,supplier-19,1465.3,2021-04-17
1227,monitor,electronics,WH-5,283,supplier-1,1274.68,2020-12-29
1228,keyboard,electronics,WH-5,175,supplier-1,927.22,2021-02-21
1229,printer,electronics,WH-4,276,supplier-13,480.92,2020-01-20
1230,keyboard,electronics,WH-3,226,supplier-6,1488.25,2020-06-18
1231,monitor,electronics,WH-5,272,supplier-15,1496.95,2021-03-08
1232,flashdrives,electronics,WH-2,301,supplier-20,778.73,2021-02-06
1233,desktops,electronics,WH-2,33,supplier-7,229.86,2021-01-07
1234,printer,electronics,WH-1,443,supplier-15,17.56,2020-05-04
1235,printer,electronics,WH-5,343,supplier-7,108.75,2021-02-01
1236,scanner,electronics,WH-5,327,supplier-7,1089.43,2020-03-02
1237,desktops,electronics,WH-3,12,supplier-16,905.84,2020-02-23
1238,laptop,electronics,WH-5,323,supplier-19,1064.48,2020-03-11
1239,printer,electronics,WH-4,94,supplier-5,1408.76,2021-03-07
1240,flashdrives,electronics,WH-2,486,supplier-18,1377.46,2020-01-11
1241,keyboard,electronics,WH-1,12,supplier-6,523.76,2021-06-18
1242,printer,electronics,WH-5,82,supplier-8,719.94,2020-04-12
1243,desktops,electronics,WH-3,286,supplier-9,1443.47,2021-04-16
1244,desktops,electronics,WH-3,92,supplier-16,1403.64,2020-03-23
1245,chair,furniture,WH-5,259,supplier-5,1357.48,2020-02-15
1246,chair,furniture,WH-3,477,supplier-8,259.99,2020-03-21
1247,printer,electronics,WH-5,113,supplier-16,319.63,2020-02-19
1248,mouse,electronics,WH-2,370,supplier-8,1280.93,2021-04-18
1249,scanner,electronics,WH-4,168,supplier-7,1209.29,2021-03-04
1250,printer,electronics,WH-2,362,supplier-2,1074.72,2020-09-08
1251,flashdrives,electronics,WH-1,191,supplier-2,408.77,2020-12-08
1252,desktops,electronics,WH-1,144,supplier-15,52.22,2020-06-12
1253,desktops,electronics,WH-5,448,supplier-19,324.11,2020-11-21
1254,flashdrives,electronics,WH-5,226,supplier-12,480.53,2020-12-31
1255,mouse,electronics,WH-2,38,supplier-6,1327.21,2021-02-15
1256,flashdrives,electronics,WH-5,422,supplier-5,1194.24,2020-02-10
1257,keyboard,electronics,WH-3,149,supplier-6,79.23,2020-08-17
1258,mouse,electronics,WH-3,11,supplier-16,758.0,2020-02-05
1259,mouse,electronics,WH-3,203,supplier-3,612.24,2020-09-15
1260,mouse,electronics,WH-2,40,supplier-18,419.74,2020-02-07
1261,monitor,electronics,WH-2,259,supplier-5,195.12,2020-10-18
1262,keyboard,electronics,WH-4,248,supplier-18,128.08,2021-05-27
1263,scanner,electronics,WH-4,276,supplier-9,1000.19,2020-12-07
1264,mouse,electronics,WH-4,277,supplier-7,1342.62,2020-04-13
1265,laptop,electronics,WH-5,151,supplier-13,523.57,2020-09-28
1266,keyboard,electronics,WH-2,90,supplier-10,1101.94,2021-01-13
1267,scanner,electronics,WH-3,437,supplier-9,138.58,2020-03-24
1268,monitor,electronics,WH-3,400,supplier-10,560.38,2020-11-09
1269,keyboard,electronics,WH-2,226,supplier-5,606.81,2020-09-05
1270,keyboard,electronics,WH-5,157,supplier-18,853.6,2020-07-24
1271,printer,electronics,WH-5,299,supplier-17,566.13,2020-03-02
1272,mouse,electronics,WH-4,240,supplier-3,193.55,2021-03-19
1273,chair,furniture,WH-2,439,supplier-13,1422.33,2021-04-26
1274,flashdrives,electronics,WH-2,255,supplier-6,1425.32,2020-04-16
1275,desktops,electronics,WH-4,434,supplier-16,981.45,2020-12-25
1276,flashdrives,electronics,WH-3,350,supplier-1,765.24,2020-08-17
1277,desk,furniture,WH-3,221,supplier-13,920.36,2020-02-09
1278,mouse,electronics,WH-4,156,supplier-1,853.05,2021-01-20
1279,desk,furniture,WH-2,78,supplier-8,411.45,2021-03-01
1280,keyboard,electronics,WH-5,376,supplier-15,897.26,2020-12-05
1281,mouse,electronics,WH-3,98,supplier-1,909.17,2020-03-17
1282,chair,furniture,WH-4,461,supplier-18,1403.12,2021-03-01
1283,laptop,electronics,WH-1,312,supplier-7,915.86,2021-03-12
1284,mouse,electronics,WH-4,276,supplier-14,166.47,2021-03-03
1285,scanner,electronics,WH-5,183,supplier-10,413.56,2021-03-14
1286,flashdrives,electronics,WH-2,415,supplier-7,989.74,2020-03-09
1287,keyboard,electronics,WH-5,348,supplier-2,402.38,2020-04-10
1288,scanner,electronics,WH-1,480,supplier-17,41.11,2021-04-15
1289,scanner,electronics,WH-5,422,supplier-7,792.82,2020-08-10
1290,desk,furniture,WH-1,79,supplier-17,1477.44,2020-08-12
1291,keyboard,electronics,WH-4,329,supplier-10,943.82,2021-06-17
1292,laptop,electronics,WH-4,111,supplier-1,432.34,2021-02-28
1293,monitor,electronics,WH-4,157,supplier-15,527.61,2020-09-27
1294,monitor,electronics,WH-3,255,supplier-14,20.99,2020-09-24
1295,laptop,electronics,WH-1,190,supplier-1,315.19,2020-09-09
1296,flashdrives,electronics,WH-3,439,supplier-7,1165.06,2021-06-16
1297,scanner,electronics,WH-1,384,supplier-19,459.1,2020-11-24
1298,desk,furniture,WH-2,385,supplier-16,1391.46,2020-02-28
1299,chair,furniture,WH-3,411,supplier-12,110.46,2021-02-13
1300,printer,electronics,WH-4,118,supplier-3,700.99,2021-01-06
1301,mouse,electronics,WH-3,224,supplier-14,228.62,2020-06-23
1302,keyboard,electronics,WH-5,198,supplier-13,1447.82,2020-12-14
1303,mouse,electronics,WH-4,48,supplier-14,622.28,2020-03-31
1304,flashdrives,electronics,WH-2,31,supplier-13,360.76,2020-01-17
1305,monitor,electronics,WH-1,141,supplier-17,198.62,2020-01-09
1306,keyboard,electronics,WH-2,195,supplier-17,958.01,2020-04-04
1307,desktops,electronics,WH-5,85,supplier-16,1233.16,2021-05-12
1308,printer,electronics,WH-4,303,supplier-1,982.22,2021-01-26
1309,laptop,electronics,WH-2,371,supplier-5,36.32,2020-04-01
1310,printer,electronics,WH-2,40,supplier-11,868.09,2020-12-14
1311,desk,furniture,WH-3,194,supplier-2,1244.05,2020-05-25
1312,monitor,electronics,WH-5,160,supplier-12,1324.09,2020-07-03
1313,desktops,electronics,WH-2,92,supplier-17,578.72,2020-09-27
1314,mouse,electronics,WH-3,467,supplier-4,834.19,2020-09-27
1315,desk,furniture,WH-4,294,supplier-11,1186.04,2020-01-25
1316,desktops,electronics,WH-3,55,supplier-18,466.59,2020-08-18
1317,desk,furniture,WH-1,194,supplier-10,292.47,2020-02-04
1318,flashdrives,electronics,WH-2,416,supplier-5,663.62,2020-11-15
1319,monitor,electronics,WH-3,12,supplier-18,313.77,2020-01-21
1320,laptop,electronics,WH-2,387,supplier-1,818.91,2020-01-11
1321,laptop,electronics,WH-3,374,supplier-2,908.16,2020-12-16
1322,desk,furniture,WH-2,170,supplier-17,937.16,2020-09-15
1323,scanner,electronics,WH-3,356,supplier-11,1240.26,2020-11-28
1324,monitor,electronics,WH-1,317,supplier-2,560.33,2020-03-25
1325,desktops,electronics,WH-5,182,supplier-8,1279.01,2020-11-12
1326,scanner,electronics,WH-3,287,supplier-12,1166.92,2020-01-26
1327,laptop,electronics,WH-4,64,supplier-16,1382.77,2020-10-08
1328,flashdrives,electronics,WH-3,290,supplier-3,619.83,2021-03-23
1329,laptop,electronics,WH-5,157,supplier-4,119.05,2020-10-31
1330,scanner,electronics,WH-1,350,supplier-16,473.04,2020-12-05
1331,keyboard,electronics,WH-2,182,supplier-15,1311.67,2021-01-01
1332,flashdrives,electronics,WH-1,379,supplier-8,1175.19,2020-01-11
1333,laptop,electronics,WH-2,336,supplier-15,505.04,2020-10-24
1334,printer,electronics,WH-3,268,supplier-5,680.64,2020-08-23
1335,keyboard,electronics,WH-4,395,supplier-6,344.31,2021-04-14
1336,mouse,electronics,WH-2,237,supplier-11,186.78,2020-08-31
1337,desk,furniture,WH-5,183,supplier-17,1041.63,2020-04-12
1338,desk,furniture,WH-2,162,supplier-19,624.78,2021-01-17
1339,desk,furniture,WH-1,177,supplier-3,74.79,2020-01-14
1340,mouse,electronics,WH-1,75,supplier-5,1158.45,2020-09-20
1341,desktops,electronics,WH-4,407,supplier-20,367.92,2021-05-08
1342,scanner,electronics,WH-5,109,supplier-16,1006.71,2021-04-09
1343,desk,furniture,WH-5,412,supplier-4,57.17,2020-07-10
1344,scanner,electronics,WH-4,497,supplier-3,682.29,2020-11-22
1345,desk,furniture,WH-3,274,supplier-14,1249.06,2020-02-04
1346,desktops,electronics,WH-5,93,supplier-5,327.35,2020-04-26
1347,desk,furniture,WH-4,25,supplier-19,1296.46,2021-01-01
1348,chair,furniture,WH-4,404,supplier-8,464.07,2020-11-22
1349,desktops,electronics,WH-5,477,supplier-3,602.99,2021-05-19
1350,keyboard,electronics,WH-2,459,supplier-16,1333.51,2021-06-04
1351,monitor,electronics,WH-2,161,supplier-6,793.58,2021-04-25
1352,desk,furniture,WH-5,425,supplier-4,664.63,2021-04-04
1353,laptop,electronics,WH-4,188,supplier-6,1288.8,2021-03-26
1354,flashdrives,electronics,WH-4,53,supplier-5,385.1,2020-06-21
1355,keyboard,electronics,WH-1,101,supplier-20,1408.53,2020-04-04
1356,laptop,electronics,WH-1,343,supplier-13,140.13,2021-05-28
1357,mouse,electronics,WH-1,241,supplier-13,1340.12,2020-09-21
1358,printer,electronics,WH-2,253,supplier-13,997.12,2020-01-15
1359,flashdrives,electronics,WH-4,190,supplier-2,62.49,2020-11-04
1360,laptop,electronics,WH-1,43,supplier-14,451.62,2021-06-20
1361,mouse,electronics,WH-4,323,supplier-20,682.63,2021-06-16
1362,keyboard,electronics,WH-2,300,supplier-9,1067.86,2020-10-08
1363,laptop,electronics,WH-4,43,supplier-5,1079.66,2020-07-27
1364,mouse,electronics,WH-3,362,supplier-5,395.15,2020-04-01
1365,monitor,electronics,WH-1,479,supplier-8,778.82,2021-05-04
1366,chair,furniture,WH-2,400,supplier-4,250.79,2020-12-22
1367,laptop,electronics,WH-1,231,supplier-11,448.42,2021-03-03
1368,monitor,electronics,WH-1,65,supplier-5,497.9,2020-12-07
1369,mouse,electronics,WH-1,462,supplier-19,702.49,2021-02-28
1370,monitor,electronics,WH-1,225,supplier-6,1046.63,2020-05-21
1371,laptop,electronics,WH-4,439,supplier-12,964.92,2020-12-25
1372,mouse,electronics,WH-5,443,supplier-10,874.92,2021-05-22
1373,monitor,electronics,WH-5,209,supplier-7,642.72,2020-02-24
1374,keyboard,electronics,WH-4,48,supplier-7,1228.77,2021-02-12
1375,chair,furniture,WH-2,476,supplier-11,280.07,2020-07-13
1376,mouse,electronics,WH-5,227,supplier-2,1281.21,2020-10-20
1377,printer,electronics,WH-1,363,supplier-7,1184.64,2021-05-24
1378,scanner,electronics,WH-1,116,supplier-9,722.47,2020-08-12
1379,monitor,electronics,WH-3,232,supplier-12,1058.8,2020-11-01
1380,flashdrives,electronics,WH-2,106,supplier-8,109.94,2021-03-21
1381,flashdrives,electronics,WH-4,187,supplier-1,1172.59,2020-06-27
1382,laptop,electronics,WH-3,79,supplier-16,1343.38,2020-02-29
1383,laptop,electronics,WH-1,277,supplier-13,700.74,2020-11-12
1384,monitor,electronics,WH-4,318,supplier-9,1094.88,2021-06-13
1385,desktops,electronics,WH-2,160,supplier-19,1351.21,2020-12-21
1386,mouse,electronics,WH-5,54,supplier-3,32.68,2020-05-07
1387,mouse,electronics,WH-1,347,supplier-11,1449.62,2020-09-09
1388,laptop,electronics,WH-4,260,supplier-8,1048.14,2020-04-21
1389,desk,furniture,WH-2,304,supplier-17,783.11,2021-04-11
1390,chair,furniture,WH-3,155,supplier-18,1089.81,2020-01-20
1391,chair,furniture,WH-3,352,supplier-12,801.3,2020-11-13
1392,desktops,electronics,WH-3,288,supplier-6,1095.97,2020-05-02
1393,monitor,electronics,WH-5,238,supplier-1,396.25,2020-07-05
1394,printer,electronics,WH-1,383,supplier-11,810.82,2020-02-06
1395,flashdrives,electronics,WH-4,266,supplier-15,205.19,2020-06-07
1396,monitor,electronics,WH-3,259,supplier-19,193.23,2020-02-16
1397,flashdrives,electronics,WH-2,370,supplier-14,1280.79,2020-12-19
1398,mouse,electronics,WH-1,361,supplier-20,215.22,2020-01-26
1399,scanner,electronics,WH-3,110,supplier-3,520.87,2021-04-20
1400,laptop,electronics,WH-2,482,supplier-8,1317.95,2020-01-18
1401,laptop,electronics,WH-3,205,supplier-9,510.92,2021-05-03
1402,desktops,electronics,WH-5,393,supplier-16,536.67,2021-02-09
1403,scanner,electronics,WH-1,110,supplier-1,1285.29,2021-04-19
1404,keyboard,electronics,WH-4,211,supplier-13,333.74,2021-04-05
1405,printer,electronics,WH-5,298,supplier-18,466.74,2020-07-03
1406,laptop,electronics,WH-4,283,supplier-19,438.25,2020-02-11
1407,desktops,electronics,WH-3,436,supplier-1,1423.37,2021-05-07
1408,chair,furniture,WH-2,233,supplier-10,1004.5,2020-12-06
1409,flashdrives,electronics,WH-1,89,supplier-2,991.02,2020-05-30
1410,mouse,electronics,WH-1,298,supplier-4,424.22,2020-03-14
1411,desk,furniture,WH-5,394,supplier-16,489.48,2021-03-29
1412,scanner,electronics,WH-5,85,supplier-5,205.15,2020-01-08
1413,desktops,electronics,WH-3,132,supplier-4,579.01,2021-03-12
1414,scanner,electronics,WH-3,424,supplier-15,1327.48,2021-01-25
1415,desk,furniture,WH-4,82,supplier-19,107.17,2020-11-25
1416,printer,electronics,WH-3,261,supplier-16,209.98,2020-06-29
1417,scanner,electronics,WH-4,247,supplier-8,1091.64,2020-12-27
1418,desk,furniture,WH-4,305,supplier-18,416.45,2021-05-22
1419,printer,electronics,WH-1,256,supplier-17,210.34,2020-09-30
1420,desk,furniture,WH-2,56,supplier-14,507.5,2021-04-27
1421,laptop,electronics,WH-1,323,supplier-18,320.81,2020-03-06
1422,desktops,electronics,WH-2,93,supplier-16,265.02,2020-09-04
1423,mouse,electronics,WH-4,171,supplier-11,1143.48,2020-04-25
1424,monitor,electronics,WH-3,283,supplier-6,748.5,2021-03-29
1425,desk,furniture,WH-5,327,supplier-19,1434.75,2020-11-01
1426,mouse,electronics,WH-4,4,supplier-16,1263.03,2021-03-13
1427,monitor,electronics,WH-5,426,supplier-15,627.51,2020-01-09
1428,chair,furniture,WH-5,68,supplier-19,1456.81,2020-09-04
1429,desk,furniture,WH-4,237,supplier-3,363.02,2020-11-14
1430,laptop,electronics,WH-5,426,supplier-12,75.52,2020-05-27
1431,desk,furniture,WH-3,482,supplier-3,1337.3,2021-03-29
1432,keyboard,electronics,WH-2,273,supplier-20,577.89,2021-03-13
1433,desktops,electronics,WH-4,36,supplier-12,1424.93,2020-06-22
1434,laptop,electronics,WH-4,483,supplier-10,261.12,2020-06-12
1435,mouse,electronics,WH-5,26,supplier-18,174.42,2020-04-28
1436,desk,furniture,WH-4,410,supplier-18,1447.84,2021-03-20
1437,scanner,electronics,WH-5,207,supplier-1,1391.35,2020-09-04
1438,flashdrives,electronics,WH-2,77,supplier-5,299.06,2021-04-07
1439,keyboard,electronics,WH-4,450,supplier-19,29.08,2020-09-12
1440,scanner,electronics,WH-4,21,supplier-17,23.05,2020-10-15
1441,keyboard,electronics,WH-5,276,supplier-13,1403.03,2020-07-05
1442,laptop,electronics,WH-2,436,supplier-9,1135.29,2020-09-12
1443,scanner,electronics,WH-2,126,supplier-7,75.16,2021-01-28
1444,desktops,electronics,WH-2,63,supplier-4,97.27,2020-07-05
1445,monitor,electronics,WH-1,19,supplier-8,1024.89,2020-01-08
1446,desktops,electronics,WH-4,308,supplier-3,916.57,2021-03-08
1447,scanner,electronics,WH-5,62,supplier-8,1427.47,2020-07-16
1448,desk,furniture,WH-3,24,supplier-5,251.41,2021-06-02
1449,keyboard,electronics,WH-3,248,supplier-20,140.64,2020-02-18
1450,keyboard,electronics,WH-4,89,supplier-8,1214.41,2020-03-31
1451,keyboard,electronics,WH-4,252,supplier-11,961.88,2020-08-31
1452,desk,furniture,WH-2,157,supplier-17,1029.99,2021-05-28
1453,scanner,electronics,WH-5,186,supplier-13,193.98,2020-06-11
1454,desktops,electronics,WH-4,452,supplier-10,879.53,2020-04-01
1455,chair,furniture,WH-4,452,supplier-2,659.53,2020-07-13
1456,printer,electronics,WH-3,132,supplier-6,47.58,2020-04-13
1457,mouse,electronics,WH-4,419,supplier-7,822.92,2020-05-08
1458,mouse,electronics,WH-3,212,supplier-4,139.34,2020-05-06
1459,flashdrives,electronics,WH-5,103,supplier-19,183.53,2020-08-10
1460,scanner,electronics,WH-2,440,supplier-8,185.6,2020-08-05
1461,laptop,electronics,WH-4,51,supplier-1,799.99,2020-07-24
1462,keyboard,electronics,WH-2,380,supplier-4,1214.76,2020-06-09
1463,laptop,electronics,WH-1,154,supplier-17,704.94,2020-08-21
1464,printer,electronics,WH-3,144,supplier-13,221.22,2021-04-05
1465,scanner,electronics,WH-1,61,supplier-11,163.24,2020-05-07
1466,scanner,electronics,WH-2,183,supplier-13,232.77,2020-06-16
1467,printer,electronics,WH-1,185,supplier-9,38.65,2020-09-03
1468,printer,electronics,WH-4,110,supplier-2,1117.51,2020-10-17
1469,printer,electronics,WH-1,206,supplier-9,1467.43,2021-05-13
1470,desk,furniture,WH-4,136,supplier-14,771.27,2021-04-10
1471,flashdrives,electronics,WH-5,25,supplier-13,1289.25,2020-05-14
1472,printer,electronics,WH-1,149,supplier-12,905.0,2020-01-29
1473,flashdrives,electronics,WH-1,260,supplier-10,1406.17,2021-06-11
1474,keyboard,electronics,WH-3,76,supplier-3,118.91,2020-01-24
1475,chair,furniture,WH-1,68,supplier-18,1434.41,2020-08-28
1476,desk,furniture,WH-1,372,supplier-19,483.59,2020-07-22
1477,monitor,electronics,WH-4,136,supplier-11,1397.76,2020-09-25
1478,flashdrives,electronics,WH-3,460,supplier-1,1195.97,2020-05-17
1479,scanner,electronics,WH-2,51,supplier-10,1166.51,2020-03-23
1480,desktops,electronics,WH-4,132,supplier-11,943.65,2020-03-29
1481,desk,furniture,WH-2,191,supplier-3,53.49,2020-03-06
1482,keyboard,electronics,WH-2,239,supplier-16,470.7,2020-11-06
1483,scanner,electronics,WH-1,428,supplier-6,254.95,2020-04-14
1484,laptop,electronics,WH-5,55,supplier-4,189.16,2020-05-17
1485,mouse,electronics,WH-3,76,supplier-2,14.69,2020-04-26
1486,flashdrives,electronics,WH-4,177,supplier-14,1069.0,2020-11-24
1487,scanner,electronics,WH-4,375,supplier-17,306.4,2020-10-09
1488,chair,furniture,WH-5,488,supplier-20,1415.91,2020-05-04
1489,keyboard,electronics,WH-4,442,supplier-15,966.53,2021-04-23
1490,keyboard,electronics,WH-4,33,supplier-2,943.61,2021-04-05
1491,desktops,electronics,WH-5,174,supplier-7,670.87,2020-07-11
1492,desk,furniture,WH-1,199,supplier-17,762.71,2021-02-16
1493,keyboard,electronics,WH-2,22,supplier-16,964.93,2020-07-30
1494,chair,furniture,WH-4,133,supplier-11,1487.66,2020-05-30
1495,laptop,electronics,WH-5,295,supplier-16,274.6,2021-03-01
1496,printer,electronics,WH-5,489,supplier-15,818.24,2021-02-13
1497,chair,furniture,WH-5,207,supplier-19,162.71,2020-09-24
1498,laptop,electronics,WH-5,323,supplier-6,226.82,2020-04-09
1499,laptop,electronics,WH-5,482,supplier-1,213.78,2020-03-20
1500,monitor,electronics,WH-4,445,supplier-2,96.73,2021-04-08
1501,desktops,electronics,WH-5,120,supplier-18,1259.48,2020-02-08
1502,keyboard,electronics,WH-4,154,supplier-1,861.52,2020-11-02
1503,laptop,electronics,WH-5,249,supplier-5,97.21,2021-05-17
1504,desk,furniture,WH-3,409,supplier-19,37.1,2020-07-02
1505,printer,electronics,WH-1,221,supplier-13,78.31,2021-03-14
1506,scanner,electronics,WH-4,434,supplier-16,817.75,2020-06-03
1507,desk,furniture,WH-5,31,supplier-7,1051.53,2021-05-21
1508,flashdrives,electronics,WH-3,436,supplier-4,1221.66,2021-03-30
1509,scanner,electronics,WH-3,186,supplier-7,852.0,2020-09-13
1510,printer,electronics,WH-5,295,supplier-3,430.78,2020-08-10
1511,chair,furniture,WH-3,34,supplier-12,967.42,2020-06-03
1512,desktops,electronics,WH-1,89,supplier-5,619.99,2021-04-16
1513,desktops,electronics,WH-4,157,supplier-17,1354.74,2021-01-20
1514,monitor,electronics,WH-2,452,supplier-20,398.24,2020-05-30
1515,scanner,electronics,WH-4,478,supplier-10,1200.72,2020-09-04
1516,desktops,electronics,WH-5,79,supplier-15,1446.4,2021-03-14
1517,monitor,electronics,WH-1,487,supplier-1,175.51,2020-08-18
1518,scanner,electronics,WH-2,391,supplier-12,1427.28,2020-07-07
1519,scanner,electronics,WH-5,179,supplier-12,940.92,2021-02-17
1520,flashdrives,electronics,WH-3,213,supplier-19,402.02,2020-09-11
1521,monitor,electronics,WH-5,255,supplier-4,305.34,2020-04-14
1522,mouse,electronics,WH-4,310,supplier-4,381.57,2020-03-28
1523,desk,furniture,WH-4,177,supplier-20,814.86,2021-05-31
1524,scanner,electronics,WH-4,464,supplier-2,743.18,2020-03-15
1525,laptop,electronics,WH-5,188,supplier-11,545.14,2020-09-22
1526,laptop,electronics,WH-4,139,supplier-7,1297.98,2020-10-26
1527,desktops,electronics,WH-4,235,supplier-20,113.74,2020-07-24
1528,flashdrives,electronics,WH-4,127,supplier-9,1259.84,2021-02-12
1529,keyboard,electronics,WH-4,355,supplier-13,284.87,2021-01-31
1530,chair,furniture,WH-5,314,supplier-3,1395.2,2020-04-20
1531,desk,furniture,WH-4,44,supplier-17,1003.48,2020-08-28
1532,mouse,electronics,WH-1,225,supplier-9,169.85,2020-11-10
1533,monitor,electronics,WH-2,398,supplier-19,204.75,2020-01-28
1534,desktops,electronics,WH-4,91,supplier-5,631.31,2021-05-21
1535,desktops,electronics,WH-5,417,supplier-16,22.08,2020-01-25
1536,mouse,electronics,WH-1,282,supplier-3,1430.98,2021-02-01
1537,monitor,electronics,WH-4,17,supplier-1,554.74,2020-11-03
1538,flashdrives,electronics,WH-2,284,supplier-7,545.96,2020-02-18
1539,flashdrives,electronics,WH-1,106,supplier-17,263.86,2021-01-03
1540,desktops,electronics,WH-4,86,supplier-11,161.85,2020-05-01
1541,monitor,electronics,WH-2,48,supplier-12,491.95,2020-07-20
1542,keyboard,electronics,WH-4,307,supplier-2,1045.22,2021-04-27
1543,laptop,electronics,WH-4,48,supplier-9,1186.94,2020-05-18
1544,keyboard,electronics,WH-2,109,supplier-16,71.58,2020-01-28
1545,flashdrives,electronics,WH-3,30,supplier-18,12.91,2021-05-14
1546,mouse,electronics,WH-1,60,supplier-12,915.82,2020-11-24
1547,flashdrives,electronics,WH-1,297,supplier-18,1152.39,2020-11-30
1548,flashdrives,electronics,WH-4,29,supplier-7,707.79,2020-05-05
1549,scanner,electronics,WH-1,265,supplier-5,1216.8,2021-01-01
1550,flashdrives,electronics,WH-3,495,supplier-14,30.02,2020-10-15
1551,mouse,electronics,WH-5,473,supplier-8,1322.45,2021-04-03
1552,printer,electronics,WH-3,82,supplier-3,547.86,2020-02-27
1553,keyboard,electronics,WH-4,231,supplier-4,289.45,2021-05-05
1554,mouse,electronics,WH-5,422,supplier-17,415.07,2020-11-22
1555,mouse,electronics,WH-2,484,supplier-9,1469.02,2020-08-15
1556,laptop,electronics,WH-4,110,supplier-7,612.13,2021-05-30
1557,monitor,electronics,WH-5,100,supplier-19,1034.8,2020-08-26
1558,laptop,electronics,WH-3,135,supplier-13,108.39,2021-01-16
1559,desk,furniture,WH-2,254,supplier-2,259.11,2021-05-26
1560,laptop,electronics,WH-2,166,supplier-8,755.05,2020-04-06
1561,printer,electronics,WH-2,272,supplier-19,691.18,2020-04-17
1562,desktops,electronics,WH-3,243,supplier-10,572.79,2020-06-28
1563,chair,furniture,WH-3,3,supplier-11,51.04,2020-07-25
1564,desk,furniture,WH-1,406,supplier-20,294.02,2020-04-27
1565,keyboard,electronics,WH-2,21,supplier-3,1315.76,2021-05-14
1566,desk,furniture,WH-3,16,supplier-4,1321.87,2020-06-29
1567,desktops,electronics,WH-1,408,supplier-15,1030.15,2021-04-12
1568,keyboard,electronics,WH-1,79,supplier-3,224.76,2020-05-10
1569,chair,furniture,WH-4,140,supplier-5,520.81,2020-06-28
1570,scanner,electronics,WH-2,218,supplier-15,1079.63,2020-01-21
1571,scanner,electronics,WH-1,110,supplier-4,273.55,2020-10-14
1572,desk,furniture,WH-1,240,supplier-10,1084.85,2021-03-15
1573,chair,furniture,WH-1,417,supplier-14,32.51,2020-12-05
1574,desk,furniture,WH-5,212,supplier-13,136.85,2020-12-11
1575,scanner,electronics,WH-4,66,supplier-6,779.4,2020-12-11
1576,mouse,electronics,WH-3,459,supplier-4,1430.08,2020-06-20
1577,flashdrives,electronics,WH-2,236,supplier-12,577.44,2021-03-29
1578,mouse,electronics,WH-1,317,supplier-20,1179.85,2021-04-13
1579,flashdrives,electronics,WH-1,41,supplier-7,302.94,2020-12-23
1580,laptop,electronics,WH-4,240,supplier-17,1046.85,2020-10-09
1581,keyboard,electronics,WH-2,399,supplier-12,928.5,2020-07-25
1582,printer,electronics,WH-4,226,supplier-18,714.53,2021-05-11
1583,mouse,electronics,WH-3,65,supplier-15,904.49,2021-05-13
1584,monitor,electronics,WH-1,244,supplier-3,485.49,2020-10-04
1585,keyboard,electronics,WH-4,306,supplier-13,908.28,2020-09-23
1586,scanner,electronics,WH-3,472,supplier-7,586.69,2020-03-27
1587,laptop,electronics,WH-3,41,supplier-7,823.07,2020-01-30
1588,mouse,electronics,WH-3,368,supplier-12,1325.1,2021-01-27
1589,monitor,electronics,WH-3,38,supplier-11,522.52,2020-05-02
1590,keyboard,electronics,WH-2,395,supplier-10,256.73,2020-07-05
1591,flashdrives,electronics,WH-4,140,supplier-6,815.19,2020-06-20
1592,mouse,electronics,WH-4,170,supplier-3,1275.97,2021-03-14
1593,laptop,electronics,WH-3,2,supplier-15,1230.79,2020-03-31
1594,printer,electronics,WH-1,236,supplier-6,344.69,2020-12-12
1595,scanner,electronics,WH-2,278,supplier-15,497.57,2021-05-29
1596,keyboard,electronics,WH-5,377,supplier-8,1108.12,2020-10-22
1597,keyboard,electronics,WH-1,254,supplier-3,27.96,2020-05-04
1598,scanner,electronics,WH-2,63,supplier-2,581.08,2020-08-14
1599,flashdrives,electronics,WH-1,118,supplier-20,125.74,2020-12-02
1600,flashdrives,electronics,WH-4,424,supplier-2,962.14,2020-10-16
1601,scanner,electronics,WH-3,250,supplier-2,1308.17,2020-11-16
1602,printer,electronics,WH-5,338,supplier-20,1110.11,2020-09-06
1603,printer,electronics,WH-1,221,supplier-15,521.88,2020-02-19
1604,scanner,electronics,WH-3,465,supplier-14,1335.62,2021-01-23
1605,desk,furniture,WH-3,284,supplier-15,324.89,2020-10-02
1606,monitor,electronics,WH-2,343,supplier-10,909.2,2020-09-10
1607,desktops,electronics,WH-5,444,supplier-20,256.24,2021-01-01
1608,laptop,electronics,WH-1,357,supplier-1,1299.07,2020-11-05
1609,desk,furniture,WH-2,209,supplier-15,127.81,2020-10-06
1610,printer,electronics,WH-4,260,supplier-19,602.17,2020-06-12
1611,laptop,electronics,WH-4,234,supplier-16,154.83,2020-01-21
1612,scanner,electronics,WH-1,213,supplier-5,600.24,2020-05-10
1613,keyboard,electronics,WH-2,365,supplier-11,1341.24,2020-07-11
1614,flashdrives,electronics,WH-5,114,supplier-3,1014.11,2020-12-25
1615,laptop,electronics,WH-1,240,supplier-16,1060.02,2021-01-27
1616,monitor,electronics,WH-1,83,supplier-1,389.32,2021-01-24
1617,keyboard,electronics,WH-5,178,supplier-15,362.15,2020-11-21
1618,desk,furniture,WH-5,356,supplier-9,620.59,2021-02-16
1619,keyboard,electronics,WH-3,42,supplier-6,104.04,2020-02-29
1620,keyboard,electronics,WH-3,0,supplier-11,986.42,2020-03-19
1621,desk,furniture,WH-2,348,supplier-10,1321.21,2020-05-31
1622,chair,furniture,WH-1,304,supplier-12,912.56,2020-05-08
1623,desktops,electronics,WH-1,293,supplier-1,1372.12,2020-10-03
1624,desk,furniture,WH-4,354,supplier-2,1347.34,2020-06-05
1625,desktops,electronics,WH-4,297,supplier-1,227.44,2020-05-05
1626,scanner,electronics,WH-5,305,supplier-12,153.59,2021-04-17
1627,chair,furniture,WH-3,489,supplier-13,1380.69,2021-04-29
1628,laptop,electronics,WH-2,122,supplier-3,602.07,2020-08-14
1629,keyboard,electronics,WH-5,273,supplier-8,169.98,2020-06-27
1630,monitor,electronics,WH-3,396,supplier-18,1027.25,2020-12-31
1631,keyboard,electronics,WH-1,442,supplier-18,996.92,2020-03-11
1632,flashdrives,electronics,WH-4,314,supplier-16,1210.16,2020-01-24
1633,chair,furniture,WH-3,281,supplier-1,765.82,2021-05-10
1634,monitor,electronics,WH-3,422,supplier-18,786.16,2020-05-22
1635,scanner,electronics,WH-3,330,supplier-4,657.82,2020-05-15
1636,flashdrives,electronics,WH-5,352,supplier-3,347.93,2020-10-02
1637,laptop,electronics,WH-3,116,supplier-12,1392.44,2021-04-18
1638,keyboard,electronics,WH-2,165,supplier-15,1199.38,2020-05-27
1639,monitor,electronics,WH-4,227,supplier-12,1205.35,2021-06-02
1640,laptop,electronics,WH-3,163,supplier-6,62.72,2020-09-17
1641,mouse,electronics,WH-5,402,supplier-15,1464.38,2021-05-25
1642,printer,electronics,WH-4,214,supplier-1,1451.32,2020-03-17
1643,laptop,electronics,WH-5,187,supplier-5,1371.18,2020-03-11
1644,flashdrives,electronics,WH-3,197,supplier-11,906.11,2020-01-06
1645,keyboard,electronics,WH-1,403,supplier-13,1264.5,2020-10-09
1646,monitor,electronics,WH-4,412,supplier-1,1409.47,2020-04-11
1647,keyboard,electronics,WH-3,197,supplier-19,978.19,2020-05-30
1648,printer,electronics,WH-5,218,supplier-7,1015.83,2021-05-20
1649,desk,furniture,WH-1,403,supplier-13,744.12,2020-04-01
1650,scanner,electronics,WH-5,470,supplier-8,158.28,2021-04-16
1651,desktops,electronics,WH-1,422,supplier-12,1104.01,2020-05-20
1652,desk,furniture,WH-1,424,supplier-13,475.28,2020-02-05
1653,laptop,electronics,WH-2,404,supplier-18,923.2,2020-02-12
1654,chair,furniture,WH-5,404,supplier-10,397.14,2021-04-02
1655,flashdrives,electronics,WH-3,355,supplier-20,659.78,2020-03-24
1656,scanner,electronics,WH-4,472,supplier-15,815.24,2020-04-01
1657,scanner,electronics,WH-4,395,supplier-19,983.54,2020-06-07
1658,monitor,electronics,WH-2,4,supplier-12,258.95,2021-05-09
1659,flashdrives,electronics,WH-3,324,supplier-18,318.84,2020-06-06
1660,keyboard,electronics,WH-1,238,supplier-16,1202.59,2020-10-20
1661,desktops,electronics,WH-2,36,supplier-5,567.94,2020-02-05
1662,keyboard,electronics,WH-4,444,supplier-12,842.4,2020-04-16
1663,chair,furniture,WH-3,338,supplier-18,620.19,2021-06-14
1664,chair,furniture,WH-5,173,supplier-7,906.13,2020-02-17
1665,desk,furniture,WH-4,494,supplier-19,208.91,2020-09-16
1666,desktops,electronics,WH-1,311,supplier-14,621.73,2020-11-09
1667,keyboard,electronics,WH-5,468,supplier-5,366.6,2020-03-19
1668,keyboard,electronics,WH-2,96,supplier-11,615.26,2020-02-28
1669,flashdrives,electronics,WH-4,183,supplier-12,900.34,2021-05-12
1670,flashdrives,electronics,WH-1,201,supplier-7,767.88,2020-02-13
1671,desk,furniture,WH-1,228,supplier-8,315.14,2020-04-05
1672,mouse,electronics,WH-5,263,supplier-7,345.19,2020-06-30
1673,scanner,electronics,WH-5,365,supplier-5,341.77,2021-06-18
1674,monitor,electronics,WH-1,75,supplier-17,762.68,2021-06-22
1675,monitor,electronics,WH-2,6,supplier-9,399.84,2020-02-02
1676,desktops,electronics,WH-2,436,supplier-10,465.57,2020-10-21
1677,scanner,electronics,WH-5,223,supplier-18,918.87,2021-03-08
1678,desktops,electronics,WH-2,493,supplier-20,1383.9,2020-06-24
1679,flashdrives,electronics,WH-2,199,supplier-16,189.55,2020-07-16
1680,scanner,electronics,WH-5,283,supplier-4,1183.04,2020-11-13
1681,desktops,electronics,WH-3,140,supplier-6,1348.9,2020-08-06
1682,scanner,electronics,WH-2,75,supplier-7,803.74,2020-07-25
1683,desk,furniture,WH-4,31,supplier-1,300.98,2020-01-22
1684,scanner,electronics,WH-2,194,supplier-2,499.75,2021-01-10
1685,chair,furniture,WH-2,168,supplier-3,1185.94,2021-05-28
1686,scanner,electronics,WH-3,394,supplier-15,990.3,2020-03-18
1687,scanner,electronics,WH-4,443,supplier-18,1320.49,2020-12-22
1688,chair,furniture,WH-1,219,supplier-11,635.26,2020-06-27
1689,laptop,electronics,WH-1,110,supplier-15,446.98,2020-12-28
1690,keyboard,electronics,WH-1,351,supplier-20,954.34,2020-04-12
1691,scanner,electronics,WH-4,302,supplier-2,837.7,2020-12-19
1692,desktops,electronics,WH-5,395,supplier-7,1204.76,2020-05-23
1693,laptop,electronics,WH-5,86,supplier-6,1118.79,2021-04-15
1694,mouse,electronics,WH-4,86,supplier-10,390.32,2020-05-18
1695,monitor,electronics,WH-2,338,supplier-8,559.64,2020-06-22
1696,chair,furniture,WH-5,33,supplier-13,62.82,2020-12-19
1697,monitor,electronics,WH-2,29,supplier-1,551.09,2021-02-12
1698,monitor,electronics,WH-1,92,supplier-7,797.41,2020-11-22
1699,laptop,electronics,WH-5,298,supplier-5,1310.61,2020-01-05
1700,mouse,electronics,WH-1,359,supplier-11,879.1,2021-03-21
1701,chair,furniture,WH-5,286,supplier-2,655.36,2020-11-17
1702,keyboard,electronics,WH-5,45,supplier-17,671.18,2021-03-26
1703,monitor,electronics,WH-3,81,supplier-5,1205.4,2020-08-09
1704,chair,furniture,WH-4,393,supplier-2,380.95,2021-01-01
1705,mouse,electronics,WH-4,438,supplier-1,1072.96,2021-02-24
1706,chair,furniture,WH-4,179,supplier-19,557.71,2021-04-20
1707,laptop,electronics,WH-3,269,supplier-8,1362.9,2020-04-06
1708,printer,electronics,WH-4,97,supplier-5,1359.29,2020-09-12
1709,chair,furniture,WH-2,343,supplier-20,108.92,2021-02-19
1710,desk,furniture,WH-2,198,supplier-20,68.95,2020-06-21
1711,desk,furniture,WH-2,436,supplier-4,1453.22,2021-03-09
1712,desktops,electronics,WH-1,336,supplier-11,1468.56,2020-11-14
1713,scanner,electronics,WH-3,336,supplier-9,1106.88,2020-09-29
1714,printer,electronics,WH-2,467,supplier-7,666.56,2021-03-15
1715,scanner,electronics,WH-4,284,supplier-8,168.77,2021-05-22
1716,mouse,electronics,WH-2,178,supplier-4,595.1,2021-01-18
1717,desk,furniture,WH-3,117,supplier-10,1214.33,2020-09-14
1718,scanner,electronics,WH-1,298,supplier-5,1180.78,2020-01-12
1719,mouse,electronics,WH-2,454,supplier-6,1059.03,2021-05-16
1720,laptop,electronics,WH-5,373,supplier-19,1084.88,2020-08-08
1721,laptop,electronics,WH-1,228,supplier-3,440.27,2020-10-29
1722,scanner,electronics,WH-4,470,supplier-13,156.0,2021-04-21
1723,laptop,electronics,WH-3,163,supplier-18,1410.08,2021-01-13
1724,flashdrives,electronics,WH-2,131,supplier-9,1288.86,2020-02-25
1725,keyboard,electronics,WH-4,14,supplier-19,1275.1,2020-07-30
1726,laptop,electronics,WH-3,269,supplier-6,139.88,2020-07-16
1727,monitor,electronics,WH-3,242,supplier-1,819.78,2021-05-04
1728,scanner,electronics,WH-5,389,supplier-8,1486.59,2020-04-26
1729,desktops,electronics,WH-5,241,supplier-9,1090.51,2020-10-09
1730,chair,furniture,WH-3,420,supplier-19,267.43,2021-04-06
1731,mouse,electronics,WH-2,91,supplier-20,82.17,2020-09-23
1732,mouse,electronics,WH-3,244,supplier-3,1091.73,2021-06-10
1733,monitor,electronics,WH-3,86,supplier-10,142.92,2020-02-16
1734,printer,electronics,WH-5,271,supplier-18,1499.94,2020-06-30
1735,desktops,electronics,WH-5,401,supplier-16,220.45,2020-01-19
1736,desk,furniture,WH-3,414,supplier-13,995.12,2021-05-14
1737,desk,furniture,WH-5,486,supplier-10,1028.75,2020-08-12
1738,desktops,electronics,WH-1,37,supplier-6,654.87,2020-01-16
1739,mouse,electronics,WH-5,108,supplier-9,1444.02,2020-11-06
1740,laptop,electronics,WH-5,467,supplier-7,251.31,2020-12-29
1741,mouse,electronics,WH-3,186,supplier-1,210.51,2020-02-01
1742,printer,electronics,WH-3,92,supplier-9,364.21,2020-01-15
1743,chair,furniture,WH-1,489,supplier-4,401.93,2020-04-23
1744,keyboard,electronics,WH-4,259,supplier-1,1121.84,2021-05-03
1745,keyboard,electronics,WH-5,51,supplier-2,915.11,2021-02-03
1746,keyboard,electronics,WH-1,126,supplier-6,720.25,2020-02-21
1747,desk,furniture,WH-2,129,supplier-9,373.25,2020-06-02
1748,flashdrives,electronics,WH-5,21,supplier-7,1114.45,2020-10-29
1749,desktops,electronics,WH-1,49,supplier-3,245.12,2021-05-07
1750,desk,furniture,WH-3,3,supplier-15,202.69,2020-02-14
1751,printer,electronics,WH-1,169,supplier-18,558.14,2020-08-07
1752,mouse,electronics,WH-3,146,supplier-3,855.09,2020-10-21
1753,desk,furniture,WH-5,385,supplier-18,1197.73,2020-07-20
1754,laptop,electronics,WH-1,4,supplier-2,1231.75,2020-08-17
1755,laptop,electronics,WH-5,495,supplier-14,816.81,2020-02-26
1756,monitor,electronics,WH-4,104,supplier-15,51.49,2020-08-10
1757,desk,furniture,WH-1,220,supplier-5,221.0,2020-12-12
1758,flashdrives,electronics,WH-2,221,supplier-13,242.23,2020-07-31
1759,flashdrives,electronics,WH-5,488,supplier-18,746.17,2020-01-10
1760,desktops,electronics,WH-1,65,supplier-2,767.6,2020-12-02
1761,keyboard,electronics,WH-3,151,supplier-11,1277.62,2021-06-24
1762,scanner,electronics,WH-4,304,supplier-20,1307.66,2021-05-08
1763,keyboard,electronics,WH-4,456,supplier-17,1060.71,2020-07-01
1764,chair,furniture,WH-2,129,supplier-3,1173.03,2021-06-21
1765,chair,furniture,WH-3,193,supplier-5,1167.44,2020-12-13
1766,desk,furniture,WH-4,424,supplier-8,465.45,2020-03-23
1767,scanner,electronics,WH-2,440,supplier-13,720.71,2020-10-18
1768,desktops,electronics,WH-4,52,supplier-3,997.49,2020-11-16
1769,chair,furniture,WH-4,122,supplier-1,1090.26,2021-05-29
1770,printer,electronics,WH-5,84,supplier-9,1194.38,2020-02-16
1771,printer,electronics,WH-3,348,supplier-17,1428.61,2020-03-23
1772,desktops,electronics,WH-4,98,supplier-17,203.28,2020-10-15
1773,monitor,electronics,WH-4,441,supplier-12,1403.21,2021-05-06
1774,printer,electronics,WH-1,2,supplier-16,558.86,2020-05-16
1775,desk,furniture,WH-5,86,supplier-5,587.2,2020-11-14
1776,keyboard,electronics,WH-1,304,supplier-5,272.59,2020-04-01
1777,monitor,electronics,WH-4,28,supplier-11,719.26,2021-04-10
1778,flashdrives,electronics,WH-2,245,supplier-2,205.89,2021-05-22
1779,keyboard,electronics,WH-5,167,supplier-7,400.49,2020-08-09
1780,keyboard,electronics,WH-2,377,supplier-1,396.22,2021-02-23
1781,monitor,electronics,WH-5,140,supplier-9,565.35,2020-06-01
1782,desktops,electronics,WH-2,198,supplier-4,1455.85,2021-02-24
1783,chair,furniture,WH-5,206,supplier-16,939.2,2021-05-17
1784,keyboard,electronics,WH-3,291,supplier-19,1281.6,2020-10-17
1785,flashdrives,electronics,WH-5,194,supplier-1,130.33,2021-04-30
1786,printer,electronics,WH-3,222,supplier-5,251.76,2020-05-06
1787,chair,furniture,WH-1,151,supplier-14,750.41,2020-05-03
1788,desktops,electronics,WH-5,11,supplier-11,53.89,2020-07-22
1789,desktops,electronics,WH-5,61,supplier-9,613.41,2020-04-09
1790,desktops,electronics,WH-5,147,supplier-4,724.01,2020-12-23
1791,chair,furniture,WH-3,268,supplier-3,963.18,2021-02-10
1792,monitor,electronics,WH-4,479,supplier-20,992.72,2020-01-22
1793,chair,furniture,WH-4,209,supplier-19,921.34,2021-03-21
1794,mouse,electronics,WH-4,374,supplier-7,229.25,2021-04-26
1795,mouse,electronics,WH-3,182,supplier-18,1182.72,2020-08-04
1796,flashdrives,electronics,WH-1,276,supplier-15,356.01,2020-11-28
1797,mouse,electronics,WH-3,164,supplier-10,632.02,2020-01-19
1798,desk,furniture,WH-1,481,supplier-15,1174.48,2020-09-28
1799,flashdrives,electronics,WH-1,113,supplier-16,854.05,2020-03-14
1800,desktops,electronics,WH-5,159,supplier-10,904.08,2021-05-22
1801,laptop,electronics,WH-4,13,supplier-10,1155.27,2020-10-09
1802,desktops,electronics,WH-2,62,supplier-8,496.07,2020-10-16
1803,flashdrives,electronics,WH-4,399,supplier-12,850.42,2020-07-14
1804,printer,electronics,WH-2,256,supplier-10,849.26,2021-03-05
1805,mouse,electronics,WH-2,394,supplier-11,498.47,2020-07-02
1806,keyboard,electronics,WH-1,356,supplier-10,604.13,2020-05-15
1807,desktops,electronics,WH-4,416,supplier-18,1045.71,2020-05-06
1808,mouse,electronics,WH-4,66,supplier-11,958.4,2020-08-24
1809,flashdrives,electronics,WH-1,111,supplier-12,95.5,2020-09-05
1810,keyboard,electronics,WH-2,400,supplier-5,349.54,2020-12-02
1811,flashdrives,electronics,WH-1,373,supplier-14,957.56,2020-04-15
1812,laptop,electronics,WH-4,486,supplier-10,580.61,2020-09-15
1813,monitor,electronics,WH-5,402,supplier-20,1167.63,2020-01-11
1814,desk,furniture,WH-1,407,supplier-3,1481.84,2020-10-02
1815,desktops,electronics,WH-4,164,supplier-16,808.06,2020-11-17
1816,chair,furniture,WH-5,452,supplier-16,724.22,2020-11-30
1817,laptop,electronics,WH-4,53,supplier-17,125.04,2020-01-16
1818,keyboard,electronics,WH-3,174,supplier-2,818.0,2020-08-21
1819,keyboard,electronics,WH-2,148,supplier-9,1470.85,2021-04-21
1820,keyboard,electronics,WH-4,419,supplier-12,969.89,2021-01-11
1821,printer,electronics,WH-4,231,supplier-2,730.3,2020-03-04
1822,flashdrives,electronics,WH-1,364,supplier-14,123.31,2020-02-12
1823,desktops,electronics,WH-3,491,supplier-14,54.86,2020-10-30
1824,printer,electronics,WH-4,248,supplier-12,838.84,2020-11-15
1825,desktops,electronics,WH-2,350,supplier-1,1365.72,2020-07-25
1826,monitor,electronics,WH-5,436,supplier-11,1329.12,2020-02-12
1827,chair,furniture,WH-3,151,supplier-3,119.07,2020-07-14
1828,keyboard,electronics,WH-3,58,supplier-1,1394.8,2020-05-14
1829,scanner,electronics,WH-4,150,supplier-1,573.34,2020-10-25
1830,flashdrives,electronics,WH-5,418,supplier-20,87.0,2020-09-13
1831,mouse,electronics,WH-5,20,supplier-5,549.72,2020-04-12
1832,flashdrives,electronics,WH-1,72,supplier-10,1394.07,2020-03-22
1833,monitor,electronics,WH-4,361,supplier-3,637.61,2020-05-20
1834,desk,furniture,WH-5,334,supplier-16,710.58,2020-07-05
1835,laptop,electronics,WH-4,461,supplier-18,1191.91,2020-05-11
1836,scanner,electronics,WH-5,111,supplier-12,619.02,2020-04-26
1837,mouse,electronics,WH-4,370,supplier-4,680.18,2020-08-26
1838,desktops,electronics,WH-4,481,supplier-3,851.24,2021-06-12
1839,monitor,electronics,WH-5,238,supplier-18,370.98,2020-06-24
1840,desk,furniture,WH-5,243,supplier-14,1205.68,2021-04-06
1841,chair,furniture,WH-2,29,supplier-13,57.38,2020-07-17
1842,desk,furniture,WH-1,247,supplier-19,207.66,2021-03-07
1843,laptop,electronics,WH-3,228,supplier-15,1337.55,2020-08-31
1844,keyboard,electronics,WH-4,493,supplier-12,278.34,2021-06-13
1845,keyboard,electronics,WH-1,303,supplier-12,91.42,2021-04-21
1846,scanner,electronics,WH-5,470,supplier-20,1048.84,2020-01-05
1847,printer,electronics,WH-5,21,supplier-19,841.25,2021-04-25
1848,laptop,electronics,WH-4,396,supplier-20,1378.77,2020-04-02
1849,printer,electronics,WH-5,283,supplier-7,1256.75,2020-09-17
1850,printer,electronics,WH-2,133,supplier-11,422.77,2021-04-21
1851,chair,furniture,WH-3,444,supplier-5,148.05,2020-07-04
1852,mouse,electronics,WH-5,52,supplier-10,329.9,2020-01-20
1853,keyboard,electronics,WH-1,490,supplier-18,926.92,2021-02-27
1854,chair,furniture,WH-1,419,supplier-20,153.3,2020-04-18
1855,desk,furniture,WH-1,461,supplier-19,182.81,2020-05-18
1856,desk,furniture,WH-5,294,supplier-15,1190.52,2020-12-13
1857,monitor,electronics,WH-5,375,supplier-11,333.96,2020-06-22
1858,chair,furniture,WH-1,372,supplier-18,655.63,2020-12-18
1859,desktops,electronics,WH-2,239,supplier-3,1088.09,2020-08-30
1860,desk,furniture,WH-4,220,supplier-19,552.79,2020-05-07
1861,flashdrives,electronics,WH-3,316,supplier-4,1458.87,2021-03-06
1862,scanner,electronics,WH-5,497,supplier-4,1172.83,2020-04-30
1863,printer,electronics,WH-5,451,supplier-16,751.85,2021-06-10
1864,mouse,electronics,WH-3,202,supplier-12,1130.9,2021-04-13
1865,monitor,electronics,WH-4,183,supplier-2,692.81,2020-01-05
1866,chair,furniture,WH-5,88,supplier-17,179.07,2021-05-24
1867,printer,electronics,WH-5,298,supplier-5,955.3,2020-01-14
1868,scanner,electronics,WH-4,175,supplier-18,762.58,2020-08-10
1869,flashdrives,electronics,WH-2,46,supplier-6,1256.5,2021-04-01
1870,laptop,electronics,WH-5,495,supplier-16,1109.15,2020-02-05
1871,desk,furniture,WH-5,273,supplier-3,1008.25,2020-10-29
1872,chair,furniture,WH-5,441,supplier-17,441.42,2020-07-12
1873,mouse,electronics,WH-2,399,supplier-13,1423.6,2021-05-07
1874,monitor,electronics,WH-5,344,supplier-14,1434.56,2021-06-19
1875,desktops,electronics,WH-1,287,supplier-4,197.34,2020-04-01
1876,desktops,electronics,WH-1,235,supplier-19,65.31,2020-02-16
1877,chair,furniture,WH-4,486,supplier-10,782.59,2020-04-18
1878,laptop,electronics,WH-1,231,supplier-11,169.87,2021-03-20
1879,chair,furniture,WH-4,400,supplier-18,378.61,2020-05-11
1880,desk,furniture,WH-5,370,supplier-1,373.69,2020-03-27
1881,mouse,electronics,WH-1,46,supplier-9,1434.49,2020-04-01
1882,printer,electronics,WH-2,3,supplier-8,771.89,2020-06-01
1883,flashdrives,electronics,WH-2,210,supplier-11,669.67,2020-05-03
1884,desk,furniture,WH-2,39,supplier-7,27.15,2020-10-19
1885,laptop,electronics,WH-3,263,supplier-18,1432.82,2021-03-26
1886,scanner,electronics,WH-4,304,supplier-14,155.54,2020-01-08
1887,printer,electronics,WH-5,317,supplier-3,268.2,2021-05-17
1888,desk,furniture,WH-4,243,supplier-5,752.76,2020-02-03
1889,printer,electronics,WH-4,402,supplier-17,1103.83,2020-12-20
1890,printer,electronics,WH-2,2,supplier-11,411.53,2020-08-10
1891,chair,furniture,WH-3,204,supplier-20,1078.2,2020-02-14
1892,desk,furniture,WH-3,254,supplier-14,385.23,2021-01-16
1893,flashdrives,electronics,WH-1,397,supplier-10,403.42,2020-09-12
1894,monitor,electronics,WH-4,299,supplier-5,121.22,2020-05-20
1895,desk,furniture,WH-1,439,supplier-13,1198.27,2020-11-11
1896,mouse,electronics,WH-4,71,supplier-6,26.35,2020-09-24
1897,desk,furniture,WH-5,327,supplier-10,352.27,2021-06-19
1898,flashdrives,electronics,WH-3,128,supplier-16,676.05,2020-03-20
1899,desk,furniture,WH-1,134,supplier-17,55.97,2021-04-24
1900,monitor,electronics,WH-3,278,supplier-17,400.04,2020-12-18
1901,scanner,electronics,WH-5,63,supplier-5,474.2,2020-04-06
1902,printer,electronics,WH-4,23,supplier-19,804.69,2021-05-02
1903,keyboard,electronics,WH-5,3,supplier-17,855.99,2020-01-31
1904,monitor,electronics,WH-1,386,supplier-18,808.91,2020-07-11
1905,printer,electronics,WH-3,393,supplier-18,981.93,2020-04-07
1906,laptop,electronics,WH-2,393,supplier-19,92.82,2020-01-04
1907,monitor,electronics,WH-2,402,supplier-12,1333.69,2020-06-18
1908,desktops,electronics,WH-4,389,supplier-10,962.05,2020-09-28
1909,scanner,electronics,WH-5,410,supplier-10,1323.03,2021-02-18
1910,desk,furniture,WH-1,456,supplier-10,281.57,2020-12-05
1911,chair,furniture,WH-5,454,supplier-8,461.31,2020-02-24
1912,flashdrives,electronics,WH-4,178,supplier-3,1487.48,2020-09-18
1913,mouse,electronics,WH-4,405,supplier-20,470.31,2020-10-21
1914,printer,electronics,WH-1,301,supplier-5,79.37,2020-03-03
1915,mouse,electronics,WH-5,179,supplier-6,1188.44,2020-05-21
1916,desktops,electronics,WH-3,0,supplier-5,1178.72,2021-04-14
1917,mouse,electronics,WH-3,85,supplier-16,1387.04,2021-01-21
1918,monitor,electronics,WH-4,194,supplier-17,1228.16,2020-01-26
1919,flashdrives,electronics,WH-5,299,supplier-1,435.03,2020-02-12
1920,desktops,electronics,WH-2,415,supplier-20,1426.98,2021-04-28
1921,keyboard,electronics,WH-1,237,supplier-14,866.94,2020-07-23
1922,desk,furniture,WH-5,403,supplier-20,234.87,2020-06-18
1923,desktops,electronics,WH-5,351,supplier-17,706.76,2020-07-15
1924,keyboard,electronics,WH-4,296,supplier-16,75.61,2021-02-19
1925,chair,furniture,WH-3,329,supplier-17,791.25,2020-08-05
1926,printer,electronics,WH-2,418,supplier-18,1016.28,2020-12-25
1927,flashdrives,electronics,WH-1,473,supplier-16,632.11,2020-12-30
1928,printer,electronics,WH-5,29,supplier-2,891.8,2020-08-07
1929,flashdrives,electronics,WH-5,150,supplier-20,1204.0,2020-01-09
1930,scanner,electronics,WH-4,470,supplier-2,1075.22,2020-10-15
1931,laptop,electronics,WH-3,68,supplier-19,1185.87,2020-03-11
1932,flashdrives,electronics,WH-1,412,supplier-10,1397.0,2020-06-27
1933,flashdrives,electronics,WH-4,15,supplier-18,1269.8,2020-06-21
1934,laptop,electronics,WH-4,400,supplier-18,61.87,2021-02-19
1935,monitor,electronics,WH-4,479,supplier-14,244.94,2020-05-04
1936,monitor,electronics,WH-1,117,supplier-2,689.95,2021-02-20
1937,flashdrives,electronics,WH-3,83,supplier-3,536.54,2020-01-26
1938,printer,electronics,WH-4,296,supplier-18,711.96,2020-12-05
1939,keyboard,electronics,WH-4,288,supplier-2,853.46,2020-02-12
1940,mouse,electronics,WH-3,258,supplier-20,1488.54,2021-05-14
1941,printer,electronics,WH-3,257,supplier-9,134.25,2020-10-19
1942,chair,furniture,WH-3,405,supplier-14,1354.28,2020-08-31
1943,desktops,electronics,WH-4,301,supplier-8,1232.68,2020-07-06
1944,monitor,electronics,WH-3,207,supplier-20,876.14,2020-04-06
1945,laptop,electronics,WH-4,53,supplier-2,750.06,2021-02-23
1946,scanner,electronics,WH-3,193,supplier-6,897.12,2020-04-08
1947,keyboard,electronics,WH-2,41,supplier-2,595.45,2020-10-30
1948,monitor,electronics,WH-4,313,supplier-13,218.17,2020-02-23
1949,scanner,electronics,WH-4,138,supplier-17,738.7,2020-05-23
1950,chair,furniture,WH-5,228,supplier-8,490.19,2021-03-06
1951,printer,electronics,WH-5,475,supplier-6,322.44,2021-01-20
1952,monitor,electronics,WH-1,472,supplier-14,204.88,2021-04-10
1953,chair,furniture,WH-5,306,supplier-6,826.7,2020-04-10
1954,keyboard,electronics,WH-5,274,supplier-11,587.56,2020-09-02
1955,mouse,electronics,WH-1,192,supplier-12,1319.27,2021-01-11
1956,laptop,electronics,WH-2,66,supplier-14,735.2,2021-02-16
1957,flashdrives,electronics,WH-5,403,supplier-3,680.23,2020-03-14
1958,desk,furniture,WH-3,442,supplier-13,906.46,2021-05-11
1959,mouse,electronics,WH-1,90,supplier-11,606.82,2021-04-04
1960,monitor,electronics,WH-5,192,supplier-5,693.18,2020-10-31
1961,monitor,electronics,WH-3,431,supplier-15,657.2,2020-08-14
1962,flashdrives,electronics,WH-4,77,supplier-3,1293.94,2020-08-19
1963,printer,electronics,WH-5,479,supplier-5,1112.46,2020-03-19
1964,desk,furniture,WH-1,197,supplier-3,1053.16,2021-02-09
1965,desk,furniture,WH-5,44,supplier-17,203.53,2020-06-26
1966,scanner,electronics,WH-3,237,supplier-13,454.47,2020-06-19
1967,keyboard,electronics,WH-5,88,supplier-2,1303.07,2021-01-29
1968,chair,furniture,WH-5,421,supplier-8,1293.18,2021-01-11
1969,chair,furniture,WH-2,184,supplier-20,983.08,2020-11-01
1970,laptop,electronics,WH-3,113,supplier-19,1272.16,2021-03-13
1971,printer,electronics,WH-3,172,supplier-4,1299.89,2021-02-06
1972,mouse,electronics,WH-1,221,supplier-8,847.74,2020-10-20
1973,scanner,electronics,WH-5,407,supplier-10,183.07,2020-01-02
1974,keyboard,electronics,WH-3,434,supplier-20,1370.49,2021-04-17
1975,keyboard,electronics,WH-4,50,supplier-6,969.6,2021-06-23
1976,keyboard,electronics,WH-2,247,supplier-11,326.11,2021-02-27
1977,keyboard,electronics,WH-4,444,supplier-3,1351.85,2020-07-10
1978,laptop,electronics,WH-3,222,supplier-19,80.35,2021-03-31
1979,desk,furniture,WH-3,237,supplier-13,1405.48,2021-04-06
1980,keyboard,electronics,WH-2,156,supplier-12,454.71,2020-11-15
1981,desk,furniture,WH-4,98,supplier-1,815.02,2021-05-27
1982,monitor,electronics,WH-1,344,supplier-3,302.54,2020-03-21
1983,scanner,electronics,WH-2,342,supplier-7,362.57,2020-12-10
1984,monitor,electronics,WH-4,406,supplier-12,30.22,2020-04-13
1985,flashdrives,electronics,WH-1,120,supplier-5,405.12,2020-09-13
1986,mouse,electronics,WH-2,117,supplier-5,1193.28,2020-07-02
1987,scanner,electronics,WH-3,241,supplier-16,1478.08,2020-08-05
1988,monitor,electronics,WH-4,303,supplier-8,722.34,2021-02-11
1989,monitor,electronics,WH-5,379,supplier-5,882.45,2020-12-24
1990,keyboard,electronics,WH-3,331,supplier-19,1330.64,2021-04-09
1991,keyboard,electronics,WH-1,41,supplier-4,312.35,2020-06-27
1992,laptop,electronics,WH-5,53,supplier-11,386.35,2021-02-14
1993,flashdrives,electronics,WH-3,10,supplier-1,1253.86,2021-03-16
1994,desktops,electronics,WH-3,442,supplier-14,815.2,2021-05-04
1995,monitor,electronics,WH-4,384,supplier-11,649.51,2020-03-31
1996,desk,furniture,WH-5,385,supplier-4,470.5,2020-07-18
1997,chair,furniture,WH-3,129,supplier-15,419.53,2020-05-06
1998,scanner,electronics,WH-1,190,supplier-5,1347.11,2020-09-26
1999,monitor,electronics,WH-2,201,supplier-8,554.29,2020-02-23
2000,flashdrives,electronics,WH-2,220,supplier-7,609.72,2020-03-01
2001,monitor,electronics,WH-4,280,supplier-2,1194.83,2021-05-03
2002,desk,furniture,WH-2,13,supplier-8,273.52,2020-04-30
2003,desktops,electronics,WH-3,108,supplier-18,1089.28,2020-06-02
2004,chair,furniture,WH-3,354,supplier-1,1029.3,2020-02-12
2005,desktops,electronics,WH-4,8,supplier-10,435.77,2020-06-17
2006,flashdrives,electronics,WH-4,206,supplier-1,1447.86,2020-09-17
2007,desk,furniture,WH-1,338,supplier-3,754.78,2020-09-05
2008,desktops,electronics,WH-4,104,supplier-12,1363.73,2021-03-04
2009,monitor,electronics,WH-1,491,supplier-12,481.66,2020-07-14
2010,laptop,electronics,WH-3,39,supplier-17,582.22,2020-01-29
2011,chair,furniture,WH-4,236,supplier-6,767.88,2020-12-09
2012,laptop,electronics,WH-3,409,supplier-18,1134.12,2021-04-07
2013,mouse,electronics,WH-1,347,supplier-5,894.17,2021-01-19
2014,monitor,electronics,WH-1,136,supplier-15,1302.38,2020-03-10
2015,scanner,electronics,WH-2,296,supplier-9,223.89,2021-05-10
2016,chair,furniture,WH-3,428,supplier-3,333.88,2020-07-01
2017,scanner,electronics,WH-3,154,supplier-6,941.1,2020-08-27
2018,scanner,electronics,WH-3,134,supplier-14,253.64,2021-03-01
2019,desk,furniture,WH-3,482,supplier-16,481.69,2020-01-12
2020,mouse,electronics,WH-4,454,supplier-6,75.32,2020-11-12
2021,scanner,electronics,WH-1,120,supplier-2,232.69,2020-01-23
2022,printer,electronics,WH-3,308,supplier-10,1355.1,2020-04-22
2023,scanner,electronics,WH-1,5,supplier-14,711.1,2020-09-20
2024,monitor,electronics,WH-2,69,supplier-2,1461.17,2020-05-05
2025,laptop,electronics,WH-1,372,supplier-13,967.74,2020-06-07
2026,monitor,electronics,WH-2,33,supplier-4,351.42,2020-09-09
2027,laptop,electronics,WH-3,379,supplier-6,466.0,2020-03-13
2028,scanner,electronics,WH-5,52,supplier-15,176.3,2020-07-09
2029,monitor,electronics,WH-2,333,supplier-20,1074.47,2020-05-14
2030,printer,electronics,WH-2,188,supplier-18,166.71,2020-04-09
2031,flashdrives,electronics,WH-2,431,supplier-1,1190.68,2021-03-05
2032,printer,electronics,WH-5,484,supplier-9,180.41,2020-02-27
2033,chair,furniture,WH-3,66,supplier-17,939.91,2020-03-08
2034,desk,furniture,WH-2,206,supplier-4,1223.18,2021-05-08
2035,mouse,electronics,WH-2,71,supplier-6,1061.32,2020-07-25
2036,mouse,electronics,WH-4,257,supplier-18,787.71,2020-05-02
2037,mouse,electronics,WH-4,103,supplier-5,702.9,2021-01-10
2038,scanner,electronics,WH-5,69,supplier-16,617.24,2020-11-16
2039,mouse,electronics,WH-4,396,supplier-2,324.73,2020-01-29
2040,laptop,electronics,WH-5,386,supplier-13,870.34,2020-11-08
2041,scanner,electronics,WH-4,69,supplier-12,658.22,2020-07-14
2042,keyboard,electronics,WH-1,111,supplier-17,428.12,2020-08-08
2043,printer,electronics,WH-3,9,supplier-19,667.07,2020-08-28
2044,scanner,electronics,WH-3,45,supplier-15,1454.89,2021-06-02
2045,laptop,electronics,WH-1,430,supplier-16,114.39,2020-07-07
2046,mouse,electronics,WH-1,432,supplier-15,162.47,2020-03-19
2047,desktops,electronics,WH-2,368,supplier-7,1378.26,2021-02-28
2048,laptop,electronics,WH-3,79,supplier-2,1342.12,2020-02-24
2049,laptop,electronics,WH-4,494,supplier-20,491.89,2020-11-05
2050,chair,furniture,WH-2,305,supplier-10,1418.62,2020-03-01
2051,desk,furniture,WH-1,222,supplier-10,787.42,2020-04-24
2052,desktops,electronics,WH-5,299,supplier-17,1120.02,2020-10-07
2053,monitor,electronics,WH-1,160,supplier-16,687.28,2020-06-12
2054,monitor,electronics,WH-5,183,supplier-5,1131.83,2020-07-22
2055,keyboard,electronics,WH-5,35,supplier-2,1288.6,2021-02-13
2056,flashdrives,electronics,WH-5,154,supplier-16,507.4,2020-09-07
2057,chair,furniture,WH-4,332,supplier-16,527.25,2020-07-14
2058,laptop,electronics,WH-3,296,supplier-13,1158.48,2020-03-18
2059,laptop,electronics,WH-3,246,supplier-16,166.43,2021-05-13
2060,keyboard,electronics,WH-4,370,supplier-8,370.44,2020-05-20
2061,scanner,electronics,WH-5,82,supplier-16,204.54,2020-02-05
2062,printer,electronics,WH-5,201,supplier-18,298.38,2021-05-27
2063,keyboard,electronics,WH-4,362,supplier-2,157.32,2020-12-18
2064,printer,electronics,WH-3,466,supplier-2,142.25,2020-11-26
2065,monitor,electronics,WH-5,475,supplier-11,319.57,2020-07-15
2066,scanner,electronics,WH-5,193,supplier-10,1397.19,2021-05-18
2067,desk,furniture,WH-5,207,supplier-8,1256.64,2020-10-08
2068,mouse,electronics,WH-4,94,supplier-4,907.38,2020-12-08
2069,desktops,electronics,WH-4,358,supplier-20,280.02,2020-01-06
2070,laptop,electronics,WH-5,420,supplier-14,757.32,2020-06-16
2071,desk,furniture,WH-3,63,supplier-20,1127.24,2020-05-03
2072,flashdrives,electronics,WH-4,363,supplier-10,330.42,2020-06-27
2073,chair,furniture,WH-1,384,supplier-5,116.66,2021-04-29
2074,mouse,electronics,WH-3,191,supplier-20,1080.63,2020-07-24
2075,keyboard,electronics,WH-2,234,supplier-19,758.96,2020-10-18
2076,mouse,electronics,WH-4,206,supplier-3,263.02,2020-03-10
2077,printer,electronics,WH-4,475,supplier-19,1352.27,2020-04-20
2078,laptop,electronics,WH-5,171,supplier-4,1024.47,2021-03-29
2079,desk,furniture,WH-4,467,supplier-9,1408.97,2021-02-15
2080,chair,furniture,WH-1,444,supplier-3,865.93,2020-03-17
2081,scanner,electronics,WH-1,364,supplier-2,463.43,2021-01-25
2082,desktops,electronics,WH-1,172,supplier-15,962.94,2020-08-23
2083,desk,furniture,WH-4,497,supplier-4,504.44,2021-06-13
2084,monitor,electronics,WH-2,218,supplier-10,1078.46,2021-03-18
2085,flashdrives,electronics,WH-2,93,supplier-13,1338.57,2020-11-01
2086,laptop,electronics,WH-1,304,supplier-3,399.29,2020-04-15
2087,chair,furniture,WH-4,89,supplier-12,655.57,2020-07-16
2088,keyboard,electronics,WH-1,46,supplier-19,36.07,2020-02-16
2089,flashdrives,electronics,WH-3,168,supplier-20,575.22,2021-02-01
2090,printer,electronics,WH-5,78,supplier-20,1191.0,2021-02-18
2091,chair,furniture,WH-1,138,supplier-20,1107.57,2020-07-12
2092,flashdrives,electronics,WH-4,222,supplier-17,1449.47,2020-12-05
2093,chair,furniture,WH-3,401,supplier-19,399.78,2020-05-05
2094,keyboard,electronics,WH-3,57,supplier-15,337.34,2021-05-09
2095,mouse,electronics,WH-4,286,supplier-12,345.24,2021-02-04
2096,monitor,electronics,WH-2,5,supplier-20,763.21,2020-02-10
2097,laptop,electronics,WH-2,392,supplier-13,1127.21,2021-01-04
2098,laptop,electronics,WH-1,280,supplier-2,932.33,2020-02-27
2099,printer,electronics,WH-3,286,supplier-20,1171.01,2020-11-27
2100,flashdrives,electronics,WH-4,487,supplier-8,1214.41,2021-01-01
2101,printer,electronics,WH-2,269,supplier-15,962.95,2020-04-07
2102,scanner,electronics,WH-4,230,supplier-1,55.69,2021-06-03
2103,keyboard,electronics,WH-5,432,supplier-14,1422.01,2020-01-13
2104,laptop,electronics,WH-1,459,supplier-7,620.97,2021-03-15
2105,scanner,electronics,WH-4,137,supplier-14,767.15,2020-03-19
2106,keyboard,electronics,WH-2,250,supplier-19,1046.88,2021-03-09
2107,printer,electronics,WH-2,20,supplier-4,732.03,2020-02-12
2108,laptop,electronics,WH-5,390,supplier-8,407.05,2021-04-27
2109,scanner,electronics,WH-4,162,supplier-6,1075.82,2020-06-11
2110,laptop,electronics,WH-5,396,supplier-2,274.8,2020-12-22
2111,desk,furniture,WH-1,115,supplier-8,304.76,2021-01-27
2112,printer,electronics,WH-4,222,supplier-3,68.86,2020-02-01
2113,printer,electronics,WH-5,244,supplier-4,1213.91,2020-05-04
2114,monitor,electronics,WH-5,358,supplier-5,305.25,2020-03-20
2115,desktops,electronics,WH-4,277,supplier-14,1119.87,2021-04-01
2116,scanner,electronics,WH-2,131,supplier-11,873.98,2020-03-02
2117,printer,electronics,WH-4,405,supplier-10,104.5,2020-11-18
2118,laptop,electronics,WH-3,444,supplier-15,108.32,2020-11-01
2119,monitor,electronics,WH-4,133,supplier-17,1129.53,2020-06-29
2120,keyboard,electronics,WH-3,140,supplier-11,348.22,2020-01-02
2121,laptop,electronics,WH-4,316,supplier-10,621.47,2021-02-19
2122,chair,furniture,WH-1,153,supplier-1,1499.43,2021-04-09
2123,mouse,electronics,WH-5,269,supplier-14,614.49,2020-06-03
2124,desk,furniture,WH-3,477,supplier-17,906.79,2020-12-10
2125,mouse,electronics,WH-4,379,supplier-6,1188.29,2020-11-26
2126,keyboard,electronics,WH-1,94,supplier-7,584.37,2020-04-14
2127,flashdrives,electronics,WH-1,347,supplier-6,225.06,2021-05-31
2128,desk,furniture,WH-4,305,supplier-17,809.88,2021-03-08
2129,scanner,electronics,WH-2,376,supplier-2,961.79,2020-08-02
2130,chair,furniture,WH-2,47,supplier-16,1311.78,2020-03-29
2131,keyboard,electronics,WH-4,122,supplier-7,589.77,2021-04-20
2132,keyboard,electronics,WH-2,119,supplier-11,304.91,2020-08-17
2133,flashdrives,electronics,WH-2,330,supplier-18,1213.08,2020-05-12
2134,desktops,electronics,WH-5,104,supplier-10,859.85,2020-07-14
2135,desktops,electronics,WH-4,206,supplier-2,1242.13,2020-05-23
2136,flashdrives,electronics,WH-5,55,supplier-9,763.26,2020-02-19
2137,keyboard,electronics,WH-3,457,supplier-5,1114.69,2020-07-28
2138,flashdrives,electronics,WH-3,94,supplier-17,881.06,2021-01-29
2139,flashdrives,electronics,WH-5,314,supplier-11,1105.23,2021-06-22
2140,mouse,electronics,WH-2,75,supplier-9,1222.43,2020-08-20
2141,monitor,electronics,WH-4,437,supplier-11,743.57,2021-02-11
2142,chair,furniture,WH-2,19,supplier-8,263.37,2020-08-22
2143,monitor,electronics,WH-1,236,supplier-18,1064.93,2020-03-23
2144,desktops,electronics,WH-2,202,supplier-1,454.51,2020-12-17
2145,flashdrives,electronics,WH-1,351,supplier-8,152.42,2020-02-16
2146,monitor,electronics,WH-5,458,supplier-18,1293.14,2021-02-23
2147,printer,electronics,WH-3,307,supplier-19,684.98,2021-03-30
2148,flashdrives,electronics,WH-1,20,supplier-13,1376.43,2020-06-30
2149,laptop,electronics,WH-2,442,supplier-14,436.46,2020-02-03
2150,laptop,electronics,WH-5,367,supplier-18,699.92,2021-04-15
2151,monitor,electronics,WH-3,208,supplier-9,1422.51,2020-09-27
2152,desktops,electronics,WH-4,354,supplier-18,924.91,2021-01-14
2153,desktops,electronics,WH-5,213,supplier-2,360.58,2021-03-30
2154,flashdrives,electronics,WH-1,223,supplier-9,1460.3,2021-01-13
2155,scanner,electronics,WH-4,203,supplier-1,1198.75,2021-03-18
2156,scanner,electronics,WH-5,443,supplier-9,1233.13,2020-10-12
2157,printer,electronics,WH-1,191,supplier-14,627.2,2020-02-28
2158,laptop,electronics,WH-5,252,supplier-16,480.47,2020-07-18
2159,chair,furniture,WH-2,273,supplier-19,300.1,2020-02-29
2160,printer,electronics,WH-4,282,supplier-13,990.63,2020-05-06
2161,laptop,electronics,WH-4,106,supplier-16,1003.56,2021-02-22
2162,monitor,electronics,WH-5,195,supplier-19,112.17,2020-02-06
2163,printer,electronics,WH-4,310,supplier-14,1433.18,2020-08-23
2164,scanner,electronics,WH-3,36,supplier-4,1127.78,2020-08-20
2165,monitor,electronics,WH-4,223,supplier-14,642.26,2020-03-29
2166,desk,furniture,WH-4,68,supplier-5,423.36,2021-05-08
2167,desk,furniture,WH-2,414,supplier-8,901.82,2020-09-08
2168,mouse,electronics,WH-1,424,supplier-4,491.02,2020-01-19
2169,keyboard,electronics,WH-2,266,supplier-3,775.38,2020-10-23
2170,desk,furniture,WH-4,441,supplier-12,366.63,2020-09-14
2171,laptop,electronics,WH-3,141,supplier-2,1174.71,2020-05-04
2172,keyboard,electronics,WH-5,167,supplier-2,738.35,2021-02-19
2173,flashdrives,electronics,WH-1,137,supplier-15,627.03,2020-10-20
2174,flashdrives,electronics,WH-2,339,supplier-18,1030.22,2021-01-20
2175,mouse,electronics,WH-4,274,supplier-18,1158.14,2020-11-15
2176,mouse,electronics,WH-2,466,supplier-7,714.54,2020-02-21
2177,mouse,electronics,WH-3,97,supplier-12,502.72,2020-02-29
2178,flashdrives,electronics,WH-3,137,supplier-10,514.86,2020-12-09
2179,keyboard,electronics,WH-3,296,supplier-18,586.62,2020-05-15
2180,scanner,electronics,WH-3,306,supplier-18,310.06,2020-05-14
2181,keyboard,electronics,WH-5,111,supplier-16,402.63,2021-02-13
2182,desk,furniture,WH-3,281,supplier-15,481.12,2020-02-09
2183,monitor,electronics,WH-2,187,supplier-19,472.59,2020-09-23
2184,laptop,electronics,WH-3,240,supplier-12,925.73,2020-12-23
2185,printer,electronics,WH-5,200,supplier-12,168.74,2020-05-07
2186,keyboard,electronics,WH-5,17,supplier-4,1396.0,2020-12-24
2187,mouse,electronics,WH-1,161,supplier-7,800.34,2020-07-11
2188,desk,furniture,WH-1,101,supplier-18,451.17,2021-04-29
2189,printer,electronics,WH-4,141,supplier-4,872.01,2020-06-29
2190,scanner,electronics,WH-4,465,supplier-12,921.59,2020-03-05
2191,printer,electronics,WH-1,258,supplier-3,1366.23,2020-05-26
2192,keyboard,electronics,WH-2,360,supplier-19,101.73,2020-12-16
2193,chair,furniture,WH-3,30,supplier-6,251.42,2021-04-06
2194,mouse,electronics,WH-5,397,supplier-16,1156.53,2021-03-01
2195,laptop,electronics,WH-5,107,supplier-7,684.94,2020-09-10
2196,keyboard,electronics,WH-5,209,supplier-10,665.19,2021-01-19
2197,keyboard,electronics,WH-5,377,supplier-15,1132.42,2020-07-02
2198,desktops,electronics,WH-3,10,supplier-11,1138.41,2020-12-17
2199,scanner,electronics,WH-2,121,supplier-5,1094.56,2021-04-26
2200,keyboard,electronics,WH-5,241,supplier-1,283.57,2021-02-12
2201,scanner,electronics,WH-5,57,supplier-8,993.36,2020-08-23
2202,mouse,electronics,WH-4,407,supplier-3,1125.81,2020-10-22
2203,printer,electronics,WH-2,368,supplier-18,1363.06,2021-03-25
2204,scanner,electronics,WH-4,475,supplier-4,486.62,2021-05-28
2205,flashdrives,electronics,WH-5,384,supplier-6,1261.32,2020-12-27
2206,scanner,electronics,WH-1,95,supplier-14,429.27,2020-05-26
2207,chair,furniture,WH-1,427,supplier-17,641.15,2020-04-22
2208,scanner,electronics,WH-3,127,supplier-16,1349.23,2020-08-19
2209,desk,furniture,WH-5,192,supplier-2,245.16,2020-09-15
2210,laptop,electronics,WH-2,179,supplier-3,363.43,2020-12-18
2211,chair,furniture,WH-5,414,supplier-13,1348.67,2021-06-09
2212,desktops,electronics,WH-4,54,supplier-20,914.97,2020-09-23
2213,mouse,electronics,WH-1,15,supplier-3,1130.22,2020-11-22
2214,laptop,electronics,WH-4,42,supplier-13,1215.22,2020-03-18
2215,printer,electronics,WH-1,255,supplier-6,1427.25,2020-04-16
2216,flashdrives,electronics,WH-4,31,supplier-14,1382.65,2020-10-03
2217,scanner,electronics,WH-5,149,supplier-17,212.18,2020-01-14
2218,keyboard,electronics,WH-4,235,supplier-12,385.55,2020-04-14
2219,laptop,electronics,WH-5,295,supplier-8,1349.97,2020-12-15
2220,desktops,electronics,WH-3,78,supplier-5,681.81,2020-05-03
2221,desk,furniture,WH-3,439,supplier-16,112.7,2020-06-29
2222,mouse,electronics,WH-2,365,supplier-17,110.77,2020-12-06
2223,chair,furniture,WH-1,197,supplier-8,1272.1,2020-02-13
2224,monitor,electronics,WH-1,48,supplier-2,1222.39,2020-08-05
2225,monitor,electronics,WH-5,498,supplier-19,737.42,2020-08-12
2226,printer,electronics,WH-1,464,supplier-12,554.91,2020-12-13
2227,monitor,electronics,WH-4,134,supplier-5,1296.44,2020-08-01
2228,chair,furniture,WH-5,33,supplier-4,1093.97,2020-11-19
2229,desk,furniture,WH-5,309,supplier-15,1390.77,2021-01-03
2230,laptop,electronics,WH-5,476,supplier-9,60.07,2021-02-20
2231,desk,furniture,WH-5,238,supplier-20,1074.21,2020-04-20
2232,chair,furniture,WH-5,115,supplier-15,466.67,2020-11-15
2233,monitor,electronics,WH-5,373,supplier-1,332.0,2021-03-05
2234,chair,furniture,WH-2,98,supplier-2,69.4,2021-04-23
2235,flashdrives,electronics,WH-1,172,supplier-9,570.3,2020-01-13
2236,desk,furniture,WH-1,49,supplier-11,435.88,2021-06-08
2237,keyboard,electronics,WH-4,482,supplier-6,281.85,2020-01-17
2238,desk,furniture,WH-5,239,supplier-17,1161.73,2021-05-28
2239,scanner,electronics,WH-5,442,supplier-19,955.2,2020-02-24
2240,laptop,electronics,WH-5,445,supplier-13,1306.19,2021-03-15
2241,chair,furniture,WH-3,92,supplier-18,67.28,2020-11-21
2242,scanner,electronics,WH-2,443,supplier-1,1450.7,2020-04-14
2243,scanner,electronics,WH-2,403,supplier-19,1156.66,2020-12-17
2244,chair,furniture,WH-5,359,supplier-7,814.08,2020-08-16
2245,scanner,electronics,WH-1,117,supplier-18,185.14,2020-08-13
2246,flashdrives,electronics,WH-1,146,supplier-1,555.78,2020-10-10
2247,printer,electronics,WH-4,279,supplier-4,247.97,2020-11-30
2248,flashdrives,electronics,WH-3,24,supplier-4,1142.64,2021-05-31
2249,laptop,electronics,WH-3,108,supplier-17,1020.02,2021-05-31
2250,keyboard,electronics,WH-5,248,supplier-5,321.84,2020-03-24
2251,mouse,electronics,WH-5,168,supplier-15,1257.99,2021-05-20
2252,chair,furniture,WH-5,457,supplier-11,149.81,2020-10-29
2253,mouse,electronics,WH-4,469,supplier-20,1019.64,2020-09-27
2254,monitor,electronics,WH-2,336,supplier-19,846.42,2020-04-13
2255,laptop,electronics,WH-3,362,supplier-4,866.8,2020-06-23
2256,scanner,electronics,WH-3,6,supplier-13,389.5,2020-07-06
2257,monitor,electronics,WH-3,62,supplier-14,834.84,2020-02-02
2258,keyboard,electronics,WH-5,51,supplier-3,593.83,2021-05-14
2259,printer,electronics,WH-1,441,supplier-5,228.94,2020-06-30
2260,scanner,electronics,WH-4,26,supplier-15,1248.11,2020-07-04
2261,desk,furniture,WH-2,417,supplier-5,679.4,2020-05-20
2262,printer,electronics,WH-4,61,supplier-6,812.51,2020-08-28
2263,flashdrives,electronics,WH-2,105,supplier-4,160.54,2020-06-26
2264,laptop,electronics,WH-1,287,supplier-5,72.41,2021-01-13
2265,desktops,electronics,WH-1,14,supplier-15,569.12,2020-08-27
2266,desktops,electronics,WH-1,348,supplier-8,578.61,2020-05-10
2267,flashdrives,electronics,WH-1,401,supplier-20,640.29,2021-03-10
2268,mouse,electronics,WH-5,165,supplier-15,586.26,2020-11-06
2269,chair,furniture,WH-2,360,supplier-16,1043.76,2020-03-24
2270,flashdrives,electronics,WH-1,265,supplier-3,499.72,2020-10-27
2271,desktops,electronics,WH-3,402,supplier-2,971.47,2020-02-01
2272,monitor,electronics,WH-1,25,supplier-18,245.38,2021-04-02
2273,monitor,electronics,WH-1,198,supplier-10,1330.16,2021-05-23
2274,printer,electronics,WH-3,421,supplier-13,327.88,2020-01-23
2275,laptop,electronics,WH-1,101,supplier-10,33.77,2020-09-29
2276,desktops,electronics,WH-5,154,supplier-10,1100.12,2020-09-25
2277,chair,furniture,WH-2,41,supplier-19,710.03,2021-06-05
2278,chair,furniture,WH-5,419,supplier-11,321.87,2020-12-18
2279,desk,furniture,WH-5,94,supplier-8,677.48,2020-03-17
2280,chair,furniture,WH-3,442,supplier-16,595.13,2021-01-05
2281,monitor,electronics,WH-2,375,supplier-3,166.9,2020-04-05
2282,monitor,electronics,WH-1,385,supplier-5,1261.5,2020-11-07
2283,desk,furniture,WH-4,154,supplier-20,860.77,2020-11-30
2284,flashdrives,electronics,WH-3,214,supplier-5,774.49,2021-01-16
2285,mouse,electronics,WH-3,119,supplier-9,232.25,2021-03-18
2286,desk,furniture,WH-1,312,supplier-5,1055.26,2020-04-25
2287,laptop,electronics,WH-2,412,supplier-20,1096.38,2020-11-17
2288,chair,furniture,WH-2,75,supplier-20,296.23,2020-12-05
2289,monitor,electronics,WH-2,361,supplier-14,1014.5,2020-12-08
2290,monitor,electronics,WH-4,320,supplier-20,1369.05,2021-06-08
2291,printer,electronics,WH-4,418,supplier-2,1470.88,2020-10-15
2292,monitor,electronics,WH-1,332,supplier-5,1345.86,2020-08-02
2293,desktops,electronics,WH-3,475,supplier-10,485.16,2020-11-08
2294,desktops,electronics,WH-1,281,supplier-4,440.39,2020-05-16
2295,keyboard,electronics,WH-1,216,supplier-1,1397.65,2020-02-03
2296,flashdrives,electronics,WH-1,365,supplier-2,93.43,2020-08-05
2297,chair,furniture,WH-4,126,supplier-1,829.36,2020-03-09
2298,mouse,electronics,WH-3,477,supplier-3,1349.02,2021-01-03
2299,monitor,electronics,WH-5,107,supplier-19,1012.44,2020-10-14
2300,desk,furniture,WH-5,187,supplier-20,655.09,2020-09-09
2301,chair,furniture,WH-3,184,supplier-17,1347.47,2020-05-20
2302,keyboard,electronics,WH-1,141,supplier-7,465.86,2021-01-19
2303,scanner,electronics,WH-5,114,supplier-1,989.56,2020-10-27
2304,monitor,electronics,WH-5,20,supplier-19,1002.2,2020-01-17
2305,printer,electronics,WH-2,433,supplier-15,1364.56,2020-09-28
2306,chair,furniture,WH-5,409,supplier-4,756.41,2020-01-29
2307,keyboard,electronics,WH-2,149,supplier-18,444.05,2020-08-20
2308,chair,furniture,WH-1,234,supplier-16,423.16,2020-05-21
2309,laptop,electronics,WH-5,140,supplier-9,441.22,2020-02-02
2310,monitor,electronics,WH-4,43,supplier-2,1268.06,2020-08-15
2311,chair,furniture,WH-5,467,supplier-11,945.83,2021-04-10
2312,mouse,electronics,WH-2,276,supplier-5,108.97,2020-07-29
2313,printer,electronics,WH-2,431,supplier-9,1297.53,2021-01-10
2314,desktops,electronics,WH-1,34,supplier-13,628.31,2020-12-06
2315,chair,furniture,WH-5,477,supplier-6,732.53,2020-05-01
2316,laptop,electronics,WH-4,155,supplier-8,855.48,2020-12-08
2317,mouse,electronics,WH-2,366,supplier-8,621.23,2020-06-18
2318,monitor,electronics,WH-4,138,supplier-2,384.78,2021-02-15
2319,flashdrives,electronics,WH-3,165,supplier-16,517.59,2021-04-10
2320,mouse,electronics,WH-3,331,supplier-18,981.69,2021-04-22
2321,laptop,electronics,WH-1,424,supplier-13,1482.53,2020-07-27
2322,printer,electronics,WH-1,235,supplier-9,1109.74,2020-07-02
2323,desk,furniture,WH-5,125,supplier-3,767.99,2020-07-10
2324,keyboard,electronics,WH-2,347,supplier-20,848.6,2020-05-05
2325,keyboard,electronics,WH-5,353,supplier-7,1161.04,2020-07-27
2326,mouse,electronics,WH-5,160,supplier-11,753.26,2021-01-07
2327,mouse,electronics,WH-3,149,supplier-15,315.75,2020-05-08
2328,scanner,electronics,WH-5,138,supplier-7,544.26,2020-02-05
2329,chair,furniture,WH-2,499,supplier-8,1173.96,2020-03-21
2330,chair,furniture,WH-3,5,supplier-9,1405.64,2020-04-20
2331,keyboard,electronics,WH-5,25,supplier-20,457.54,2020-08-15
2332,scanner,electronics,WH-2,398,supplier-1,531.08,2021-05-18
2333,chair,furniture,WH-5,440,supplier-11,1302.16,2021-01-28
2334,monitor,electronics,WH-4,123,supplier-2,223.25,2020-12-06
2335,printer,electronics,WH-2,97,supplier-16,209.8,2020-03-24
2336,printer,electronics,WH-4,458,supplier-2,285.13,2021-06-03
2337,scanner,electronics,WH-1,165,supplier-1,860.02,2020-05-18
2338,desk,furniture,WH-1,61,supplier-8,314.4,2020-08-26
2339,flashdrives,electronics,WH-5,73,supplier-1,165.83,2020-01-20
2340,mouse,electronics,WH-3,389,supplier-1,452.83,2020-08-19
2341,laptop,electronics,WH-3,130,supplier-12,1268.82,2021-04-01
2342,desk,furniture,WH-2,104,supplier-5,314.58,2020-06-11
2343,desk,furniture,WH-1,309,supplier-3,670.06,2020-04-26
2344,laptop,electronics,WH-5,24,supplier-19,432.96,2021-01-13
2345,laptop,electronics,WH-2,191,supplier-9,1495.5,2020-06-17
2346,flashdrives,electronics,WH-4,331,supplier-10,661.19,2020-04-01
2347,printer,electronics,WH-3,446,supplier-8,669.92,2020-05-02
2348,laptop,electronics,WH-2,4,supplier-4,1091.7,2020-04-08
2349,monitor,electronics,WH-3,378,supplier-19,909.3,2020-06-02
2350,keyboard,electronics,WH-4,324,supplier-3,564.05,2020-12-18
2351,chair,furniture,WH-4,311,supplier-14,1194.68,2020-12-04
2352,scanner,electronics,WH-1,115,supplier-13,287.18,2020-02-09
2353,desktops,electronics,WH-5,216,supplier-6,351.76,2020-07-10
2354,chair,furniture,WH-1,476,supplier-9,1470.44,2020-04-19
2355,laptop,electronics,WH-1,260,supplier-5,1189.55,2020-06-03
2356,scanner,electronics,WH-3,13,supplier-6,1075.8,2020-04-05
2357,keyboard,electronics,WH-5,265,supplier-16,1070.02,2020-08-09
2358,desktops,electronics,WH-3,150,supplier-11,128.46,2020-09-10
2359,mouse,electronics,WH-5,259,supplier-11,1479.06,2020-03-30
2360,desk,furniture,WH-5,339,supplier-16,1144.59,2020-06-29
2361,scanner,electronics,WH-3,146,supplier-8,342.98,2020-05-16
2362,desktops,electronics,WH-3,144,supplier-12,825.42,2021-02-14
2363,keyboard,electronics,WH-4,38,supplier-11,823.33,2020-06-07
2364,flashdrives,electronics,WH-4,58,supplier-3,785.94,2020-01-25
2365,keyboard,electronics,WH-1,238,supplier-16,98.08,2020-08-19
2366,laptop,electronics,WH-3,488,supplier-9,384.14,2020-12-25
2367,flashdrives,electronics,WH-3,8,supplier-13,438.48,2021-01-18
2368,mouse,electronics,WH-2,166,supplier-18,166.49,2020-11-03
2369,scanner,electronics,WH-3,132,supplier-5,275.1,2020-09-10
2370,scanner,electronics,WH-1,425,supplier-10,11.32,2020-03-07
2371,monitor,electronics,WH-3,308,supplier-20,736.37,2020-06-10
2372,keyboard,electronics,WH-3,178,supplier-13,832.21,2021-05-17
2373,desktops,electronics,WH-1,336,supplier-1,485.23,2020-01-26
2374,scanner,electronics,WH-4,256,supplier-19,467.71,2020-07-16
2375,flashdrives,electronics,WH-2,256,supplier-7,1292.89,2020-05-15
2376,desktops,electronics,WH-3,426,supplier-8,792.66,2020-01-08
2377,monitor,electronics,WH-4,161,supplier-1,1313.86,2021-04-09
2378,chair,furniture,WH-2,250,supplier-19,873.25,2021-05-28
2379,mouse,electronics,WH-1,292,supplier-4,182.07,2021-03-25
2380,desk,furniture,WH-2,351,supplier-13,966.85,2021-05-02
2381,desktops,electronics,WH-5,93,supplier-1,69.62,2020-01-16
2382,flashdrives,electronics,WH-1,486,supplier-19,469.45,2020-07-14
2383,desk,furniture,WH-5,167,supplier-4,367.5,2020-06-15
2384,chair,furniture,WH-2,139,supplier-20,205.97,2020-11-12
2385,scanner,electronics,WH-4,409,supplier-9,1031.47,2020-10-05
2386,scanner,electronics,WH-5,367,supplier-20,1241.49,2021-04-30
2387,desktops,electronics,WH-1,416,supplier-10,824.65,2020-03-12
2388,laptop,electronics,WH-5,460,supplier-2,1388.36,2021-03-10
2389,printer,electronics,WH-3,193,supplier-8,629.39,2020-03-28
2390,flashdrives,electronics,WH-5,380,supplier-14,620.85,2020-10-30
2391,printer,electronics,WH-3,329,supplier-9,1081.65,2021-03-05
2392,chair,furniture,WH-1,25,supplier-16,724.91,2020-05-06
2393,chair,furniture,WH-4,30,supplier-3,770.48,2020-07-06
2394,monitor,electronics,WH-3,351,supplier-10,1013.06,2021-01-26
2395,printer,electronics,WH-5,295,supplier-3,277.48,2021-05-01
2396,mouse,electronics,WH-5,232,supplier-6,686.19,2021-04-20
2397,desk,furniture,WH-4,390,supplier-17,1170.34,2020-04-22
2398,keyboard,electronics,WH-2,57,supplier-11,568.97,2020-03-10
2399,flashdrives,electronics,WH-2,112,supplier-9,1449.6,2020-11-09
2400,desk,furniture,WH-2,393,supplier-15,94.1,2020-02-11
2401,scanner,electronics,WH-3,360,supplier-14,414.34,2020-04-07
2402,flashdrives,electronics,WH-5,439,supplier-1,798.08,2020-03-13
2403,printer,electronics,WH-4,439,supplier-10,362.47,2020-06-21
2404,mouse,electronics,WH-1,300,supplier-6,161.33,2020-08-15
2405,laptop,electronics,WH-5,56,supplier-20,1042.62,2021-01-30
2406,chair,furniture,WH-4,131,supplier-13,756.42,2020-02-22
2407,monitor,electronics,WH-5,0,supplier-16,964.3,2020-12-24
2408,desk,furniture,WH-1,46,supplier-8,777.32,2020-02-12
2409,scanner,electronics,WH-1,209,supplier-5,631.12,2021-05-14
2410,scanner,electronics,WH-5,40,supplier-15,425.27,2021-01-06
2411,printer,electronics,WH-3,211,supplier-17,129.18,2020-12-12
2412,flashdrives,electronics,WH-3,225,supplier-13,934.01,2020-06-15
2413,printer,electronics,WH-5,192,supplier-14,1023.36,2020-07-17
2414,laptop,electronics,WH-3,373,supplier-19,654.31,2021-01-29
2415,mouse,electronics,WH-5,324,supplier-2,349.38,2020-06-02
2416,laptop,electronics,WH-3,109,supplier-2,581.7,2020-11-10
2417,flashdrives,electronics,WH-1,256,supplier-11,763.3,2021-04-13
2418,flashdrives,electronics,WH-3,459,supplier-3,1130.62,2021-06-04
2419,laptop,electronics,WH-1,264,supplier-7,55.51,2020-10-04
2420,desktops,electronics,WH-5,389,supplier-15,636.49,2021-01-30
2421,mouse,electronics,WH-1,117,supplier-6,1461.45,2021-06-13
2422,desktops,electronics,WH-2,104,supplier-8,1405.67,2021-03-12
2423,mouse,electronics,WH-4,226,supplier-19,97.64,2021-04-30
2424,mouse,electronics,WH-1,377,supplier-16,670.45,2020-12-13
2425,desktops,electronics,WH-1,442,supplier-6,1226.82,2020-04-17
2426,desktops,electronics,WH-5,392,supplier-7,414.74,2020-02-04
2427,monitor,electronics,WH-5,6,supplier-14,874.72,2021-01-11
2428,mouse,electronics,WH-2,46,supplier-20,1036.13,2020-03-31
2429,chair,furniture,WH-4,307,supplier-8,169.12,2020-04-27
2430,laptop,electronics,WH-2,55,supplier-1,38.12,2021-02-03
2431,chair,furniture,WH-5,290,supplier-7,478.89,2021-04-19
2432,laptop,electronics,WH-1,342,supplier-15,656.59,2020-08-01
2433,mouse,electronics,WH-5,242,supplier-14,117.47,2021-06-19
2434,desk,furniture,WH-5,448,supplier-2,1466.59,2021-01-22
2435,laptop,electronics,WH-1,255,supplier-10,252.62,2020-02-11
2436,desk,furniture,WH-2,299,supplier-18,148.0,2020-11-26
2437,mouse,electronics,WH-1,162,supplier-19,573.84,2020-05-11
2438,printer,electronics,WH-3,339,supplier-10,1356.11,2020-01-31
2439,desktops,electronics,WH-4,285,supplier-2,116.1,2021-05-29
2440,desktops,electronics,WH-3,280,supplier-1,1311.68,2020-09-15
2441,laptop,electronics,WH-5,12,supplier-19,891.73,2020-03-10
2442,keyboard,electronics,WH-3,6,supplier-8,703.84,2020-10-31
2443,printer,electronics,WH-1,189,supplier-18,76.52,2020-02-28
2444,mouse,electronics,WH-3,189,supplier-11,520.88,2020-03-29
2445,scanner,electronics,WH-5,24,supplier-7,390.17,2020-10-23
2446,chair,furniture,WH-4,192,supplier-9,1469.1,2020-08-14
2447,chair,furniture,WH-4,449,supplier-5,213.24,2020-10-16
2448,printer,electronics,WH-1,333,supplier-15,684.86,2020-09-03
2449,laptop,electronics,WH-3,310,supplier-8,105.54,2020-12-10
2450,monitor,electronics,WH-1,43,supplier-9,165.49,2020-09-06
2451,monitor,electronics,WH-1,241,supplier-7,805.61,2020-08-10
2452,desk,furniture,WH-3,438,supplier-5,946.86,2021-06-04
2453,printer,electronics,WH-3,401,supplier-3,482.11,2020-02-27
2454,desk,furniture,WH-2,99,supplier-16,749.52,2020-04-14
2455,desktops,electronics,WH-1,450,supplier-19,303.81,2020-07-25
2456,keyboard,electronics,WH-5,41,supplier-8,761.37,2020-11-06
2457,laptop,electronics,WH-2,287,supplier-7,1346.67,2021-03-10
2458,scanner,electronics,WH-2,181,supplier-3,143.93,2020-01-12
2459,desktops,electronics,WH-4,490,supplier-11,1421.86,2021-05-15
2460,chair,furniture,WH-4,326,supplier-15,455.87,2021-01-30
2461,keyboard,electronics,WH-1,196,supplier-1,973.68,2020-02-16
2462,mouse,electronics,WH-1,441,supplier-2,1227.97,2020-12-28
2463,desktops,electronics,WH-3,2,supplier-19,140.24,2020-04-21
2464,printer,electronics,WH-2,77,supplier-5,724.33,2020-02-13
2465,monitor,electronics,WH-3,280,supplier-9,683.55,2021-06-02
2466,laptop,electronics,WH-1,134,supplier-15,270.6,2020-09-20
2467,printer,electronics,WH-4,36,supplier-6,951.49,2021-05-20
2468,chair,furniture,WH-2,270,supplier-1,673.43,2020-06-23
2469,laptop,electronics,WH-1,422,supplier-20,90.04,2020-12-21
2470,scanner,electronics,WH-4,193,supplier-18,64.4,2021-04-09
2471,desktops,electronics,WH-3,90,supplier-12,480.3,2021-02-10
2472,mouse,electronics,WH-1,206,supplier-18,1210.87,2020-10-17
2473,chair,furniture,WH-5,21,supplier-10,20.7,2021-05-01
2474,keyboard,electronics,WH-3,399,supplier-11,789.55,2021-05-26
2475,scanner,electronics,WH-1,305,supplier-13,947.56,2020-12-06
2476,monitor,electronics,WH-4,162,supplier-16,309.41,2020-09-18
2477,keyboard,electronics,WH-4,194,supplier-3,69.13,2021-01-05
2478,desktops,electronics,WH-2,349,supplier-8,17.92,2020-08-30
2479,flashdrives,electronics,WH-5,45,supplier-19,1385.43,2021-04-06
2480,mouse,electronics,WH-4,180,supplier-20,1078.21,2020-06-07
2481,chair,furniture,WH-1,372,supplier-3,1355.94,2021-04-05
2482,flashdrives,electronics,WH-2,148,supplier-10,244.45,2020-08-03
2483,desk,furniture,WH-4,410,supplier-12,1068.18,2020-11-14
2484,keyboard,electronics,WH-2,434,supplier-5,370.06,2020-03-08
2485,chair,furniture,WH-5,316,supplier-13,1276.21,2020-03-31
2486,scanner,electronics,WH-1,303,supplier-9,433.0,2021-03-18
2487,scanner,electronics,WH-3,169,supplier-7,1469.07,2021-04-12
2488,laptop,electronics,WH-4,188,supplier-6,211.82,2020-12-25
2489,laptop,electronics,WH-5,113,supplier-6,39.39,2021-01-23
2490,printer,electronics,WH-4,233,supplier-1,965.1,2021-05-23
2491,monitor,electronics,WH-4,415,supplier-13,1298.28,2020-09-23
2492,flashdrives,electronics,WH-5,499,supplier-17,975.01,2020-06-15
2493,flashdrives,electronics,WH-1,247,supplier-20,1465.63,2020-02-15
2494,desktops,electronics,WH-5,123,supplier-20,92.77,2021-03-05
2495,chair,furniture,WH-4,397,supplier-15,275.69,2020-02-12
2496,desk,furniture,WH-2,464,supplier-3,881.3,2021-04-01
2497,mouse,electronics,WH-4,392,supplier-3,75.81,2020-02-16
2498,mouse,electronics,WH-3,366,supplier-11,944.26,2020-01-13
2499,printer,electronics,WH-1,385,supplier-9,1271.08,2020-06-24
2500,keyboard,electronics,WH-5,289,supplier-5,126.47,2020-03-27
2501,printer,electronics,WH-3,259,supplier-10,1403.8,2020-04-28
2502,printer,electronics,WH-2,55,supplier-15,416.83,2021-05-10
2503,laptop,electronics,WH-3,440,supplier-19,987.86,2020-01-24
2504,desktops,electronics,WH-3,443,supplier-14,1402.38,2020-03-18
2505,chair,furniture,WH-3,474,supplier-1,437.22,2021-03-17
2506,printer,electronics,WH-5,140,supplier-15,487.97,2020-11-08
2507,keyboard,electronics,WH-2,5,supplier-5,159.66,2020-06-29
2508,flashdrives,electronics,WH-5,347,supplier-2,1200.27,2020-11-22
2509,desk,furniture,WH-1,208,supplier-6,624.51,2021-04-13
2510,chair,furniture,WH-1,79,supplier-6,903.84,2020-02-16
2511,chair,furniture,WH-1,29,supplier-6,1224.35,2021-06-17
2512,printer,electronics,WH-3,326,supplier-17,209.19,2020-09-11
2513,keyboard,electronics,WH-2,260,supplier-11,1398.22,2021-02-13
2514,laptop,electronics,WH-1,295,supplier-1,377.06,2020-08-31
2515,keyboard,electronics,WH-4,46,supplier-15,1419.91,2021-01-29
2516,desk,furniture,WH-4,142,supplier-3,1429.96,2020-08-02
2517,scanner,electronics,WH-2,446,supplier-7,57.19,2021-04-05
2518,desktops,electronics,WH-1,489,supplier-4,1405.89,2020-09-23
2519,printer,electronics,WH-3,363,supplier-9,772.47,2020-02-12
2520,desktops,electronics,WH-4,117,supplier-13,108.72,2021-03-06
2521,mouse,electronics,WH-2,369,supplier-13,1198.44,2020-07-15
2522,monitor,electronics,WH-3,30,supplier-9,1242.86,2020-08-14
2523,desk,furniture,WH-4,228,supplier-15,647.8,2020-12-07
2524,chair,furniture,WH-2,223,supplier-5,619.0,2021-01-18
2525,desk,furniture,WH-1,139,supplier-4,839.15,2020-06-02
2526,monitor,electronics,WH-3,33,supplier-3,141.02,2021-02-22
2527,keyboard,electronics,WH-5,353,supplier-19,258.5,2020-11-14
2528,keyboard,electronics,WH-3,25,supplier-17,1190.12,2021-03-04
2529,monitor,electronics,WH-5,229,supplier-4,923.0,2020-04-27
2530,laptop,electronics,WH-2,417,supplier-8,756.45,2020-06-15
2531,desktops,electronics,WH-1,255,supplier-20,1395.12,2020-10-12
2532,mouse,electronics,WH-5,239,supplier-3,45.3,2020-06-07
2533,scanner,electronics,WH-3,441,supplier-3,872.46,2020-04-22
2534,chair,furniture,WH-2,479,supplier-20,370.03,2021-03-02
2535,flashdrives,electronics,WH-4,450,supplier-9,988.51,2020-06-23
2536,chair,furniture,WH-5,282,supplier-18,677.14,2020-02-06
2537,flashdrives,electronics,WH-1,361,supplier-17,1092.7,2020-10-25
2538,flashdrives,electronics,WH-1,197,supplier-15,591.15,2020-12-09
2539,monitor,electronics,WH-2,403,supplier-13,343.91,2020-09-05
2540,laptop,electronics,WH-1,292,supplier-20,646.27,2021-03-25
2541,keyboard,electronics,WH-3,437,supplier-14,1122.19,2021-04-20
2542,scanner,electronics,WH-4,271,supplier-17,553.55,2020-04-11
2543,desk,furniture,WH-2,334,supplier-14,110.24,2020-10-10
2544,desktops,electronics,WH-1,160,supplier-5,1062.79,2020-09-12
2545,desktops,electronics,WH-1,89,supplier-6,509.76,2020-03-13
2546,chair,furniture,WH-3,386,supplier-2,925.04,2020-10-09
2547,keyboard,electronics,WH-2,41,supplier-11,1485.87,2020-01-04
2548,printer,electronics,WH-4,129,supplier-9,1455.94,2020-12-02
2549,laptop,electronics,WH-1,317,supplier-18,572.45,2020-03-06
2550,desktops,electronics,WH-5,19,supplier-5,477.45,2020-10-09
2551,laptop,electronics,WH-3,234,supplier-15,1428.95,2021-05-10
2552,flashdrives,electronics,WH-1,400,supplier-11,492.44,2021-02-12
2553,laptop,electronics,WH-1,162,supplier-11,877.18,2021-06-05
2554,flashdrives,electronics,WH-2,253,supplier-2,539.76,2021-05-14
2555,scanner,electronics,WH-2,117,supplier-7,552.34,2021-03-01
2556,printer,electronics,WH-3,294,supplier-10,1396.59,2021-06-09
2557,desktops,electronics,WH-3,248,supplier-12,504.33,2020-09-21
2558,mouse,electronics,WH-2,368,supplier-6,1268.85,2020-01-17
2559,scanner,electronics,WH-5,427,supplier-10,350.35,2020-11-17
2560,keyboard,electronics,WH-5,75,supplier-8,96.61,2020-11-22
2561,desk,furniture,WH-1,355,supplier-4,1350.48,2020-06-29
2562,chair,furniture,WH-2,249,supplier-15,323.82,2020-06-26
2563,laptop,electronics,WH-2,360,supplier-13,1272.08,2020-01-28
2564,chair,furniture,WH-4,436,supplier-12,1469.36,2020-12-18
2565,desktops,electronics,WH-1,118,supplier-20,1460.21,2021-06-24
2566,printer,electronics,WH-5,355,supplier-15,258.42,2020-01-10
2567,laptop,electronics,WH-1,3,supplier-6,313.52,2020-10-20
2568,mouse,electronics,WH-3,105,supplier-5,308.97,2020-08-07
2569,printer,electronics,WH-3,323,supplier-15,550.3,2020-04-20
2570,scanner,electronics,WH-2,366,supplier-1,1175.56,2020-09-04
2571,desktops,electronics,WH-2,116,supplier-16,900.87,2021-06-05
2572,scanner,electronics,WH-4,6,supplier-19,1057.02,2020-08-28
2573,desk,furniture,WH-4,160,supplier-17,1021.94,2020-10-18
2574,printer,electronics,WH-4,440,supplier-14,874.16,2020-03-24
2575,printer,electronics,WH-5,211,supplier-15,988.19,2020-12-28
2576,mouse,electronics,WH-1,320,supplier-3,954.3,2020-03-19
2577,mouse,electronics,WH-5,396,supplier-3,266.48,2021-06-03
2578,chair,furniture,WH-1,195,supplier-20,428.42,2020-12-17
2579,printer,electronics,WH-3,272,supplier-4,1350.06,2020-05-17
2580,scanner,electronics,WH-3,125,supplier-5,250.91,2020-01-23
2581,desktops,electronics,WH-4,231,supplier-12,444.36,2020-05-08
2582,flashdrives,electronics,WH-4,304,supplier-7,1229.17,2021-04-05
2583,keyboard,electronics,WH-1,430,supplier-11,1182.11,2020-10-03
2584,keyboard,electronics,WH-1,129,supplier-12,116.51,2020-02-18
2585,laptop,electronics,WH-5,250,supplier-7,493.98,2020-01-15
2586,laptop,electronics,WH-1,199,supplier-7,1354.98,2020-09-06
2587,desktops,electronics,WH-5,240,supplier-1,95.38,2020-02-12
2588,chair,furniture,WH-5,385,supplier-2,134.8,2020-08-04
2589,mouse,electronics,WH-5,437,supplier-18,568.33,2020-03-04
2590,scanner,electronics,WH-3,71,supplier-1,1202.43,2021-02-25
2591,mouse,electronics,WH-5,236,supplier-10,1401.07,2020-04-03
2592,desktops,electronics,WH-3,396,supplier-4,934.61,2020-12-29
2593,scanner,electronics,WH-4,157,supplier-13,795.53,2021-05-13
2594,monitor,electronics,WH-2,254,supplier-12,52.59,2021-06-13
2595,chair,furniture,WH-1,29,supplier-10,214.99,2021-06-23
2596,monitor,electronics,WH-2,87,supplier-6,1109.97,2020-10-15
2597,chair,furniture,WH-4,471,supplier-5,87.0,2020-08-22
2598,monitor,electronics,WH-3,256,supplier-6,784.47,2020-03-05
2599,mouse,electronics,WH-5,414,supplier-6,732.59,2021-04-19
2600,keyboard,electronics,WH-2,427,supplier-9,1077.25,2020-01-24
2601,mouse,electronics,WH-5,127,supplier-1,844.54,2020-09-26
2602,chair,furniture,WH-1,295,supplier-10,564.28,2020-06-01
2603,printer,electronics,WH-2,415,supplier-14,1228.16,2020-10-10
2604,chair,furniture,WH-4,422,supplier-18,438.24,2020-08-07
2605,desktops,electronics,WH-5,281,supplier-7,41.57,2020-03-17
2606,printer,electronics,WH-3,122,supplier-8,433.86,2020-01-05
2607,printer,electronics,WH-2,155,supplier-8,385.06,2020-06-20
2608,flashdrives,electronics,WH-2,240,supplier-18,589.7,2020-08-14
2609,keyboard,electronics,WH-1,33,supplier-17,1411.58,2020-03-12
2610,monitor,electronics,WH-2,331,supplier-20,1093.97,2020-08-11
2611,flashdrives,electronics,WH-5,98,supplier-9,1280.43,2020-07-23
2612,chair,furniture,WH-5,416,supplier-9,1421.94,2020-11-21
2613,monitor,electronics,WH-4,152,supplier-17,332.61,2020-10-30
2614,scanner,electronics,WH-5,103,supplier-10,1218.22,2021-02-25
2615,mouse,electronics,WH-5,159,supplier-1,374.24,2021-03-24
2616,monitor,electronics,WH-1,417,supplier-15,1448.47,2020-06-03
2617,mouse,electronics,WH-1,82,supplier-14,925.89,2020-09-14
2618,printer,electronics,WH-1,442,supplier-13,719.63,2020-11-22
2619,laptop,electronics,WH-3,460,supplier-15,647.98,2020-12-01
2620,monitor,electronics,WH-3,151,supplier-7,1438.91,2021-02-02
2621,chair,furniture,WH-3,282,supplier-17,965.35,2020-06-08
2622,keyboard,electronics,WH-2,176,supplier-20,1285.18,2020-06-15
2623,printer,electronics,WH-4,47,supplier-10,712.1,2021-06-10
2624,desk,furniture,WH-2,130,supplier-19,1130.0,2020-07-08
2625,desk,furniture,WH-4,247,supplier-12,324.12,2020-07-19
2626,flashdrives,electronics,WH-2,7,supplier-1,328.55,2020-11-07
2627,scanner,electronics,WH-4,138,supplier-16,1186.5,2020-04-26
2628,mouse,electronics,WH-3,426,supplier-5,425.28,2021-03-23
2629,scanner,electronics,WH-4,320,supplier-9,66.16,2020-01-17
2630,printer,electronics,WH-4,51,supplier-13,169.71,2020-10-21
2631,desk,furniture,WH-3,425,supplier-17,666.77,2021-03-25
2632,laptop,electronics,WH-4,280,supplier-17,862.8,2020-02-14
2633,desktops,electronics,WH-3,402,supplier-6,240.82,2020-05-09
2634,flashdrives,electronics,WH-4,333,supplier-6,953.74,2020-09-26
2635,laptop,electronics,WH-5,57,supplier-1,399.64,2020-06-19
2636,monitor,electronics,WH-5,457,supplier-17,556.56,2020-01-29
2637,desk,furniture,WH-3,445,supplier-2,909.54,2020-08-29
2638,mouse,electronics,WH-1,197,supplier-2,420.13,2021-02-16
2639,flashdrives,electronics,WH-2,482,supplier-12,731.13,2020-09-01
2640,scanner,electronics,WH-4,293,supplier-13,440.33,2021-02-13
2641,flashdrives,electronics,WH-1,475,supplier-1,1190.31,2020-09-26
2642,chair,furniture,WH-5,166,supplier-19,865.34,2020-04-11
2643,monitor,electronics,WH-4,297,supplier-14,610.51,2021-02-23
2644,laptop,electronics,WH-5,102,supplier-7,330.63,2021-03-26
2645,monitor,electronics,WH-4,62,supplier-6,326.06,2021-04-01
2646,desktops,electronics,WH-4,134,supplier-14,1089.83,2021-05-22
2647,keyboard,electronics,WH-2,326,supplier-9,1489.28,2021-03-30
2648,flashdrives,electronics,WH-3,486,supplier-18,1337.08,2020-07-06
2649,monitor,electronics,WH-5,369,supplier-6,310.86,2020-12-13
2650,desk,furniture,WH-4,343,supplier-11,1291.6,2020-10-18
2651,monitor,electronics,WH-1,441,supplier-1,480.2,2020-07-20
2652,desk,furniture,WH-5,183,supplier-9,554.99,2020-04-07
2653,keyboard,electronics,WH-5,363,supplier-16,680.43,2020-10-26
2654,desktops,electronics,WH-2,22,supplier-7,1320.53,2020-12-11
2655,flashdrives,electronics,WH-4,160,supplier-12,327.46,2020-10-14
2656,mouse,electronics,WH-2,45,supplier-7,270.27,2020-03-22
2657,scanner,electronics,WH-1,108,supplier-15,267.37,2020-03-09
2658,scanner,electronics,WH-4,238,supplier-3,502.82,2020-12-14
2659,desktops,electronics,WH-4,498,supplier-12,947.46,2020-09-05
2660,scanner,electronics,WH-4,305,supplier-8,972.18,2021-06-22
2661,flashdrives,electronics,WH-5,404,supplier-6,822.59,2020-08-27
2662,desk,furniture,WH-5,117,supplier-8,1015.14,2020-11-18
2663,keyboard,electronics,WH-5,0,supplier-17,385.77,2021-01-16
2664,scanner,electronics,WH-1,45,supplier-16,277.45,2020-08-11
2665,chair,furniture,WH-1,356,supplier-6,1250.4,2020-09-08
2666,mouse,electronics,WH-1,124,supplier-15,467.33,2020-12-06
2667,flashdrives,electronics,WH-4,204,supplier-5,1177.49,2020-08-20
2668,keyboard,electronics,WH-3,156,supplier-20,857.84,2021-02-10
2669,chair,furniture,WH-4,375,supplier-14,175.86,2021-03-22
2670,mouse,electronics,WH-3,27,supplier-7,1194.21,2020-04-28
2671,printer,electronics,WH-2,371,supplier-4,1304.22,2021-05-18
2672,keyboard,electronics,WH-3,488,supplier-12,1371.82,2021-04-18
2673,mouse,electronics,WH-1,194,supplier-18,159.99,2021-01-01
2674,laptop,electronics,WH-5,484,supplier-20,217.46,2020-04-18
2675,chair,furniture,WH-5,402,supplier-20,36.62,2020-02-13
2676,flashdrives,electronics,WH-1,196,supplier-2,386.47,2020-10-10
2677,scanner,electronics,WH-4,128,supplier-14,144.86,2020-01-20
2678,desktops,electronics,WH-2,271,supplier-1,788.65,2020-03-24
2679,laptop,electronics,WH-2,220,supplier-20,262.05,2021-01-21
2680,desk,furniture,WH-5,288,supplier-5,906.47,2020-01-27
2681,monitor,electronics,WH-5,347,supplier-18,1152.77,2020-01-15
2682,laptop,electronics,WH-2,268,supplier-10,448.71,2020-03-17
2683,monitor,electronics,WH-2,21,supplier-10,1332.86,2020-04-09
2684,monitor,electronics,WH-2,143,supplier-8,905.12,2021-02-10
2685,monitor,electronics,WH-4,154,supplier-16,660.17,2020-05-25
2686,chair,furniture,WH-1,499,supplier-13,84.64,2020-09-22
2687,keyboard,electronics,WH-3,197,supplier-3,257.34,2020-10-06
2688,chair,furniture,WH-1,234,supplier-14,1428.02,2021-03-26
2689,laptop,electronics,WH-2,113,supplier-20,454.08,2020-09-18
2690,printer,electronics,WH-3,23,supplier-6,1317.11,2021-05-05
2691,keyboard,electronics,WH-2,405,supplier-19,1224.21,2020-06-07
2692,desktops,electronics,WH-2,37,supplier-18,31.32,2020-09-20
2693,keyboard,electronics,WH-5,319,supplier-15,1242.4,2020-06-25
2694,desk,furniture,WH-2,284,supplier-4,1093.68,2020-06-07
2695,keyboard,electronics,WH-5,410,supplier-18,248.78,2020-01-05
2696,scanner,electronics,WH-5,240,supplier-16,598.23,2021-05-27
2697,laptop,electronics,WH-1,115,supplier-13,1163.56,2021-06-16
2698,scanner,electronics,WH-4,191,supplier-17,1184.14,2020-10-13
2699,mouse,electronics,WH-1,202,supplier-20,208.87,2020-06-23
2700,chair,furniture,WH-4,468,supplier-9,141.42,2020-04-01
2701,mouse,electronics,WH-5,441,supplier-2,814.36,2021-06-19
2702,mouse,electronics,WH-2,225,supplier-4,600.82,2021-05-04
2703,monitor,electronics,WH-1,189,supplier-4,120.29,2021-01-25
2704,laptop,electronics,WH-4,262,supplier-7,630.54,2020-03-09
2705,desktops,electronics,WH-3,300,supplier-11,853.24,2021-04-04
2706,desktops,electronics,WH-2,49,supplier-9,1224.3,2020-05-31
2707,chair,furniture,WH-3,308,supplier-5,540.45,2021-04-10
2708,mouse,electronics,WH-3,273,supplier-8,1321.06,2020-12-08
2709,laptop,electronics,WH-3,435,supplier-9,524.56,2021-02-25
2710,desk,furniture,WH-4,476,supplier-8,919.21,2020-03-28
2711,flashdrives,electronics,WH-4,252,supplier-1,347.94,2020-05-14
2712,chair,furniture,WH-2,242,supplier-3,85.9,2021-03-02
2713,chair,furniture,WH-5,406,supplier-12,156.06,2021-04-26
2714,desktops,electronics,WH-4,63,supplier-5,1380.92,2021-06-18
2715,laptop,electronics,WH-1,17,supplier-2,689.88,2020-04-17
2716,scanner,electronics,WH-3,198,supplier-13,670.97,2021-01-23
2717,desktops,electronics,WH-3,385,supplier-12,1154.14,2020-08-31
2718,desktops,electronics,WH-1,53,supplier-12,874.78,2021-04-04
2719,desk,furniture,WH-4,80,supplier-4,77.24,2020-04-14
2720,flashdrives,electronics,WH-4,75,supplier-1,1026.47,2021-03-21
2721,printer,electronics,WH-1,491,supplier-20,808.04,2021-04-27
2722,mouse,electronics,WH-2,342,supplier-17,757.35,2020-09-25
2723,flashdrives,electronics,WH-4,132,supplier-2,507.89,2020-07-18
2724,mouse,electronics,WH-3,417,supplier-1,588.23,2020-10-28
2725,desk,furniture,WH-3,362,supplier-19,136.52,2021-05-19
2726,monitor,electronics,WH-1,342,supplier-14,374.11,2021-02-22
2727,keyboard,electronics,WH-4,155,supplier-8,231.21,2020-05-30
2728,keyboard,electronics,WH-1,35,supplier-9,534.2,2020-07-30
2729,desk,furniture,WH-3,172,supplier-3,202.71,2020-11-24
2730,scanner,electronics,WH-2,202,supplier-10,1420.77,2020-09-14
2731,scanner,electronics,WH-5,348,supplier-20,1487.18,2020-05-17
2732,scanner,electronics,WH-4,282,supplier-12,373.66,2020-05-21
2733,laptop,electronics,WH-5,342,supplier-5,592.33,2020-11-07
2734,scanner,electronics,WH-5,239,supplier-13,24.08,2020-04-14
2735,laptop,electronics,WH-3,388,supplier-14,1147.02,2020-09-19
2736,chair,furniture,WH-2,494,supplier-1,260.61,2021-05-10
2737,flashdrives,electronics,WH-3,381,supplier-11,934.35,2020-04-12
2738,scanner,electronics,WH-5,264,supplier-15,334.57,2020-07-06
2739,flashdrives,electronics,WH-1,359,supplier-13,488.66,2020-02-29
2740,laptop,electronics,WH-5,19,supplier-9,1261.2,2020-03-04
2741,chair,furniture,WH-4,373,supplier-14,734.84,2020-09-16
2742,keyboard,electronics,WH-4,140,supplier-16,1292.7,2021-01-18
2743,desk,furniture,WH-5,3,supplier-13,598.09,2020-01-17
2744,laptop,electronics,WH-2,417,supplier-4,1378.78,2021-02-12
2745,scanner,electronics,WH-2,108,supplier-14,431.86,2021-01-14
2746,printer,electronics,WH-4,79,supplier-12,1305.57,2020-09-21
2747,keyboard,electronics,WH-2,202,supplier-12,1492.96,2020-01-25
2748,desk,furniture,WH-2,19,supplier-10,387.04,2021-02-17
2749,chair,furniture,WH-2,265,supplier-10,877.32,2020-11-10
2750,printer,electronics,WH-2,403,supplier-12,967.09,2020-12-03
2751,desk,furniture,WH-1,16,supplier-8,571.2,2020-04-11
2752,desk,furniture,WH-2,262,supplier-18,1145.18,2021-03-31
2753,printer,electronics,WH-1,339,supplier-17,1256.14,2021-03-16
2754,printer,electronics,WH-1,211,supplier-6,1474.29,2021-06-04
2755,printer,electronics,WH-5,71,supplier-7,947.73,2021-05-15
2756,printer,electronics,WH-1,409,supplier-5,888.92,2020-04-24
2757,laptop,electronics,WH-4,308,supplier-16,404.71,2021-02-22
2758,scanner,electronics,WH-5,198,supplier-15,743.03,2020-07-29
2759,mouse,electronics,WH-3,487,supplier-20,637.68,2020-07-24
2760,keyboard,electronics,WH-3,16,supplier-18,226.42,2020-03-28
2761,monitor,electronics,WH-1,165,supplier-3,555.15,2020-10-08
2762,chair,furniture,WH-3,372,supplier-5,1216.6,2021-06-14
2763,mouse,electronics,WH-1,489,supplier-2,1326.93,2021-02-23
2764,monitor,electronics,WH-5,117,supplier-20,1097.67,2020-06-24
2765,laptop,electronics,WH-1,87,supplier-16,724.31,2021-02-27
2766,laptop,electronics,WH-2,107,supplier-9,1370.87,2020-09-08
2767,mouse,electronics,WH-3,233,supplier-11,1130.66,2020-10-08
2768,printer,electronics,WH-1,43,supplier-8,415.53,2020-08-02
2769,desk,furniture,WH-1,362,supplier-13,24.22,2021-04-27
2770,mouse,electronics,WH-2,35,supplier-8,128.78,2020-07-24
2771,chair,furniture,WH-4,109,supplier-5,505.27,2021-03-17
2772,monitor,electronics,WH-2,416,supplier-15,1114.7,2020-12-04
2773,flashdrives,electronics,WH-2,419,supplier-13,646.79,2020-12-28
2774,laptop,electronics,WH-2,450,supplier-3,1430.83,2020-03-22
2775,laptop,electronics,WH-2,16,supplier-1,1441.92,2021-05-18
2776,desk,furniture,WH-4,79,supplier-2,1192.74,2020-01-17
2777,chair,furniture,WH-2,72,supplier-16,268.59,2020-10-04
2778,keyboard,electronics,WH-1,105,supplier-1,1462.91,2020-12-12
2779,mouse,electronics,WH-2,144,supplier-15,1212.8,2020-03-30
2780,keyboard,electronics,WH-4,172,supplier-9,360.03,2021-01-18
2781,scanner,electronics,WH-2,433,supplier-13,888.48,2021-05-27
2782,scanner,electronics,WH-3,0,supplier-18,1381.31,2020-08-07
2783,chair,furniture,WH-2,325,supplier-15,642.11,2020-12-22
2784,desk,furniture,WH-1,292,supplier-6,452.07,2020-09-27
2785,laptop,electronics,WH-1,11,supplier-2,420.38,2020-06-19
2786,laptop,electronics,WH-2,61,supplier-11,775.08,2020-09-03
2787,desk,furniture,WH-3,429,supplier-9,384.27,2020-12-05
2788,flashdrives,electronics,WH-2,445,supplier-20,1329.93,2021-01-02
2789,monitor,electronics,WH-5,224,supplier-14,1443.53,2020-05-24
2790,keyboard,electronics,WH-2,443,supplier-9,163.62,2021-05-18
2791,scanner,electronics,WH-2,289,supplier-15,185.23,2021-03-23
2792,mouse,electronics,WH-1,370,supplier-10,306.53,2020-09-05
2793,mouse,electronics,WH-3,401,supplier-7,434.45,2020-08-06
2794,flashdrives,electronics,WH-5,110,supplier-17,826.69,2020-07-20
2795,scanner,electronics,WH-2,214,supplier-7,60.38,2021-01-03
2796,chair,furniture,WH-4,297,supplier-9,54.49,2020-01-12
2797,printer,electronics,WH-5,488,supplier-14,898.63,2020-08-13
2798,chair,furniture,WH-1,108,supplier-19,1189.03,2021-04-27
2799,desk,furniture,WH-5,127,supplier-18,465.8,2020-05-18
2800,monitor,electronics,WH-4,56,supplier-3,179.94,2020-08-03
2801,desk,furniture,WH-5,331,supplier-16,863.36,2020-01-27
2802,desk,furniture,WH-1,428,supplier-20,1172.7,2020-04-06
2803,printer,electronics,WH-3,459,supplier-5,509.36,2020-11-08
2804,flashdrives,electronics,WH-5,383,supplier-16,658.73,2020-11-03
2805,desktops,electronics,WH-5,182,supplier-9,386.73,2020-03-17
2806,monitor,electronics,WH-1,233,supplier-2,554.85,2021-06-18
2807,flashdrives,electronics,WH-3,113,supplier-13,655.01,2020-11-05
2808,printer,electronics,WH-4,229,supplier-13,1122.78,2020-08-27
2809,laptop,electronics,WH-3,448,supplier-2,290.08,2020-12-06
2810,mouse,electronics,WH-1,29,supplier-2,124.31,2020-06-23
2811,printer,electronics,WH-2,90,supplier-12,809.96,2020-08-28
2812,flashdrives,electronics,WH-4,428,supplier-7,1392.8,2020-08-19
2813,mouse,electronics,WH-4,385,supplier-16,1131.61,2020-08-13
2814,monitor,electronics,WH-1,30,supplier-15,1125.17,2020-05-05
2815,scanner,electronics,WH-4,261,supplier-7,1109.81,2020-04-04
2816,flashdrives,electronics,WH-1,68,supplier-12,440.42,2020-08-08
2817,laptop,electronics,WH-4,91,supplier-3,697.01,2020-06-19
2818,keyboard,electronics,WH-2,19,supplier-14,1336.6,2020-03-08
2819,chair,furniture,WH-4,288,supplier-6,448.44,2020-04-08
2820,mouse,electronics,WH-4,25,supplier-8,787.8,2020-11-04
2821,desktops,electronics,WH-4,326,supplier-17,1359.31,2021-05-11
2822,scanner,electronics,WH-4,389,supplier-19,1045.97,2020-09-28
2823,printer,electronics,WH-2,165,supplier-5,1166.61,2020-09-11
2824,mouse,electronics,WH-5,116,supplier-9,1070.11,2020-09-10
2825,printer,electronics,WH-5,59,supplier-18,1221.33,2020-02-13
2826,mouse,electronics,WH-4,194,supplier-9,751.89,2020-04-24
2827,chair,furniture,WH-5,401,supplier-10,396.79,2020-12-12
2828,flashdrives,electronics,WH-1,149,supplier-20,774.97,2021-05-17
2829,monitor,electronics,WH-3,332,supplier-11,1343.6,2021-01-11
2830,keyboard,electronics,WH-2,348,supplier-8,283.75,2021-03-24
2831,scanner,electronics,WH-2,186,supplier-7,1322.66,2020-10-18
2832,keyboard,electronics,WH-2,477,supplier-8,1376.76,2020-05-11
2833,laptop,electronics,WH-4,301,supplier-2,606.94,2021-03-13
2834,laptop,electronics,WH-1,494,supplier-17,1167.23,2020-12-13
2835,laptop,electronics,WH-5,10,supplier-7,1009.78,2020-04-18
2836,desktops,electronics,WH-4,471,supplier-5,26.92,2021-06-24
2837,scanner,electronics,WH-1,274,supplier-12,1237.5,2020-05-11
2838,desktops,electronics,WH-1,45,supplier-18,804.23,2020-05-21
2839,desk,furniture,WH-5,480,supplier-20,261.31,2021-02-05
2840,chair,furniture,WH-2,202,supplier-9,858.89,2020-10-27
2841,laptop,electronics,WH-5,372,supplier-18,291.02,2020-11-17
2842,desk,furniture,WH-2,114,supplier-16,967.01,2020-10-10
2843,scanner,electronics,WH-1,43,supplier-17,1463.32,2020-11-30
2844,desk,furniture,WH-3,316,supplier-8,55.54,2020-01-03
2845,printer,electronics,WH-2,370,supplier-7,365.91,2020-10-24
2846,scanner,electronics,WH-2,264,supplier-20,1387.91,2021-02-11
2847,monitor,electronics,WH-2,128,supplier-18,175.5,2020-10-01
2848,mouse,electronics,WH-4,386,supplier-16,648.3,2020-12-31
2849,laptop,electronics,WH-4,273,supplier-14,408.04,2021-04-11
2850,chair,furniture,WH-4,236,supplier-15,1181.49,2021-05-15
2851,mouse,electronics,WH-3,415,supplier-6,200.53,2020-06-15
2852,scanner,electronics,WH-3,460,supplier-19,195.82,2020-06-10
2853,desk,furniture,WH-2,414,supplier-7,1491.15,2021-05-31
2854,mouse,electronics,WH-2,204,supplier-12,1237.77,2020-11-02
2855,desk,furniture,WH-4,354,supplier-11,728.72,2021-01-04
2856,scanner,electronics,WH-1,422,supplier-19,971.14,2020-05-17
2857,chair,furniture,WH-1,394,supplier-11,188.58,2020-04-11
2858,chair,furniture,WH-1,218,supplier-4,1308.24,2020-05-20
2859,scanner,electronics,WH-5,440,supplier-2,590.22,2020-02-18
2860,chair,furniture,WH-1,322,supplier-1,200.09,2020-06-20
2861,scanner,electronics,WH-3,307,supplier-17,1497.81,2020-10-30
2862,chair,furniture,WH-5,335,supplier-11,43.53,2021-02-15
2863,monitor,electronics,WH-1,346,supplier-12,831.91,2020-05-13
2864,desktops,electronics,WH-3,365,supplier-8,259.16,2020-09-06
2865,monitor,electronics,WH-1,480,supplier-19,1403.03,2021-02-13
2866,scanner,electronics,WH-3,222,supplier-16,1085.63,2021-05-23
2867,desk,furniture,WH-5,263,supplier-6,906.61,2020-05-24
2868,scanner,electronics,WH-1,198,supplier-11,1311.8,2020-10-21
2869,keyboard,electronics,WH-1,465,supplier-5,1331.84,2020-06-15
2870,desktops,electronics,WH-3,123,supplier-7,333.37,2020-01-28
2871,monitor,electronics,WH-5,87,supplier-9,1002.2,2020-06-11
2872,printer,electronics,WH-3,407,supplier-14,592.15,2021-05-09
2873,desktops,electronics,WH-5,111,supplier-4,1257.2,2021-01-20
2874,desk,furniture,WH-2,372,supplier-6,394.9,2021-06-14
2875,desk,furniture,WH-1,138,supplier-17,791.41,2021-05-16
2876,chair,furniture,WH-5,404,supplier-9,1300.53,2021-05-28
2877,scanner,electronics,WH-2,485,supplier-11,183.68,2020-03-28
2878,laptop,electronics,WH-5,324,supplier-20,1396.56,2020-12-01
2879,flashdrives,electronics,WH-5,319,supplier-12,614.93,2021-05-21
2880,flashdrives,electronics,WH-2,79,supplier-16,1052.91,2020-01-18
2881,desktops,electronics,WH-4,443,supplier-14,16.33,2020-02-21
2882,printer,electronics,WH-3,472,supplier-1,1352.22,2021-01-09
2883,chair,furniture,WH-4,377,supplier-6,727.5,2021-03-04
2884,mouse,electronics,WH-1,86,supplier-18,654.84,2020-06-24
2885,keyboard,electronics,WH-2,80,supplier-1,753.49,2020-05-29
2886,flashdrives,electronics,WH-2,384,supplier-11,733.13,2020-07-05
2887,chair,furniture,WH-4,323,supplier-15,740.35,2020-02-17
2888,chair,furniture,WH-3,458,supplier-2,1174.96,2020-03-16
2889,chair,furniture,WH-3,15,supplier-13,348.16,2020-11-29
2890,printer,electronics,WH-2,420,supplier-10,476.14,2020-06-25
2891,scanner,electronics,WH-1,490,supplier-9,158.89,2020-03-09
2892,chair,furniture,WH-4,348,supplier-2,1342.03,2020-03-09
2893,monitor,electronics,WH-4,62,supplier-18,492.83,2020-07-02
2894,laptop,electronics,WH-1,274,supplier-14,158.4,2020-04-07
2895,scanner,electronics,WH-3,59,supplier-13,1166.86,2020-05-12
2896,desk,furniture,WH-2,212,supplier-12,1378.17,2021-01-19
2897,mouse,electronics,WH-4,103,supplier-11,87.49,2020-08-18
2898,keyboard,electronics,WH-2,32,supplier-9,245.2,2020-07-20
2899,printer,electronics,WH-3,273,supplier-2,965.25,2020-03-10
2900,scanner,electronics,WH-5,206,supplier-2,888.3,2020-04-11
2901,scanner,electronics,WH-3,238,supplier-17,541.71,2021-06-12
2902,laptop,electronics,WH-3,339,supplier-15,933.93,2020-10-12
2903,mouse,electronics,WH-1,408,supplier-8,348.42,2020-08-14
2904,scanner,electronics,WH-5,145,supplier-4,21.11,2020-07-25
2905,desk,furniture,WH-1,274,supplier-10,795.91,2020-07-05
2906,laptop,electronics,WH-1,463,supplier-18,1331.74,2021-01-07
2907,desk,furniture,WH-3,397,supplier-9,542.23,2020-11-13
2908,keyboard,electronics,WH-4,79,supplier-12,1302.08,2021-05-22
2909,laptop,electronics,WH-2,379,supplier-10,1406.34,2020-06-06
2910,desktops,electronics,WH-2,459,supplier-9,447.76,2021-01-19
2911,desktops,electronics,WH-2,38,supplier-5,947.11,2020-04-03
2912,monitor,electronics,WH-4,293,supplier-8,190.54,2020-05-28
2913,chair,furniture,WH-4,463,supplier-7,1012.71,2020-04-06
2914,laptop,electronics,WH-3,447,supplier-8,463.12,2020-04-03
2915,monitor,electronics,WH-2,364,supplier-19,1426.08,2021-04-12
2916,keyboard,electronics,WH-4,452,supplier-15,886.66,2020-10-20
2917,desk,furniture,WH-5,42,supplier-9,1029.57,2020-12-14
2918,flashdrives,electronics,WH-2,53,supplier-2,41.33,2020-07-05
2919,flashdrives,electronics,WH-5,116,supplier-19,614.23,2021-02-08
2920,printer,electronics,WH-1,279,supplier-3,382.3,2021-06-12
2921,keyboard,electronics,WH-2,320,supplier-9,419.23,2020-05-10
2922,scanner,electronics,WH-3,383,supplier-6,437.77,2020-03-30
2923,flashdrives,electronics,WH-5,133,supplier-13,1389.87,2021-03-17
2924,monitor,electronics,WH-4,326,supplier-11,622.14,2021-02-20
2925,mouse,electronics,WH-2,56,supplier-8,623.63,2020-06-01
2926,mouse,electronics,WH-1,483,supplier-16,814.33,2021-02-24
2927,scanner,electronics,WH-2,154,supplier-9,709.05,2021-04-11
2928,keyboard,electronics,WH-5,323,supplier-15,1441.64,2020-12-01
2929,keyboard,electronics,WH-2,283,supplier-15,343.54,2021-01-26
2930,monitor,electronics,WH-4,297,supplier-5,1192.69,2020-08-19
2931,laptop,electronics,WH-1,111,supplier-15,659.25,2021-01-08
2932,desktops,electronics,WH-2,77,supplier-6,541.27,2020-10-17
2933,keyboard,electronics,WH-2,202,supplier-10,1235.56,2021-03-04
2934,laptop,electronics,WH-1,40,supplier-8,943.42,2020-09-11
2935,printer,electronics,WH-1,89,supplier-3,330.28,2020-04-10
2936,keyboard,electronics,WH-3,269,supplier-12,1310.21,2020-02-23
2937,keyboard,electronics,WH-4,411,supplier-8,997.3,2021-04-08
2938,desk,furniture,WH-4,411,supplier-1,1329.94,2021-02-24
2939,flashdrives,electronics,WH-3,90,supplier-2,585.04,2020-03-03
2940,keyboard,electronics,WH-5,72,supplier-17,727.48,2020-01-20
2941,printer,electronics,WH-2,2,supplier-7,1434.8,2020-04-03
2942,desk,furniture,WH-3,437,supplier-8,934.03,2020-09-06
2943,mouse,electronics,WH-2,44,supplier-14,1032.37,2020-03-09
2944,monitor,electronics,WH-5,429,supplier-17,995.03,2021-01-01
2945,monitor,electronics,WH-2,388,supplier-1,765.9,2021-06-18
2946,scanner,electronics,WH-3,255,supplier-20,1292.76,2021-05-20
2947,laptop,electronics,WH-4,225,supplier-1,1482.55,2020-01-02
2948,laptop,electronics,WH-4,282,supplier-13,1049.08,2020-06-27
2949,chair,furniture,WH-2,254,supplier-11,1015.44,2020-05-18
2950,laptop,electronics,WH-5,25,supplier-14,1201.19,2020-03-19
2951,monitor,electronics,WH-4,250,supplier-19,957.3,2021-05-06
2952,printer,electronics,WH-3,29,supplier-12,297.37,2020-09-30
2953,laptop,electronics,WH-5,194,supplier-15,894.17,2020-10-05
2954,flashdrives,electronics,WH-3,302,supplier-8,610.19,2020-05-24
2955,scanner,electronics,WH-2,147,supplier-7,164.07,2020-01-11
2956,keyboard,electronics,WH-1,362,supplier-7,44.13,2020-05-31
2957,printer,electronics,WH-4,223,supplier-13,1063.64,2020-04-06
2958,chair,furniture,WH-3,131,supplier-8,838.17,2021-03-14
2959,laptop,electronics,WH-4,447,supplier-7,72.27,2020-04-27
2960,desk,furniture,WH-2,456,supplier-19,1151.81,2020-04-28
2961,mouse,electronics,WH-5,319,supplier-19,1356.42,2020-03-29
2962,desktops,electronics,WH-3,278,supplier-7,322.5,2021-05-25
2963,flashdrives,electronics,WH-2,469,supplier-2,742.76,2020-07-13
2964,laptop,electronics,WH-1,223,supplier-13,540.07,2020-07-16
2965,monitor,electronics,WH-3,199,supplier-16,228.08,2020-10-25
2966,monitor,electronics,WH-5,440,supplier-7,937.18,2020-06-19
2967,scanner,electronics,WH-1,469,supplier-19,189.25,2020-04-11
2968,desk,furniture,WH-1,316,supplier-4,1327.47,2020-12-20
2969,monitor,electronics,WH-1,465,supplier-20,874.18,2020-12-24
2970,scanner,electronics,WH-2,48,supplier-15,484.66,2020-02-11
2971,printer,electronics,WH-4,252,supplier-13,906.47,2021-01-15
2972,laptop,electronics,WH-1,352,supplier-1,696.39,2020-12-31
2973,flashdrives,electronics,WH-1,12,supplier-16,462.05,2020-04-28
2974,keyboard,electronics,WH-2,217,supplier-13,1326.14,2020-11-04
2975,flashdrives,electronics,WH-2,232,supplier-11,1237.68,2021-06-23
2976,keyboard,electronics,WH-1,491,supplier-14,1472.74,2021-01-28
2977,desk,furniture,WH-1,494,supplier-16,124.05,2021-04-03
2978,desktops,electronics,WH-5,134,supplier-13,526.44,2020-01-21
2979,scanner,electronics,WH-2,217,supplier-15,838.38,2020-05-19
2980,laptop,electronics,WH-4,42,supplier-15,1266.24,2021-02-16
2981,flashdrives,electronics,WH-5,237,supplier-17,1485.83,2020-07-23
2982,desk,furniture,WH-4,495,supplier-2,687.68,2020-11-14
2983,mouse,electronics,WH-2,332,supplier-7,458.74,2020-09-19
2984,printer,electronics,WH-2,420,supplier-16,625.29,2021-04-28
2985,chair,furniture,WH-3,163,supplier-14,1359.21,2020-06-25
2986,flashdrives,electronics,WH-2,106,supplier-16,556.71,2020-06-24
2987,chair,furniture,WH-4,314,supplier-15,1141.76,2020-11-18
2988,desktops,electronics,WH-5,240,supplier-1,655.65,2020-11-14
2989,flashdrives,electronics,WH-1,380,supplier-8,255.51,2020-05-18
2990,monitor,electronics,WH-4,363,supplier-11,964.0,2021-06-21
2991,chair,furniture,WH-4,389,supplier-15,585.37,2020-04-26
2992,chair,furniture,WH-2,320,supplier-3,925.99,2020-06-06
2993,mouse,electronics,WH-5,256,supplier-7,1421.46,2021-03-22
2994,keyboard,electronics,WH-1,496,supplier-14,517.54,2021-05-26
2995,desk,furniture,WH-5,369,supplier-17,935.59,2021-06-06
2996,desktops,electronics,WH-2,348,supplier-8,1275.07,2021-01-02
2997,chair,furniture,WH-4,320,supplier-3,171.75,2020-06-25
2998,mouse,electronics,WH-1,341,supplier-11,927.92,2021-05-23
2999,desktops,electronics,WH-1,161,supplier-8,1241.36,2020-06-21
3000,printer,electronics,WH-3,115,supplier-9,1163.36,2020-03-23
3001,desk,furniture,WH-5,166,supplier-2,89.11,2020-09-14
3002,laptop,electronics,WH-2,172,supplier-5,1333.2,2020-11-09
3003,printer,electronics,WH-4,297,supplier-9,689.67,2020-10-19
3004,desktops,electronics,WH-1,452,supplier-13,1408.77,2021-02-09
3005,mouse,electronics,WH-4,77,supplier-19,576.44,2021-05-23
3006,mouse,electronics,WH-4,426,supplier-18,1375.33,2020-12-24
3007,scanner,electronics,WH-5,106,supplier-20,1134.64,2020-11-06
3008,scanner,electronics,WH-3,410,supplier-15,721.25,2020-09-20
3009,monitor,electronics,WH-2,174,supplier-9,392.01,2020-10-22
3010,scanner,electronics,WH-2,118,supplier-19,47.53,2020-05-16
3011,desktops,electronics,WH-4,290,supplier-17,534.32,2021-02-28
3012,chair,furniture,WH-2,221,supplier-19,825.9,2020-10-24
3013,keyboard,electronics,WH-5,261,supplier-20,1203.83,2021-05-20
3014,mouse,electronics,WH-2,150,supplier-2,337.06,2020-07-12
3015,printer,electronics,WH-5,255,supplier-18,222.0,2021-06-10
3016,scanner,electronics,WH-2,246,supplier-12,562.64,2020-04-21
3017,desktops,electronics,WH-3,420,supplier-20,571.21,2020-06-01
3018,laptop,electronics,WH-2,491,supplier-20,912.33,2020-12-06
3019,flashdrives,electronics,WH-5,123,supplier-9,650.83,2021-02-01
3020,scanner,electronics,WH-5,406,supplier-18,565.27,2020-07-12
3021,flashdrives,electronics,WH-2,23,supplier-6,696.28,2020-06-26
3022,desktops,electronics,WH-4,5,supplier-5,697.42,2021-05-21
3023,monitor,electronics,WH-1,164,supplier-10,647.91,2020-07-16
3024,flashdrives,electronics,WH-5,309,supplier-18,911.23,2020-05-07
3025,desk,furniture,WH-1,302,supplier-2,540.74,2020-05-04
3026,mouse,electronics,WH-2,489,supplier-8,733.73,2021-05-13
3027,scanner,electronics,WH-2,11,supplier-3,1463.69,2020-09-13
3028,monitor,electronics,WH-1,261,supplier-20,1120.82,2020-05-27
3029,laptop,electronics,WH-1,390,supplier-19,34.9,2020-08-16
3030,chair,furniture,WH-3,499,supplier-19,1360.53,2020-01-30
3031,keyboard,electronics,WH-4,101,supplier-12,969.39,2021-05-06
3032,mouse,electronics,WH-4,238,supplier-11,85.86,2020-07-30
3033,flashdrives,electronics,WH-4,107,supplier-16,1471.67,2021-04-25
3034,keyboard,electronics,WH-3,279,supplier-14,498.7,2021-03-26
3035,monitor,electronics,WH-4,111,supplier-14,182.97,2020-09-18
3036,laptop,electronics,WH-4,87,supplier-11,231.24,2020-09-15
3037,laptop,electronics,WH-5,414,supplier-6,1316.34,2020-04-01
3038,desk,furniture,WH-5,307,supplier-11,154.08,2020-12-17
3039,monitor,electronics,WH-3,117,supplier-8,1041.74,2020-11-14
3040,scanner,electronics,WH-4,159,supplier-4,374.71,2020-09-15
3041,mouse,electronics,WH-4,332,supplier-16,407.0,2020-03-30
3042,desktops,electronics,WH-3,92,supplier-17,1204.57,2021-04-27
3043,monitor,electronics,WH-5,88,supplier-10,796.74,2021-04-04
3044,printer,electronics,WH-2,482,supplier-6,51.52,2020-02-22
3045,laptop,electronics,WH-4,56,supplier-20,697.29,2020-04-01
3046,scanner,electronics,WH-4,63,supplier-18,941.88,2021-01-09
3047,laptop,electronics,WH-4,226,supplier-7,469.29,2020-02-23
3048,keyboard,electronics,WH-3,24,supplier-14,245.92,2020-07-25
3049,chair,furniture,WH-1,196,supplier-17,550.57,2020-01-22
3050,printer,electronics,WH-3,482,supplier-10,1052.37,2020-12-31
3051,printer,electronics,WH-2,231,supplier-7,144.2,2020-07-22
3052,keyboard,electronics,WH-2,483,supplier-17,918.47,2020-03-23
3053,keyboard,electronics,WH-5,275,supplier-16,1125.87,2021-01-17
3054,monitor,electronics,WH-3,159,supplier-16,424.39,2020-11-11
3055,chair,furniture,WH-1,394,supplier-18,214.52,2021-05-17
3056,chair,furniture,WH-4,64,supplier-6,1494.98,2021-05-10
3057,mouse,electronics,WH-3,259,supplier-3,998.04,2020-04-12
3058,keyboard,electronics,WH-4,248,supplier-3,45.66,2020-03-01
3059,flashdrives,electronics,WH-3,232,supplier-4,437.84,2020-06-30
3060,desktops,electronics,WH-1,338,supplier-3,1321.17,2020-03-21
3061,desktops,electronics,WH-4,346,supplier-19,1167.17,2021-02-10
3062,mouse,electronics,WH-5,380,supplier-5,16.61,2020-11-29
3063,laptop,electronics,WH-1,22,supplier-6,952.64,2021-02-22
3064,scanner,electronics,WH-2,311,supplier-4,505.78,2020-12-23
3065,laptop,electronics,WH-5,498,supplier-16,1127.27,2021-04-11
3066,flashdrives,electronics,WH-4,254,supplier-10,1006.72,2020-11-23
3067,scanner,electronics,WH-3,447,supplier-1,1420.69,2020-04-20
3068,chair,furniture,WH-1,392,supplier-15,973.76,2020-12-02
3069,flashdrives,electronics,WH-2,149,supplier-20,471.44,2021-01-28
3070,desktops,electronics,WH-2,228,supplier-15,1366.56,2021-01-06
3071,scanner,electronics,WH-3,488,supplier-4,1149.14,2020-08-13
3072,laptop,electronics,WH-4,484,supplier-20,351.26,2020-12-24
3073,mouse,electronics,WH-2,352,supplier-16,1022.64,2020-09-21
3074,desktops,electronics,WH-3,379,supplier-10,443.95,2020-05-30
3075,printer,electronics,WH-3,220,supplier-7,524.99,2020-11-24
3076,printer,electronics,WH-5,79,supplier-10,330.6,2021-01-03
3077,keyboard,electronics,WH-1,457,supplier-20,1076.77,2021-04-27
3078,monitor,electronics,WH-2,424,supplier-15,1208.64,2020-07-16
3079,desktops,electronics,WH-5,197,supplier-5,135.54,2020-03-13
3080,printer,electronics,WH-3,212,supplier-20,149.63,2020-12-17
3081,monitor,electronics,WH-3,133,supplier-9,1158.96,2020-10-12
3082,chair,furniture,WH-1,354,supplier-8,1255.79,2021-05-22
3083,monitor,electronics,WH-1,165,supplier-5,248.47,2020-11-26
3084,keyboard,electronics,WH-2,155,supplier-18,1491.81,2020-08-31
3085,printer,electronics,WH-1,336,supplier-11,622.29,2020-07-03
3086,desk,furniture,WH-2,444,supplier-5,1452.53,2020-05-11
3087,laptop,electronics,WH-4,6,supplier-13,705.33,2020-07-08
3088,laptop,electronics,WH-1,9,supplier-15,830.59,2021-01-27
3089,mouse,electronics,WH-1,343,supplier-1,1104.58,2020-11-07
3090,desktops,electronics,WH-2,240,supplier-1,1071.48,2020-11-16
3091,keyboard,electronics,WH-1,65,supplier-6,965.41,2020-12-26
3092,flashdrives,electronics,WH-2,379,supplier-3,423.17,2020-11-29
3093,printer,electronics,WH-5,92,supplier-14,626.52,2020-10-07
3094,chair,furniture,WH-1,113,supplier-3,357.38,2020-05-23
3095,monitor,electronics,WH-5,66,supplier-9,37.93,2021-06-04
3096,printer,electronics,WH-1,489,supplier-9,365.41,2021-01-31
3097,scanner,electronics,WH-5,34,supplier-8,1200.77,2020-10-25
3098,scanner,electronics,WH-1,154,supplier-20,1142.99,2020-07-20
3099,scanner,electronics,WH-1,366,supplier-17,609.67,2021-03-06
3100,desk,furniture,WH-4,221,supplier-8,444.43,2021-01-12
3101,keyboard,electronics,WH-5,27,supplier-18,1470.99,2021-03-28
3102,scanner,electronics,WH-1,474,supplier-6,475.15,2021-02-13
3103,desktops,electronics,WH-4,34,supplier-7,918.51,2020-04-11
3104,printer,electronics,WH-5,16,supplier-16,581.33,2020-05-23
3105,flashdrives,electronics,WH-3,192,supplier-8,655.8,2021-04-03
3106,chair,furniture,WH-2,235,supplier-6,213.64,2020-06-28
3107,desk,furniture,WH-3,315,supplier-17,1321.76,2021-06-15
3108,monitor,electronics,WH-1,462,supplier-17,523.5,2020-01-18
3109,desk,furniture,WH-4,78,supplier-2,873.07,2020-03-13
3110,mouse,electronics,WH-5,416,supplier-4,302.64,2020-07-20
3111,chair,furniture,WH-3,97,supplier-19,851.19,2020-09-18
3112,desktops,electronics,WH-2,448,supplier-1,284.62,2020-04-11
3113,laptop,electronics,WH-5,230,supplier-17,665.1,2020-10-17
3114,scanner,electronics,WH-5,323,supplier-12,1328.28,2021-03-11
3115,desk,furniture,WH-2,126,supplier-7,803.42,2020-10-05
3116,desk,furniture,WH-5,398,supplier-20,187.65,2020-07-18
3117,laptop,electronics,WH-2,47,supplier-12,784.76,2020-05-15
3118,printer,electronics,WH-4,33,supplier-9,231.31,2020-08-14
3119,desktops,electronics,WH-2,57,supplier-3,478.89,2020-06-29
3120,scanner,electronics,WH-4,18,supplier-3,493.21,2021-06-23
3121,laptop,electronics,WH-4,95,supplier-17,516.57,2020-11-03
3122,chair,furniture,WH-5,390,supplier-20,472.94,2020-01-26
3123,flashdrives,electronics,WH-4,252,supplier-5,1289.33,2021-04-29
3124,mouse,electronics,WH-2,5,supplier-13,987.13,2021-02-06
3125,desk,furniture,WH-4,355,supplier-19,1137.04,2020-05-01
3126,keyboard,electronics,WH-4,241,supplier-12,1277.48,2020-06-05
3127,keyboard,electronics,WH-5,241,supplier-3,1484.97,2020-02-20
3128,desktops,electronics,WH-4,230,supplier-13,1482.95,2021-03-22
3129,printer,electronics,WH-3,258,supplier-13,625.24,2021-06-16
3130,mouse,electronics,WH-5,48,supplier-11,1467.93,2020-06-30
3131,desk,furniture,WH-5,73,supplier-10,335.36,2020-08-20
3132,printer,electronics,WH-5,152,supplier-3,84.59,2020-02-05
3133,desktops,electronics,WH-2,343,supplier-16,742.26,2020-11-23
3134,printer,electronics,WH-4,295,supplier-20,981.9,2020-08-21
3135,flashdrives,electronics,WH-4,491,supplier-17,344.46,2020-08-29
3136,laptop,electronics,WH-5,97,supplier-8,544.75,2020-06-25
3137,flashdrives,electronics,WH-4,52,supplier-2,1428.16,2020-03-24
3138,chair,furniture,WH-3,342,supplier-7,319.02,2021-05-15
3139,monitor,electronics,WH-5,366,supplier-19,1032.49,2020-08-24
3140,laptop,electronics,WH-5,89,supplier-16,633.3,2020-10-05
3141,mouse,electronics,WH-2,254,supplier-16,766.78,2020-03-09
3142,printer,electronics,WH-4,361,supplier-12,886.01,2020-03-04
3143,flashdrives,electronics,WH-5,454,supplier-11,952.34,2020-02-26
3144,keyboard,electronics,WH-4,312,supplier-1,271.93,2020-05-10
3145,flashdrives,electronics,WH-4,55,supplier-5,491.53,2020-02-14
3146,monitor,electronics,WH-1,208,supplier-15,1250.63,2021-02-21
3147,mouse,electronics,WH-5,306,supplier-2,719.54,2021-04-17
3148,chair,furniture,WH-1,297,supplier-18,477.68,2021-03-13
3149,desk,furniture,WH-1,191,supplier-9,548.55,2020-02-08
3150,printer,electronics,WH-5,454,supplier-11,476.64,2020-01-28
3151,mouse,electronics,WH-4,221,supplier-11,745.17,2020-10-24
3152,flashdrives,electronics,WH-4,390,supplier-19,874.28,2020-08-12
3153,desk,furniture,WH-5,251,supplier-6,1487.3,2021-04-15
3154,desktops,electronics,WH-5,423,supplier-15,410.71,2020-10-28
3155,monitor,electronics,WH-1,437,supplier-16,128.24,2020-09-25
3156,laptop,electronics,WH-3,221,supplier-16,617.77,2021-05-08
3157,chair,furniture,WH-1,395,supplier-19,626.61,2020-04-03
3158,printer,electronics,WH-1,117,supplier-7,552.48,2020-10-06
3159,desk,furniture,WH-4,191,supplier-13,1007.22,2020-12-31
3160,printer,electronics,WH-2,431,supplier-17,1331.71,2021-05-03
3161,printer,electronics,WH-2,345,supplier-17,1363.39,2021-06-09
3162,chair,furniture,WH-3,438,supplier-16,291.68,2021-01-21
3163,scanner,electronics,WH-2,182,supplier-8,460.5,2021-05-18
3164,mouse,electronics,WH-2,246,supplier-20,145.9,2020-11-24
3165,mouse,electronics,WH-1,93,supplier-10,608.61,2020-12-25
3166,monitor,electronics,WH-1,129,supplier-16,102.35,2020-10-16
3167,keyboard,electronics,WH-3,288,supplier-20,1145.68,2020-03-25
3168,chair,furniture,WH-5,31,supplier-1,171.33,2020-08-01
3169,desktops,electronics,WH-1,185,supplier-20,124.14,2020-01-25
3170,desk,furniture,WH-4,278,supplier-10,438.27,2020-03-15
3171,mouse,electronics,WH-4,313,supplier-3,675.03,2020-05-12
3172,laptop,electronics,WH-2,301,supplier-5,1470.52,2020-12-27
3173,flashdrives,electronics,WH-4,21,supplier-5,436.34,2021-01-04
3174,laptop,electronics,WH-2,322,supplier-17,916.23,2020-12-30
3175,keyboard,electronics,WH-1,226,supplier-17,1379.53,2020-05-15
3176,desk,furniture,WH-3,119,supplier-7,1480.44,2021-05-09
3177,laptop,electronics,WH-3,51,supplier-18,918.08,2020-11-24
3178,chair,furniture,WH-5,85,supplier-8,1260.39,2020-09-01
3179,chair,furniture,WH-2,301,supplier-1,692.33,2021-01-15
3180,desktops,electronics,WH-1,19,supplier-1,644.74,2020-11-02
3181,mouse,electronics,WH-5,449,supplier-12,1038.94,2020-01-11
3182,monitor,electronics,WH-2,82,supplier-2,278.98,2021-04-28
3183,desktops,electronics,WH-4,125,supplier-1,176.85,2020-07-02
3184,mouse,electronics,WH-1,478,supplier-16,722.24,2020-08-06
3185,scanner,electronics,WH-5,322,supplier-17,981.28,2020-12-04
3186,scanner,electronics,WH-1,309,supplier-17,19.01,2020-04-15
3187,printer,electronics,WH-2,141,supplier-3,26.29,2021-01-17
3188,laptop,electronics,WH-3,471,supplier-15,964.84,2020-10-27
3189,mouse,electronics,WH-1,233,supplier-11,1378.54,2020-05-14
3190,laptop,electronics,WH-4,427,supplier-17,1177.77,2021-01-23
3191,laptop,electronics,WH-4,190,supplier-5,667.4,2021-01-31
3192,keyboard,electronics,WH-1,29,supplier-19,58.78,2020-03-04
3193,monitor,electronics,WH-4,217,supplier-18,990.39,2020-02-25
3194,keyboard,electronics,WH-4,386,supplier-9,963.22,2021-02-01
3195,scanner,electronics,WH-3,293,supplier-3,1257.56,2021-06-20
3196,chair,furniture,WH-4,74,supplier-15,1386.7,2021-03-16
3197,mouse,electronics,WH-5,108,supplier-17,386.92,2020-09-26
3198,desk,furniture,WH-2,241,supplier-14,576.19,2021-01-31
3199,monitor,electronics,WH-5,61,supplier-3,269.6,2020-09-19
3200,scanner,electronics,WH-4,235,supplier-12,250.45,2020-02-27
3201,scanner,electronics,WH-4,336,supplier-10,1095.2,2021-04-09
3202,laptop,electronics,WH-2,94,supplier-10,198.54,2020-10-15
3203,scanner,electronics,WH-5,254,supplier-14,1295.96,2021-01-21
3204,scanner,electronics,WH-4,209,supplier-18,327.72,2020-05-19
3205,desk,furniture,WH-3,42,supplier-10,1467.85,2020-07-01
3206,scanner,electronics,WH-4,228,supplier-13,1012.04,2020-09-11
3207,printer,electronics,WH-5,301,supplier-7,791.55,2020-01-15
3208,keyboard,electronics,WH-3,362,supplier-9,1391.31,2020-03-02
3209,scanner,electronics,WH-2,431,supplier-16,834.98,2020-11-14
3210,keyboard,electronics,WH-1,224,supplier-13,73.59,2021-04-12
3211,desktops,electronics,WH-2,206,supplier-5,1406.56,2021-05-05
3212,scanner,electronics,WH-3,454,supplier-12,1159.45,2020-07-19
3213,desk,furniture,WH-2,354,supplier-4,762.01,2020-09-26
3214,keyboard,electronics,WH-3,388,supplier-17,989.29,2021-01-07
3215,printer,electronics,WH-2,218,supplier-3,141.79,2020-07-26
3216,monitor,electronics,WH-5,240,supplier-6,1476.73,2020-11-21
3217,printer,electronics,WH-2,337,supplier-20,61.47,2020-01-24
3218,desk,furniture,WH-5,448,supplier-16,1012.1,2020-05-18
3219,printer,electronics,WH-5,492,supplier-5,1268.46,2021-04-20
3220,monitor,electronics,WH-3,428,supplier-1,79.22,2021-01-11
3221,printer,electronics,WH-1,441,supplier-12,95.62,2020-04-12
3222,monitor,electronics,WH-1,406,supplier-18,200.72,2021-06-20
3223,mouse,electronics,WH-2,469,supplier-18,957.34,2020-12-03
3224,scanner,electronics,WH-4,454,supplier-11,423.47,2020-07-03
3225,desk,furniture,WH-5,179,supplier-15,492.02,2020-12-01
3226,chair,furniture,WH-3,290,supplier-13,417.79,2020-11-19
3227,laptop,electronics,WH-1,471,supplier-18,510.09,2020-09-11
3228,desktops,electronics,WH-4,104,supplier-16,1351.49,2020-08-07
3229,chair,furniture,WH-5,253,supplier-11,773.82,2021-04-13
3230,monitor,electronics,WH-3,82,supplier-15,909.21,2020-02-29
3231,flashdrives,electronics,WH-4,409,supplier-1,918.29,2020-01-20
3232,desktops,electronics,WH-2,193,supplier-6,1130.95,2021-05-17
3233,printer,electronics,WH-3,101,supplier-10,1194.78,2020-09-11
3234,flashdrives,electronics,WH-4,448,supplier-6,675.59,2021-01-03
3235,desktops,electronics,WH-5,127,supplier-8,1033.64,2021-03-24
3236,keyboard,electronics,WH-4,46,supplier-19,411.79,2021-02-09
3237,flashdrives,electronics,WH-4,467,supplier-18,153.07,2020-10-29
3238,desk,furniture,WH-2,230,supplier-2,688.91,2020-08-13
3239,mouse,electronics,WH-3,12,supplier-13,1207.43,2021-06-02
3240,keyboard,electronics,WH-1,423,supplier-19,1388.93,2020-05-08
3241,scanner,electronics,WH-2,232,supplier-16,699.99,2020-03-25
3242,mouse,electronics,WH-4,96,supplier-16,116.11,2020-07-08
3243,monitor,electronics,WH-5,337,supplier-8,871.84,2021-06-11
3244,laptop,electronics,WH-5,30,supplier-9,604.8,2020-04-13
3245,flashdrives,electronics,WH-5,24,supplier-11,1072.8,2020-03-02
3246,printer,electronics,WH-2,413,supplier-14,596.13,2020-07-04
3247,chair,furniture,WH-4,140,supplier-6,121.09,2020-12-22
3248,keyboard,electronics,WH-2,296,supplier-19,504.5,2020-06-12
3249,mouse,electronics,WH-4,25,supplier-3,772.74,2020-06-21
3250,mouse,electronics,WH-1,272,supplier-4,337.21,2020-10-21
3251,desktops,electronics,WH-2,335,supplier-7,1098.61,2021-02-23
3252,monitor,electronics,WH-1,488,supplier-4,1142.45,2021-02-14
3253,scanner,electronics,WH-2,431,supplier-12,924.11,2020-08-12
3254,flashdrives,electronics,WH-3,85,supplier-16,718.14,2020-11-26
3255,desk,furniture,WH-2,359,supplier-16,1493.63,2020-10-25
3256,laptop,electronics,WH-4,266,supplier-5,428.77,2020-09-12
3257,scanner,electronics,WH-3,157,supplier-11,625.37,2020-03-22
3258,scanner,electronics,WH-4,261,supplier-5,908.27,2021-02-04
3259,printer,electronics,WH-5,176,supplier-8,310.8,2020-10-04
3260,scanner,electronics,WH-1,92,supplier-11,749.24,2020-05-01
3261,mouse,electronics,WH-5,376,supplier-19,1179.94,2021-03-27
3262,laptop,electronics,WH-5,344,supplier-13,1305.59,2020-02-29
3263,keyboard,electronics,WH-3,291,supplier-15,1256.25,2020-02-18
3264,desk,furniture,WH-3,473,supplier-1,802.01,2020-11-22
3265,flashdrives,electronics,WH-3,46,supplier-18,133.48,2020-11-25
3266,keyboard,electronics,WH-4,117,supplier-3,836.41,2020-10-27
3267,monitor,electronics,WH-5,497,supplier-8,958.91,2020-12-31
3268,scanner,electronics,WH-2,48,supplier-3,646.83,2020-09-25
3269,desk,furniture,WH-5,49,supplier-14,1249.97,2020-06-28
3270,desk,furniture,WH-2,112,supplier-19,1029.05,2020-05-18
3271,desk,furniture,WH-3,234,supplier-17,516.14,2020-12-12
3272,monitor,electronics,WH-1,80,supplier-10,15.36,2020-04-03
3273,mouse,electronics,WH-4,62,supplier-10,1246.76,2021-05-31
3274,chair,furniture,WH-2,319,supplier-5,1220.79,2021-03-22
3275,mouse,electronics,WH-5,307,supplier-8,666.11,2021-05-05
3276,printer,electronics,WH-5,258,supplier-17,613.83,2020-05-15
3277,keyboard,electronics,WH-2,57,supplier-5,1129.5,2020-07-12
3278,desk,furniture,WH-4,176,supplier-14,1007.54,2021-03-31
3279,monitor,electronics,WH-1,198,supplier-7,690.06,2020-04-19
3280,scanner,electronics,WH-1,58,supplier-6,1452.28,2021-03-24
3281,desktops,electronics,WH-3,390,supplier-4,65.75,2020-11-12
3282,desk,furniture,WH-4,333,supplier-20,510.45,2021-01-10
3283,desk,furniture,WH-2,46,supplier-7,527.59,2020-03-08
3284,monitor,electronics,WH-2,119,supplier-13,1274.01,2020-06-24
3285,laptop,electronics,WH-4,332,supplier-5,432.0,2021-02-15
3286,scanner,electronics,WH-5,388,supplier-15,612.39,2020-09-27
3287,chair,furniture,WH-4,116,supplier-4,1219.88,2021-04-08
3288,mouse,electronics,WH-2,173,supplier-3,1353.86,2021-06-19
3289,mouse,electronics,WH-1,304,supplier-19,844.5,2021-04-04
3290,desk,furniture,WH-5,309,supplier-19,170.48,2021-02-03
3291,keyboard,electronics,WH-3,120,supplier-3,291.84,2021-04-07
3292,keyboard,electronics,WH-1,401,supplier-13,715.39,2020-05-01
3293,printer,electronics,WH-1,357,supplier-1,1188.07,2020-06-08
3294,mouse,electronics,WH-1,7,supplier-3,1416.86,2020-07-23
3295,desktops,electronics,WH-2,313,supplier-9,975.68,2020-07-10
3296,monitor,electronics,WH-5,485,supplier-20,622.03,2021-04-27
3297,mouse,electronics,WH-3,73,supplier-11,466.79,2021-05-23
3298,laptop,electronics,WH-5,193,supplier-15,582.33,2021-01-31
3299,desktops,electronics,WH-1,52,supplier-3,1248.39,2020-01-23
3300,chair,furniture,WH-2,239,supplier-19,925.24,2020-10-03
3301,flashdrives,electronics,WH-1,80,supplier-9,502.58,2021-02-19
3302,desktops,electronics,WH-5,426,supplier-18,265.02,2021-06-24
3303,desk,furniture,WH-2,273,supplier-15,1301.43,2021-01-17
3304,desk,furniture,WH-2,394,supplier-5,941.08,2020-01-11
3305,printer,electronics,WH-5,439,supplier-17,108.98,2020-03-14
3306,mouse,electronics,WH-3,304,supplier-5,1094.9,2020-07-05
3307,scanner,electronics,WH-2,316,supplier-20,782.7,2020-03-28
3308,flashdrives,electronics,WH-3,149,supplier-3,262.07,2021-06-09
3309,scanner,electronics,WH-4,85,supplier-1,641.5,2020-01-17
3310,scanner,electronics,WH-2,476,supplier-12,140.15,2021-05-08
3311,scanner,electronics,WH-3,137,supplier-13,1255.03,2021-03-08
3312,desktops,electronics,WH-5,444,supplier-6,405.09,2020-11-13
3313,printer,electronics,WH-2,208,supplier-16,764.93,2020-12-20
3314,printer,electronics,WH-2,354,supplier-17,338.72,2020-11-08
3315,keyboard,electronics,WH-2,173,supplier-8,272.25,2020-09-30
3316,mouse,electronics,WH-4,272,supplier-17,1489.12,2020-04-01
3317,laptop,electronics,WH-3,371,supplier-6,458.62,2020-01-03
3318,scanner,electronics,WH-2,482,supplier-19,1497.03,2021-05-07
3319,flashdrives,electronics,WH-5,481,supplier-18,263.76,2021-01-25
3320,desktops,electronics,WH-3,179,supplier-16,755.06,2021-04-26
3321,scanner,electronics,WH-2,392,supplier-19,1099.51,2020-01-24
3322,mouse,electronics,WH-3,442,supplier-18,1150.99,2020-07-23
3323,chair,furniture,WH-2,316,supplier-7,1044.27,2020-02-17
3324,laptop,electronics,WH-4,71,supplier-4,314.73,2021-06-04
3325,chair,furniture,WH-1,342,supplier-7,190.91,2021-05-28
3326,mouse,electronics,WH-4,424,supplier-16,345.79,2020-09-21
3327,monitor,electronics,WH-3,360,supplier-3,839.43,2020-02-16
3328,scanner,electronics,WH-3,264,supplier-16,1253.21,2020-05-06
3329,desktops,electronics,WH-4,348,supplier-11,1274.3,2020-02-04
3330,desktops,electronics,WH-2,172,supplier-18,1119.47,2020-07-10
3331,keyboard,electronics,WH-2,203,supplier-18,779.84,2021-06-16
3332,scanner,electronics,WH-5,141,supplier-1,1243.45,2021-01-23
3333,laptop,electronics,WH-4,266,supplier-13,399.56,2020-07-01
3334,monitor,electronics,WH-3,323,supplier-17,1084.47,2020-05-31
3335,monitor,electronics,WH-2,402,supplier-11,782.8,2021-02-07
3336,desk,furniture,WH-4,146,supplier-9,303.8,2020-10-17
3337,mouse,electronics,WH-5,48,supplier-19,493.52,2021-03-19
3338,desk,furniture,WH-4,192,supplier-13,1022.05,2020-10-14
3339,mouse,electronics,WH-2,209,supplier-16,739.82,2020-05-22
3340,desk,furniture,WH-5,484,supplier-6,1422.02,2020-08-12
3341,monitor,electronics,WH-4,401,supplier-5,1167.43,2020-10-05
3342,laptop,electronics,WH-4,167,supplier-12,925.98,2021-05-18
3343,keyboard,electronics,WH-4,207,supplier-19,137.99,2020-06-29
3344,keyboard,electronics,WH-5,309,supplier-12,401.61,2020-02-02
3345,flashdrives,electronics,WH-5,264,supplier-8,702.37,2021-05-26
3346,desktops,electronics,WH-3,136,supplier-12,1031.29,2020-01-21
3347,flashdrives,electronics,WH-2,83,supplier-7,59.56,2021-01-22
3348,monitor,electronics,WH-4,473,supplier-2,459.34,2020-10-24
3349,scanner,electronics,WH-5,325,supplier-6,1312.11,2020-02-14
3350,laptop,electronics,WH-3,117,supplier-12,727.51,2020-06-13
3351,printer,electronics,WH-2,358,supplier-14,969.68,2020-08-04
3352,flashdrives,electronics,WH-2,80,supplier-17,648.39,2020-11-26
3353,desktops,electronics,WH-3,114,supplier-9,909.75,2020-11-01
3354,desktops,electronics,WH-3,45,supplier-7,480.23,2021-03-21
3355,desk,furniture,WH-3,332,supplier-3,432.07,2021-04-19
3356,scanner,electronics,WH-1,49,supplier-18,122.55,2020-12-28
3357,desk,furniture,WH-5,205,supplier-4,497.54,2020-07-29
3358,scanner,electronics,WH-3,335,supplier-4,1097.85,2020-11-06
3359,monitor,electronics,WH-5,314,supplier-15,1366.16,2020-08-08
3360,printer,electronics,WH-4,225,supplier-14,818.6,2020-10-07
3361,laptop,electronics,WH-2,380,supplier-16,130.41,2020-03-25
3362,chair,furniture,WH-5,354,supplier-1,754.79,2020-09-23
3363,desktops,electronics,WH-4,73,supplier-8,304.87,2021-06-19
3364,desktops,electronics,WH-4,439,supplier-2,1304.41,2020-03-01
3365,desk,furniture,WH-1,8,supplier-6,1296.28,2020-07-02
3366,mouse,electronics,WH-4,224,supplier-16,1255.63,2021-03-18
3367,flashdrives,electronics,WH-3,223,supplier-9,1102.16,2020-09-15
3368,chair,furniture,WH-5,96,supplier-19,673.48,2021-02-03
3369,monitor,electronics,WH-3,196,supplier-14,78.87,2020-09-20
3370,laptop,electronics,WH-3,56,supplier-12,331.1,2020-12-26
3371,flashdrives,electronics,WH-1,151,supplier-20,1351.25,2021-05-01
3372,flashdrives,electronics,WH-1,187,supplier-10,244.09,2020-03-06
3373,desktops,electronics,WH-5,224,supplier-4,1343.76,2021-03-28
3374,chair,furniture,WH-4,302,supplier-5,892.94,2021-01-24
3375,mouse,electronics,WH-2,479,supplier-3,365.87,2020-03-25
3376,laptop,electronics,WH-5,418,supplier-4,1401.63,2021-04-30
3377,printer,electronics,WH-4,466,supplier-5,407.87,2021-04-23
3378,printer,electronics,WH-1,83,supplier-10,1468.64,2021-05-08
3379,laptop,electronics,WH-2,1,supplier-17,479.46,2020-05-14
3380,chair,furniture,WH-5,111,supplier-9,627.2,2021-03-22
3381,scanner,electronics,WH-1,79,supplier-6,144.4,2020-12-25
3382,monitor,electronics,WH-2,210,supplier-7,82.35,2020-12-08
3383,chair,furniture,WH-5,168,supplier-9,1165.21,2020-04-14
3384,monitor,electronics,WH-5,267,supplier-16,63.07,2020-02-14
3385,printer,electronics,WH-2,327,supplier-7,1489.35,2020-05-07
3386,keyboard,electronics,WH-1,426,supplier-1,446.26,2020-11-13
3387,laptop,electronics,WH-2,64,supplier-9,822.38,2020-01-04
3388,laptop,electronics,WH-3,203,supplier-6,1002.44,2021-02-20
3389,mouse,electronics,WH-2,11,supplier-20,709.56,2020-07-15
3390,keyboard,electronics,WH-1,410,supplier-15,1454.85,2020-01-29
3391,desk,furniture,WH-3,226,supplier-11,632.32,2021-02-16
3392,chair,furniture,WH-2,462,supplier-5,270.51,2021-04-14
3393,mouse,electronics,WH-3,424,supplier-10,757.74,2020-04-27
3394,mouse,electronics,WH-2,355,supplier-1,218.53,2020-08-24
3395,monitor,electronics,WH-2,310,supplier-12,1175.27,2020-06-05
3396,chair,furniture,WH-5,349,supplier-17,1062.65,2020-04-10
3397,mouse,electronics,WH-3,160,supplier-4,1445.31,2020-05-31
3398,printer,electronics,WH-1,433,supplier-19,1315.92,2020-04-08
3399,chair,furniture,WH-1,185,supplier-14,668.62,2020-11-30
3400,mouse,electronics,WH-4,125,supplier-12,918.33,2021-04-20
3401,keyboard,electronics,WH-3,240,supplier-7,1302.18,2020-02-01
3402,laptop,electronics,WH-5,163,supplier-11,1113.31,2020-08-03
3403,scanner,electronics,WH-5,11,supplier-6,757.46,2020-11-17
3404,desk,furniture,WH-4,448,supplier-7,643.76,2021-03-15
3405,mouse,electronics,WH-4,46,supplier-19,295.95,2020-12-09
3406,mouse,electronics,WH-4,320,supplier-13,466.96,2021-02-02
3407,scanner,electronics,WH-1,346,supplier-7,317.27,2021-04-27
3408,flashdrives,electronics,WH-4,93,supplier-16,1039.78,2020-08-08
3409,printer,electronics,WH-1,433,supplier-3,357.73,2020-05-07
3410,flashdrives,electronics,WH-1,358,supplier-14,240.29,2020-11-13
3411,laptop,electronics,WH-3,121,supplier-15,347.24,2020-04-07
3412,chair,furniture,WH-5,124,supplier-15,283.15,2021-03-30
3413,laptop,electronics,WH-3,143,supplier-16,221.15,2020-04-06
3414,laptop,electronics,WH-1,138,supplier-20,319.69,2020-01-13
3415,laptop,electronics,WH-5,298,supplier-1,1062.54,2021-01-27
3416,desk,furniture,WH-1,471,supplier-14,1230.16,2021-05-19
3417,laptop,electronics,WH-5,269,supplier-9,172.68,2020-07-16
3418,desk,furniture,WH-1,26,supplier-12,935.78,2020-01-30
3419,keyboard,electronics,WH-5,11,supplier-5,1451.13,2020-02-10
3420,mouse,electronics,WH-5,174,supplier-4,491.03,2020-04-30
3421,flashdrives,electronics,WH-3,483,supplier-14,710.49,2021-01-20
3422,printer,electronics,WH-1,209,supplier-7,744.26,2020-12-21
3423,keyboard,electronics,WH-3,68,supplier-16,587.4,2021-05-22
3424,keyboard,electronics,WH-1,409,supplier-1,596.23,2021-01-18
3425,scanner,electronics,WH-2,223,supplier-6,1436.32,2020-10-16
3426,chair,furniture,WH-2,140,supplier-11,51.98,2020-05-02
3427,laptop,electronics,WH-2,90,supplier-19,1483.71,2020-09-28
3428,keyboard,electronics,WH-2,418,supplier-7,559.8,2020-04-04
3429,flashdrives,electronics,WH-4,220,supplier-18,727.76,2021-01-12
3430,laptop,electronics,WH-2,161,supplier-17,1421.17,2020-11-25
3431,printer,electronics,WH-2,470,supplier-11,463.73,2020-12-23
3432,desktops,electronics,WH-4,224,supplier-3,1297.93,2020-10-14
3433,scanner,electronics,WH-5,417,supplier-15,857.92,2020-12-08
3434,flashdrives,electronics,WH-2,93,supplier-12,1127.86,2021-01-17
3435,printer,electronics,WH-2,64,supplier-19,85.62,2021-01-25
3436,desk,furniture,WH-5,362,supplier-1,1158.98,2020-05-06
3437,keyboard,electronics,WH-3,286,supplier-3,1436.7,2020-01-11
3438,printer,electronics,WH-3,326,supplier-9,561.93,2020-10-04
3439,desk,furniture,WH-3,443,supplier-11,1280.08,2021-01-28
3440,chair,furniture,WH-5,237,supplier-17,701.7,2020-12-31
3441,flashdrives,electronics,WH-2,137,supplier-19,1283.49,2020-07-01
3442,laptop,electronics,WH-5,234,supplier-17,222.55,2020-02-29
3443,scanner,electronics,WH-2,147,supplier-19,319.62,2020-02-10
3444,keyboard,electronics,WH-2,463,supplier-18,27.44,2021-03-12
3445,scanner,electronics,WH-1,269,supplier-14,1447.32,2021-02-12
3446,chair,furniture,WH-2,224,supplier-15,864.71,2020-12-24
3447,scanner,electronics,WH-5,297,supplier-8,36.06,2020-01-20
3448,flashdrives,electronics,WH-1,422,supplier-1,1335.28,2020-11-07
3449,flashdrives,electronics,WH-1,88,supplier-9,177.86,2021-06-20
3450,laptop,electronics,WH-3,441,supplier-18,985.4,2020-12-03
3451,chair,furniture,WH-5,397,supplier-8,192.74,2021-04-17
3452,flashdrives,electronics,WH-2,86,supplier-8,17.6,2021-05-25
3453,printer,electronics,WH-2,407,supplier-14,517.62,2021-06-03
3454,keyboard,electronics,WH-2,335,supplier-17,76.56,2020-10-18
3455,keyboard,electronics,WH-1,159,supplier-7,381.68,2021-03-20
3456,keyboard,electronics,WH-2,52,supplier-9,918.66,2020-10-21
3457,laptop,electronics,WH-4,302,supplier-18,1239.65,2021-06-12
3458,monitor,electronics,WH-3,64,supplier-1,45.73,2021-04-18
3459,desktops,electronics,WH-4,264,supplier-16,1230.21,2020-07-03
3460,laptop,electronics,WH-2,85,supplier-4,427.77,2020-09-12
3461,printer,electronics,WH-3,447,supplier-11,124.32,2020-05-18
3462,keyboard,electronics,WH-1,350,supplier-14,1338.41,2021-05-26
3463,keyboard,electronics,WH-4,456,supplier-7,1423.6,2020-06-03
3464,printer,electronics,WH-1,478,supplier-7,264.6,2020-01-26
3465,chair,furniture,WH-2,467,supplier-16,120.3,2020-02-05
3466,flashdrives,electronics,WH-5,131,supplier-14,978.2,2021-05-18
3467,flashdrives,electronics,WH-2,315,supplier-18,1151.06,2020-02-14
3468,keyboard,electronics,WH-3,212,supplier-5,1261.48,2020-05-09
3469,monitor,electronics,WH-4,203,supplier-6,1420.86,2021-01-20
3470,printer,electronics,WH-3,268,supplier-3,1409.68,2020-10-22
3471,keyboard,electronics,WH-3,491,supplier-9,183.07,2021-01-09
3472,desktops,electronics,WH-4,126,supplier-10,415.49,2021-05-16
3473,desktops,electronics,WH-2,92,supplier-13,1011.05,2020-09-22
3474,flashdrives,electronics,WH-5,32,supplier-10,1448.02,2020-07-15
3475,laptop,electronics,WH-1,157,supplier-7,836.46,2021-03-03
3476,monitor,electronics,WH-4,424,supplier-10,694.27,2020-11-11
3477,monitor,electronics,WH-5,6,supplier-11,742.94,2020-10-14
3478,printer,electronics,WH-5,429,supplier-6,295.07,2020-08-07
3479,monitor,electronics,WH-4,355,supplier-9,1107.95,2020-03-24
3480,flashdrives,electronics,WH-1,310,supplier-7,690.83,2020-09-10
3481,laptop,electronics,WH-3,486,supplier-1,134.01,2020-02-11
3482,desk,furniture,WH-1,50,supplier-6,807.49,2020-12-07
3483,mouse,electronics,WH-4,292,supplier-15,786.72,2020-04-09
3484,desk,furniture,WH-5,211,supplier-10,705.19,2020-02-17
3485,desktops,electronics,WH-1,234,supplier-5,212.26,2020-06-20
3486,monitor,electronics,WH-1,187,supplier-13,781.12,2021-04-28
3487,scanner,electronics,WH-2,103,supplier-5,820.08,2020-05-15
3488,desktops,electronics,WH-2,404,supplier-4,1231.3,2020-09-27
3489,scanner,electronics,WH-3,489,supplier-13,1208.26,2020-10-15
3490,keyboard,electronics,WH-3,399,supplier-17,1465.67,2020-05-08
3491,desk,furniture,WH-3,311,supplier-15,1284.58,2020-03-17
3492,laptop,electronics,WH-4,41,supplier-10,274.26,2021-04-23
3493,mouse,electronics,WH-5,333,supplier-4,1228.06,2020-06-02
3494,laptop,electronics,WH-5,144,supplier-3,1219.84,2020-03-10
3495,desktops,electronics,WH-3,233,supplier-18,643.89,2020-04-20
3496,desktops,electronics,WH-1,106,supplier-12,1445.36,2020-02-21
3497,desk,furniture,WH-5,89,supplier-12,725.03,2020-08-19
3498,monitor,electronics,WH-4,175,supplier-18,803.53,2021-01-23
3499,desk,furniture,WH-2,57,supplier-20,55.72,2020-03-30
3500,mouse,electronics,WH-3,82,supplier-16,446.99,2021-03-23
3501,monitor,electronics,WH-4,202,supplier-1,989.76,2020-06-30
3502,scanner,electronics,WH-5,108,supplier-5,814.58,2021-06-15
3503,flashdrives,electronics,WH-5,30,supplier-18,516.34,2020-09-15
3504,scanner,electronics,WH-2,17,supplier-10,865.74,2021-01-03
3505,desk,furniture,WH-1,262,supplier-15,273.13,2021-05-11
3506,printer,electronics,WH-3,470,supplier-1,403.3,2020-03-26
3507,laptop,electronics,WH-3,443,supplier-11,269.1,2020-11-06
3508,keyboard,electronics,WH-4,483,supplier-17,450.05,2020-04-30
3509,flashdrives,electronics,WH-2,262,supplier-12,980.03,2020-10-16
3510,printer,electronics,WH-2,360,supplier-9,1326.32,2021-04-03
3511,keyboard,electronics,WH-5,71,supplier-16,670.97,2021-01-04
3512,scanner,electronics,WH-2,17,supplier-5,558.46,2020-09-25
3513,flashdrives,electronics,WH-3,182,supplier-15,1134.82,2020-09-10
3514,keyboard,electronics,WH-3,183,supplier-1,983.55,2021-04-22
3515,printer,electronics,WH-2,78,supplier-10,1104.96,2020-06-18
3516,scanner,electronics,WH-5,487,supplier-10,1098.77,2020-05-25
3517,laptop,electronics,WH-5,375,supplier-14,252.83,2021-04-22
3518,chair,furniture,WH-2,170,supplier-6,386.71,2020-03-22
3519,monitor,electronics,WH-1,375,supplier-12,882.84,2021-02-15
3520,desk,furniture,WH-4,224,supplier-9,659.44,2020-03-09
3521,flashdrives,electronics,WH-4,473,supplier-13,303.85,2021-05-26
3522,monitor,electronics,WH-2,261,supplier-17,761.26,2021-02-11
3523,keyboard,electronics,WH-3,256,supplier-10,206.88,2020-01-06
3524,keyboard,electronics,WH-2,130,supplier-5,1451.3,2020-11-13
3525,keyboard,electronics,WH-2,360,supplier-19,1158.24,2020-04-10
3526,chair,furniture,WH-2,148,supplier-10,48.37,2020-10-01
3527,chair,furniture,WH-2,330,supplier-5,1300.27,2020-06-29
3528,scanner,electronics,WH-5,113,supplier-1,473.76,2020-11-23
3529,flashdrives,electronics,WH-5,389,supplier-4,808.65,2020-04-07
3530,printer,electronics,WH-1,391,supplier-10,987.7,2021-05-02
3531,desktops,electronics,WH-1,125,supplier-9,585.95,2020-03-14
3532,desktops,electronics,WH-3,247,supplier-5,1301.95,2021-06-19
3533,chair,furniture,WH-2,112,supplier-20,842.7,2021-04-17
3534,flashdrives,electronics,WH-3,86,supplier-1,145.35,2020-09-04
3535,mouse,electronics,WH-3,300,supplier-19,1151.4,2020-02-09
3536,laptop,electronics,WH-4,183,supplier-8,1028.97,2020-04-01
3537,desk,furniture,WH-4,338,supplier-12,1181.1,2021-05-21
3538,chair,furniture,WH-4,261,supplier-20,1037.11,2020-12-28
3539,mouse,electronics,WH-1,31,supplier-15,1140.08,2020-10-26
3540,chair,furniture,WH-1,198,supplier-9,668.72,2020-01-14
3541,monitor,electronics,WH-3,416,supplier-3,435.4,2020-11-11
3542,chair,furniture,WH-5,440,supplier-19,1022.41,2020-08-10
3543,flashdrives,electronics,WH-3,470,supplier-14,190.73,2021-02-11
3544,chair,furniture,WH-4,168,supplier-12,921.16,2020-09-14
3545,flashdrives,electronics,WH-3,278,supplier-7,340.23,2020-01-19
3546,flashdrives,electronics,WH-1,136,supplier-8,356.06,2021-04-20
3547,printer,electronics,WH-2,169,supplier-16,23.68,2020-06-12
3548,desk,furniture,WH-4,257,supplier-6,429.75,2020-09-23
3549,monitor,electronics,WH-3,229,supplier-1,1008.65,2021-03-11
3550,chair,furniture,WH-3,426,supplier-16,1384.6,2021-03-21
3551,flashdrives,electronics,WH-3,447,supplier-14,1462.79,2021-03-05
3552,laptop,electronics,WH-1,253,supplier-15,824.77,2020-01-02
3553,chair,furniture,WH-4,132,supplier-5,1305.64,2020-12-04
3554,desk,furniture,WH-4,125,supplier-20,829.4,2020-06-02
3555,desk,furniture,WH-1,275,supplier-6,314.25,2020-02-22
3556,chair,furniture,WH-3,372,supplier-13,1120.52,2020-06-24
3557,desk,furniture,WH-3,4,supplier-13,171.45,2020-05-12
3558,scanner,electronics,WH-2,59,supplier-9,613.22,2020-12-26
3559,mouse,electronics,WH-5,495,supplier-18,1466.48,2020-05-22
3560,keyboard,electronics,WH-2,217,supplier-3,539.77,2021-04-10
3561,desk,furniture,WH-5,207,supplier-1,436.25,2020-12-31
3562,keyboard,electronics,WH-2,175,supplier-9,166.9,2020-01-30
3563,flashdrives,electronics,WH-3,396,supplier-1,844.16,2020-07-22
3564,keyboard,electronics,WH-2,358,supplier-16,1441.05,2020-07-10
3565,monitor,electronics,WH-1,310,supplier-11,1489.2,2020-07-19
3566,mouse,electronics,WH-5,467,supplier-6,1163.92,2020-02-09
3567,desk,furniture,WH-5,158,supplier-6,1390.34,2021-03-15
3568,printer,electronics,WH-5,38,supplier-15,186.22,2021-05-05
3569,chair,furniture,WH-5,276,supplier-2,555.2,2020-08-07
3570,laptop,electronics,WH-3,472,supplier-8,1387.17,2020-01-27
3571,scanner,electronics,WH-1,385,supplier-4,857.39,2020-12-01
3572,desk,furniture,WH-5,174,supplier-17,47.47,2020-11-27
3573,keyboard,electronics,WH-4,229,supplier-9,1490.33,2021-05-18
3574,desk,furniture,WH-1,105,supplier-10,187.47,2021-01-20
3575,desk,furniture,WH-4,66,supplier-2,124.74,2020-01-23
3576,chair,furniture,WH-4,355,supplier-2,1059.8,2021-03-28
3577,keyboard,electronics,WH-3,500,supplier-3,70.36,2020-06-20
3578,desktops,electronics,WH-3,211,supplier-7,81.24,2020-04-12
3579,monitor,electronics,WH-3,208,supplier-18,272.1,2020-12-06
3580,desktops,electronics,WH-1,329,supplier-4,899.7,2020-11-13
3581,mouse,electronics,WH-4,358,supplier-13,683.33,2020-06-25
3582,laptop,electronics,WH-3,322,supplier-19,300.4,2021-06-14
3583,laptop,electronics,WH-2,16,supplier-16,585.85,2020-11-17
3584,desk,furniture,WH-1,43,supplier-16,1250.68,2020-12-20
3585,scanner,electronics,WH-4,106,supplier-1,409.06,2021-05-27
3586,monitor,electronics,WH-5,393,supplier-9,751.76,2020-01-25
3587,mouse,electronics,WH-1,351,supplier-11,395.24,2020-01-23
3588,desktops,electronics,WH-5,488,supplier-4,1174.72,2020-12-09
3589,chair,furniture,WH-5,30,supplier-2,291.99,2020-11-08
3590,keyboard,electronics,WH-5,15,supplier-10,654.75,2021-01-26
3591,scanner,electronics,WH-1,486,supplier-20,395.49,2020-11-18
3592,keyboard,electronics,WH-2,406,supplier-5,446.02,2020-07-06
3593,desktops,electronics,WH-5,215,supplier-5,498.9,2021-02-10
3594,chair,furniture,WH-3,105,supplier-10,1415.29,2020-02-29
3595,desktops,electronics,WH-4,17,supplier-3,381.8,2021-05-13
3596,scanner,electronics,WH-2,443,supplier-18,670.65,2020-04-03
3597,mouse,electronics,WH-5,319,supplier-19,1181.38,2021-04-07
3598,mouse,electronics,WH-5,13,supplier-15,152.65,2021-03-21
3599,flashdrives,electronics,WH-1,482,supplier-9,79.27,2020-09-24
3600,monitor,electronics,WH-4,148,supplier-11,488.37,2021-04-05
3601,monitor,electronics,WH-2,317,supplier-17,1331.63,2020-05-06
3602,desktops,electronics,WH-4,462,supplier-10,1286.12,2021-04-13
3603,monitor,electronics,WH-1,66,supplier-15,452.52,2021-06-03
3604,mouse,electronics,WH-1,466,supplier-2,1098.79,2020-03-04
3605,scanner,electronics,WH-1,319,supplier-16,330.72,2020-02-22
3606,mouse,electronics,WH-1,136,supplier-18,785.35,2020-06-17
3607,scanner,electronics,WH-4,396,supplier-19,79.59,2020-07-23
3608,laptop,electronics,WH-2,319,supplier-7,325.89,2020-11-23
3609,monitor,electronics,WH-3,45,supplier-6,79.74,2021-05-06
3610,scanner,electronics,WH-1,409,supplier-4,299.22,2020-05-12
3611,desktops,electronics,WH-3,475,supplier-6,1026.45,2021-03-03
3612,scanner,electronics,WH-2,27,supplier-1,882.58,2020-12-31
3613,keyboard,electronics,WH-5,195,supplier-20,1288.58,2020-01-27
3614,desk,furniture,WH-5,497,supplier-5,1302.5,2021-04-26
3615,printer,electronics,WH-2,132,supplier-18,180.78,2020-11-04
3616,laptop,electronics,WH-3,261,supplier-11,1410.66,2020-09-28
3617,printer,electronics,WH-3,429,supplier-1,1013.83,2021-01-14
3618,chair,furniture,WH-1,241,supplier-13,1104.16,2020-01-27
3619,mouse,electronics,WH-3,192,supplier-5,108.47,2020-10-25
3620,printer,electronics,WH-4,356,supplier-19,619.99,2020-03-07
3621,printer,electronics,WH-5,378,supplier-3,436.63,2020-01-03
3622,scanner,electronics,WH-5,414,supplier-6,1415.92,2021-02-12
3623,chair,furniture,WH-5,171,supplier-2,100.48,2020-06-14
3624,printer,electronics,WH-3,176,supplier-5,535.75,2020-08-24
3625,mouse,electronics,WH-2,33,supplier-18,351.77,2020-03-20
3626,flashdrives,electronics,WH-5,471,supplier-13,392.35,2020-06-19
3627,chair,furniture,WH-5,281,supplier-3,270.54,2020-04-06
3628,desk,furniture,WH-5,379,supplier-2,466.74,2020-10-29
3629,printer,electronics,WH-5,356,supplier-6,1281.98,2021-06-19
3630,desktops,electronics,WH-1,282,supplier-9,576.98,2021-04-01
3631,scanner,electronics,WH-3,289,supplier-18,1356.56,2020-11-18
3632,flashdrives,electronics,WH-5,130,supplier-4,17.57,2021-02-06
3633,desktops,electronics,WH-4,431,supplier-2,788.62,2021-03-01
3634,desktops,electronics,WH-1,419,supplier-13,1105.3,2021-03-23
3635,desk,furniture,WH-2,453,supplier-6,71.08,2021-01-31
3636,printer,electronics,WH-5,181,supplier-13,899.73,2020-01-12
3637,desk,furniture,WH-3,339,supplier-6,726.1,2020-12-09
3638,monitor,electronics,WH-5,110,supplier-13,1162.1,2020-11-19
3639,printer,electronics,WH-5,315,supplier-18,11.29,2021-02-03
3640,flashdrives,electronics,WH-4,322,supplier-20,308.29,2020-04-03
3641,laptop,electronics,WH-1,463,supplier-3,708.32,2020-05-08
3642,printer,electronics,WH-1,193,supplier-13,1069.37,2020-01-06
3643,chair,furniture,WH-2,257,supplier-16,507.26,2021-05-25
3644,printer,electronics,WH-3,342,supplier-18,339.39,2020-01-24
3645,scanner,electronics,WH-3,464,supplier-7,895.58,2020-10-15
3646,mouse,electronics,WH-3,490,supplier-3,1120.85,2020-10-02
3647,keyboard,electronics,WH-3,443,supplier-13,1447.41,2020-04-17
3648,flashdrives,electronics,WH-1,489,supplier-20,375.7,2020-11-08
3649,keyboard,electronics,WH-4,348,supplier-3,733.48,2020-09-15
3650,scanner,electronics,WH-2,286,supplier-17,267.68,2021-02-19
3651,mouse,electronics,WH-2,43,supplier-15,1046.27,2020-02-05
3652,flashdrives,electronics,WH-1,471,supplier-18,1102.4,2020-01-13
3653,laptop,electronics,WH-4,17,supplier-1,506.38,2020-02-19
3654,keyboard,electronics,WH-4,316,supplier-9,315.01,2020-04-01
3655,monitor,electronics,WH-2,95,supplier-11,1335.75,2021-04-09
3656,laptop,electronics,WH-4,429,supplier-12,1238.1,2020-10-28
3657,laptop,electronics,WH-5,400,supplier-10,976.57,2020-12-15
3658,scanner,electronics,WH-4,309,supplier-6,985.4,2021-02-09
3659,scanner,electronics,WH-3,328,supplier-17,1012.66,2020-08-21
3660,laptop,electronics,WH-2,113,supplier-13,148.55,2020-06-26
3661,printer,electronics,WH-1,482,supplier-19,156.22,2020-11-23
3662,desk,furniture,WH-3,346,supplier-8,1439.67,2020-04-15
3663,desk,furniture,WH-2,313,supplier-9,1332.17,2020-06-29
3664,monitor,electronics,WH-5,338,supplier-5,429.07,2020-08-15
3665,laptop,electronics,WH-5,114,supplier-14,1157.31,2020-08-16
3666,flashdrives,electronics,WH-2,145,supplier-13,1308.61,2020-08-07
3667,monitor,electronics,WH-5,314,supplier-8,473.31,2020-06-12
3668,printer,electronics,WH-5,259,supplier-15,1064.09,2020-01-20
3669,mouse,electronics,WH-3,0,supplier-15,364.55,2021-04-07
3670,desktops,electronics,WH-1,296,supplier-15,1178.67,2020-09-03
3671,mouse,electronics,WH-4,420,supplier-9,733.23,2020-03-17
3672,scanner,electronics,WH-5,198,supplier-19,918.58,2020-02-05
3673,laptop,electronics,WH-4,38,supplier-19,1438.87,2021-02-27
3674,mouse,electronics,WH-4,398,supplier-7,241.1,2021-01-21
3675,flashdrives,electronics,WH-5,226,supplier-19,1368.1,2021-02-14
3676,desk,furniture,WH-3,297,supplier-4,1191.83,2020-06-25
3677,desk,furniture,WH-1,340,supplier-10,387.63,2020-07-04
3678,printer,electronics,WH-4,292,supplier-9,446.88,2021-04-27
3679,laptop,electronics,WH-2,263,supplier-18,698.64,2020-12-29
3680,desktops,electronics,WH-1,26,supplier-4,407.85,2021-04-21
3681,desk,furniture,WH-2,321,supplier-6,378.55,2020-04-25
3682,flashdrives,electronics,WH-2,238,supplier-20,583.23,2020-01-17
3683,desktops,electronics,WH-3,353,supplier-17,96.73,2020-03-29
3684,flashdrives,electronics,WH-5,181,supplier-18,1140.7,2020-11-02
3685,scanner,electronics,WH-5,498,supplier-2,916.65,2020-08-27
3686,printer,electronics,WH-5,199,supplier-5,244.66,2020-12-14
3687,scanner,electronics,WH-1,223,supplier-16,820.55,2020-06-01
3688,desk,furniture,WH-2,489,supplier-15,1429.39,2020-11-24
3689,keyboard,electronics,WH-4,117,supplier-10,309.19,2020-10-09
3690,chair,furniture,WH-2,189,supplier-12,594.87,2020-02-07
3691,monitor,electronics,WH-1,64,supplier-1,801.78,2020-12-22
3692,desk,furniture,WH-5,18,supplier-5,792.97,2020-07-29
3693,scanner,electronics,WH-4,489,supplier-4,680.25,2020-11-08
3694,scanner,electronics,WH-3,311,supplier-3,1313.01,2020-06-22
3695,desktops,electronics,WH-3,16,supplier-10,1188.05,2021-02-25
3696,mouse,electronics,WH-5,271,supplier-2,430.94,2020-05-04
3697,chair,furniture,WH-5,438,supplier-13,194.07,2021-01-28
3698,monitor,electronics,WH-3,130,supplier-5,1124.82,2020-10-06
3699,laptop,electronics,WH-4,25,supplier-9,366.32,2021-05-02
3700,desktops,electronics,WH-2,358,supplier-6,1336.05,2020-04-18
3701,chair,furniture,WH-1,242,supplier-6,1375.15,2020-07-13
3702,laptop,electronics,WH-3,294,supplier-1,613.33,2021-03-30
3703,printer,electronics,WH-5,343,supplier-5,521.7,2021-02-05
3704,desk,furniture,WH-4,105,supplier-10,1290.66,2020-01-16
3705,flashdrives,electronics,WH-1,489,supplier-1,423.52,2021-03-29
3706,chair,furniture,WH-5,148,supplier-3,597.88,2021-01-27
3707,chair,furniture,WH-4,232,supplier-18,189.45,2021-04-30
3708,desk,furniture,WH-4,129,supplier-20,1054.55,2021-04-07
3709,desk,furniture,WH-4,345,supplier-20,715.26,2021-06-01
3710,mouse,electronics,WH-3,359,supplier-7,596.44,2021-04-08
3711,monitor,electronics,WH-4,125,supplier-7,350.52,2020-10-20
3712,mouse,electronics,WH-5,288,supplier-6,45.51,2020-03-16
3713,scanner,electronics,WH-3,457,supplier-18,971.66,2021-01-30
3714,printer,electronics,WH-5,269,supplier-16,179.6,2021-06-04
3715,scanner,electronics,WH-1,0,supplier-1,197.69,2020-11-19
3716,scanner,electronics,WH-1,393,supplier-18,1487.51,2020-08-10
3717,laptop,electronics,WH-5,170,supplier-12,956.83,2020-09-19
3718,desk,furniture,WH-3,85,supplier-17,584.42,2020-04-17
3719,printer,electronics,WH-5,146,supplier-4,1115.53,2020-11-16
3720,printer,electronics,WH-1,488,supplier-12,1066.82,2021-04-19
3721,keyboard,electronics,WH-1,41,supplier-7,493.07,2020-08-29
3722,laptop,electronics,WH-5,30,supplier-15,1480.7,2020-09-10
3723,mouse,electronics,WH-2,5,supplier-19,428.52,2020-06-18
3724,desk,furniture,WH-5,334,supplier-14,1380.22,2020-01-21
3725,mouse,electronics,WH-2,5,supplier-5,803.92,2020-06-05
3726,printer,electronics,WH-1,58,supplier-11,1023.27,2020-01-03
3727,printer,electronics,WH-3,309,supplier-20,1473.3,2021-01-25
3728,flashdrives,electronics,WH-4,105,supplier-16,1169.12,2020-05-25
3729,laptop,electronics,WH-4,232,supplier-8,1162.48,2020-03-26
3730,keyboard,electronics,WH-4,212,supplier-3,273.32,2021-03-01
3731,monitor,electronics,WH-3,33,supplier-14,986.63,2020-10-26
3732,laptop,electronics,WH-3,180,supplier-14,777.77,2020-06-23
3733,flashdrives,electronics,WH-4,464,supplier-6,781.75,2020-09-04
3734,printer,electronics,WH-3,185,supplier-12,507.46,2021-01-17
3735,printer,electronics,WH-2,297,supplier-13,1215.93,2021-04-09
3736,chair,furniture,WH-2,426,supplier-8,257.25,2021-02-01
3737,scanner,electronics,WH-1,274,supplier-3,773.51,2020-07-11
3738,scanner,electronics,WH-4,410,supplier-2,1420.62,2020-01-28
3739,keyboard,electronics,WH-3,99,supplier-19,389.19,2021-03-17
3740,desktops,electronics,WH-5,407,supplier-12,983.38,2021-03-07
3741,laptop,electronics,WH-5,500,supplier-20,1319.18,2020-11-26
3742,monitor,electronics,WH-5,225,supplier-15,262.47,2020-11-14
3743,keyboard,electronics,WH-5,267,supplier-10,52.96,2020-03-03
3744,desktops,electronics,WH-1,63,supplier-13,389.25,2021-05-05
3745,desk,furniture,WH-1,177,supplier-2,670.48,2021-01-16
3746,desktops,electronics,WH-5,483,supplier-16,723.6,2020-01-03
3747,scanner,electronics,WH-2,301,supplier-14,1154.25,2020-10-09
3748,chair,furniture,WH-1,111,supplier-3,142.92,2020-04-13
3749,monitor,electronics,WH-1,314,supplier-4,830.28,2020-12-26
3750,mouse,electronics,WH-3,349,supplier-7,19.31,2020-03-10
3751,keyboard,electronics,WH-5,439,supplier-13,920.12,2021-06-12
3752,chair,furniture,WH-4,438,supplier-4,389.86,2020-08-22
3753,printer,electronics,WH-5,24,supplier-12,1290.49,2020-12-09
3754,laptop,electronics,WH-3,75,supplier-9,1319.25,2021-02-05
3755,mouse,electronics,WH-4,284,supplier-17,249.27,2021-02-18
3756,laptop,electronics,WH-2,199,supplier-20,1242.91,2021-02-08
3757,monitor,electronics,WH-4,374,supplier-13,699.42,2020-07-23
3758,chair,furniture,WH-3,234,supplier-17,419.38,2020-07-15
3759,keyboard,electronics,WH-4,72,supplier-13,752.91,2020-04-25
3760,printer,electronics,WH-5,366,supplier-17,1149.08,2020-01-04
3761,keyboard,electronics,WH-1,370,supplier-4,301.44,2021-02-26
3762,printer,electronics,WH-3,387,supplier-18,793.37,2021-01-03
3763,flashdrives,electronics,WH-1,348,supplier-11,870.53,2021-02-22
3764,monitor,electronics,WH-1,269,supplier-19,498.21,2021-04-19
3765,mouse,electronics,WH-2,412,supplier-12,1000.97,2020-02-04
3766,printer,electronics,WH-3,430,supplier-6,32.59,2020-02-02
3767,monitor,electronics,WH-1,11,supplier-12,426.79,2020-08-05
3768,laptop,electronics,WH-2,400,supplier-2,1308.64,2020-12-05
3769,keyboard,electronics,WH-2,79,supplier-13,309.59,2021-02-11
3770,scanner,electronics,WH-3,122,supplier-7,1207.14,2021-05-16
3771,mouse,electronics,WH-1,448,supplier-4,910.86,2020-12-21
3772,mouse,electronics,WH-3,38,supplier-18,1367.15,2020-10-13
3773,desktops,electronics,WH-1,436,supplier-5,417.59,2020-03-21
3774,keyboard,electronics,WH-4,167,supplier-12,985.72,2021-01-11
3775,desk,furniture,WH-4,355,supplier-19,369.01,2021-03-27
3776,chair,furniture,WH-1,442,supplier-13,989.31,2021-03-16
3777,mouse,electronics,WH-2,318,supplier-18,1081.52,2021-03-24
3778,flashdrives,electronics,WH-5,133,supplier-7,334.95,2021-01-04
3779,scanner,electronics,WH-3,294,supplier-20,922.74,2020-11-29
3780,printer,electronics,WH-4,305,supplier-14,519.37,2020-03-13
3781,scanner,electronics,WH-5,148,supplier-14,1141.21,2020-02-08
3782,mouse,electronics,WH-1,135,supplier-14,1306.74,2020-11-09
3783,printer,electronics,WH-4,254,supplier-3,907.64,2020-05-07
3784,flashdrives,electronics,WH-2,107,supplier-17,311.91,2020-03-07
3785,desktops,electronics,WH-2,146,supplier-17,802.38,2021-01-23
3786,desk,furniture,WH-2,409,supplier-17,1376.52,2021-06-15
3787,mouse,electronics,WH-3,2,supplier-7,686.54,2020-12-06
3788,desktops,electronics,WH-3,248,supplier-8,1129.21,2020-09-29
3789,printer,electronics,WH-3,108,supplier-4,89.01,2021-03-09
3790,desk,furniture,WH-4,81,supplier-10,1462.89,2020-05-30
3791,keyboard,electronics,WH-4,135,supplier-3,1254.79,2021-05-15
3792,desk,furniture,WH-2,14,supplier-18,108.98,2020-06-15
3793,laptop,electronics,WH-3,254,supplier-17,1147.01,2020-11-09
3794,keyboard,electronics,WH-2,66,supplier-10,1296.69,2020-12-30
3795,laptop,electronics,WH-1,412,supplier-8,464.25,2021-05-04
3796,desk,furniture,WH-2,81,supplier-5,817.69,2020-12-14
3797,keyboard,electronics,WH-1,410,supplier-10,1341.84,2020-09-05
3798,desktops,electronics,WH-4,458,supplier-15,874.08,2020-12-06
3799,laptop,electronics,WH-2,332,supplier-1,1328.98,2020-11-27
3800,mouse,electronics,WH-1,162,supplier-2,889.64,2021-05-09
3801,chair,furniture,WH-2,438,supplier-12,461.12,2020-02-26
3802,keyboard,electronics,WH-5,453,supplier-20,812.77,2020-06-21
3803,flashdrives,electronics,WH-2,265,supplier-6,1210.74,2020-09-07
3804,keyboard,electronics,WH-1,146,supplier-4,1439.02,2020-12-15
3805,flashdrives,electronics,WH-1,11,supplier-5,1176.21,2020-09-26
3806,desktops,electronics,WH-5,247,supplier-12,198.65,2020-11-12
3807,monitor,electronics,WH-4,439,supplier-4,1419.66,2021-01-26
3808,desk,furniture,WH-2,272,supplier-20,1317.46,2020-01-27
3809,desk,furniture,WH-5,220,supplier-17,1278.05,2020-03-27
3810,monitor,electronics,WH-1,337,supplier-19,866.22,2021-03-28
3811,desktops,electronics,WH-4,425,supplier-5,1056.45,2020-05-12
3812,keyboard,electronics,WH-1,97,supplier-1,1333.72,2021-04-28
3813,keyboard,electronics,WH-2,241,supplier-8,1333.26,2020-10-08
3814,monitor,electronics,WH-3,322,supplier-6,164.22,2020-06-18
3815,laptop,electronics,WH-4,459,supplier-6,1334.4,2020-11-22
3816,printer,electronics,WH-2,259,supplier-1,165.35,2020-07-07
3817,keyboard,electronics,WH-4,41,supplier-2,880.45,2020-01-24
3818,printer,electronics,WH-3,359,supplier-9,432.65,2020-05-04
3819,scanner,electronics,WH-1,96,supplier-16,848.27,2020-08-19
3820,chair,furniture,WH-3,68,supplier-15,938.97,2020-04-22
3821,printer,electronics,WH-2,373,supplier-8,1188.2,2020-09-08
3822,laptop,electronics,WH-2,110,supplier-9,918.67,2021-03-10
3823,desk,furniture,WH-1,363,supplier-18,735.97,2021-02-13
3824,desk,furniture,WH-2,171,supplier-12,653.71,2020-03-08
3825,desktops,electronics,WH-1,69,supplier-4,491.75,2020-08-25
3826,flashdrives,electronics,WH-1,136,supplier-11,1322.49,2020-06-07
3827,chair,furniture,WH-5,314,supplier-8,1413.51,2020-07-28
3828,mouse,electronics,WH-4,432,supplier-1,264.44,2020-10-21
3829,scanner,electronics,WH-5,248,supplier-9,140.77,2020-03-19
3830,mouse,electronics,WH-4,362,supplier-16,882.93,2021-02-08
3831,printer,electronics,WH-2,381,supplier-10,1440.88,2020-07-26
3832,keyboard,electronics,WH-4,164,supplier-9,1053.92,2020-08-03
3833,scanner,electronics,WH-4,224,supplier-10,53.36,2020-03-24
3834,monitor,electronics,WH-3,88,supplier-18,1195.0,2020-06-25
3835,keyboard,electronics,WH-1,94,supplier-6,635.03,2020-04-11
3836,keyboard,electronics,WH-2,259,supplier-9,1017.12,2021-03-04
3837,flashdrives,electronics,WH-5,351,supplier-19,52.3,2020-08-15
3838,chair,furniture,WH-3,230,supplier-19,377.46,2020-09-28
3839,monitor,electronics,WH-3,89,supplier-8,994.88,2021-02-11
3840,keyboard,electronics,WH-5,394,supplier-15,735.85,2020-07-14
3841,scanner,electronics,WH-4,404,supplier-10,890.44,2020-06-18
3842,desktops,electronics,WH-3,1,supplier-14,317.42,2020-01-10
3843,desk,furniture,WH-5,446,supplier-8,844.32,2020-02-24
3844,printer,electronics,WH-2,93,supplier-5,659.44,2021-04-05
3845,chair,furniture,WH-4,491,supplier-1,713.35,2021-03-18
3846,scanner,electronics,WH-5,494,supplier-15,1490.93,2020-07-21
3847,monitor,electronics,WH-3,307,supplier-6,902.93,2020-08-16
3848,desktops,electronics,WH-5,414,supplier-10,126.0,2020-09-30
3849,keyboard,electronics,WH-5,269,supplier-16,54.14,2021-03-12
3850,desktops,electronics,WH-4,406,supplier-11,546.86,2020-02-10
3851,flashdrives,electronics,WH-1,247,supplier-10,1055.4,2021-01-23
3852,mouse,electronics,WH-3,327,supplier-2,1474.83,2021-01-05
3853,laptop,electronics,WH-2,265,supplier-15,245.85,2021-04-11
3854,printer,electronics,WH-3,270,supplier-17,928.15,2020-06-25
3855,laptop,electronics,WH-4,57,supplier-5,1241.97,2021-01-15
3856,monitor,electronics,WH-2,150,supplier-2,682.53,2020-07-29
3857,desk,furniture,WH-1,469,supplier-11,1400.35,2020-10-23
3858,printer,electronics,WH-4,157,supplier-14,328.29,2021-04-26
3859,mouse,electronics,WH-4,75,supplier-13,1078.34,2021-03-26
3860,desktops,electronics,WH-5,253,supplier-2,618.71,2021-04-10
3861,laptop,electronics,WH-4,1,supplier-8,1180.09,2020-08-25
3862,laptop,electronics,WH-4,364,supplier-14,242.46,2021-04-12
3863,scanner,electronics,WH-4,212,supplier-17,532.99,2021-05-04
3864,scanner,electronics,WH-1,330,supplier-4,1309.1,2020-01-24
3865,keyboard,electronics,WH-1,284,supplier-13,136.5,2021-06-22
3866,monitor,electronics,WH-2,125,supplier-19,493.45,2021-06-20
3867,keyboard,electronics,WH-3,17,supplier-7,99.89,2020-08-25
3868,chair,furniture,WH-2,451,supplier-12,737.32,2020-10-29
3869,laptop,electronics,WH-5,8,supplier-5,592.94,2020-08-17
3870,desktops,electronics,WH-1,3,supplier-4,1013.35,2020-03-28
3871,monitor,electronics,WH-4,28,supplier-18,70.0,2021-06-15
3872,mouse,electronics,WH-5,331,supplier-1,1134.22,2020-02-27
3873,mouse,electronics,WH-3,77,supplier-9,1301.89,2020-09-11
3874,mouse,electronics,WH-4,113,supplier-9,82.96,2020-04-29
3875,flashdrives,electronics,WH-4,134,supplier-11,933.71,2020-05-02
3876,desktops,electronics,WH-3,239,supplier-9,959.47,2021-06-21
3877,keyboard,electronics,WH-1,128,supplier-16,1430.26,2021-05-29
3878,scanner,electronics,WH-1,66,supplier-7,776.29,2020-10-08
3879,keyboard,electronics,WH-4,85,supplier-2,1420.31,2020-01-12
3880,flashdrives,electronics,WH-1,325,supplier-9,1328.73,2020-05-18
3881,monitor,electronics,WH-4,468,supplier-4,571.21,2020-08-10
3882,desk,furniture,WH-3,401,supplier-8,493.94,2021-01-15
3883,monitor,electronics,WH-4,339,supplier-19,268.17,2020-03-17
3884,mouse,electronics,WH-3,456,supplier-6,1276.43,2020-02-10
3885,desktops,electronics,WH-2,235,supplier-10,1189.49,2021-06-11
3886,mouse,electronics,WH-1,142,supplier-10,336.75,2020-01-09
3887,flashdrives,electronics,WH-3,243,supplier-17,446.61,2021-01-14
3888,mouse,electronics,WH-5,259,supplier-9,426.43,2020-12-05
3889,desktops,electronics,WH-3,378,supplier-5,1289.49,2021-04-25
3890,printer,electronics,WH-5,58,supplier-9,905.21,2020-04-20
3891,chair,furniture,WH-1,162,supplier-19,946.05,2020-08-20
3892,desktops,electronics,WH-5,257,supplier-13,417.79,2021-02-21
3893,desk,furniture,WH-2,218,supplier-13,268.32,2020-07-30
3894,desktops,electronics,WH-3,120,supplier-10,73.51,2020-06-03
3895,mouse,electronics,WH-5,248,supplier-8,727.69,2020-08-05
3896,printer,electronics,WH-1,382,supplier-5,381.54,2020-03-15
3897,chair,furniture,WH-5,84,supplier-3,673.23,2020-12-22
3898,monitor,electronics,WH-2,411,supplier-4,418.81,2020-09-05
3899,keyboard,electronics,WH-1,183,supplier-18,70.53,2020-04-03
3900,scanner,electronics,WH-5,481,supplier-7,270.48,2020-05-31
3901,flashdrives,electronics,WH-4,314,supplier-16,758.54,2020-06-30
3902,desk,furniture,WH-1,307,supplier-2,595.99,2020-01-05
3903,mouse,electronics,WH-2,100,supplier-12,1424.68,2021-04-01
3904,printer,electronics,WH-1,351,supplier-3,601.14,2020-09-09
3905,desk,furniture,WH-5,122,supplier-19,1091.15,2020-06-29
3906,desk,furniture,WH-5,394,supplier-11,1496.57,2020-06-22
3907,monitor,electronics,WH-3,127,supplier-2,30.38,2021-04-15
3908,monitor,electronics,WH-1,334,supplier-5,767.18,2021-04-24
3909,keyboard,electronics,WH-4,483,supplier-3,1162.69,2021-03-18
3910,desktops,electronics,WH-2,181,supplier-2,1401.3,2021-04-23
3911,mouse,electronics,WH-4,254,supplier-3,1146.47,2020-09-19
3912,scanner,electronics,WH-3,407,supplier-12,42.71,2021-01-12
3913,desk,furniture,WH-1,461,supplier-16,32.74,2021-03-05
3914,scanner,electronics,WH-1,423,supplier-13,1310.34,2020-06-17
3915,desktops,electronics,WH-4,499,supplier-15,59.84,2021-01-26
3916,keyboard,electronics,WH-4,354,supplier-7,1350.81,2021-01-30
3917,laptop,electronics,WH-1,428,supplier-8,31.83,2021-03-20
3918,scanner,electronics,WH-4,230,supplier-18,1022.72,2021-06-08
3919,chair,furniture,WH-3,76,supplier-5,434.91,2020-10-01
3920,keyboard,electronics,WH-3,485,supplier-8,389.4,2021-02-05
3921,desk,furniture,WH-5,326,supplier-15,830.41,2020-04-18
3922,desktops,electronics,WH-4,180,supplier-2,824.36,2021-02-12
3923,chair,furniture,WH-4,408,supplier-20,988.1,2020-12-28
3924,mouse,electronics,WH-2,99,supplier-6,398.07,2020-11-29
3925,monitor,electronics,WH-5,456,supplier-11,309.86,2020-08-09
3926,keyboard,electronics,WH-1,84,supplier-20,1098.99,2020-04-03
3927,monitor,electronics,WH-5,173,supplier-5,536.95,2021-01-13
3928,mouse,electronics,WH-1,412,supplier-14,1015.17,2020-02-11
3929,chair,furniture,WH-4,130,supplier-16,129.45,2020-07-12
3930,monitor,electronics,WH-2,467,supplier-8,600.38,2021-05-28
3931,printer,electronics,WH-1,369,supplier-11,137.75,2020-10-28
3932,flashdrives,electronics,WH-2,1,supplier-4,86.04,2020-04-26
3933,keyboard,electronics,WH-1,29,supplier-9,1337.51,2021-05-25
3934,desk,furniture,WH-5,464,supplier-7,793.64,2020-02-24
3935,printer,electronics,WH-5,27,supplier-19,1261.75,2020-08-25
3936,monitor,electronics,WH-3,68,supplier-16,118.2,2021-01-07
3937,laptop,electronics,WH-5,22,supplier-18,913.17,2020-05-06
3938,chair,furniture,WH-1,103,supplier-11,626.1,2020-06-02
3939,chair,furniture,WH-3,151,supplier-6,383.12,2020-07-28
3940,mouse,electronics,WH-4,127,supplier-5,498.48,2020-02-28
3941,scanner,electronics,WH-2,322,supplier-13,557.6,2020-04-09
3942,keyboard,electronics,WH-2,257,supplier-15,65.37,2020-12-30
3943,laptop,electronics,WH-2,129,supplier-8,450.55,2020-02-02
3944,desk,furniture,WH-4,229,supplier-20,1285.94,2020-03-05
3945,desktops,electronics,WH-3,134,supplier-8,819.37,2020-04-04
3946,mouse,electronics,WH-3,387,supplier-1,719.98,2020-07-08
3947,laptop,electronics,WH-5,36,supplier-9,146.79,2021-03-06
3948,printer,electronics,WH-2,98,supplier-14,1071.04,2021-01-19
3949,monitor,electronics,WH-1,335,supplier-10,679.92,2020-08-13
3950,monitor,electronics,WH-5,275,supplier-11,823.64,2020-09-19
3951,laptop,electronics,WH-4,168,supplier-13,1131.68,2020-04-27
3952,monitor,electronics,WH-1,422,supplier-7,713.51,2020-11-07
3953,monitor,electronics,WH-2,442,supplier-13,87.59,2020-08-05
3954,scanner,electronics,WH-2,291,supplier-6,813.47,2020-03-27
3955,scanner,electronics,WH-5,85,supplier-19,116.79,2021-03-26
3956,printer,electronics,WH-2,319,supplier-18,872.0,2021-02-10
3957,mouse,electronics,WH-5,497,supplier-12,1058.97,2020-03-02
3958,keyboard,electronics,WH-5,401,supplier-18,670.19,2020-07-18
3959,monitor,electronics,WH-4,111,supplier-14,311.76,2020-11-22
3960,keyboard,electronics,WH-3,461,supplier-20,431.41,2021-03-11
3961,flashdrives,electronics,WH-4,23,supplier-8,308.84,2020-04-11
3962,scanner,electronics,WH-1,308,supplier-9,951.92,2020-02-09
3963,monitor,electronics,WH-4,329,supplier-17,423.31,2020-06-26
3964,monitor,electronics,WH-3,100,supplier-18,530.21,2020-09-04
3965,flashdrives,electronics,WH-1,371,supplier-15,502.12,2020-06-01
3966,printer,electronics,WH-1,351,supplier-8,731.16,2021-05-19
3967,desk,furniture,WH-3,276,supplier-11,21.1,2020-08-21
3968,monitor,electronics,WH-4,216,supplier-13,479.68,2020-10-08
3969,scanner,electronics,WH-2,330,supplier-14,955.87,2020-05-22
3970,mouse,electronics,WH-3,492,supplier-9,378.55,2020-12-08
3971,monitor,electronics,WH-1,157,supplier-4,761.97,2021-05-28
3972,chair,furniture,WH-1,61,supplier-15,1069.47,2020-06-26
3973,monitor,electronics,WH-2,440,supplier-19,1043.74,2020-03-20
3974,desktops,electronics,WH-3,110,supplier-16,1048.08,2020-02-09
3975,monitor,electronics,WH-1,249,supplier-10,1290.11,2021-04-22
3976,keyboard,electronics,WH-2,285,supplier-17,38.73,2021-02-18
3977,desktops,electronics,WH-1,254,supplier-12,862.72,2021-06-17
3978,monitor,electronics,WH-5,64,supplier-13,319.52,2020-12-06
3979,laptop,electronics,WH-2,283,supplier-13,1345.67,2020-05-20
3980,chair,furniture,WH-4,10,supplier-20,373.69,2021-05-28
3981,laptop,electronics,WH-2,146,supplier-19,1485.03,2020-11-18
3982,keyboard,electronics,WH-1,191,supplier-15,296.13,2021-03-22
3983,scanner,electronics,WH-4,241,supplier-3,534.86,2020-05-21
3984,chair,furniture,WH-2,87,supplier-5,250.87,2020-08-27
3985,laptop,electronics,WH-5,447,supplier-10,541.88,2020-05-02
3986,laptop,electronics,WH-5,425,supplier-12,1135.71,2021-06-18
3987,printer,electronics,WH-5,94,supplier-11,359.67,2020-09-30
3988,chair,furniture,WH-5,464,supplier-18,1414.86,2020-09-20
3989,chair,furniture,WH-5,455,supplier-10,1119.14,2020-09-05
3990,desk,furniture,WH-5,371,supplier-17,324.05,2021-04-09
3991,desk,furniture,WH-2,423,supplier-14,1312.97,2020-03-04
3992,chair,furniture,WH-4,134,supplier-20,331.64,2021-05-19
3993,keyboard,electronics,WH-2,436,supplier-19,1446.41,2020-06-12
3994,chair,furniture,WH-1,397,supplier-19,1377.72,2020-09-13
3995,desktops,electronics,WH-3,426,supplier-10,1040.05,2021-01-01
3996,scanner,electronics,WH-1,134,supplier-20,170.89,2021-02-15
3997,desktops,electronics,WH-5,394,supplier-16,651.67,2021-06-23
3998,monitor,electronics,WH-1,128,supplier-1,401.44,2020-12-26
3999,printer,electronics,WH-5,104,supplier-4,851.31,2020-05-12
4000,flashdrives,electronics,WH-2,232,supplier-7,55.41,2020-05-28
4001,flashdrives,electronics,WH-3,175,supplier-16,824.14,2020-10-25
4002,flashdrives,electronics,WH-2,21,supplier-20,419.83,2020-06-13
4003,mouse,electronics,WH-4,178,supplier-19,300.39,2021-01-07
4004,monitor,electronics,WH-5,312,supplier-1,57.35,2020-03-26
4005,mouse,electronics,WH-5,378,supplier-16,677.43,2021-01-30
4006,printer,electronics,WH-1,224,supplier-4,1063.9,2021-04-23
4007,scanner,electronics,WH-4,422,supplier-6,1358.97,2020-10-01
4008,keyboard,electronics,WH-5,66,supplier-3,1151.89,2021-04-30
4009,printer,electronics,WH-5,22,supplier-7,1055.07,2020-02-13
4010,mouse,electronics,WH-2,466,supplier-18,1215.0,2020-09-30
4011,mouse,electronics,WH-2,259,supplier-10,1120.31,2020-11-23
4012,monitor,electronics,WH-4,125,supplier-5,624.97,2021-05-06
4013,chair,furniture,WH-2,140,supplier-8,74.82,2020-07-19
4014,printer,electronics,WH-3,141,supplier-9,1488.56,2021-05-19
4015,chair,furniture,WH-3,367,supplier-12,430.55,2020-07-22
4016,chair,furniture,WH-1,202,supplier-19,1139.05,2020-11-11
4017,printer,electronics,WH-5,365,supplier-11,895.29,2020-03-07
4018,mouse,electronics,WH-3,407,supplier-10,940.15,2021-01-06
4019,laptop,electronics,WH-1,201,supplier-1,88.65,2020-02-07
4020,keyboard,electronics,WH-2,189,supplier-18,522.02,2021-03-08
4021,scanner,electronics,WH-4,9,supplier-7,231.16,2021-04-13
4022,chair,furniture,WH-1,163,supplier-14,960.39,2020-10-20
4023,printer,electronics,WH-2,317,supplier-13,1003.43,2020-06-03
4024,scanner,electronics,WH-5,408,supplier-18,1415.37,2020-09-05
4025,scanner,electronics,WH-5,431,supplier-18,137.4,2021-02-09
4026,printer,electronics,WH-2,418,supplier-17,90.57,2021-04-02
4027,monitor,electronics,WH-3,463,supplier-11,1109.14,2020-04-08
4028,monitor,electronics,WH-1,65,supplier-11,617.4,2021-02-13
4029,laptop,electronics,WH-5,118,supplier-12,938.06,2020-10-06
4030,scanner,electronics,WH-1,307,supplier-16,222.71,2020-09-17
4031,desk,furniture,WH-5,353,supplier-10,920.82,2020-09-09
4032,monitor,electronics,WH-1,466,supplier-2,492.25,2021-03-22
4033,desktops,electronics,WH-2,201,supplier-4,605.81,2020-12-23
4034,flashdrives,electronics,WH-2,65,supplier-6,750.14,2021-05-26
4035,chair,furniture,WH-3,239,supplier-13,1102.29,2021-01-30
4036,laptop,electronics,WH-1,265,supplier-16,1239.03,2021-06-21
4037,mouse,electronics,WH-2,300,supplier-14,162.89,2020-12-08
4038,chair,furniture,WH-5,362,supplier-20,583.82,2020-01-09
4039,laptop,electronics,WH-4,120,supplier-8,553.05,2021-04-08
4040,desktops,electronics,WH-3,4,supplier-8,1158.76,2020-11-05
4041,scanner,electronics,WH-5,358,supplier-19,1466.21,2020-07-05
4042,desk,furniture,WH-1,465,supplier-2,230.34,2020-10-07
4043,desktops,electronics,WH-5,187,supplier-15,1184.71,2020-06-03
4044,keyboard,electronics,WH-4,43,supplier-18,529.12,2020-04-26
4045,desktops,electronics,WH-4,359,supplier-4,889.86,2021-01-18
4046,chair,furniture,WH-1,486,supplier-9,180.12,2020-11-08
4047,chair,furniture,WH-5,405,supplier-9,480.55,2020-11-04
4048,monitor,electronics,WH-1,500,supplier-5,302.95,2020-05-20
4049,keyboard,electronics,WH-1,188,supplier-4,1325.59,2020-12-23
4050,mouse,electronics,WH-2,189,supplier-19,212.65,2020-11-07
4051,desk,furniture,WH-5,53,supplier-5,1458.89,2020-11-27
4052,keyboard,electronics,WH-1,168,supplier-19,1030.09,2020-04-02
4053,chair,furniture,WH-5,482,supplier-10,273.9,2020-09-13
4054,desktops,electronics,WH-4,296,supplier-14,1358.38,2020-11-19
4055,printer,electronics,WH-3,287,supplier-10,1407.77,2020-04-30
4056,monitor,electronics,WH-2,199,supplier-4,341.23,2020-04-02
4057,mouse,electronics,WH-3,189,supplier-16,1389.63,2021-01-24
4058,monitor,electronics,WH-1,196,supplier-11,1202.19,2020-01-11
4059,monitor,electronics,WH-2,337,supplier-14,145.76,2021-05-29
4060,flashdrives,electronics,WH-1,203,supplier-15,356.97,2021-01-23
4061,desk,furniture,WH-5,113,supplier-6,622.67,2020-05-12
4062,desktops,electronics,WH-1,254,supplier-5,265.06,2020-04-27
4063,keyboard,electronics,WH-3,362,supplier-17,905.5,2020-10-28
4064,scanner,electronics,WH-1,191,supplier-8,1348.96,2020-09-06
4065,desk,furniture,WH-1,128,supplier-17,1429.2,2020-12-18
4066,desk,furniture,WH-4,457,supplier-8,902.56,2020-08-18
4067,desktops,electronics,WH-4,136,supplier-13,385.91,2020-03-06
4068,mouse,electronics,WH-2,386,supplier-7,919.91,2021-03-31
4069,monitor,electronics,WH-4,297,supplier-3,1492.45,2021-04-17
4070,printer,electronics,WH-3,238,supplier-9,199.96,2020-03-10
4071,chair,furniture,WH-2,324,supplier-2,1170.97,2020-01-02
4072,desk,furniture,WH-5,211,supplier-10,61.78,2020-09-08
4073,printer,electronics,WH-4,357,supplier-7,76.0,2021-05-05
4074,chair,furniture,WH-2,416,supplier-19,232.75,2020-11-11
4075,chair,furniture,WH-4,191,supplier-6,1077.2,2020-11-23
4076,monitor,electronics,WH-5,435,supplier-14,1348.04,2020-07-18
4077,laptop,electronics,WH-4,109,supplier-3,558.84,2020-05-12
4078,mouse,electronics,WH-1,403,supplier-4,921.78,2021-04-16
4079,monitor,electronics,WH-4,295,supplier-4,567.64,2021-04-15
4080,scanner,electronics,WH-5,466,supplier-17,1044.9,2020-05-26
4081,printer,electronics,WH-5,469,supplier-8,1237.01,2021-02-12
4082,monitor,electronics,WH-2,427,supplier-18,28.71,2020-06-04
4083,printer,electronics,WH-4,76,supplier-6,305.91,2020-11-16
4084,mouse,electronics,WH-2,495,supplier-5,811.48,2020-11-14
4085,monitor,electronics,WH-2,227,supplier-19,1190.98,2020-05-09
4086,desktops,electronics,WH-4,236,supplier-4,262.66,2021-05-06
4087,chair,furniture,WH-2,485,supplier-7,237.78,2020-07-20
4088,keyboard,electronics,WH-1,487,supplier-13,1121.08,2021-05-16
4089,chair,furniture,WH-4,312,supplier-19,1025.29,2020-02-23
4090,keyboard,electronics,WH-1,337,supplier-1,735.61,2020-11-21
4091,scanner,electronics,WH-1,148,supplier-8,1337.67,2021-01-15
4092,mouse,electronics,WH-4,354,supplier-10,652.05,2021-05-07
4093,keyboard,electronics,WH-5,12,supplier-19,996.77,2020-06-19
4094,laptop,electronics,WH-1,207,supplier-12,761.28,2020-07-01
4095,desk,furniture,WH-1,373,supplier-1,493.84,2021-02-15
4096,desk,furniture,WH-2,401,supplier-18,375.54,2021-04-04
4097,monitor,electronics,WH-2,264,supplier-9,701.87,2021-01-14
4098,desktops,electronics,WH-3,321,supplier-2,635.89,2020-05-11
4099,printer,electronics,WH-2,283,supplier-6,1022.51,2020-05-09
4100,printer,electronics,WH-2,261,supplier-5,1437.29,2020-05-03
4101,printer,electronics,WH-1,403,supplier-18,1245.11,2020-07-13
4102,mouse,electronics,WH-1,419,supplier-9,1356.74,2020-06-05
4103,monitor,electronics,WH-5,180,supplier-20,338.2,2020-04-17
4104,scanner,electronics,WH-5,132,supplier-2,728.88,2020-02-03
4105,monitor,electronics,WH-3,144,supplier-14,1454.51,2020-06-20
4106,mouse,electronics,WH-2,455,supplier-10,807.08,2021-04-20
4107,flashdrives,electronics,WH-1,51,supplier-16,1402.85,2020-04-15
4108,scanner,electronics,WH-2,275,supplier-12,904.16,2020-03-14
4109,printer,electronics,WH-5,338,supplier-13,860.35,2020-11-08
4110,scanner,electronics,WH-5,476,supplier-4,221.44,2020-01-22
4111,scanner,electronics,WH-2,44,supplier-20,1208.38,2020-01-19
4112,flashdrives,electronics,WH-5,124,supplier-16,565.53,2021-06-16
4113,printer,electronics,WH-3,70,supplier-8,1379.37,2021-04-21
4114,monitor,electronics,WH-4,429,supplier-4,959.01,2020-02-25
4115,keyboard,electronics,WH-3,375,supplier-5,895.75,2020-01-02
4116,monitor,electronics,WH-4,93,supplier-8,1252.49,2020-07-03
4117,mouse,electronics,WH-1,108,supplier-3,1135.31,2020-07-17
4118,flashdrives,electronics,WH-5,184,supplier-12,218.19,2021-02-27
4119,printer,electronics,WH-2,180,supplier-11,102.69,2021-03-30
4120,keyboard,electronics,WH-4,126,supplier-20,1117.97,2020-10-26
4121,mouse,electronics,WH-4,474,supplier-17,1240.29,2021-04-07
4122,monitor,electronics,WH-1,414,supplier-5,127.02,2020-05-16
4123,flashdrives,electronics,WH-2,89,supplier-12,1109.63,2020-12-26
4124,printer,electronics,WH-3,469,supplier-5,174.27,2021-01-13
4125,flashdrives,electronics,WH-4,265,supplier-8,840.04,2020-11-18
4126,printer,electronics,WH-1,284,supplier-13,334.64,2021-02-14
4127,chair,furniture,WH-5,198,supplier-20,1114.51,2020-10-21
4128,mouse,electronics,WH-1,439,supplier-7,898.89,2020-08-17
4129,flashdrives,electronics,WH-2,264,supplier-4,1028.46,2020-01-21
4130,keyboard,electronics,WH-2,4,supplier-15,1211.0,2020-10-06
4131,flashdrives,electronics,WH-2,76,supplier-2,36.27,2020-09-03
4132,printer,electronics,WH-1,154,supplier-20,815.78,2020-06-20
4133,keyboard,electronics,WH-5,298,supplier-3,183.32,2020-05-04
4134,keyboard,electronics,WH-2,15,supplier-16,1154.76,2020-02-27
4135,chair,furniture,WH-5,106,supplier-9,1212.22,2020-08-18
4136,desk,furniture,WH-3,210,supplier-5,531.11,2021-05-19
4137,desk,furniture,WH-5,472,supplier-8,1029.17,2020-05-10
4138,keyboard,electronics,WH-5,6,supplier-15,422.2,2020-07-06
4139,keyboard,electronics,WH-3,436,supplier-14,529.39,2020-05-30
4140,desk,furniture,WH-5,60,supplier-7,1224.18,2020-09-26
4141,desk,furniture,WH-5,251,supplier-10,818.36,2021-05-28
4142,scanner,electronics,WH-3,129,supplier-19,766.05,2020-08-29
4143,desktops,electronics,WH-3,288,supplier-15,1194.63,2020-01-14
4144,keyboard,electronics,WH-3,298,supplier-5,653.18,2020-11-24
4145,chair,furniture,WH-2,39,supplier-7,974.52,2020-12-08
4146,scanner,electronics,WH-5,364,supplier-5,1392.0,2020-03-27
4147,printer,electronics,WH-2,123,supplier-7,638.24,2020-04-14
4148,flashdrives,electronics,WH-2,212,supplier-18,1272.08,2020-03-13
4149,scanner,electronics,WH-3,417,supplier-9,965.0,2020-04-14
4150,keyboard,electronics,WH-2,141,supplier-8,375.15,2021-04-06
4151,flashdrives,electronics,WH-4,39,supplier-6,267.48,2021-01-08
4152,mouse,electronics,WH-2,397,supplier-9,483.54,2020-10-30
4153,laptop,electronics,WH-3,459,supplier-17,234.46,2021-01-19
4154,mouse,electronics,WH-3,185,supplier-1,860.09,2021-05-24
4155,desk,furniture,WH-1,448,supplier-6,1124.89,2020-10-07
4156,monitor,electronics,WH-4,112,supplier-5,173.89,2020-11-19
4157,chair,furniture,WH-1,209,supplier-5,195.83,2021-06-22
4158,monitor,electronics,WH-2,432,supplier-14,1192.59,2020-02-17
4159,desktops,electronics,WH-3,354,supplier-8,166.53,2020-02-28
4160,monitor,electronics,WH-3,196,supplier-13,487.09,2020-05-17
4161,laptop,electronics,WH-2,298,supplier-13,1106.95,2021-04-27
4162,flashdrives,electronics,WH-2,352,supplier-16,303.28,2021-04-23
4163,mouse,electronics,WH-2,353,supplier-8,1344.78,2020-05-02
4164,monitor,electronics,WH-1,144,supplier-8,121.52,2020-03-16
4165,keyboard,electronics,WH-2,325,supplier-19,194.1,2021-05-28
4166,printer,electronics,WH-3,218,supplier-18,1390.32,2021-03-27
4167,printer,electronics,WH-1,166,supplier-8,711.38,2021-04-17
4168,mouse,electronics,WH-5,101,supplier-3,593.11,2020-10-06
4169,laptop,electronics,WH-4,365,supplier-9,457.99,2021-02-22
4170,keyboard,electronics,WH-4,2,supplier-3,952.43,2021-03-15
4171,desktops,electronics,WH-1,204,supplier-4,365.1,2021-02-07
4172,printer,electronics,WH-3,20,supplier-16,538.52,2020-03-06
4173,desk,furniture,WH-1,430,supplier-10,1446.0,2021-01-29
4174,keyboard,electronics,WH-3,111,supplier-6,764.27,2020-05-29
4175,printer,electronics,WH-4,436,supplier-2,224.4,2021-03-11
4176,flashdrives,electronics,WH-2,98,supplier-18,491.46,2020-03-22
4177,desk,furniture,WH-4,77,supplier-19,1219.41,2021-06-08
4178,flashdrives,electronics,WH-5,172,supplier-15,1110.67,2021-01-19
4179,keyboard,electronics,WH-5,74,supplier-16,218.97,2020-03-12
4180,mouse,electronics,WH-2,32,supplier-9,463.09,2021-06-22
4181,laptop,electronics,WH-3,381,supplier-6,609.01,2020-10-08
4182,desktops,electronics,WH-1,154,supplier-5,157.33,2020-04-19
4183,monitor,electronics,WH-3,256,supplier-8,359.98,2020-10-10
4184,desk,furniture,WH-1,332,supplier-20,1442.49,2020-05-13
4185,desktops,electronics,WH-5,330,supplier-18,1160.46,2020-03-16
4186,flashdrives,electronics,WH-4,159,supplier-17,122.27,2020-01-03
4187,laptop,electronics,WH-1,408,supplier-7,332.01,2020-08-19
4188,keyboard,electronics,WH-1,207,supplier-2,1284.8,2021-05-01
4189,printer,electronics,WH-2,112,supplier-8,183.7,2020-11-09
4190,laptop,electronics,WH-5,68,supplier-19,1254.16,2020-03-19
4191,flashdrives,electronics,WH-5,341,supplier-4,1179.56,2021-02-17
4192,desk,furniture,WH-3,150,supplier-17,139.0,2021-05-13
4193,printer,electronics,WH-5,477,supplier-20,335.84,2020-11-26
4194,mouse,electronics,WH-4,89,supplier-17,1445.87,2021-01-24
4195,mouse,electronics,WH-3,477,supplier-4,143.42,2020-05-25
4196,keyboard,electronics,WH-3,52,supplier-2,1133.08,2021-01-18
4197,desktops,electronics,WH-3,261,supplier-16,824.37,2020-08-17
4198,printer,electronics,WH-2,268,supplier-1,409.56,2021-01-19
4199,printer,electronics,WH-4,183,supplier-5,180.92,2021-04-27
4200,monitor,electronics,WH-5,137,supplier-4,376.31,2021-03-25
4201,printer,electronics,WH-2,316,supplier-2,655.02,2021-05-23
4202,laptop,electronics,WH-1,267,supplier-3,1370.51,2021-05-16
4203,desktops,electronics,WH-5,300,supplier-12,1267.22,2020-02-10
4204,laptop,electronics,WH-5,38,supplier-10,1025.64,2021-02-17
4205,monitor,electronics,WH-4,191,supplier-11,839.3,2021-01-16
4206,laptop,electronics,WH-4,74,supplier-10,588.56,2020-08-07
4207,monitor,electronics,WH-5,373,supplier-19,1368.17,2021-03-16
4208,monitor,electronics,WH-2,361,supplier-8,475.01,2020-09-30
4209,monitor,electronics,WH-5,178,supplier-10,1012.51,2020-07-20
4210,desktops,electronics,WH-5,126,supplier-18,1435.42,2020-09-27
4211,scanner,electronics,WH-5,77,supplier-7,548.79,2021-01-05
4212,desk,furniture,WH-2,174,supplier-10,1226.49,2020-08-04
4213,scanner,electronics,WH-1,23,supplier-1,589.73,2020-05-09
4214,scanner,electronics,WH-1,166,supplier-20,144.37,2020-12-16
4215,desktops,electronics,WH-1,25,supplier-16,1108.95,2021-02-19
4216,keyboard,electronics,WH-4,337,supplier-11,1094.13,2020-07-10
4217,scanner,electronics,WH-3,376,supplier-1,1187.87,2021-05-13
4218,flashdrives,electronics,WH-4,453,supplier-19,939.69,2020-04-14
4219,keyboard,electronics,WH-1,191,supplier-7,435.49,2020-03-31
4220,printer,electronics,WH-1,300,supplier-20,1181.1,2020-07-07
4221,scanner,electronics,WH-3,206,supplier-5,592.09,2020-05-24
4222,chair,furniture,WH-4,426,supplier-9,837.15,2020-09-09
4223,printer,electronics,WH-1,385,supplier-20,184.44,2021-03-11
4224,mouse,electronics,WH-1,343,supplier-3,32.56,2021-03-18
4225,desktops,electronics,WH-1,394,supplier-14,693.18,2020-08-08
4226,keyboard,electronics,WH-5,301,supplier-3,1019.64,2021-02-02
4227,desktops,electronics,WH-2,420,supplier-2,1316.7,2020-01-04
4228,monitor,electronics,WH-4,147,supplier-18,343.22,2021-02-27
4229,desk,furniture,WH-5,180,supplier-13,239.21,2020-02-13
4230,desktops,electronics,WH-2,17,supplier-19,1276.02,2020-12-20
4231,printer,electronics,WH-4,293,supplier-10,1152.5,2021-05-31
4232,flashdrives,electronics,WH-5,350,supplier-14,12.73,2020-12-30
4233,desk,furniture,WH-4,95,supplier-6,1459.62,2020-05-26
4234,scanner,electronics,WH-5,254,supplier-17,921.7,2021-01-01
4235,keyboard,electronics,WH-3,262,supplier-1,89.42,2020-03-15
4236,printer,electronics,WH-1,412,supplier-18,1439.26,2020-01-16
4237,keyboard,electronics,WH-2,204,supplier-13,1105.07,2020-11-17
4238,scanner,electronics,WH-1,27,supplier-16,611.68,2020-02-24
4239,mouse,electronics,WH-2,345,supplier-4,231.48,2021-05-23
4240,flashdrives,electronics,WH-4,190,supplier-7,1363.98,2020-08-08
4241,chair,furniture,WH-3,275,supplier-5,1364.02,2021-05-12
4242,desk,furniture,WH-1,385,supplier-5,272.3,2020-10-22
4243,laptop,electronics,WH-3,270,supplier-8,260.02,2020-11-29
4244,keyboard,electronics,WH-5,153,supplier-11,1441.74,2020-12-26
4245,desk,furniture,WH-5,195,supplier-12,1214.13,2020-04-05
4246,keyboard,electronics,WH-1,46,supplier-14,361.98,2020-08-04
4247,flashdrives,electronics,WH-2,185,supplier-20,781.68,2020-07-12
4248,scanner,electronics,WH-3,464,supplier-17,1234.15,2020-03-19
4249,keyboard,electronics,WH-4,337,supplier-19,185.79,2020-11-09
4250,mouse,electronics,WH-1,240,supplier-10,562.68,2020-02-07
4251,printer,electronics,WH-1,374,supplier-3,903.61,2020-11-05
4252,desktops,electronics,WH-2,283,supplier-11,1043.02,2020-01-27
4253,scanner,electronics,WH-3,84,supplier-3,691.92,2020-12-11
4254,mouse,electronics,WH-5,130,supplier-12,63.99,2020-02-24
4255,printer,electronics,WH-2,7,supplier-2,102.8,2020-07-26
4256,laptop,electronics,WH-1,159,supplier-11,1394.8,2020-05-16
4257,scanner,electronics,WH-3,41,supplier-10,268.02,2021-01-04
4258,mouse,electronics,WH-3,117,supplier-17,1318.92,2021-01-10
4259,chair,furniture,WH-1,111,supplier-14,528.57,2021-03-25
4260,desk,furniture,WH-4,430,supplier-14,623.25,2020-02-06
4261,printer,electronics,WH-5,156,supplier-13,787.98,2020-08-20
4262,mouse,electronics,WH-5,154,supplier-13,793.08,2020-10-05
4263,desk,furniture,WH-3,217,supplier-10,1203.51,2021-02-01
4264,mouse,electronics,WH-4,245,supplier-6,578.84,2020-02-07
4265,chair,furniture,WH-3,441,supplier-3,1085.61,2020-09-05
4266,laptop,electronics,WH-3,483,supplier-5,423.96,2021-04-14
4267,chair,furniture,WH-5,35,supplier-10,1129.55,2020-05-02
4268,mouse,electronics,WH-5,357,supplier-18,699.13,2021-05-15
4269,desktops,electronics,WH-2,47,supplier-1,287.57,2020-04-17
4270,laptop,electronics,WH-5,276,supplier-3,467.06,2021-01-14
4271,desktops,electronics,WH-5,436,supplier-18,974.69,2020-04-02
4272,chair,furniture,WH-1,380,supplier-8,723.41,2021-05-18
4273,scanner,electronics,WH-3,105,supplier-2,18.29,2020-05-20
4274,laptop,electronics,WH-2,306,supplier-5,226.94,2021-01-02
4275,printer,electronics,WH-5,59,supplier-4,576.52,2020-06-02
4276,mouse,electronics,WH-5,254,supplier-8,238.55,2020-03-25
4277,monitor,electronics,WH-5,444,supplier-5,645.39,2020-05-05
4278,printer,electronics,WH-2,344,supplier-12,1083.82,2020-05-22
4279,mouse,electronics,WH-2,404,supplier-20,645.38,2020-06-12
4280,printer,electronics,WH-3,452,supplier-18,1114.68,2020-10-22
4281,scanner,electronics,WH-1,421,supplier-18,476.75,2020-09-14
4282,keyboard,electronics,WH-5,426,supplier-17,1095.41,2021-03-04
4283,flashdrives,electronics,WH-2,258,supplier-7,84.66,2020-08-18
4284,chair,furniture,WH-1,94,supplier-20,1233.49,2020-11-02
4285,mouse,electronics,WH-3,178,supplier-12,1276.7,2020-11-07
4286,laptop,electronics,WH-3,367,supplier-3,268.47,2020-06-26
4287,monitor,electronics,WH-5,56,supplier-20,23.45,2020-03-31
4288,chair,furniture,WH-5,383,supplier-12,1271.26,2020-02-07
4289,monitor,electronics,WH-1,212,supplier-2,1073.87,2021-05-31
4290,desktops,electronics,WH-4,359,supplier-10,1454.42,2021-04-13
4291,desk,furniture,WH-5,162,supplier-15,211.09,2020-12-03
4292,keyboard,electronics,WH-4,276,supplier-6,868.0,2020-01-01
4293,mouse,electronics,WH-5,274,supplier-13,964.21,2021-03-20
4294,keyboard,electronics,WH-4,278,supplier-9,1317.91,2020-06-09
4295,printer,electronics,WH-1,246,supplier-6,945.57,2021-01-17
4296,laptop,electronics,WH-5,362,supplier-9,1234.92,2020-11-19
4297,chair,furniture,WH-1,352,supplier-16,1232.18,2020-03-12
4298,chair,furniture,WH-4,455,supplier-1,727.27,2021-06-23
4299,mouse,electronics,WH-4,467,supplier-5,24.07,2020-02-05
4300,flashdrives,electronics,WH-1,74,supplier-2,1207.38,2020-03-05
4301,keyboard,electronics,WH-1,410,supplier-5,806.15,2021-06-24
4302,chair,furniture,WH-3,233,supplier-2,375.04,2021-01-13
4303,laptop,electronics,WH-1,84,supplier-20,750.26,2021-06-06
4304,flashdrives,electronics,WH-4,306,supplier-5,963.15,2020-09-24
4305,flashdrives,electronics,WH-5,448,supplier-15,290.55,2021-02-06
4306,monitor,electronics,WH-5,57,supplier-18,297.43,2021-04-02
4307,monitor,electronics,WH-2,401,supplier-13,303.09,2020-07-30
4308,mouse,electronics,WH-3,386,supplier-10,383.4,2020-08-23
4309,laptop,electronics,WH-4,310,supplier-13,569.46,2021-01-04
4310,keyboard,electronics,WH-3,213,supplier-12,157.87,2020-02-13
4311,flashdrives,electronics,WH-5,327,supplier-5,1169.11,2020-01-07
4312,keyboard,electronics,WH-2,12,supplier-6,1371.67,2020-12-07
4313,printer,electronics,WH-5,243,supplier-17,1351.42,2020-12-12
4314,laptop,electronics,WH-2,343,supplier-6,1031.02,2020-10-20
4315,scanner,electronics,WH-5,328,supplier-14,1223.88,2020-06-12
4316,desk,furniture,WH-5,237,supplier-15,241.08,2021-01-26
4317,chair,furniture,WH-4,77,supplier-16,498.37,2020-09-26
4318,printer,electronics,WH-5,189,supplier-20,1472.6,2020-09-14
4319,chair,furniture,WH-4,264,supplier-10,230.15,2021-05-30
4320,laptop,electronics,WH-2,340,supplier-18,870.91,2021-01-17
4321,chair,furniture,WH-2,372,supplier-3,356.26,2020-06-04
4322,keyboard,electronics,WH-5,139,supplier-20,1327.38,2020-04-03
4323,scanner,electronics,WH-1,154,supplier-8,626.75,2020-08-19
4324,monitor,electronics,WH-4,238,supplier-18,531.59,2020-07-31
4325,monitor,electronics,WH-3,96,supplier-15,12.54,2020-11-06
4326,laptop,electronics,WH-2,425,supplier-18,62.77,2020-01-17
4327,scanner,electronics,WH-2,205,supplier-19,552.37,2020-03-15
4328,mouse,electronics,WH-3,265,supplier-18,904.55,2020-02-25
4329,desktops,electronics,WH-5,498,supplier-1,916.7,2021-04-06
4330,chair,furniture,WH-4,125,supplier-14,295.62,2021-02-13
4331,keyboard,electronics,WH-3,349,supplier-3,1047.6,2021-02-01
4332,desk,furniture,WH-1,354,supplier-1,649.15,2020-06-26
4333,flashdrives,electronics,WH-2,230,supplier-7,245.92,2020-01-18
4334,desk,furniture,WH-2,343,supplier-15,824.25,2020-09-18
4335,keyboard,electronics,WH-1,346,supplier-15,580.55,2020-12-28
4336,keyboard,electronics,WH-5,10,supplier-1,871.17,2020-04-18
4337,flashdrives,electronics,WH-2,148,supplier-7,1385.37,2020-09-16
4338,chair,furniture,WH-4,247,supplier-13,750.12,2021-06-02
4339,chair,furniture,WH-2,333,supplier-19,399.56,2020-09-20
4340,chair,furniture,WH-1,428,supplier-10,391.62,2020-08-05
4341,desktops,electronics,WH-1,427,supplier-16,381.79,2020-06-20
4342,keyboard,electronics,WH-5,289,supplier-2,1298.23,2020-10-17
4343,printer,electronics,WH-3,244,supplier-9,1051.86,2020-06-09
4344,flashdrives,electronics,WH-5,326,supplier-14,255.7,2020-03-11
4345,keyboard,electronics,WH-1,266,supplier-8,18.2,2021-04-18
4346,laptop,electronics,WH-1,423,supplier-11,602.94,2020-09-27
4347,monitor,electronics,WH-2,72,supplier-17,387.95,2020-05-17
4348,keyboard,electronics,WH-2,35,supplier-14,1263.9,2020-06-20
4349,flashdrives,electronics,WH-1,452,supplier-1,469.23,2020-01-01
4350,keyboard,electronics,WH-2,424,supplier-3,340.68,2020-12-27
4351,desk,furniture,WH-5,364,supplier-2,810.43,2021-04-24
4352,monitor,electronics,WH-1,175,supplier-7,828.08,2020-05-23
4353,flashdrives,electronics,WH-1,125,supplier-6,675.97,2020-09-21
4354,desk,furniture,WH-2,321,supplier-14,1408.28,2021-03-24
4355,monitor,electronics,WH-2,356,supplier-8,659.54,2020-06-07
4356,monitor,electronics,WH-5,278,supplier-4,1314.34,2020-06-20
4357,mouse,electronics,WH-5,3,supplier-15,454.4,2020-02-23
4358,laptop,electronics,WH-2,27,supplier-19,406.34,2021-01-08
4359,desktops,electronics,WH-3,411,supplier-17,687.91,2020-01-22
4360,printer,electronics,WH-4,455,supplier-6,446.14,2020-01-22
4361,desktops,electronics,WH-2,491,supplier-16,583.66,2021-03-11
4362,keyboard,electronics,WH-1,386,supplier-10,93.07,2020-02-29
4363,flashdrives,electronics,WH-1,341,supplier-16,657.75,2020-12-08
4364,printer,electronics,WH-3,257,supplier-19,397.1,2021-03-06
4365,chair,furniture,WH-3,391,supplier-4,447.35,2021-05-26
4366,mouse,electronics,WH-1,397,supplier-5,1190.06,2021-03-22
4367,laptop,electronics,WH-5,251,supplier-15,1175.94,2020-06-09
4368,flashdrives,electronics,WH-5,403,supplier-19,1088.9,2021-06-04
4369,printer,electronics,WH-1,119,supplier-7,604.87,2021-03-31
4370,flashdrives,electronics,WH-1,255,supplier-3,1282.06,2020-04-27
4371,printer,electronics,WH-1,2,supplier-5,1225.48,2020-02-26
4372,printer,electronics,WH-4,127,supplier-3,1005.55,2020-12-11
4373,laptop,electronics,WH-1,429,supplier-18,962.73,2020-10-08
4374,chair,furniture,WH-1,392,supplier-5,163.52,2021-05-10
4375,scanner,electronics,WH-2,159,supplier-9,1037.22,2020-01-31
4376,printer,electronics,WH-4,8,supplier-5,337.79,2020-11-27
4377,desk,furniture,WH-2,29,supplier-3,1298.46,2020-09-11
4378,desktops,electronics,WH-3,46,supplier-17,343.73,2021-05-24
4379,desktops,electronics,WH-5,33,supplier-14,1290.44,2021-01-16
4380,mouse,electronics,WH-4,137,supplier-9,1205.16,2020-10-02
4381,chair,furniture,WH-3,290,supplier-9,1038.16,2020-04-02
4382,printer,electronics,WH-4,241,supplier-8,1364.43,2020-10-25
4383,scanner,electronics,WH-2,404,supplier-15,715.55,2020-08-29
4384,monitor,electronics,WH-2,183,supplier-8,1376.48,2020-01-24
4385,monitor,electronics,WH-4,94,supplier-9,829.65,2020-11-04
4386,mouse,electronics,WH-3,217,supplier-20,1419.33,2021-02-05
4387,flashdrives,electronics,WH-2,193,supplier-9,1035.79,2021-02-13
4388,keyboard,electronics,WH-5,492,supplier-19,974.63,2020-09-18
4389,monitor,electronics,WH-5,361,supplier-5,96.33,2020-06-04
4390,desktops,electronics,WH-2,477,supplier-9,298.07,2020-08-31
4391,printer,electronics,WH-5,50,supplier-14,496.83,2020-05-08
4392,desktops,electronics,WH-5,149,supplier-19,1146.4,2021-04-02
4393,keyboard,electronics,WH-2,315,supplier-19,594.31,2020-05-16
4394,scanner,electronics,WH-3,457,supplier-13,26.78,2020-10-22
4395,laptop,electronics,WH-3,178,supplier-17,936.8,2021-03-01
4396,scanner,electronics,WH-4,5,supplier-20,827.34,2021-05-02
4397,laptop,electronics,WH-2,224,supplier-9,925.27,2020-04-28
4398,printer,electronics,WH-1,402,supplier-14,1211.42,2020-05-22
4399,mouse,electronics,WH-4,390,supplier-4,118.56,2021-01-07
4400,mouse,electronics,WH-4,355,supplier-8,343.67,2020-01-10
4401,chair,furniture,WH-2,148,supplier-5,203.48,2020-08-29
4402,desk,furniture,WH-3,71,supplier-1,1185.05,2020-07-20
4403,desk,furniture,WH-2,262,supplier-11,640.22,2021-05-03
4404,desktops,electronics,WH-3,373,supplier-17,315.76,2020-09-08
4405,laptop,electronics,WH-1,11,supplier-11,889.72,2021-06-06
4406,desk,furniture,WH-5,350,supplier-1,479.73,2021-02-27
4407,flashdrives,electronics,WH-4,289,supplier-14,221.8,2020-03-24
4408,mouse,electronics,WH-4,398,supplier-5,1027.48,2020-11-26
4409,mouse,electronics,WH-3,241,supplier-14,463.19,2020-11-25
4410,printer,electronics,WH-3,447,supplier-15,595.97,2020-09-19
4411,laptop,electronics,WH-1,326,supplier-3,660.3,2020-02-17
4412,desktops,electronics,WH-2,339,supplier-7,389.4,2020-03-08
4413,monitor,electronics,WH-3,424,supplier-8,180.78,2020-12-25
4414,laptop,electronics,WH-1,53,supplier-17,1328.66,2020-01-10
4415,printer,electronics,WH-5,56,supplier-2,1167.24,2021-05-12
4416,laptop,electronics,WH-2,126,supplier-16,796.77,2020-09-25
4417,scanner,electronics,WH-2,272,supplier-15,979.26,2020-06-16
4418,desk,furniture,WH-1,55,supplier-19,1223.1,2020-03-20
4419,laptop,electronics,WH-2,456,supplier-18,790.32,2020-01-21
4420,laptop,electronics,WH-2,396,supplier-4,907.19,2021-05-16
4421,printer,electronics,WH-5,288,supplier-17,1264.22,2020-09-10
4422,laptop,electronics,WH-2,487,supplier-2,1123.77,2021-06-18
4423,keyboard,electronics,WH-3,91,supplier-20,571.76,2020-10-20
4424,desk,furniture,WH-3,57,supplier-17,544.09,2021-05-18
4425,desktops,electronics,WH-2,309,supplier-6,1206.67,2020-10-28
4426,flashdrives,electronics,WH-2,61,supplier-9,1046.15,2020-02-29
4427,scanner,electronics,WH-2,74,supplier-11,666.28,2020-03-11
4428,printer,electronics,WH-1,85,supplier-4,252.42,2020-04-14
4429,desk,furniture,WH-2,3,supplier-3,637.79,2021-01-28
4430,chair,furniture,WH-3,113,supplier-9,384.35,2021-03-27
4431,printer,electronics,WH-4,55,supplier-20,503.98,2020-03-26
4432,chair,furniture,WH-2,115,supplier-13,1311.74,2020-03-25
4433,scanner,electronics,WH-4,175,supplier-8,801.5,2020-05-25
4434,laptop,electronics,WH-2,311,supplier-6,829.12,2020-07-11
4435,desk,furniture,WH-5,473,supplier-4,409.65,2020-10-10
4436,desktops,electronics,WH-1,315,supplier-14,1306.47,2021-06-08
4437,desktops,electronics,WH-2,10,supplier-2,290.43,2020-11-25
4438,chair,furniture,WH-3,297,supplier-16,546.52,2021-03-28
4439,desk,furniture,WH-2,450,supplier-10,838.67,2021-04-05
4440,desktops,electronics,WH-1,114,supplier-5,721.81,2021-05-13
4441,scanner,electronics,WH-3,157,supplier-16,544.28,2020-05-29
4442,chair,furniture,WH-1,434,supplier-3,1001.9,2020-08-02
4443,laptop,electronics,WH-2,495,supplier-16,907.23,2020-11-29
4444,scanner,electronics,WH-2,309,supplier-4,183.69,2021-06-08
4445,flashdrives,electronics,WH-1,280,supplier-16,447.88,2020-04-25
4446,mouse,electronics,WH-4,36,supplier-7,458.57,2021-01-28
4447,laptop,electronics,WH-2,37,supplier-15,152.25,2020-08-19
4448,chair,furniture,WH-4,2,supplier-6,1443.05,2020-04-12
4449,keyboard,electronics,WH-3,10,supplier-12,584.78,2021-03-17
4450,scanner,electronics,WH-2,105,supplier-8,948.5,2020-10-30
4451,flashdrives,electronics,WH-5,188,supplier-11,311.07,2020-07-26
4452,mouse,electronics,WH-1,374,supplier-5,1107.28,2020-03-06
4453,scanner,electronics,WH-3,52,supplier-18,583.89,2021-02-05
4454,monitor,electronics,WH-3,364,supplier-5,94.75,2020-10-25
4455,desk,furniture,WH-2,113,supplier-7,58.04,2020-11-12
4456,keyboard,electronics,WH-2,0,supplier-16,1296.76,2020-11-03
4457,desktops,electronics,WH-3,102,supplier-16,491.61,2021-04-04
4458,flashdrives,electronics,WH-2,350,supplier-17,791.85,2021-03-14
4459,keyboard,electronics,WH-2,152,supplier-11,1152.09,2021-01-06
4460,chair,furniture,WH-3,314,supplier-10,155.21,2021-05-01
4461,flashdrives,electronics,WH-3,219,supplier-4,297.37,2020-02-14
4462,laptop,electronics,WH-1,224,supplier-15,1266.99,2021-05-28
4463,laptop,electronics,WH-2,284,supplier-4,956.32,2020-08-14
4464,printer,electronics,WH-3,57,supplier-1,816.3,2020-07-28
4465,keyboard,electronics,WH-2,248,supplier-12,1233.04,2020-05-08
4466,keyboard,electronics,WH-2,438,supplier-10,58.41,2020-09-30
4467,desk,furniture,WH-2,430,supplier-3,420.41,2020-11-18
4468,scanner,electronics,WH-2,480,supplier-13,751.65,2020-03-20
4469,mouse,electronics,WH-4,432,supplier-14,96.62,2020-04-17
4470,chair,furniture,WH-1,205,supplier-2,1425.67,2020-01-14
4471,desktops,electronics,WH-5,316,supplier-17,719.38,2020-06-13
4472,flashdrives,electronics,WH-3,365,supplier-18,456.77,2021-05-28
4473,printer,electronics,WH-3,282,supplier-16,766.18,2020-03-21
4474,desk,furniture,WH-3,249,supplier-4,1336.37,2021-01-29
4475,mouse,electronics,WH-2,183,supplier-6,435.48,2020-03-20
4476,chair,furniture,WH-5,147,supplier-11,85.1,2020-08-27
4477,flashdrives,electronics,WH-3,382,supplier-20,119.57,2020-07-03
4478,flashdrives,electronics,WH-1,431,supplier-14,712.91,2020-09-02
4479,keyboard,electronics,WH-3,157,supplier-10,246.23,2020-12-12
4480,laptop,electronics,WH-5,165,supplier-20,581.6,2020-03-23
4481,desk,furniture,WH-5,336,supplier-1,847.2,2021-03-13
4482,chair,furniture,WH-1,84,supplier-17,394.67,2021-02-09
4483,mouse,electronics,WH-1,435,supplier-14,62.29,2020-05-19
4484,desk,furniture,WH-2,464,supplier-2,1359.71,2021-01-17
4485,mouse,electronics,WH-2,494,supplier-10,658.77,2020-10-20
4486,chair,furniture,WH-2,393,supplier-15,1237.24,2020-12-28
4487,desktops,electronics,WH-1,248,supplier-7,172.08,2020-06-26
4488,monitor,electronics,WH-4,346,supplier-1,1124.02,2020-06-30
4489,mouse,electronics,WH-1,416,supplier-20,55.88,2020-03-13
4490,keyboard,electronics,WH-1,285,supplier-16,467.85,2021-02-14
4491,chair,furniture,WH-5,274,supplier-13,305.13,2020-04-28
4492,keyboard,electronics,WH-1,312,supplier-17,220.43,2020-02-12
4493,mouse,electronics,WH-4,295,supplier-8,1174.49,2021-03-11
4494,chair,furniture,WH-5,4,supplier-6,58.76,2020-08-13
4495,printer,electronics,WH-4,119,supplier-16,857.41,2020-02-04
4496,printer,electronics,WH-2,302,supplier-13,837.51,2021-04-06
4497,chair,furniture,WH-1,60,supplier-15,965.83,2020-07-17
4498,mouse,electronics,WH-3,500,supplier-14,1074.54,2020-06-08
4499,laptop,electronics,WH-4,57,supplier-16,430.66,2020-11-25
4500,desk,furniture,WH-2,365,supplier-15,792.2,2021-06-18
4501,monitor,electronics,WH-5,202,supplier-9,581.13,2021-01-09
4502,scanner,electronics,WH-4,310,supplier-1,917.74,2020-08-20
4503,flashdrives,electronics,WH-2,333,supplier-3,1075.47,2020-01-03
4504,laptop,electronics,WH-3,342,supplier-8,646.1,2021-02-14
4505,printer,electronics,WH-3,139,supplier-1,29.57,2021-03-15
4506,chair,furniture,WH-1,35,supplier-19,631.86,2021-02-06
4507,desk,furniture,WH-3,284,supplier-12,284.99,2020-12-28
4508,desk,furniture,WH-4,96,supplier-8,938.92,2020-04-20
4509,flashdrives,electronics,WH-4,215,supplier-19,885.4,2020-10-25
4510,printer,electronics,WH-5,412,supplier-19,1107.97,2021-04-30
4511,desk,furniture,WH-2,359,supplier-12,215.02,2020-06-01
4512,laptop,electronics,WH-1,442,supplier-18,356.28,2020-06-27
4513,chair,furniture,WH-2,3,supplier-15,286.5,2021-05-19
4514,flashdrives,electronics,WH-3,232,supplier-10,231.71,2020-12-10
4515,flashdrives,electronics,WH-1,475,supplier-5,1165.48,2021-06-22
4516,monitor,electronics,WH-1,88,supplier-7,1330.05,2020-08-11
4517,printer,electronics,WH-2,197,supplier-17,1163.36,2020-05-21
4518,desktops,electronics,WH-3,324,supplier-8,411.96,2020-05-09
4519,scanner,electronics,WH-3,165,supplier-12,1465.98,2020-07-07
4520,chair,furniture,WH-3,266,supplier-13,154.26,2020-04-21
4521,desk,furniture,WH-1,422,supplier-8,1150.94,2021-03-17
4522,desk,furniture,WH-3,40,supplier-2,324.8,2020-01-03
4523,laptop,electronics,WH-2,395,supplier-4,1225.16,2020-09-20
4524,desktops,electronics,WH-3,60,supplier-10,482.15,2020-03-11
4525,desktops,electronics,WH-5,489,supplier-10,1131.68,2020-10-03
4526,printer,electronics,WH-1,227,supplier-13,1468.71,2020-09-28
4527,desktops,electronics,WH-3,253,supplier-2,823.71,2021-05-02
4528,laptop,electronics,WH-4,170,supplier-16,1289.56,2020-05-25
4529,chair,furniture,WH-1,102,supplier-1,823.39,2020-10-31
4530,flashdrives,electronics,WH-1,494,supplier-19,1401.93,2021-01-20
4531,laptop,electronics,WH-5,324,supplier-11,1426.69,2020-07-03
4532,desk,furniture,WH-2,378,supplier-14,603.79,2020-08-05
4533,monitor,electronics,WH-3,211,supplier-17,757.73,2020-08-03
4534,flashdrives,electronics,WH-2,453,supplier-12,468.36,2021-01-03
4535,keyboard,electronics,WH-2,181,supplier-13,482.44,2021-05-26
4536,printer,electronics,WH-5,368,supplier-15,1047.31,2020-10-11
4537,desktops,electronics,WH-5,144,supplier-8,995.18,2021-04-29
4538,monitor,electronics,WH-5,481,supplier-5,1020.92,2021-02-24
4539,desktops,electronics,WH-4,245,supplier-13,812.58,2020-05-29
4540,printer,electronics,WH-3,77,supplier-19,201.1,2021-04-16
4541,chair,furniture,WH-2,146,supplier-3,23.46,2020-10-05
4542,desk,furniture,WH-3,140,supplier-5,461.19,2020-08-19
4543,laptop,electronics,WH-3,56,supplier-16,423.86,2021-05-01
4544,chair,furniture,WH-2,380,supplier-12,620.3,2020-04-03
4545,chair,furniture,WH-5,1,supplier-7,880.67,2021-05-17
4546,desktops,electronics,WH-4,415,supplier-12,507.29,2020-07-11
4547,desktops,electronics,WH-1,155,supplier-4,604.54,2020-03-09
4548,laptop,electronics,WH-1,328,supplier-10,806.9,2020-10-17
4549,scanner,electronics,WH-5,297,supplier-8,171.05,2021-02-22
4550,desktops,electronics,WH-2,30,supplier-5,156.54,2020-04-25
4551,scanner,electronics,WH-4,354,supplier-11,636.94,2021-01-22
4552,chair,furniture,WH-3,233,supplier-4,1133.57,2021-02-17
4553,laptop,electronics,WH-4,14,supplier-11,1245.75,2020-02-10
4554,mouse,electronics,WH-5,272,supplier-2,234.54,2020-05-13
4555,printer,electronics,WH-5,228,supplier-7,635.92,2021-06-21
4556,chair,furniture,WH-3,174,supplier-12,582.93,2020-04-30
4557,laptop,electronics,WH-5,479,supplier-6,677.35,2020-05-23
4558,scanner,electronics,WH-5,322,supplier-2,1423.04,2020-06-21
4559,scanner,electronics,WH-1,427,supplier-13,298.33,2020-10-16
4560,monitor,electronics,WH-3,188,supplier-15,1196.81,2021-03-26
4561,scanner,electronics,WH-4,115,supplier-17,996.83,2020-04-10
4562,desktops,electronics,WH-1,109,supplier-1,234.57,2020-11-24
4563,scanner,electronics,WH-4,136,supplier-13,503.0,2020-02-09
4564,monitor,electronics,WH-2,338,supplier-10,1460.84,2020-04-22
4565,desktops,electronics,WH-2,9,supplier-7,852.83,2021-04-13
4566,monitor,electronics,WH-3,442,supplier-9,39.39,2020-11-17
4567,scanner,electronics,WH-2,179,supplier-6,734.67,2020-05-29
4568,flashdrives,electronics,WH-5,204,supplier-12,67.67,2020-06-29
4569,scanner,electronics,WH-3,375,supplier-16,539.35,2020-04-30
4570,desk,furniture,WH-2,437,supplier-1,881.09,2020-01-19
4571,desktops,electronics,WH-2,277,supplier-16,764.5,2020-07-20
4572,keyboard,electronics,WH-2,97,supplier-11,916.67,2020-05-16
4573,keyboard,electronics,WH-1,4,supplier-17,1207.13,2020-05-27
4574,flashdrives,electronics,WH-2,403,supplier-17,664.4,2020-03-01
4575,keyboard,electronics,WH-3,49,supplier-19,654.11,2020-03-30
4576,monitor,electronics,WH-1,428,supplier-13,964.42,2020-03-21
4577,scanner,electronics,WH-2,419,supplier-2,552.22,2020-10-21
4578,mouse,electronics,WH-1,189,supplier-20,223.52,2020-10-12
4579,desktops,electronics,WH-4,314,supplier-1,1313.55,2021-02-26
4580,desktops,electronics,WH-2,438,supplier-5,940.68,2020-03-02
4581,scanner,electronics,WH-4,468,supplier-20,864.17,2020-12-08
4582,monitor,electronics,WH-5,289,supplier-14,909.78,2020-01-09
4583,flashdrives,electronics,WH-1,256,supplier-9,1389.43,2021-01-10
4584,desk,furniture,WH-2,382,supplier-3,1451.56,2020-08-27
4585,scanner,electronics,WH-4,58,supplier-6,1484.89,2021-01-04
4586,scanner,electronics,WH-2,7,supplier-20,791.89,2020-10-23
4587,scanner,electronics,WH-3,7,supplier-9,1148.11,2020-03-17
4588,monitor,electronics,WH-1,186,supplier-13,76.25,2020-04-17
4589,monitor,electronics,WH-1,270,supplier-6,1440.33,2020-12-03
4590,mouse,electronics,WH-1,443,supplier-2,295.99,2021-06-10
4591,printer,electronics,WH-1,299,supplier-4,1067.28,2020-03-17
4592,desktops,electronics,WH-2,34,supplier-13,34.1,2021-05-15
4593,flashdrives,electronics,WH-5,303,supplier-20,1425.48,2021-06-03
4594,laptop,electronics,WH-2,468,supplier-6,464.51,2020-06-17
4595,desk,furniture,WH-5,267,supplier-17,907.37,2020-03-12
4596,printer,electronics,WH-5,152,supplier-6,357.84,2021-04-18
4597,monitor,electronics,WH-2,436,supplier-20,659.34,2020-04-03
4598,monitor,electronics,WH-3,193,supplier-12,297.86,2020-10-13
4599,monitor,electronics,WH-3,339,supplier-5,696.22,2020-04-21
4600,printer,electronics,WH-5,281,supplier-14,1420.64,2020-03-29
4601,flashdrives,electronics,WH-1,145,supplier-11,197.74,2021-02-19
4602,printer,electronics,WH-4,246,supplier-15,781.04,2020-09-23
4603,chair,furniture,WH-3,139,supplier-16,294.5,2021-02-28
4604,desk,furniture,WH-2,175,supplier-15,1175.84,2020-01-10
4605,flashdrives,electronics,WH-5,153,supplier-9,1164.63,2020-09-23
4606,laptop,electronics,WH-5,329,supplier-10,928.84,2020-05-18
4607,keyboard,electronics,WH-4,328,supplier-3,1452.99,2020-04-16
4608,mouse,electronics,WH-1,115,supplier-15,596.42,2020-06-30
4609,monitor,electronics,WH-5,480,supplier-1,291.92,2020-09-25
4610,flashdrives,electronics,WH-1,418,supplier-11,425.78,2020-01-23
4611,desktops,electronics,WH-5,93,supplier-17,290.17,2020-05-21
4612,desk,furniture,WH-2,68,supplier-18,43.46,2021-06-18
4613,printer,electronics,WH-5,160,supplier-11,532.6,2020-04-07
4614,flashdrives,electronics,WH-4,408,supplier-4,740.98,2021-05-03
4615,monitor,electronics,WH-5,175,supplier-11,138.18,2021-03-16
4616,desk,furniture,WH-2,323,supplier-5,874.05,2021-04-02
4617,chair,furniture,WH-2,193,supplier-19,502.9,2020-07-12
4618,keyboard,electronics,WH-5,153,supplier-12,1410.26,2020-06-05
4619,flashdrives,electronics,WH-2,410,supplier-19,572.98,2020-01-26
4620,desktops,electronics,WH-2,187,supplier-9,870.47,2021-02-02
4621,flashdrives,electronics,WH-5,344,supplier-8,1286.85,2020-07-14
4622,desk,furniture,WH-5,166,supplier-11,581.21,2020-04-19
4623,scanner,electronics,WH-2,22,supplier-11,357.25,2020-09-01
4624,scanner,electronics,WH-1,283,supplier-13,1281.1,2020-08-11
4625,flashdrives,electronics,WH-2,346,supplier-18,327.78,2020-07-30
4626,printer,electronics,WH-1,344,supplier-12,1007.57,2020-12-11
4627,printer,electronics,WH-1,321,supplier-1,317.62,2020-07-15
4628,monitor,electronics,WH-1,327,supplier-5,1171.47,2021-05-11
4629,monitor,electronics,WH-5,484,supplier-9,889.36,2020-12-21
4630,printer,electronics,WH-4,38,supplier-5,1036.66,2021-02-08
4631,scanner,electronics,WH-2,21,supplier-4,1052.87,2021-01-15
4632,laptop,electronics,WH-2,328,supplier-8,411.51,2020-04-20
4633,scanner,electronics,WH-2,464,supplier-20,1489.6,2021-01-01
4634,desk,furniture,WH-1,315,supplier-12,914.43,2021-06-05
4635,chair,furniture,WH-2,444,supplier-9,480.37,2021-03-10
4636,keyboard,electronics,WH-2,417,supplier-4,71.76,2020-07-24
4637,mouse,electronics,WH-4,434,supplier-3,422.65,2021-01-13
4638,scanner,electronics,WH-5,490,supplier-16,657.35,2020-06-01
4639,desk,furniture,WH-3,323,supplier-10,1144.17,2021-04-15
4640,desk,furniture,WH-5,348,supplier-15,1173.68,2021-03-29
4641,printer,electronics,WH-4,252,supplier-5,1108.09,2021-03-19
4642,desktops,electronics,WH-5,22,supplier-2,1235.14,2020-08-01
4643,monitor,electronics,WH-4,476,supplier-9,1433.06,2021-04-05
4644,monitor,electronics,WH-4,283,supplier-4,469.97,2020-07-22
4645,desktops,electronics,WH-1,101,supplier-3,1064.6,2021-05-13
4646,chair,furniture,WH-5,129,supplier-10,433.58,2020-09-13
4647,desk,furniture,WH-5,461,supplier-3,346.7,2020-05-29
4648,chair,furniture,WH-3,373,supplier-13,463.68,2021-03-13
4649,mouse,electronics,WH-3,491,supplier-2,421.06,2021-02-10
4650,desk,furniture,WH-1,447,supplier-10,515.99,2020-04-23
4651,scanner,electronics,WH-5,60,supplier-12,435.0,2021-03-21
4652,mouse,electronics,WH-1,110,supplier-14,1364.28,2021-03-25
4653,chair,furniture,WH-4,287,supplier-5,597.12,2020-12-27
4654,printer,electronics,WH-2,88,supplier-20,1318.78,2021-06-24
4655,desk,furniture,WH-1,119,supplier-16,1349.23,2020-09-04
4656,scanner,electronics,WH-2,497,supplier-14,305.38,2021-06-23
4657,printer,electronics,WH-4,136,supplier-20,296.89,2020-04-07
4658,desk,furniture,WH-2,449,supplier-16,73.15,2021-05-08
4659,scanner,electronics,WH-5,162,supplier-18,1409.31,2020-12-13
4660,desktops,electronics,WH-1,51,supplier-11,529.57,2020-11-03
4661,laptop,electronics,WH-4,393,supplier-19,857.57,2020-07-21
4662,mouse,electronics,WH-1,251,supplier-14,973.61,2020-11-22
4663,scanner,electronics,WH-3,14,supplier-11,285.91,2021-06-17
4664,desktops,electronics,WH-1,421,supplier-12,662.98,2020-10-13
4665,scanner,electronics,WH-2,36,supplier-7,1316.76,2020-02-18
4666,laptop,electronics,WH-3,59,supplier-8,468.29,2021-06-19
4667,monitor,electronics,WH-5,158,supplier-5,1029.85,2020-09-18
4668,chair,furniture,WH-2,153,supplier-5,1177.25,2021-03-31
4669,laptop,electronics,WH-1,36,supplier-15,1490.33,2020-07-30
4670,printer,electronics,WH-5,143,supplier-18,995.97,2021-06-02
4671,desk,furniture,WH-1,131,supplier-1,925.15,2020-11-05
4672,flashdrives,electronics,WH-5,185,supplier-2,552.58,2020-07-26
4673,scanner,electronics,WH-5,157,supplier-3,1431.45,2020-07-24
4674,printer,electronics,WH-3,275,supplier-14,198.58,2021-01-18
4675,keyboard,electronics,WH-5,82,supplier-14,287.28,2020-03-25
4676,desk,furniture,WH-3,316,supplier-16,772.54,2020-12-11
4677,flashdrives,electronics,WH-4,383,supplier-7,1055.5,2020-02-21
4678,desk,furniture,WH-4,214,supplier-14,206.81,2020-02-06
4679,keyboard,electronics,WH-2,203,supplier-2,569.11,2020-06-07
4680,desktops,electronics,WH-2,111,supplier-18,125.27,2020-11-26
4681,printer,electronics,WH-1,406,supplier-5,1339.18,2020-09-01
4682,scanner,electronics,WH-3,495,supplier-5,1324.37,2021-03-16
4683,monitor,electronics,WH-1,17,supplier-18,269.57,2020-06-22
4684,flashdrives,electronics,WH-3,286,supplier-4,1283.3,2020-07-13
4685,laptop,electronics,WH-4,162,supplier-1,958.15,2020-01-05
4686,chair,furniture,WH-2,337,supplier-3,1346.94,2021-01-30
4687,monitor,electronics,WH-1,375,supplier-9,1349.19,2020-04-19
4688,printer,electronics,WH-5,443,supplier-20,210.13,2021-03-17
4689,desk,furniture,WH-1,464,supplier-19,45.84,2020-02-27
4690,laptop,electronics,WH-2,120,supplier-16,311.67,2020-12-16
4691,chair,furniture,WH-5,340,supplier-1,1336.13,2021-06-21
4692,laptop,electronics,WH-1,91,supplier-18,1468.71,2020-04-18
4693,keyboard,electronics,WH-3,196,supplier-8,913.38,2021-06-06
4694,desktops,electronics,WH-3,273,supplier-16,1013.62,2020-08-01
4695,chair,furniture,WH-5,427,supplier-6,353.16,2021-05-22
4696,desktops,electronics,WH-1,484,supplier-4,1127.41,2020-04-22
4697,desktops,electronics,WH-1,209,supplier-5,950.18,2020-03-27
4698,mouse,electronics,WH-1,171,supplier-14,732.0,2020-10-31
4699,monitor,electronics,WH-1,500,supplier-11,1305.56,2021-06-07
4700,desktops,electronics,WH-1,449,supplier-3,1412.06,2020-10-08
4701,desk,furniture,WH-2,205,supplier-11,174.91,2020-03-23
4702,flashdrives,electronics,WH-1,451,supplier-13,590.11,2021-04-26
4703,mouse,electronics,WH-3,474,supplier-1,381.93,2021-03-14
4704,scanner,electronics,WH-1,428,supplier-13,1315.52,2020-10-16
4705,chair,furniture,WH-1,87,supplier-13,1181.27,2021-03-05
4706,desktops,electronics,WH-1,0,supplier-7,110.97,2020-09-21
4707,flashdrives,electronics,WH-3,289,supplier-13,789.37,2020-12-20
4708,desk,furniture,WH-4,391,supplier-2,77.91,2020-05-15
4709,keyboard,electronics,WH-3,362,supplier-18,320.5,2021-06-23
4710,monitor,electronics,WH-1,417,supplier-10,312.77,2020-06-11
4711,mouse,electronics,WH-4,364,supplier-18,305.94,2020-01-13
4712,printer,electronics,WH-3,262,supplier-16,1442.0,2020-05-15
4713,mouse,electronics,WH-2,97,supplier-17,327.03,2021-01-19
4714,monitor,electronics,WH-1,304,supplier-14,501.75,2021-05-14
4715,monitor,electronics,WH-2,77,supplier-7,557.45,2020-05-04
4716,printer,electronics,WH-4,100,supplier-9,393.84,2020-10-07
4717,desktops,electronics,WH-5,226,supplier-20,585.43,2020-09-13
4718,laptop,electronics,WH-2,359,supplier-2,810.26,2020-11-24
4719,chair,furniture,WH-5,498,supplier-17,235.71,2021-06-10
4720,monitor,electronics,WH-3,371,supplier-10,797.71,2020-09-12
4721,chair,furniture,WH-3,365,supplier-3,1166.3,2020-11-18
4722,chair,furniture,WH-4,241,supplier-15,948.3,2020-10-01
4723,scanner,electronics,WH-1,403,supplier-16,235.27,2020-12-10
4724,desktops,electronics,WH-4,405,supplier-2,397.29,2020-10-30
4725,chair,furniture,WH-1,404,supplier-5,471.49,2020-07-13
4726,scanner,electronics,WH-3,453,supplier-12,251.25,2020-04-04
4727,flashdrives,electronics,WH-3,107,supplier-11,1424.76,2021-06-08
4728,laptop,electronics,WH-2,39,supplier-20,73.1,2020-05-30
4729,keyboard,electronics,WH-1,229,supplier-12,1420.44,2021-06-07
4730,scanner,electronics,WH-3,388,supplier-9,202.18,2021-01-12
4731,monitor,electronics,WH-3,419,supplier-11,341.43,2020-12-20
4732,keyboard,electronics,WH-3,449,supplier-19,913.59,2021-02-13
4733,monitor,electronics,WH-1,175,supplier-11,584.87,2020-03-20
4734,laptop,electronics,WH-2,241,supplier-20,693.04,2020-06-27
4735,flashdrives,electronics,WH-3,211,supplier-13,1412.34,2020-12-15
4736,flashdrives,electronics,WH-1,186,supplier-5,1165.47,2020-10-28
4737,printer,electronics,WH-4,73,supplier-17,345.43,2020-09-09
4738,desktops,electronics,WH-1,194,supplier-9,868.84,2020-04-10
4739,keyboard,electronics,WH-2,407,supplier-12,472.69,2020-09-29
4740,flashdrives,electronics,WH-4,404,supplier-2,591.61,2020-11-09
4741,desk,furniture,WH-2,309,supplier-19,782.1,2020-04-25
4742,desktops,electronics,WH-2,400,supplier-20,21.61,2020-01-29
4743,printer,electronics,WH-5,90,supplier-19,146.05,2021-05-05
4744,monitor,electronics,WH-1,444,supplier-9,1154.51,2021-02-14
4745,printer,electronics,WH-1,120,supplier-12,23.52,2020-10-21
4746,flashdrives,electronics,WH-4,331,supplier-20,273.66,2020-12-20
4747,keyboard,electronics,WH-5,364,supplier-14,629.3,2020-12-24
4748,desktops,electronics,WH-1,468,supplier-15,329.33,2020-12-17
4749,scanner,electronics,WH-4,217,supplier-1,1021.92,2020-08-15
4750,laptop,electronics,WH-3,171,supplier-13,1102.06,2021-03-20
4751,printer,electronics,WH-2,125,supplier-3,148.14,2020-03-23
4752,keyboard,electronics,WH-5,83,supplier-18,562.85,2020-08-23
4753,keyboard,electronics,WH-1,286,supplier-4,206.83,2020-09-10
4754,mouse,electronics,WH-3,483,supplier-7,913.42,2020-11-30
4755,mouse,electronics,WH-5,273,supplier-19,928.82,2020-01-04
4756,scanner,electronics,WH-3,35,supplier-5,149.11,2020-01-10
4757,mouse,electronics,WH-3,45,supplier-14,692.25,2020-01-27
4758,desktops,electronics,WH-3,188,supplier-12,1115.47,2021-04-23
4759,flashdrives,electronics,WH-1,396,supplier-12,909.92,2020-08-10
4760,chair,furniture,WH-5,461,supplier-3,244.3,2020-03-18
4761,laptop,electronics,WH-1,429,supplier-8,1098.79,2021-02-03
4762,monitor,electronics,WH-4,326,supplier-4,56.13,2020-08-20
4763,scanner,electronics,WH-1,196,supplier-14,736.55,2021-01-01
4764,monitor,electronics,WH-4,116,supplier-7,1121.91,2020-05-29
4765,monitor,electronics,WH-4,470,supplier-4,1409.46,2020-11-21
4766,desk,furniture,WH-4,82,supplier-13,1089.84,2021-05-19
4767,laptop,electronics,WH-3,34,supplier-20,214.63,2020-10-14
4768,chair,furniture,WH-4,332,supplier-7,272.29,2020-12-20
4769,laptop,electronics,WH-5,429,supplier-20,896.44,2020-10-17
4770,keyboard,electronics,WH-5,7,supplier-18,982.53,2020-07-25
4771,mouse,electronics,WH-4,306,supplier-15,1420.02,2020-11-18
4772,flashdrives,electronics,WH-2,124,supplier-8,839.23,2021-02-08
4773,desktops,electronics,WH-1,270,supplier-8,507.17,2020-11-16
4774,chair,furniture,WH-5,27,supplier-7,132.54,2021-05-03
4775,monitor,electronics,WH-5,464,supplier-12,210.17,2020-08-11
4776,desktops,electronics,WH-2,142,supplier-4,718.9,2020-12-04
4777,chair,furniture,WH-5,69,supplier-1,1293.87,2021-05-18
4778,desktops,electronics,WH-1,320,supplier-19,661.86,2020-08-27
4779,monitor,electronics,WH-5,390,supplier-15,1091.36,2021-04-01
4780,printer,electronics,WH-4,428,supplier-16,1300.25,2020-09-03
4781,printer,electronics,WH-1,356,supplier-11,584.64,2021-04-11
4782,scanner,electronics,WH-4,221,supplier-9,792.18,2021-02-27
4783,laptop,electronics,WH-1,424,supplier-16,1308.96,2020-01-21
4784,desk,furniture,WH-2,495,supplier-2,1110.33,2020-08-31
4785,desk,furniture,WH-1,149,supplier-14,1487.26,2020-04-30
4786,laptop,electronics,WH-2,44,supplier-15,1472.28,2020-11-12
4787,desktops,electronics,WH-3,314,supplier-16,1231.96,2021-01-08
4788,flashdrives,electronics,WH-3,327,supplier-1,484.27,2020-07-05
4789,monitor,electronics,WH-1,114,supplier-8,486.15,2020-06-15
4790,printer,electronics,WH-1,41,supplier-10,1265.5,2020-11-17
4791,printer,electronics,WH-1,122,supplier-7,888.85,2021-01-10
4792,desktops,electronics,WH-2,153,supplier-10,788.27,2021-02-06
4793,scanner,electronics,WH-1,6,supplier-3,446.48,2020-05-01
4794,desktops,electronics,WH-3,373,supplier-18,743.7,2020-11-16
4795,chair,furniture,WH-1,325,supplier-19,1258.31,2020-03-23
4796,mouse,electronics,WH-2,63,supplier-20,874.07,2020-09-12
4797,laptop,electronics,WH-5,368,supplier-5,705.65,2021-04-06
4798,keyboard,electronics,WH-2,107,supplier-8,1048.85,2020-09-07
4799,printer,electronics,WH-4,100,supplier-6,1452.91,2020-10-16
4800,desk,furniture,WH-5,369,supplier-13,1251.65,2020-11-22
4801,chair,furniture,WH-3,378,supplier-7,55.35,2021-05-28
4802,laptop,electronics,WH-1,143,supplier-4,978.47,2020-10-15
4803,desk,furniture,WH-4,31,supplier-4,17.76,2020-02-18
4804,mouse,electronics,WH-4,400,supplier-2,1300.61,2020-09-03
4805,printer,electronics,WH-1,279,supplier-11,274.19,2021-04-25
4806,printer,electronics,WH-1,142,supplier-7,902.68,2020-11-10
4807,desktops,electronics,WH-5,325,supplier-9,647.75,2020-06-11
4808,chair,furniture,WH-4,31,supplier-2,1291.53,2020-06-23
4809,keyboard,electronics,WH-1,318,supplier-13,530.86,2020-08-23
4810,flashdrives,electronics,WH-4,89,supplier-10,203.84,2021-02-28
4811,keyboard,electronics,WH-5,152,supplier-6,686.31,2021-04-14
4812,scanner,electronics,WH-4,229,supplier-12,541.55,2021-03-20
4813,desktops,electronics,WH-1,153,supplier-14,1495.0,2020-03-25
4814,chair,furniture,WH-1,159,supplier-18,1208.23,2020-11-03
4815,monitor,electronics,WH-3,425,supplier-4,141.95,2021-01-06
4816,desktops,electronics,WH-4,308,supplier-4,1118.71,2021-03-01
4817,keyboard,electronics,WH-4,161,supplier-6,1383.59,2020-01-07
4818,scanner,electronics,WH-2,350,supplier-12,820.66,2021-01-07
4819,keyboard,electronics,WH-1,484,supplier-10,883.12,2021-02-13
4820,chair,furniture,WH-2,458,supplier-14,310.64,2020-06-03
4821,desk,furniture,WH-1,318,supplier-19,723.07,2020-03-30
4822,monitor,electronics,WH-3,418,supplier-9,1293.3,2021-03-21
4823,keyboard,electronics,WH-4,414,supplier-7,176.17,2020-09-24
4824,desktops,electronics,WH-5,11,supplier-8,396.88,2020-02-09
4825,mouse,electronics,WH-5,172,supplier-12,1139.13,2021-05-07
4826,flashdrives,electronics,WH-3,154,supplier-11,559.58,2020-02-22
4827,chair,furniture,WH-3,277,supplier-17,375.38,2021-03-27
4828,desk,furniture,WH-2,4,supplier-18,1343.56,2020-04-07
4829,laptop,electronics,WH-4,466,supplier-20,779.13,2020-09-17
4830,monitor,electronics,WH-1,140,supplier-11,1288.2,2020-11-07
4831,printer,electronics,WH-3,18,supplier-3,697.76,2020-05-26
4832,printer,electronics,WH-4,388,supplier-20,381.87,2020-12-05
4833,flashdrives,electronics,WH-4,52,supplier-6,75.86,2021-04-06
4834,desk,furniture,WH-2,205,supplier-15,1430.66,2020-02-04
4835,monitor,electronics,WH-4,310,supplier-14,319.3,2021-03-25
4836,monitor,electronics,WH-4,335,supplier-15,427.26,2020-12-28
4837,laptop,electronics,WH-4,223,supplier-18,1022.63,2021-03-11
4838,desk,furniture,WH-4,314,supplier-17,833.44,2020-01-26
4839,desktops,electronics,WH-5,156,supplier-11,172.23,2020-12-24
4840,monitor,electronics,WH-4,485,supplier-9,24.36,2021-04-01
4841,desk,furniture,WH-3,287,supplier-7,434.83,2020-07-27
4842,desk,furniture,WH-2,427,supplier-9,1010.04,2020-04-28
4843,keyboard,electronics,WH-1,288,supplier-18,1402.65,2021-02-27
4844,flashdrives,electronics,WH-3,426,supplier-3,784.78,2020-06-29
4845,printer,electronics,WH-3,56,supplier-12,144.7,2021-02-10
4846,desktops,electronics,WH-1,313,supplier-4,438.54,2020-11-04
4847,monitor,electronics,WH-5,397,supplier-10,1377.31,2021-06-13
4848,printer,electronics,WH-5,386,supplier-17,641.83,2021-02-13
4849,monitor,electronics,WH-2,30,supplier-8,681.15,2020-06-26
4850,keyboard,electronics,WH-1,275,supplier-5,24.05,2020-06-09
4851,keyboard,electronics,WH-2,495,supplier-16,111.26,2020-11-04
4852,keyboard,electronics,WH-5,225,supplier-15,1373.18,2021-06-12
4853,desktops,electronics,WH-1,194,supplier-7,90.33,2020-01-07
4854,keyboard,electronics,WH-4,340,supplier-8,864.93,2020-12-08
4855,printer,electronics,WH-5,375,supplier-12,410.76,2020-03-25
4856,keyboard,electronics,WH-1,23,supplier-4,652.35,2020-04-17
4857,desk,furniture,WH-5,331,supplier-16,1096.07,2020-09-18
4858,monitor,electronics,WH-4,439,supplier-8,850.91,2021-06-09
4859,scanner,electronics,WH-5,146,supplier-11,658.72,2021-06-24
4860,desktops,electronics,WH-5,474,supplier-10,683.18,2020-12-07
4861,scanner,electronics,WH-2,306,supplier-5,193.54,2021-03-11
4862,laptop,electronics,WH-3,448,supplier-7,238.95,2020-12-04
4863,desktops,electronics,WH-2,449,supplier-13,762.44,2020-01-02
4864,printer,electronics,WH-3,338,supplier-8,539.08,2020-03-29
4865,printer,electronics,WH-1,483,supplier-4,1347.8,2020-04-26
4866,monitor,electronics,WH-2,456,supplier-16,951.93,2020-05-31
4867,desktops,electronics,WH-2,183,supplier-3,273.55,2020-03-29
4868,chair,furniture,WH-2,271,supplier-7,1499.4,2020-09-02
4869,printer,electronics,WH-4,274,supplier-9,283.22,2020-10-29
4870,desktops,electronics,WH-4,407,supplier-4,533.26,2020-04-11
4871,desk,furniture,WH-1,252,supplier-3,457.11,2020-08-13
4872,flashdrives,electronics,WH-4,21,supplier-11,273.47,2020-01-13
4873,printer,electronics,WH-4,102,supplier-13,238.41,2020-11-28
4874,printer,electronics,WH-3,399,supplier-19,197.22,2021-06-01
4875,mouse,electronics,WH-2,223,supplier-11,939.26,2020-02-18
4876,scanner,electronics,WH-5,150,supplier-11,1315.29,2021-05-05
4877,desktops,electronics,WH-5,306,supplier-12,494.45,2020-05-26
4878,printer,electronics,WH-4,45,supplier-18,71.91,2021-04-29
4879,flashdrives,electronics,WH-4,69,supplier-10,658.82,2021-06-05
4880,flashdrives,electronics,WH-5,158,supplier-3,464.52,2021-05-17
4881,scanner,electronics,WH-4,95,supplier-13,876.52,2020-05-10
4882,keyboard,electronics,WH-1,54,supplier-7,668.1,2020-06-14
4883,flashdrives,electronics,WH-4,230,supplier-18,1447.41,2020-11-27
4884,desk,furniture,WH-1,31,supplier-6,646.29,2021-04-01
4885,keyboard,electronics,WH-1,146,supplier-17,254.67,2021-05-25
4886,flashdrives,electronics,WH-5,10,supplier-7,1047.38,2021-05-07
4887,chair,furniture,WH-5,55,supplier-19,1321.72,2020-10-25
4888,mouse,electronics,WH-2,291,supplier-11,613.87,2021-06-08
4889,desk,furniture,WH-4,178,supplier-7,660.55,2020-05-07
4890,laptop,electronics,WH-5,366,supplier-17,697.64,2020-12-31
4891,desk,furniture,WH-1,249,supplier-2,984.72,2020-04-20
4892,chair,furniture,WH-2,465,supplier-10,996.37,2021-01-31
4893,keyboard,electronics,WH-2,473,supplier-19,1082.49,2020-11-01
4894,flashdrives,electronics,WH-2,434,supplier-18,919.69,2020-02-27
4895,printer,electronics,WH-1,329,supplier-13,1380.17,2020-11-13
4896,monitor,electronics,WH-3,346,supplier-16,961.57,2021-02-04
4897,desk,furniture,WH-2,275,supplier-18,709.64,2020-11-15
4898,mouse,electronics,WH-5,338,supplier-13,242.77,2021-03-07
4899,desk,furniture,WH-1,410,supplier-14,808.21,2021-02-21
4900,scanner,electronics,WH-2,407,supplier-2,44.8,2020-12-18
4901,scanner,electronics,WH-2,115,supplier-7,1439.76,2021-01-20
4902,chair,furniture,WH-3,127,supplier-15,899.72,2020-04-21
4903,printer,electronics,WH-2,208,supplier-6,1274.77,2020-02-14
4904,chair,furniture,WH-4,103,supplier-1,1227.75,2020-12-25
4905,keyboard,electronics,WH-2,37,supplier-14,1168.05,2020-09-14
4906,keyboard,electronics,WH-4,236,supplier-19,1192.06,2021-01-29
4907,monitor,electronics,WH-3,140,supplier-14,604.65,2020-01-10
4908,scanner,electronics,WH-3,99,supplier-5,326.42,2021-05-15
4909,flashdrives,electronics,WH-2,130,supplier-12,687.44,2020-09-26
4910,flashdrives,electronics,WH-2,3,supplier-5,1007.91,2021-02-13
4911,mouse,electronics,WH-3,133,supplier-17,157.52,2020-03-16
4912,flashdrives,electronics,WH-1,118,supplier-14,1451.44,2020-12-28
4913,scanner,electronics,WH-2,460,supplier-3,737.31,2021-05-20
4914,laptop,electronics,WH-1,341,supplier-9,1215.13,2021-03-03
4915,keyboard,electronics,WH-3,326,supplier-8,921.46,2021-05-21
4916,desktops,electronics,WH-4,483,supplier-16,1495.62,2020-07-11
4917,flashdrives,electronics,WH-1,88,supplier-15,209.33,2021-06-16
4918,monitor,electronics,WH-2,201,supplier-4,485.86,2021-04-16
4919,monitor,electronics,WH-5,234,supplier-18,750.58,2021-03-23
4920,mouse,electronics,WH-3,394,supplier-2,1326.09,2020-04-16
4921,desktops,electronics,WH-2,160,supplier-13,139.22,2020-05-09
4922,flashdrives,electronics,WH-3,167,supplier-12,105.45,2020-04-18
4923,desk,furniture,WH-5,439,supplier-19,1152.15,2021-02-20
4924,chair,furniture,WH-2,230,supplier-4,917.52,2021-01-11
4925,scanner,electronics,WH-3,349,supplier-13,928.74,2021-03-29
4926,chair,furniture,WH-1,306,supplier-8,829.93,2020-06-15
4927,laptop,electronics,WH-2,22,supplier-15,150.75,2020-05-25
4928,printer,electronics,WH-2,452,supplier-9,527.54,2020-09-20
4929,chair,furniture,WH-5,457,supplier-16,810.99,2020-07-23
4930,desk,furniture,WH-1,261,supplier-6,1169.91,2020-12-16
4931,desk,furniture,WH-1,10,supplier-13,1011.36,2020-06-11
4932,laptop,electronics,WH-1,17,supplier-9,1305.15,2021-02-06
4933,desk,furniture,WH-2,235,supplier-20,1261.55,2020-04-11
4934,desk,furniture,WH-3,7,supplier-11,1190.23,2020-11-09
4935,mouse,electronics,WH-4,475,supplier-4,602.89,2021-05-29
4936,scanner,electronics,WH-1,8,supplier-8,300.31,2020-02-07
4937,mouse,electronics,WH-3,31,supplier-2,432.6,2021-02-18
4938,scanner,electronics,WH-5,90,supplier-6,55.17,2021-04-03
4939,printer,electronics,WH-2,105,supplier-15,745.68,2020-02-08
4940,mouse,electronics,WH-1,290,supplier-15,1454.95,2021-02-09
4941,printer,electronics,WH-5,360,supplier-17,717.63,2020-06-04
4942,mouse,electronics,WH-2,15,supplier-12,960.66,2021-05-10
4943,monitor,electronics,WH-4,417,supplier-19,1438.19,2020-02-11
4944,flashdrives,electronics,WH-1,162,supplier-19,636.79,2020-02-09
4945,desktops,electronics,WH-5,113,supplier-15,28.76,2020-09-16
4946,desk,furniture,WH-3,335,supplier-8,777.28,2020-08-24
4947,desk,furniture,WH-3,242,supplier-10,1491.91,2020-03-21
4948,chair,furniture,WH-1,208,supplier-16,1339.09,2020-12-07
4949,monitor,electronics,WH-5,448,supplier-7,1370.25,2021-04-16
4950,flashdrives,electronics,WH-5,111,supplier-18,101.07,2020-01-31
4951,printer,electronics,WH-4,152,supplier-1,96.4,2020-07-07
4952,flashdrives,electronics,WH-4,382,supplier-5,671.91,2020-02-21
4953,mouse,electronics,WH-5,85,supplier-19,1359.76,2021-04-24
4954,desk,furniture,WH-1,199,supplier-11,459.28,2021-03-14
4955,monitor,electronics,WH-3,183,supplier-2,311.32,2020-09-17
4956,keyboard,electronics,WH-3,239,supplier-19,641.25,2020-06-13
4957,desk,furniture,WH-1,238,supplier-18,1085.09,2020-08-20
4958,keyboard,electronics,WH-5,244,supplier-16,1063.49,2021-04-06
4959,desk,furniture,WH-5,95,supplier-4,1232.17,2021-03-12
4960,desk,furniture,WH-1,142,supplier-11,1296.55,2021-03-04
4961,scanner,electronics,WH-4,216,supplier-7,1105.4,2021-03-09
4962,desktops,electronics,WH-4,176,supplier-4,839.24,2020-08-08
4963,desktops,electronics,WH-1,256,supplier-16,1441.57,2020-01-16
4964,mouse,electronics,WH-2,263,supplier-13,65.08,2021-05-14
4965,flashdrives,electronics,WH-3,137,supplier-7,1293.21,2021-03-05
4966,desk,furniture,WH-2,198,supplier-20,1287.26,2021-03-17
4967,chair,furniture,WH-2,85,supplier-20,613.68,2020-01-22
4968,scanner,electronics,WH-5,273,supplier-11,840.35,2021-01-26
4969,desk,furniture,WH-2,152,supplier-3,276.21,2020-07-18
4970,scanner,electronics,WH-1,132,supplier-12,405.77,2020-12-23
4971,scanner,electronics,WH-3,252,supplier-3,474.51,2020-02-01
4972,desktops,electronics,WH-2,404,supplier-14,1229.06,2020-10-16
4973,monitor,electronics,WH-4,64,supplier-6,837.52,2020-05-06
4974,mouse,electronics,WH-4,457,supplier-9,879.36,2020-11-27
4975,laptop,electronics,WH-2,132,supplier-3,1445.54,2021-04-19
4976,desk,furniture,WH-2,366,supplier-10,129.88,2020-02-11
4977,desktops,electronics,WH-2,214,supplier-17,243.28,2020-02-06
4978,printer,electronics,WH-3,498,supplier-20,1102.94,2020-01-07
4979,desk,furniture,WH-2,165,supplier-20,196.54,2020-10-01
4980,desktops,electronics,WH-1,485,supplier-2,1486.47,2020-02-22
4981,scanner,electronics,WH-2,340,supplier-7,250.25,2021-05-19
4982,printer,electronics,WH-2,53,supplier-17,1075.99,2021-01-20
4983,desktops,electronics,WH-5,170,supplier-15,125.76,2020-12-28
4984,scanner,electronics,WH-5,431,supplier-3,853.79,2020-08-07
4985,printer,electronics,WH-4,416,supplier-6,831.29,2021-06-08
4986,mouse,electronics,WH-1,389,supplier-9,1499.88,2020-12-06
4987,mouse,electronics,WH-3,105,supplier-5,409.44,2020-06-18
4988,scanner,electronics,WH-4,460,supplier-5,556.55,2020-05-17
4989,desk,furniture,WH-5,410,supplier-18,743.3,2020-04-01
4990,laptop,electronics,WH-5,157,supplier-1,439.52,2020-06-15
4991,laptop,electronics,WH-5,326,supplier-8,1299.93,2020-01-09
4992,scanner,electronics,WH-2,175,supplier-5,1052.75,2020-07-20
4993,printer,electronics,WH-4,490,supplier-12,296.57,2021-02-11
4994,chair,furniture,WH-3,273,supplier-5,1158.54,2020-08-06
4995,flashdrives,electronics,WH-4,423,supplier-17,1368.09,2020-09-11
4996,printer,electronics,WH-4,447,supplier-13,181.78,2020-10-15
4997,laptop,electronics,WH-1,235,supplier-18,265.09,2020-03-31
4998,keyboard,electronics,WH-4,453,supplier-20,1023.51,2020-04-04
4999,monitor,electronics,WH-3,359,supplier-2,428.6,2021-05-08
5000,scanner,electronics,WH-1,266,supplier-7,76.09,2020-03-31
5001,mouse,electronics,WH-1,102,supplier-6,1315.24,2020-10-21
5002,mouse,electronics,WH-1,312,supplier-10,859.59,2020-07-02
5003,mouse,electronics,WH-4,397,supplier-11,518.77,2020-11-05
5004,keyboard,electronics,WH-1,330,supplier-11,1130.14,2020-04-15
5005,desk,furniture,WH-5,150,supplier-3,619.56,2020-02-10
5006,desk,furniture,WH-2,448,supplier-12,571.41,2020-04-07
5007,desktops,electronics,WH-4,46,supplier-4,972.55,2020-03-27
5008,chair,furniture,WH-5,145,supplier-5,1203.98,2020-01-04
5009,flashdrives,electronics,WH-1,184,supplier-14,455.43,2020-10-11
5010,laptop,electronics,WH-2,45,supplier-20,1214.7,2021-01-19
5011,chair,furniture,WH-4,319,supplier-17,595.12,2020-05-07
5012,printer,electronics,WH-1,137,supplier-1,755.91,2020-09-25
5013,mouse,electronics,WH-2,225,supplier-12,1316.69,2020-10-13
5014,scanner,electronics,WH-2,472,supplier-8,288.27,2020-04-08
5015,scanner,electronics,WH-2,87,supplier-10,329.26,2020-01-17
5016,chair,furniture,WH-2,465,supplier-11,205.31,2020-10-11
5017,mouse,electronics,WH-3,387,supplier-3,1261.04,2020-07-21
5018,laptop,electronics,WH-4,348,supplier-18,1335.44,2020-07-21
5019,laptop,electronics,WH-1,113,supplier-4,1245.71,2021-01-18
5020,chair,furniture,WH-5,387,supplier-3,1226.01,2020-01-07
5021,monitor,electronics,WH-5,213,supplier-3,1054.87,2020-06-28
5022,scanner,electronics,WH-2,204,supplier-14,186.23,2020-11-04
5023,mouse,electronics,WH-2,11,supplier-12,640.18,2020-04-08
5024,chair,furniture,WH-2,393,supplier-8,933.24,2020-10-07
5025,desk,furniture,WH-5,333,supplier-2,1236.91,2020-04-12
5026,printer,electronics,WH-4,133,supplier-19,1033.43,2020-09-17
5027,mouse,electronics,WH-4,474,supplier-14,868.74,2020-04-03
5028,desk,furniture,WH-3,428,supplier-10,16.04,2021-03-27
5029,desk,furniture,WH-1,175,supplier-10,390.82,2020-08-03
5030,monitor,electronics,WH-1,98,supplier-19,262.14,2020-05-17
5031,mouse,electronics,WH-4,189,supplier-4,1167.04,2021-05-04
5032,printer,electronics,WH-2,144,supplier-2,695.08,2020-03-10
5033,desktops,electronics,WH-2,233,supplier-14,24.15,2020-12-26
5034,scanner,electronics,WH-5,5,supplier-2,645.19,2021-04-08
5035,flashdrives,electronics,WH-1,406,supplier-6,1328.78,2020-06-03
5036,printer,electronics,WH-1,455,supplier-10,1148.8,2020-10-06
5037,desk,furniture,WH-1,170,supplier-9,453.73,2021-03-20
5038,keyboard,electronics,WH-3,270,supplier-2,999.81,2020-12-02
5039,chair,furniture,WH-4,258,supplier-6,631.91,2021-05-11
5040,keyboard,electronics,WH-1,413,supplier-6,857.73,2020-01-17
5041,keyboard,electronics,WH-1,112,supplier-20,516.35,2020-02-21
5042,laptop,electronics,WH-3,417,supplier-17,1210.0,2021-04-06
5043,desk,furniture,WH-3,73,supplier-1,1368.75,2020-10-29
5044,chair,furniture,WH-3,161,supplier-3,1003.29,2021-05-11
5045,keyboard,electronics,WH-2,21,supplier-8,48.76,2020-02-02
5046,monitor,electronics,WH-4,220,supplier-4,1317.6,2021-03-31
5047,desktops,electronics,WH-1,317,supplier-20,1226.34,2020-10-24
5048,desk,furniture,WH-4,138,supplier-13,1003.06,2021-04-28
5049,flashdrives,electronics,WH-1,384,supplier-7,809.45,2020-01-19
5050,mouse,electronics,WH-1,151,supplier-17,1192.87,2020-04-26
5051,scanner,electronics,WH-1,313,supplier-6,570.15,2020-01-13
5052,monitor,electronics,WH-4,267,supplier-5,1125.99,2021-01-14
5053,desk,furniture,WH-1,392,supplier-17,340.35,2020-04-05
5054,chair,furniture,WH-5,121,supplier-6,727.0,2021-02-12
5055,keyboard,electronics,WH-5,89,supplier-12,428.43,2021-04-18
5056,flashdrives,electronics,WH-1,405,supplier-15,176.71,2020-02-14
5057,desk,furniture,WH-3,175,supplier-3,1088.72,2020-07-16
5058,laptop,electronics,WH-3,247,supplier-16,1485.03,2021-03-23
5059,desk,furniture,WH-4,498,supplier-6,513.2,2020-09-04
5060,monitor,electronics,WH-5,498,supplier-7,70.03,2021-03-27
5061,printer,electronics,WH-2,184,supplier-12,1432.28,2020-05-17
5062,printer,electronics,WH-3,226,supplier-12,1262.72,2020-01-17
5063,flashdrives,electronics,WH-2,204,supplier-20,1096.11,2021-01-26
5064,flashdrives,electronics,WH-3,4,supplier-18,1223.77,2020-04-16
5065,keyboard,electronics,WH-3,328,supplier-3,1412.34,2020-08-27
5066,monitor,electronics,WH-5,125,supplier-3,104.99,2020-02-14
5067,flashdrives,electronics,WH-1,167,supplier-16,191.19,2020-07-30
5068,laptop,electronics,WH-1,2,supplier-2,193.76,2020-02-25
5069,chair,furniture,WH-4,140,supplier-5,500.18,2020-01-25
5070,printer,electronics,WH-1,67,supplier-2,1285.15,2020-04-22
5071,flashdrives,electronics,WH-1,497,supplier-16,663.4,2020-02-22
5072,keyboard,electronics,WH-5,183,supplier-1,562.65,2021-01-13
5073,printer,electronics,WH-5,23,supplier-19,148.45,2021-05-27
5074,desk,furniture,WH-2,88,supplier-8,209.07,2020-10-28
5075,desk,furniture,WH-4,207,supplier-13,1001.39,2021-04-21
5076,scanner,electronics,WH-5,201,supplier-3,1491.65,2020-09-15
5077,laptop,electronics,WH-3,252,supplier-5,1319.48,2021-05-03
5078,scanner,electronics,WH-5,177,supplier-7,1157.72,2020-03-07
5079,keyboard,electronics,WH-1,338,supplier-17,1257.04,2020-07-24
5080,monitor,electronics,WH-3,263,supplier-8,375.58,2020-07-11
5081,desktops,electronics,WH-5,398,supplier-7,127.93,2021-04-26
5082,mouse,electronics,WH-2,226,supplier-20,1155.2,2021-06-18
5083,mouse,electronics,WH-1,358,supplier-13,366.01,2020-06-15
5084,keyboard,electronics,WH-2,258,supplier-9,781.23,2020-01-06
5085,desktops,electronics,WH-5,59,supplier-5,663.31,2021-02-23
5086,laptop,electronics,WH-1,454,supplier-7,30.03,2021-06-08
5087,chair,furniture,WH-3,103,supplier-19,179.53,2020-08-19
5088,chair,furniture,WH-1,205,supplier-15,1223.94,2020-05-11
5089,printer,electronics,WH-3,455,supplier-9,1016.35,2020-03-23
5090,scanner,electronics,WH-5,35,supplier-1,68.46,2020-06-26
5091,flashdrives,electronics,WH-5,52,supplier-12,1160.54,2021-06-10
5092,laptop,electronics,WH-2,300,supplier-19,756.46,2020-10-01
5093,keyboard,electronics,WH-5,365,supplier-10,549.99,2020-06-10
5094,desktops,electronics,WH-1,287,supplier-6,676.34,2020-05-24
5095,scanner,electronics,WH-2,349,supplier-10,1270.06,2020-10-11
5096,printer,electronics,WH-5,384,supplier-8,457.43,2020-11-12
5097,desk,furniture,WH-1,34,supplier-6,1009.04,2021-05-09
5098,desktops,electronics,WH-5,169,supplier-13,722.0,2020-08-20
5099,desktops,electronics,WH-3,291,supplier-4,1322.03,2020-04-19
5100,keyboard,electronics,WH-5,27,supplier-18,1450.21,2020-04-11
5101,desk,furniture,WH-1,12,supplier-7,1420.42,2021-03-26
5102,scanner,electronics,WH-4,145,supplier-20,958.86,2020-07-09
5103,flashdrives,electronics,WH-1,127,supplier-11,94.06,2021-03-26
5104,monitor,electronics,WH-5,134,supplier-18,1078.76,2020-07-16
5105,keyboard,electronics,WH-1,213,supplier-5,178.5,2021-05-17
5106,printer,electronics,WH-5,15,supplier-7,1070.03,2020-01-30
5107,keyboard,electronics,WH-3,92,supplier-7,850.06,2020-03-12
5108,laptop,electronics,WH-5,333,supplier-19,911.71,2020-06-10
5109,chair,furniture,WH-3,345,supplier-17,1393.77,2020-04-16
5110,laptop,electronics,WH-3,257,supplier-12,618.79,2020-02-28
5111,desk,furniture,WH-3,487,supplier-13,1373.33,2021-04-27
5112,monitor,electronics,WH-1,436,supplier-17,812.17,2020-03-24
5113,keyboard,electronics,WH-4,382,supplier-6,1215.77,2020-01-08
5114,scanner,electronics,WH-3,76,supplier-9,529.79,2020-05-25
5115,scanner,electronics,WH-3,152,supplier-4,1409.72,2020-02-13
5116,desktops,electronics,WH-4,165,supplier-14,530.24,2020-10-04
5117,monitor,electronics,WH-2,63,supplier-19,1107.25,2021-03-12
5118,flashdrives,electronics,WH-1,53,supplier-13,189.97,2020-09-10
5119,desktops,electronics,WH-1,437,supplier-13,151.82,2021-06-11
5120,scanner,electronics,WH-4,459,supplier-4,44.54,2020-02-19
5121,printer,electronics,WH-3,344,supplier-6,1392.79,2020-01-11
5122,monitor,electronics,WH-4,350,supplier-9,1171.83,2020-08-14
5123,keyboard,electronics,WH-4,174,supplier-8,1307.95,2021-04-20
5124,mouse,electronics,WH-4,369,supplier-3,528.91,2021-04-08
5125,mouse,electronics,WH-3,418,supplier-17,1318.96,2021-05-26
5126,scanner,electronics,WH-2,243,supplier-1,960.46,2020-12-10
5127,printer,electronics,WH-1,376,supplier-2,1010.1,2021-02-07
5128,printer,electronics,WH-3,248,supplier-3,528.52,2020-08-29
5129,flashdrives,electronics,WH-5,169,supplier-5,623.95,2020-08-27
5130,monitor,electronics,WH-1,202,supplier-13,111.23,2020-11-03
5131,mouse,electronics,WH-3,314,supplier-20,224.22,2021-02-25
5132,scanner,electronics,WH-4,33,supplier-5,159.52,2020-08-02
5133,monitor,electronics,WH-4,459,supplier-14,273.18,2020-03-31
5134,chair,furniture,WH-5,63,supplier-17,83.98,2020-04-14
5135,flashdrives,electronics,WH-2,324,supplier-8,508.97,2020-03-15
5136,desk,furniture,WH-5,302,supplier-16,626.23,2021-04-14
5137,scanner,electronics,WH-5,67,supplier-3,793.67,2021-06-11
5138,monitor,electronics,WH-1,151,supplier-8,1386.27,2020-05-03
5139,chair,furniture,WH-5,221,supplier-5,29.37,2021-01-21
5140,mouse,electronics,WH-2,197,supplier-18,1366.35,2020-04-18
5141,mouse,electronics,WH-2,248,supplier-14,1073.78,2020-08-29
5142,mouse,electronics,WH-4,325,supplier-19,299.11,2020-07-20
5143,scanner,electronics,WH-5,174,supplier-2,299.84,2021-05-19
5144,printer,electronics,WH-3,230,supplier-14,846.74,2020-01-17
5145,mouse,electronics,WH-3,417,supplier-18,447.35,2020-07-02
5146,mouse,electronics,WH-4,221,supplier-4,200.87,2020-07-05
5147,monitor,electronics,WH-2,482,supplier-14,812.62,2021-05-24
5148,desktops,electronics,WH-4,351,supplier-5,236.52,2020-03-01
5149,desk,furniture,WH-1,159,supplier-3,315.2,2020-04-01
5150,desk,furniture,WH-3,473,supplier-6,254.88,2021-03-05
5151,flashdrives,electronics,WH-1,251,supplier-4,182.92,2021-03-21
5152,monitor,electronics,WH-1,129,supplier-1,742.88,2021-02-25
5153,monitor,electronics,WH-5,167,supplier-18,375.88,2020-09-08
5154,monitor,electronics,WH-2,151,supplier-4,1000.54,2021-03-29
5155,printer,electronics,WH-1,447,supplier-10,330.22,2021-05-01
5156,mouse,electronics,WH-3,1,supplier-4,709.99,2020-04-26
5157,laptop,electronics,WH-4,109,supplier-2,416.21,2020-04-11
5158,scanner,electronics,WH-4,309,supplier-5,1042.7,2020-05-14
5159,scanner,electronics,WH-3,363,supplier-1,149.85,2021-04-30
5160,scanner,electronics,WH-1,89,supplier-5,1240.81,2020-10-03
5161,desktops,electronics,WH-4,143,supplier-1,917.47,2020-09-23
5162,keyboard,electronics,WH-3,41,supplier-16,432.76,2020-06-10
5163,laptop,electronics,WH-3,240,supplier-14,299.03,2020-12-22
5164,printer,electronics,WH-4,103,supplier-18,676.55,2020-10-18
5165,keyboard,electronics,WH-1,245,supplier-12,98.11,2020-12-22
5166,desk,furniture,WH-5,301,supplier-14,1214.28,2021-05-17
5167,keyboard,electronics,WH-3,305,supplier-18,1425.39,2021-02-11
5168,monitor,electronics,WH-5,126,supplier-16,871.39,2020-10-12
5169,printer,electronics,WH-4,332,supplier-10,1161.88,2020-05-10
5170,mouse,electronics,WH-2,448,supplier-8,1408.99,2021-04-02
5171,laptop,electronics,WH-5,278,supplier-17,692.6,2020-07-18
5172,scanner,electronics,WH-3,268,supplier-7,716.19,2020-05-02
5173,flashdrives,electronics,WH-4,416,supplier-20,502.86,2020-10-22
5174,mouse,electronics,WH-2,374,supplier-5,1469.54,2021-03-29
5175,monitor,electronics,WH-1,309,supplier-7,362.19,2020-03-17
5176,mouse,electronics,WH-3,242,supplier-20,1063.47,2020-10-28
5177,printer,electronics,WH-5,175,supplier-11,1485.23,2020-09-20
5178,laptop,electronics,WH-5,143,supplier-4,793.02,2020-01-18
5179,chair,furniture,WH-1,465,supplier-1,172.46,2020-04-24
5180,keyboard,electronics,WH-4,28,supplier-16,310.01,2020-10-20
5181,scanner,electronics,WH-2,63,supplier-5,132.84,2020-12-03
5182,desk,furniture,WH-5,217,supplier-17,347.79,2020-11-17
5183,flashdrives,electronics,WH-1,305,supplier-3,542.23,2020-03-29
5184,desk,furniture,WH-1,219,supplier-7,629.89,2021-03-30
5185,chair,furniture,WH-4,115,supplier-10,829.43,2020-06-23
5186,mouse,electronics,WH-3,206,supplier-16,49.26,2020-12-21
5187,scanner,electronics,WH-3,133,supplier-2,1146.22,2020-09-24
5188,desktops,electronics,WH-3,418,supplier-15,727.51,2020-06-20
5189,desk,furniture,WH-2,165,supplier-8,143.66,2021-01-28
5190,keyboard,electronics,WH-3,14,supplier-15,363.23,2021-01-06
5191,desk,furniture,WH-1,207,supplier-12,861.68,2020-06-21
5192,desktops,electronics,WH-5,259,supplier-11,1243.35,2021-04-12
5193,monitor,electronics,WH-5,212,supplier-17,317.95,2021-01-01
5194,scanner,electronics,WH-5,86,supplier-15,1434.58,2020-03-07
5195,keyboard,electronics,WH-3,77,supplier-16,706.39,2020-01-08
5196,monitor,electronics,WH-5,281,supplier-2,71.55,2021-02-17
5197,keyboard,electronics,WH-2,477,supplier-11,1123.01,2020-12-06
5198,monitor,electronics,WH-1,111,supplier-12,404.24,2021-04-20
5199,flashdrives,electronics,WH-3,296,supplier-10,1029.91,2020-10-23
5200,keyboard,electronics,WH-2,164,supplier-18,765.03,2020-05-12
5201,keyboard,electronics,WH-4,428,supplier-11,399.56,2021-03-23
5202,laptop,electronics,WH-5,151,supplier-19,252.86,2020-04-29
5203,printer,electronics,WH-5,455,supplier-20,834.23,2021-01-22
5204,keyboard,electronics,WH-2,437,supplier-18,1236.48,2020-10-28
5205,desktops,electronics,WH-2,55,supplier-7,281.24,2020-03-22
5206,desk,furniture,WH-1,260,supplier-6,680.77,2021-03-02
5207,desktops,electronics,WH-1,433,supplier-7,553.51,2020-01-25
5208,desk,furniture,WH-5,120,supplier-2,704.11,2021-06-01
5209,flashdrives,electronics,WH-1,374,supplier-12,678.56,2020-05-02
5210,keyboard,electronics,WH-4,0,supplier-17,765.88,2021-05-20
5211,flashdrives,electronics,WH-4,132,supplier-3,1138.86,2020-05-08
5212,laptop,electronics,WH-5,162,supplier-4,448.61,2020-02-13
5213,chair,furniture,WH-1,47,supplier-12,1235.83,2020-02-03
5214,keyboard,electronics,WH-5,375,supplier-8,527.73,2021-04-10
5215,mouse,electronics,WH-1,5,supplier-3,675.55,2021-05-04
5216,keyboard,electronics,WH-2,457,supplier-15,287.27,2021-04-26
5217,monitor,electronics,WH-3,350,supplier-4,1286.75,2021-04-27
5218,chair,furniture,WH-3,233,supplier-7,738.28,2020-04-20
5219,scanner,electronics,WH-5,68,supplier-1,1016.22,2020-06-19
5220,chair,furniture,WH-2,389,supplier-6,291.03,2020-06-07
5221,monitor,electronics,WH-5,391,supplier-10,595.6,2020-09-05
5222,laptop,electronics,WH-5,475,supplier-7,770.98,2021-01-30
5223,mouse,electronics,WH-3,380,supplier-6,894.84,2020-03-01
5224,desktops,electronics,WH-1,374,supplier-13,472.78,2021-06-10
5225,desk,furniture,WH-1,465,supplier-9,545.74,2020-08-09
5226,printer,electronics,WH-2,6,supplier-6,399.16,2020-06-20
5227,scanner,electronics,WH-2,403,supplier-19,485.15,2020-03-28
5228,chair,furniture,WH-3,305,supplier-16,1223.83,2021-01-08
5229,printer,electronics,WH-2,267,supplier-8,1278.12,2020-01-02
5230,desktops,electronics,WH-5,448,supplier-16,1125.2,2021-04-27
5231,monitor,electronics,WH-1,148,supplier-4,287.17,2020-10-09
5232,flashdrives,electronics,WH-1,145,supplier-5,455.47,2021-05-17
5233,scanner,electronics,WH-2,354,supplier-1,679.25,2021-05-01
5234,laptop,electronics,WH-5,498,supplier-15,195.82,2021-01-10
5235,flashdrives,electronics,WH-5,152,supplier-8,1437.24,2020-08-11
5236,desktops,electronics,WH-3,474,supplier-19,1479.8,2020-01-27
5237,laptop,electronics,WH-5,210,supplier-3,147.39,2020-11-27
5238,mouse,electronics,WH-4,148,supplier-11,203.92,2021-06-05
5239,monitor,electronics,WH-3,290,supplier-1,1425.74,2021-05-12
5240,flashdrives,electronics,WH-5,188,supplier-2,243.75,2020-05-01
5241,laptop,electronics,WH-5,423,supplier-2,865.26,2020-09-04
5242,flashdrives,electronics,WH-2,67,supplier-10,602.31,2020-09-28
5243,laptop,electronics,WH-1,428,supplier-2,1010.32,2020-02-07
5244,flashdrives,electronics,WH-3,413,supplier-7,1359.76,2020-07-27
5245,keyboard,electronics,WH-3,64,supplier-18,13.64,2020-10-06
5246,flashdrives,electronics,WH-5,77,supplier-7,745.55,2020-10-20
5247,keyboard,electronics,WH-4,473,supplier-15,616.97,2020-06-22
5248,chair,furniture,WH-1,333,supplier-16,583.46,2021-04-28
5249,scanner,electronics,WH-2,223,supplier-17,401.29,2021-06-17
5250,chair,furniture,WH-1,131,supplier-18,697.96,2020-08-14
5251,scanner,electronics,WH-5,278,supplier-9,231.58,2020-10-09
5252,mouse,electronics,WH-3,17,supplier-7,1382.72,2020-03-13
5253,monitor,electronics,WH-3,184,supplier-8,1114.6,2021-05-27
5254,flashdrives,electronics,WH-5,299,supplier-1,407.31,2021-03-28
5255,monitor,electronics,WH-2,232,supplier-15,653.14,2021-05-08
5256,scanner,electronics,WH-4,217,supplier-15,1341.82,2021-04-21
5257,monitor,electronics,WH-3,61,supplier-2,1335.51,2021-04-03
5258,mouse,electronics,WH-5,417,supplier-9,1327.38,2020-02-15
5259,flashdrives,electronics,WH-3,84,supplier-11,653.49,2020-01-31
5260,keyboard,electronics,WH-3,142,supplier-17,602.33,2020-03-16
5261,scanner,electronics,WH-4,178,supplier-6,1265.14,2020-05-01
5262,keyboard,electronics,WH-1,447,supplier-17,187.63,2021-03-21
5263,desktops,electronics,WH-3,334,supplier-15,330.61,2020-09-15
5264,keyboard,electronics,WH-4,285,supplier-14,875.83,2020-04-30
5265,desk,furniture,WH-2,96,supplier-13,1278.96,2021-01-17
5266,keyboard,electronics,WH-4,430,supplier-18,1216.84,2020-08-19
5267,monitor,electronics,WH-4,128,supplier-15,216.74,2020-09-04
5268,mouse,electronics,WH-4,180,supplier-8,748.48,2020-09-01
5269,laptop,electronics,WH-5,244,supplier-14,560.93,2020-06-08
5270,desk,furniture,WH-3,189,supplier-14,71.44,2020-02-22
5271,mouse,electronics,WH-3,358,supplier-6,583.57,2021-03-12
5272,printer,electronics,WH-1,147,supplier-20,755.16,2021-05-31
5273,printer,electronics,WH-1,427,supplier-6,1126.48,2020-10-19
5274,desktops,electronics,WH-5,441,supplier-11,168.06,2020-11-23
5275,laptop,electronics,WH-3,143,supplier-6,842.26,2021-03-13
5276,laptop,electronics,WH-2,5,supplier-16,1003.07,2021-03-16
5277,laptop,electronics,WH-2,32,supplier-19,311.51,2020-04-21
5278,monitor,electronics,WH-3,185,supplier-16,337.1,2020-04-11
5279,desk,furniture,WH-1,242,supplier-10,13.19,2020-01-29
5280,flashdrives,electronics,WH-2,216,supplier-19,1076.37,2020-12-21
5281,desktops,electronics,WH-4,424,supplier-1,487.58,2020-09-18
5282,printer,electronics,WH-4,202,supplier-5,775.06,2020-01-28
5283,laptop,electronics,WH-3,485,supplier-1,824.49,2021-02-22
5284,scanner,electronics,WH-3,127,supplier-18,1161.54,2020-03-05
5285,mouse,electronics,WH-2,200,supplier-5,839.25,2021-04-05
5286,printer,electronics,WH-2,474,supplier-13,1484.62,2020-06-25
5287,flashdrives,electronics,WH-5,236,supplier-15,1221.78,2021-03-26
5288,desktops,electronics,WH-3,431,supplier-20,188.68,2020-06-04
5289,desk,furniture,WH-1,91,supplier-6,929.37,2021-02-16
5290,mouse,electronics,WH-2,308,supplier-16,1129.69,2020-06-05
5291,mouse,electronics,WH-1,196,supplier-10,276.35,2020-04-27
5292,desktops,electronics,WH-1,56,supplier-9,424.56,2020-09-02
5293,desktops,electronics,WH-3,273,supplier-7,1302.94,2020-06-19
5294,desk,furniture,WH-5,110,supplier-8,118.52,2020-03-11
5295,scanner,electronics,WH-1,209,supplier-10,860.91,2020-09-30
5296,desktops,electronics,WH-1,222,supplier-3,437.47,2020-10-03
5297,scanner,electronics,WH-1,494,supplier-11,1253.44,2021-05-09
5298,scanner,electronics,WH-4,468,supplier-15,765.05,2020-05-16
5299,keyboard,electronics,WH-1,57,supplier-3,196.45,2020-01-01
5300,keyboard,electronics,WH-5,148,supplier-10,286.84,2021-03-16
5301,mouse,electronics,WH-1,217,supplier-14,934.35,2021-03-30
5302,scanner,electronics,WH-5,39,supplier-11,586.37,2020-10-07
5303,laptop,electronics,WH-2,224,supplier-9,975.18,2021-05-28
5304,keyboard,electronics,WH-3,311,supplier-20,491.75,2021-04-01
5305,keyboard,electronics,WH-2,241,supplier-9,333.99,2021-02-15
5306,mouse,electronics,WH-5,191,supplier-19,1194.3,2021-02-17
5307,monitor,electronics,WH-3,431,supplier-9,506.62,2021-01-28
5308,mouse,electronics,WH-5,409,supplier-6,45.5,2020-01-11
5309,flashdrives,electronics,WH-1,255,supplier-10,1295.87,2021-01-20
5310,flashdrives,electronics,WH-4,421,supplier-2,1456.31,2021-02-17
5311,chair,furniture,WH-2,39,supplier-11,572.46,2020-02-06
5312,flashdrives,electronics,WH-1,224,supplier-3,85.62,2020-11-06
5313,printer,electronics,WH-4,287,supplier-20,21.08,2020-02-16
5314,chair,furniture,WH-3,366,supplier-1,1127.0,2021-05-18
5315,printer,electronics,WH-4,268,supplier-16,999.8,2020-07-27
5316,desk,furniture,WH-3,354,supplier-2,1177.8,2020-12-06
5317,flashdrives,electronics,WH-1,128,supplier-17,932.49,2021-06-01
5318,monitor,electronics,WH-5,102,supplier-5,385.3,2021-04-26
5319,monitor,electronics,WH-4,209,supplier-18,1461.89,2020-05-14
5320,chair,furniture,WH-4,215,supplier-11,1027.6,2021-01-31
5321,chair,furniture,WH-4,341,supplier-15,911.2,2020-01-27
5322,keyboard,electronics,WH-5,176,supplier-7,1351.36,2020-12-05
5323,desktops,electronics,WH-1,96,supplier-19,439.79,2020-01-22
5324,mouse,electronics,WH-1,227,supplier-1,407.8,2020-11-19
5325,mouse,electronics,WH-4,241,supplier-2,909.42,2020-01-07
5326,mouse,electronics,WH-5,391,supplier-5,698.43,2020-12-13
5327,laptop,electronics,WH-5,481,supplier-16,1171.2,2021-04-12
5328,desktops,electronics,WH-2,408,supplier-5,1254.97,2021-05-06
5329,mouse,electronics,WH-2,7,supplier-8,82.9,2020-08-28
5330,monitor,electronics,WH-3,376,supplier-18,20.02,2021-03-25
5331,chair,furniture,WH-4,185,supplier-17,730.82,2020-03-06
5332,mouse,electronics,WH-2,106,supplier-1,422.18,2021-03-24
5333,desktops,electronics,WH-4,481,supplier-14,695.78,2020-08-10
5334,keyboard,electronics,WH-5,407,supplier-12,1268.76,2020-02-09
5335,desk,furniture,WH-5,67,supplier-17,314.84,2020-09-19
5336,mouse,electronics,WH-3,436,supplier-3,728.96,2020-05-25
5337,scanner,electronics,WH-3,273,supplier-8,761.82,2020-06-09
5338,chair,furniture,WH-5,129,supplier-19,231.73,2020-09-19
5339,monitor,electronics,WH-1,201,supplier-13,861.16,2020-07-24
5340,flashdrives,electronics,WH-3,87,supplier-3,483.58,2020-12-24
5341,mouse,electronics,WH-5,465,supplier-2,1460.41,2020-05-10
5342,flashdrives,electronics,WH-3,219,supplier-14,1430.14,2020-05-24
5343,desktops,electronics,WH-2,249,supplier-9,61.65,2021-03-05
5344,scanner,electronics,WH-1,233,supplier-17,914.58,2020-01-22
5345,desk,furniture,WH-4,262,supplier-2,1348.0,2020-10-16
5346,keyboard,electronics,WH-3,85,supplier-18,77.83,2021-02-12
5347,mouse,electronics,WH-4,370,supplier-15,873.28,2020-02-24
5348,laptop,electronics,WH-1,215,supplier-20,32.68,2021-03-10
5349,desktops,electronics,WH-3,159,supplier-18,1127.81,2021-04-14
5350,mouse,electronics,WH-2,337,supplier-13,742.58,2020-06-20
5351,chair,furniture,WH-1,145,supplier-8,928.22,2020-04-13
5352,desk,furniture,WH-2,122,supplier-10,679.2,2020-08-30
5353,mouse,electronics,WH-1,48,supplier-8,1124.06,2020-09-09
5354,printer,electronics,WH-2,148,supplier-6,50.6,2021-06-04
5355,desk,furniture,WH-2,72,supplier-20,570.27,2021-05-06
5356,mouse,electronics,WH-4,231,supplier-11,893.2,2020-08-12
5357,desk,furniture,WH-5,499,supplier-16,779.07,2021-02-01
5358,laptop,electronics,WH-5,181,supplier-3,851.31,2020-08-02
5359,desktops,electronics,WH-2,72,supplier-12,880.61,2020-11-05
5360,monitor,electronics,WH-4,99,supplier-5,817.4,2020-07-25
5361,flashdrives,electronics,WH-3,149,supplier-1,1137.23,2020-06-16
5362,chair,furniture,WH-5,82,supplier-1,1130.81,2020-11-03
5363,printer,electronics,WH-1,88,supplier-7,660.22,2020-10-03
5364,chair,furniture,WH-4,103,supplier-11,442.1,2021-04-16
5365,mouse,electronics,WH-3,125,supplier-20,886.81,2020-11-18
5366,desktops,electronics,WH-2,346,supplier-4,231.13,2020-02-27
5367,desk,furniture,WH-2,6,supplier-16,242.33,2020-05-11
5368,desktops,electronics,WH-1,414,supplier-11,575.0,2020-05-28
5369,keyboard,electronics,WH-2,59,supplier-2,1354.53,2020-07-16
5370,printer,electronics,WH-3,178,supplier-11,180.31,2020-07-11
5371,laptop,electronics,WH-1,207,supplier-12,188.88,2020-04-20
5372,desktops,electronics,WH-1,43,supplier-1,310.88,2020-08-08
5373,desktops,electronics,WH-5,272,supplier-6,1242.55,2020-06-20
5374,keyboard,electronics,WH-2,364,supplier-15,495.61,2020-07-26
5375,monitor,electronics,WH-3,123,supplier-3,296.78,2020-06-21
5376,mouse,electronics,WH-4,67,supplier-19,1435.5,2021-02-07
5377,keyboard,electronics,WH-3,161,supplier-20,1280.9,2020-02-22
5378,mouse,electronics,WH-1,71,supplier-15,1102.96,2020-10-12
5379,mouse,electronics,WH-4,471,supplier-9,687.93,2020-12-31
5380,mouse,electronics,WH-4,54,supplier-17,276.51,2020-11-23
5381,chair,furniture,WH-2,64,supplier-20,465.62,2021-01-07
5382,flashdrives,electronics,WH-5,143,supplier-11,1101.07,2020-07-31
5383,desktops,electronics,WH-1,74,supplier-1,490.4,2021-06-11
5384,laptop,electronics,WH-5,419,supplier-1,592.32,2020-02-28
5385,laptop,electronics,WH-2,352,supplier-2,850.29,2020-01-13
5386,monitor,electronics,WH-1,18,supplier-18,867.33,2020-03-09
5387,laptop,electronics,WH-1,219,supplier-8,1294.29,2020-10-18
5388,printer,electronics,WH-5,360,supplier-2,388.37,2020-11-07
5389,keyboard,electronics,WH-3,275,supplier-6,295.69,2020-05-29
5390,printer,electronics,WH-3,182,supplier-13,992.17,2020-06-12
5391,scanner,electronics,WH-3,12,supplier-15,505.09,2021-06-04
5392,scanner,electronics,WH-3,255,supplier-17,1434.81,2020-04-11
5393,monitor,electronics,WH-4,25,supplier-8,908.02,2020-01-27
5394,keyboard,electronics,WH-3,332,supplier-18,286.8,2020-05-06
5395,flashdrives,electronics,WH-1,407,supplier-14,101.47,2020-01-30
5396,scanner,electronics,WH-4,341,supplier-1,1298.91,2021-01-25
5397,monitor,electronics,WH-4,286,supplier-10,149.47,2020-03-08
5398,flashdrives,electronics,WH-1,339,supplier-11,23.2,2020-11-05
5399,desk,furniture,WH-5,465,supplier-18,334.12,2021-05-21
5400,desk,furniture,WH-3,323,supplier-8,458.71,2021-03-29
5401,monitor,electronics,WH-4,490,supplier-8,1209.94,2020-03-24
5402,desktops,electronics,WH-1,166,supplier-7,698.87,2021-04-21
5403,monitor,electronics,WH-5,304,supplier-16,757.0,2020-03-18
5404,desk,furniture,WH-3,224,supplier-5,665.7,2020-08-23
5405,mouse,electronics,WH-1,483,supplier-10,889.36,2021-03-15
5406,scanner,electronics,WH-5,236,supplier-15,859.03,2021-03-02
5407,chair,furniture,WH-2,325,supplier-12,1133.77,2021-02-04
5408,mouse,electronics,WH-2,267,supplier-11,802.94,2020-04-13
5409,mouse,electronics,WH-2,255,supplier-8,383.41,2020-04-11
5410,desktops,electronics,WH-1,194,supplier-5,524.02,2020-09-26
5411,monitor,electronics,WH-1,402,supplier-19,26.55,2021-04-12
5412,scanner,electronics,WH-5,115,supplier-7,1142.06,2021-02-26
5413,desk,furniture,WH-1,357,supplier-6,576.11,2020-04-18
5414,desk,furniture,WH-3,363,supplier-11,1338.26,2020-05-11
5415,laptop,electronics,WH-2,33,supplier-13,880.97,2020-09-11
5416,scanner,electronics,WH-3,181,supplier-13,399.06,2021-03-01
5417,chair,furniture,WH-4,66,supplier-8,776.0,2021-02-18
5418,keyboard,electronics,WH-3,144,supplier-12,976.12,2020-06-17
5419,flashdrives,electronics,WH-5,440,supplier-16,76.51,2020-06-16
5420,desktops,electronics,WH-3,494,supplier-11,1073.85,2020-07-16
5421,desktops,electronics,WH-4,51,supplier-20,210.13,2021-04-10
5422,desk,furniture,WH-2,103,supplier-8,1011.86,2020-12-22
5423,laptop,electronics,WH-5,318,supplier-18,915.86,2020-05-14
5424,monitor,electronics,WH-3,71,supplier-13,1184.21,2020-01-12
5425,scanner,electronics,WH-1,44,supplier-20,318.17,2021-04-20
5426,flashdrives,electronics,WH-3,378,supplier-13,650.79,2020-11-22
5427,flashdrives,electronics,WH-5,411,supplier-8,442.09,2020-02-16
5428,keyboard,electronics,WH-2,106,supplier-14,1070.26,2021-04-26
5429,chair,furniture,WH-2,196,supplier-8,906.03,2020-08-31
5430,desk,furniture,WH-3,355,supplier-18,276.91,2020-07-17
5431,chair,furniture,WH-3,435,supplier-10,740.26,2020-02-20
5432,chair,furniture,WH-3,78,supplier-10,262.61,2020-11-24
5433,chair,furniture,WH-4,273,supplier-11,1341.59,2020-04-15
5434,keyboard,electronics,WH-2,132,supplier-3,298.82,2020-10-11
5435,keyboard,electronics,WH-3,56,supplier-11,1213.1,2020-03-26
5436,scanner,electronics,WH-1,145,supplier-8,70.75,2020-02-15
5437,printer,electronics,WH-1,392,supplier-16,1275.69,2020-08-23
5438,printer,electronics,WH-2,4,supplier-4,1159.86,2020-05-18
5439,monitor,electronics,WH-4,435,supplier-15,756.04,2020-12-12
5440,scanner,electronics,WH-5,314,supplier-12,221.79,2021-03-04
5441,keyboard,electronics,WH-2,413,supplier-2,1425.54,2020-09-08
5442,printer,electronics,WH-1,422,supplier-10,33.63,2020-02-05
5443,scanner,electronics,WH-5,79,supplier-6,284.27,2021-04-05
5444,mouse,electronics,WH-4,229,supplier-5,56.03,2020-03-31
5445,keyboard,electronics,WH-3,315,supplier-13,535.02,2020-05-01
5446,desktops,electronics,WH-5,87,supplier-8,951.53,2021-04-26
5447,flashdrives,electronics,WH-2,230,supplier-20,954.06,2021-05-08
5448,printer,electronics,WH-1,460,supplier-2,666.07,2020-07-20
5449,desktops,electronics,WH-1,212,supplier-5,1346.39,2020-10-07
5450,desk,furniture,WH-4,410,supplier-4,936.02,2020-12-23
5451,keyboard,electronics,WH-4,36,supplier-8,248.41,2020-08-09
5452,mouse,electronics,WH-5,396,supplier-8,668.2,2021-06-18
5453,flashdrives,electronics,WH-1,131,supplier-13,233.34,2020-02-17
5454,desk,furniture,WH-1,357,supplier-7,1088.7,2020-05-18
5455,keyboard,electronics,WH-1,379,supplier-9,27.12,2021-04-01
5456,mouse,electronics,WH-5,494,supplier-10,769.67,2020-03-15
5457,printer,electronics,WH-5,312,supplier-16,1480.21,2021-04-13
5458,laptop,electronics,WH-4,217,supplier-7,281.97,2020-06-23
5459,desktops,electronics,WH-4,59,supplier-1,1289.19,2020-07-09
5460,desk,furniture,WH-1,436,supplier-13,1435.68,2020-03-08
5461,laptop,electronics,WH-3,240,supplier-5,633.16,2020-12-05
5462,monitor,electronics,WH-3,62,supplier-7,1203.34,2020-07-24
5463,keyboard,electronics,WH-4,242,supplier-2,994.71,2021-02-17
5464,desk,furniture,WH-2,232,supplier-16,1172.44,2020-05-01
5465,scanner,electronics,WH-5,245,supplier-11,438.61,2020-07-29
5466,flashdrives,electronics,WH-5,256,supplier-3,426.3,2021-02-11
5467,desk,furniture,WH-2,495,supplier-8,641.18,2021-03-12
5468,monitor,electronics,WH-1,440,supplier-19,1307.35,2020-08-15
5469,laptop,electronics,WH-4,318,supplier-14,901.22,2020-06-30
5470,mouse,electronics,WH-3,443,supplier-10,141.3,2021-01-21
5471,scanner,electronics,WH-5,40,supplier-17,1455.89,2020-11-30
5472,flashdrives,electronics,WH-5,285,supplier-2,952.86,2020-09-25
5473,desktops,electronics,WH-4,31,supplier-13,28.44,2020-01-14
5474,desktops,electronics,WH-2,455,supplier-3,563.77,2020-08-12
5475,laptop,electronics,WH-4,492,supplier-20,353.09,2021-05-23
5476,desk,furniture,WH-5,241,supplier-14,1341.8,2021-01-15
5477,printer,electronics,WH-1,63,supplier-14,1219.22,2021-02-12
5478,desk,furniture,WH-5,305,supplier-20,826.31,2021-05-18
5479,laptop,electronics,WH-4,82,supplier-19,1144.69,2020-01-12
5480,desk,furniture,WH-2,273,supplier-15,1409.15,2020-10-31
5481,chair,furniture,WH-2,216,supplier-10,45.63,2021-04-30
5482,printer,electronics,WH-5,28,supplier-14,452.56,2020-05-02
5483,desktops,electronics,WH-1,355,supplier-19,1425.34,2020-08-28
5484,keyboard,electronics,WH-2,240,supplier-10,1002.62,2020-08-16
5485,chair,furniture,WH-1,38,supplier-11,978.61,2020-07-22
5486,keyboard,electronics,WH-4,393,supplier-5,575.29,2020-11-12
5487,laptop,electronics,WH-4,385,supplier-6,1498.15,2020-11-05
5488,flashdrives,electronics,WH-3,162,supplier-5,1164.75,2020-03-18
5489,desk,furniture,WH-3,187,supplier-2,151.95,2020-06-10
5490,keyboard,electronics,WH-4,358,supplier-2,78.38,2020-10-02
5491,monitor,electronics,WH-4,379,supplier-16,947.55,2020-01-08
5492,scanner,electronics,WH-4,450,supplier-10,1398.73,2021-04-28
5493,desk,furniture,WH-2,202,supplier-18,853.18,2021-01-18
5494,chair,furniture,WH-1,162,supplier-19,253.88,2020-12-09
5495,keyboard,electronics,WH-4,289,supplier-1,1158.09,2020-08-03
5496,laptop,electronics,WH-1,2,supplier-17,1439.08,2020-10-04
5497,scanner,electronics,WH-3,349,supplier-5,230.94,2020-10-12
5498,mouse,electronics,WH-3,417,supplier-8,889.7,2020-09-24
5499,laptop,electronics,WH-3,167,supplier-14,112.42,2021-06-02
5500,desktops,electronics,WH-3,398,supplier-12,915.8,2020-04-11
5501,keyboard,electronics,WH-2,491,supplier-8,1393.31,2020-09-16
5502,mouse,electronics,WH-5,399,supplier-17,466.59,2020-10-12
5503,monitor,electronics,WH-1,37,supplier-1,157.14,2021-01-27
5504,desktops,electronics,WH-2,264,supplier-1,959.26,2020-03-13
5505,scanner,electronics,WH-2,431,supplier-7,710.78,2020-09-27
5506,monitor,electronics,WH-2,81,supplier-7,373.1,2020-02-02
5507,desktops,electronics,WH-4,393,supplier-5,418.97,2020-06-15
5508,mouse,electronics,WH-3,187,supplier-2,625.85,2020-04-11
5509,chair,furniture,WH-3,241,supplier-19,573.38,2020-12-01
5510,monitor,electronics,WH-2,281,supplier-18,67.48,2021-06-19
5511,keyboard,electronics,WH-5,106,supplier-3,26.46,2021-02-24
5512,desk,furniture,WH-1,432,supplier-8,971.75,2020-07-05
5513,desktops,electronics,WH-4,263,supplier-8,715.13,2021-01-11
5514,desktops,electronics,WH-2,360,supplier-16,832.26,2020-02-26
5515,flashdrives,electronics,WH-2,53,supplier-20,1062.89,2020-11-06
5516,keyboard,electronics,WH-2,419,supplier-2,556.66,2020-10-14
5517,desk,furniture,WH-1,37,supplier-15,1261.63,2020-05-13
5518,chair,furniture,WH-4,195,supplier-12,1054.05,2020-01-24
5519,keyboard,electronics,WH-3,116,supplier-1,1430.96,2020-06-08
5520,flashdrives,electronics,WH-2,96,supplier-5,1212.63,2020-11-13
5521,printer,electronics,WH-2,102,supplier-17,1110.89,2020-12-31
5522,laptop,electronics,WH-5,157,supplier-20,919.46,2020-11-28
5523,chair,furniture,WH-2,336,supplier-16,688.5,2020-08-08
5524,scanner,electronics,WH-4,49,supplier-13,1492.48,2021-03-15
5525,laptop,electronics,WH-2,29,supplier-10,269.98,2020-01-05
5526,chair,furniture,WH-2,186,supplier-20,381.1,2020-09-13
5527,mouse,electronics,WH-4,112,supplier-19,1201.45,2020-12-15
5528,scanner,electronics,WH-2,181,supplier-2,1340.39,2020-06-20
5529,chair,furniture,WH-3,487,supplier-8,180.22,2020-01-17
5530,desk,furniture,WH-2,295,supplier-16,69.71,2020-04-10
5531,desktops,electronics,WH-3,7,supplier-14,1269.84,2020-01-18
5532,keyboard,electronics,WH-1,266,supplier-4,568.38,2020-04-20
5533,printer,electronics,WH-4,98,supplier-5,521.35,2020-12-30
5534,scanner,electronics,WH-5,447,supplier-4,1302.32,2020-01-16
5535,flashdrives,electronics,WH-2,427,supplier-15,1382.14,2021-01-31
5536,flashdrives,electronics,WH-4,397,supplier-13,673.13,2021-06-08
5537,desk,furniture,WH-3,32,supplier-17,532.98,2020-03-25
5538,flashdrives,electronics,WH-1,204,supplier-4,1019.25,2021-02-25
5539,keyboard,electronics,WH-5,136,supplier-2,1402.44,2020-07-23
5540,monitor,electronics,WH-5,268,supplier-13,1132.48,2021-05-03
5541,chair,furniture,WH-3,275,supplier-18,670.51,2021-02-18
5542,laptop,electronics,WH-1,109,supplier-14,464.22,2020-02-05
5543,mouse,electronics,WH-4,465,supplier-4,618.8,2020-05-17
5544,printer,electronics,WH-1,86,supplier-4,1144.92,2020-11-12
5545,desktops,electronics,WH-4,34,supplier-2,886.43,2020-02-18
5546,laptop,electronics,WH-3,236,supplier-4,698.43,2020-12-10
5547,desktops,electronics,WH-1,452,supplier-13,103.67,2020-04-30
5548,printer,electronics,WH-1,121,supplier-17,517.05,2021-06-05
5549,scanner,electronics,WH-4,449,supplier-17,400.68,2020-08-26
5550,desktops,electronics,WH-1,34,supplier-1,1376.83,2021-01-14
5551,monitor,electronics,WH-3,386,supplier-4,1232.73,2020-02-28
5552,desk,furniture,WH-3,458,supplier-13,1076.7,2021-03-14
5553,chair,furniture,WH-3,397,supplier-20,791.87,2021-05-19
5554,flashdrives,electronics,WH-3,267,supplier-17,1376.94,2020-09-03
5555,laptop,electronics,WH-5,209,supplier-5,1123.09,2021-05-19
5556,keyboard,electronics,WH-2,227,supplier-2,766.78,2020-05-28
5557,laptop,electronics,WH-3,425,supplier-6,597.17,2020-10-09
5558,desktops,electronics,WH-2,267,supplier-1,651.4,2020-04-10
5559,desktops,electronics,WH-1,409,supplier-9,1071.06,2020-08-07
5560,desk,furniture,WH-2,39,supplier-5,537.46,2021-02-09
5561,desktops,electronics,WH-2,399,supplier-8,141.54,2021-03-22
5562,desk,furniture,WH-2,177,supplier-20,42.59,2021-04-28
5563,keyboard,electronics,WH-3,291,supplier-6,404.5,2020-10-19
5564,scanner,electronics,WH-2,254,supplier-1,859.66,2021-06-06
5565,flashdrives,electronics,WH-4,340,supplier-17,956.98,2020-07-02
5566,keyboard,electronics,WH-2,424,supplier-16,1224.96,2020-04-01
5567,keyboard,electronics,WH-4,379,supplier-19,151.44,2021-01-08
5568,desk,furniture,WH-4,74,supplier-20,1466.65,2020-10-05
5569,flashdrives,electronics,WH-2,41,supplier-19,36.02,2020-04-02
5570,monitor,electronics,WH-5,122,supplier-14,292.84,2020-12-31
5571,laptop,electronics,WH-3,166,supplier-6,618.64,2020-04-02
5572,desktops,electronics,WH-2,493,supplier-5,1405.33,2021-03-11
5573,monitor,electronics,WH-4,262,supplier-10,358.63,2020-11-03
5574,desktops,electronics,WH-4,201,supplier-5,1279.12,2020-07-22
5575,flashdrives,electronics,WH-3,219,supplier-20,988.07,2020-04-03
5576,chair,furniture,WH-5,460,supplier-2,1100.42,2020-11-07
5577,laptop,electronics,WH-3,248,supplier-5,1322.53,2020-02-01
5578,chair,furniture,WH-2,407,supplier-4,109.16,2020-05-23
5579,keyboard,electronics,WH-5,244,supplier-18,1438.33,2020-08-10
5580,monitor,electronics,WH-2,234,supplier-10,1430.15,2020-02-22
5581,mouse,electronics,WH-5,125,supplier-15,829.42,2021-05-19
5582,laptop,electronics,WH-2,73,supplier-6,616.82,2020-12-02
5583,desk,furniture,WH-1,56,supplier-6,663.55,2020-01-17
5584,desk,furniture,WH-1,161,supplier-20,387.46,2020-04-02
5585,desktops,electronics,WH-3,273,supplier-15,1043.56,2021-04-27
5586,printer,electronics,WH-2,136,supplier-13,1142.96,2021-04-19
5587,chair,furniture,WH-3,35,supplier-4,457.58,2021-04-05
5588,scanner,electronics,WH-5,41,supplier-12,1134.73,2020-08-23
5589,chair,furniture,WH-3,190,supplier-2,474.17,2020-05-19
5590,monitor,electronics,WH-4,289,supplier-14,940.75,2020-11-22
5591,flashdrives,electronics,WH-5,300,supplier-10,909.03,2020-02-01
5592,flashdrives,electronics,WH-2,0,supplier-3,214.77,2020-04-06
5593,chair,furniture,WH-3,6,supplier-5,531.85,2020-04-26
5594,laptop,electronics,WH-2,391,supplier-5,1432.27,2020-10-14
5595,keyboard,electronics,WH-1,60,supplier-9,1444.28,2021-04-05
5596,printer,electronics,WH-3,435,supplier-15,1362.31,2021-02-23
5597,printer,electronics,WH-1,426,supplier-8,1048.81,2020-11-01
5598,desktops,electronics,WH-2,461,supplier-17,1372.73,2021-04-29
5599,laptop,electronics,WH-2,264,supplier-10,678.85,2020-04-02
5600,monitor,electronics,WH-3,462,supplier-15,1468.99,2020-11-24
5601,laptop,electronics,WH-5,323,supplier-17,643.16,2020-08-18
5602,laptop,electronics,WH-4,485,supplier-10,703.39,2020-07-13
5603,chair,furniture,WH-1,490,supplier-6,1348.74,2020-01-05
5604,printer,electronics,WH-2,462,supplier-8,170.19,2020-10-20
5605,desk,furniture,WH-5,175,supplier-8,1142.13,2021-02-24
5606,scanner,electronics,WH-1,95,supplier-7,661.96,2020-07-26
5607,printer,electronics,WH-2,293,supplier-8,1416.7,2020-12-10
5608,printer,electronics,WH-4,300,supplier-12,797.04,2020-10-09
5609,keyboard,electronics,WH-3,414,supplier-14,228.94,2021-05-24
5610,monitor,electronics,WH-2,461,supplier-16,1488.92,2020-12-06
5611,desktops,electronics,WH-2,400,supplier-11,190.85,2020-08-28
5612,scanner,electronics,WH-1,454,supplier-13,311.88,2020-11-20
5613,laptop,electronics,WH-1,280,supplier-17,299.78,2021-03-11
5614,laptop,electronics,WH-3,446,supplier-2,568.07,2020-08-28
5615,printer,electronics,WH-4,117,supplier-14,1234.34,2021-02-25
5616,desktops,electronics,WH-4,361,supplier-6,728.84,2021-03-28
5617,printer,electronics,WH-5,495,supplier-10,759.61,2021-05-25
5618,desk,furniture,WH-1,37,supplier-5,945.39,2021-05-04
5619,flashdrives,electronics,WH-3,106,supplier-6,1422.26,2021-01-09
5620,printer,electronics,WH-5,280,supplier-10,473.19,2020-11-15
5621,flashdrives,electronics,WH-2,203,supplier-2,1114.69,2020-08-07
5622,scanner,electronics,WH-3,264,supplier-7,766.18,2020-03-26
5623,chair,furniture,WH-4,10,supplier-5,736.16,2020-07-14
5624,printer,electronics,WH-1,217,supplier-9,146.71,2020-07-21
5625,mouse,electronics,WH-4,345,supplier-3,1290.63,2020-04-01
5626,desktops,electronics,WH-3,361,supplier-11,1040.36,2020-10-27
5627,desk,furniture,WH-2,80,supplier-19,155.75,2021-01-25
5628,monitor,electronics,WH-4,70,supplier-3,1499.39,2020-01-12
5629,printer,electronics,WH-3,379,supplier-16,769.27,2021-02-19
5630,keyboard,electronics,WH-5,248,supplier-11,913.26,2021-04-15
5631,flashdrives,electronics,WH-4,44,supplier-20,1341.93,2020-04-06
5632,printer,electronics,WH-4,93,supplier-4,401.64,2021-05-08
5633,printer,electronics,WH-4,150,supplier-19,925.0,2020-12-28
5634,desk,furniture,WH-1,322,supplier-8,743.28,2020-05-03
5635,scanner,electronics,WH-2,29,supplier-18,1011.77,2021-01-11
5636,flashdrives,electronics,WH-4,437,supplier-16,330.64,2021-01-16
5637,keyboard,electronics,WH-4,212,supplier-10,315.76,2020-03-31
5638,scanner,electronics,WH-4,298,supplier-17,1129.77,2020-02-14
5639,monitor,electronics,WH-4,190,supplier-18,390.51,2021-06-14
5640,scanner,electronics,WH-2,180,supplier-18,821.39,2020-12-12
5641,flashdrives,electronics,WH-5,31,supplier-16,1478.24,2020-05-13
5642,monitor,electronics,WH-4,14,supplier-19,791.81,2021-01-07
5643,desktops,electronics,WH-1,125,supplier-8,1149.45,2020-09-28
5644,flashdrives,electronics,WH-2,90,supplier-5,1167.14,2020-02-13
5645,desk,furniture,WH-1,268,supplier-1,914.2,2021-02-23
5646,scanner,electronics,WH-5,184,supplier-9,628.83,2020-09-11
5647,desktops,electronics,WH-2,84,supplier-4,969.67,2020-08-18
5648,desk,furniture,WH-1,36,supplier-19,1134.9,2020-02-04
5649,laptop,electronics,WH-3,464,supplier-4,1129.07,2020-03-04
5650,chair,furniture,WH-4,375,supplier-18,574.98,2020-07-14
5651,flashdrives,electronics,WH-5,286,supplier-7,290.88,2021-03-13
5652,mouse,electronics,WH-2,213,supplier-16,916.09,2020-12-01
5653,laptop,electronics,WH-5,118,supplier-6,1205.97,2020-05-03
5654,scanner,electronics,WH-2,362,supplier-3,1057.42,2021-03-24
5655,printer,electronics,WH-2,381,supplier-19,1079.75,2021-04-28
5656,chair,furniture,WH-3,484,supplier-18,670.23,2020-12-05
5657,desktops,electronics,WH-3,263,supplier-6,1491.58,2021-06-11
5658,keyboard,electronics,WH-2,331,supplier-15,679.34,2020-04-14
5659,scanner,electronics,WH-5,11,supplier-5,101.8,2020-08-07
5660,desktops,electronics,WH-2,277,supplier-17,905.49,2020-03-27
5661,keyboard,electronics,WH-3,67,supplier-4,1411.95,2021-03-03
5662,printer,electronics,WH-3,34,supplier-4,635.61,2020-06-24
5663,desktops,electronics,WH-1,375,supplier-2,866.16,2020-11-27
5664,desk,furniture,WH-4,159,supplier-2,992.22,2020-06-02
5665,scanner,electronics,WH-3,334,supplier-7,156.38,2020-09-07
5666,scanner,electronics,WH-4,300,supplier-12,967.37,2020-04-14
5667,monitor,electronics,WH-1,455,supplier-6,194.1,2020-03-02
5668,laptop,electronics,WH-5,82,supplier-1,744.57,2020-10-09
5669,scanner,electronics,WH-1,230,supplier-16,1099.29,2020-05-14
5670,mouse,electronics,WH-4,444,supplier-13,565.64,2021-05-17
5671,scanner,electronics,WH-4,258,supplier-20,440.45,2021-01-13
5672,mouse,electronics,WH-5,226,supplier-16,366.09,2020-06-16
5673,keyboard,electronics,WH-3,73,supplier-18,883.75,2020-09-06
5674,printer,electronics,WH-1,456,supplier-7,325.02,2020-03-04
5675,laptop,electronics,WH-3,169,supplier-3,1085.34,2020-09-29
5676,mouse,electronics,WH-2,226,supplier-8,299.13,2020-08-02
5677,scanner,electronics,WH-4,276,supplier-18,1273.56,2020-08-01
5678,desk,furniture,WH-5,308,supplier-6,860.98,2020-06-24
5679,flashdrives,electronics,WH-1,202,supplier-12,476.86,2020-03-20
5680,laptop,electronics,WH-4,380,supplier-14,1288.87,2020-03-17
5681,printer,electronics,WH-3,291,supplier-7,1408.1,2020-03-25
5682,chair,furniture,WH-3,334,supplier-18,1118.43,2021-02-06
5683,desktops,electronics,WH-3,30,supplier-11,250.87,2021-03-19
5684,scanner,electronics,WH-1,17,supplier-11,1179.95,2020-12-26
5685,keyboard,electronics,WH-5,177,supplier-2,1026.04,2020-03-10
5686,laptop,electronics,WH-5,220,supplier-11,1357.13,2021-05-07
5687,keyboard,electronics,WH-3,348,supplier-15,220.94,2020-08-06
5688,desk,furniture,WH-5,137,supplier-19,741.16,2021-02-20
5689,printer,electronics,WH-2,470,supplier-10,1010.87,2020-01-11
5690,monitor,electronics,WH-3,410,supplier-16,333.72,2020-11-18
5691,desktops,electronics,WH-2,483,supplier-13,756.01,2021-04-26
5692,keyboard,electronics,WH-1,420,supplier-12,196.38,2020-05-02
5693,mouse,electronics,WH-5,75,supplier-17,1028.41,2020-02-06
5694,flashdrives,electronics,WH-1,5,supplier-11,692.12,2020-11-01
5695,mouse,electronics,WH-5,227,supplier-15,1019.09,2020-11-11
5696,desk,furniture,WH-3,397,supplier-4,179.77,2021-05-05
5697,chair,furniture,WH-1,117,supplier-10,455.7,2020-08-04
5698,printer,electronics,WH-1,493,supplier-18,1078.12,2020-10-11
5699,chair,furniture,WH-2,14,supplier-20,12.66,2020-06-10
5700,desktops,electronics,WH-2,80,supplier-10,44.58,2020-04-09
5701,desk,furniture,WH-3,428,supplier-19,689.46,2021-01-20
5702,scanner,electronics,WH-2,350,supplier-2,374.96,2020-06-13
5703,keyboard,electronics,WH-3,155,supplier-1,743.9,2020-12-01
5704,printer,electronics,WH-4,367,supplier-4,668.88,2021-02-21
5705,desktops,electronics,WH-4,267,supplier-15,1180.14,2021-05-16
5706,flashdrives,electronics,WH-5,35,supplier-8,920.24,2020-04-09
5707,mouse,electronics,WH-3,409,supplier-18,1369.63,2020-05-22
5708,scanner,electronics,WH-2,477,supplier-4,245.43,2021-04-29
5709,printer,electronics,WH-1,494,supplier-11,916.0,2020-05-05
5710,monitor,electronics,WH-1,438,supplier-12,343.38,2021-03-25
5711,flashdrives,electronics,WH-2,306,supplier-10,450.22,2021-06-18
5712,monitor,electronics,WH-2,118,supplier-15,978.73,2020-09-23
5713,chair,furniture,WH-2,341,supplier-12,625.03,2020-09-24
5714,desktops,electronics,WH-1,431,supplier-13,1301.69,2021-05-16
5715,mouse,electronics,WH-1,391,supplier-7,412.99,2020-12-22
5716,scanner,electronics,WH-3,270,supplier-1,750.37,2020-07-18
5717,laptop,electronics,WH-1,463,supplier-2,436.81,2021-04-02
5718,desk,furniture,WH-3,441,supplier-16,70.9,2020-09-11
5719,printer,electronics,WH-4,123,supplier-5,1425.42,2020-05-18
5720,printer,electronics,WH-1,39,supplier-17,686.63,2021-02-11
5721,printer,electronics,WH-1,452,supplier-4,841.26,2020-08-27
5722,chair,furniture,WH-3,132,supplier-2,17.06,2020-10-11
5723,monitor,electronics,WH-2,58,supplier-7,1494.36,2020-07-21
5724,desk,furniture,WH-5,56,supplier-17,931.4,2020-05-05
5725,printer,electronics,WH-5,171,supplier-18,1162.61,2020-07-01
5726,flashdrives,electronics,WH-4,261,supplier-20,504.82,2021-04-02
5727,flashdrives,electronics,WH-3,294,supplier-16,38.54,2020-12-11
5728,keyboard,electronics,WH-4,26,supplier-16,510.25,2020-11-17
5729,desktops,electronics,WH-1,58,supplier-12,208.45,2020-07-13
5730,monitor,electronics,WH-1,49,supplier-14,1274.22,2020-02-29
5731,flashdrives,electronics,WH-1,201,supplier-5,1382.96,2020-11-19
5732,laptop,electronics,WH-1,349,supplier-1,31.08,2020-10-18
5733,desk,furniture,WH-3,154,supplier-14,1217.09,2020-08-13
5734,keyboard,electronics,WH-4,428,supplier-11,1333.01,2020-01-14
5735,laptop,electronics,WH-5,222,supplier-12,720.49,2020-01-08
5736,flashdrives,electronics,WH-4,303,supplier-3,1073.52,2021-06-19
5737,printer,electronics,WH-4,140,supplier-5,407.58,2021-02-07
5738,chair,furniture,WH-3,420,supplier-13,1175.17,2020-12-04
5739,laptop,electronics,WH-5,202,supplier-1,119.84,2020-06-19
5740,mouse,electronics,WH-4,412,supplier-7,628.45,2020-07-30
5741,chair,furniture,WH-2,185,supplier-20,109.5,2020-01-08
5742,keyboard,electronics,WH-4,218,supplier-2,806.5,2021-02-18
5743,desk,furniture,WH-2,256,supplier-9,974.91,2021-02-27
5744,chair,furniture,WH-1,342,supplier-17,975.72,2020-06-20
5745,flashdrives,electronics,WH-5,367,supplier-19,660.37,2021-03-05
5746,keyboard,electronics,WH-2,324,supplier-13,263.34,2021-05-15
5747,chair,furniture,WH-2,214,supplier-12,971.18,2020-04-19
5748,desk,furniture,WH-3,362,supplier-20,692.76,2020-02-25
5749,laptop,electronics,WH-2,406,supplier-10,462.01,2020-04-06
5750,flashdrives,electronics,WH-1,486,supplier-12,1226.09,2020-08-28
5751,mouse,electronics,WH-5,234,supplier-11,869.08,2021-01-28
5752,laptop,electronics,WH-2,297,supplier-12,1400.5,2020-11-07
5753,desk,furniture,WH-3,484,supplier-13,1481.71,2020-01-16
5754,keyboard,electronics,WH-2,116,supplier-11,39.94,2020-11-29
5755,printer,electronics,WH-4,388,supplier-14,134.44,2021-01-07
5756,laptop,electronics,WH-4,72,supplier-12,496.0,2020-12-17
5757,desktops,electronics,WH-5,86,supplier-17,914.26,2020-01-29
5758,laptop,electronics,WH-3,167,supplier-17,831.32,2020-06-28
5759,flashdrives,electronics,WH-5,38,supplier-16,596.62,2021-03-08
5760,keyboard,electronics,WH-3,4,supplier-3,916.26,2021-01-10
5761,chair,furniture,WH-4,7,supplier-6,410.61,2020-01-08
5762,scanner,electronics,WH-4,361,supplier-5,1363.02,2021-03-07
5763,chair,furniture,WH-2,442,supplier-8,685.85,2020-09-20
5764,mouse,electronics,WH-1,198,supplier-6,675.56,2020-01-10
5765,scanner,electronics,WH-4,0,supplier-2,1308.63,2020-07-18
5766,printer,electronics,WH-3,216,supplier-15,736.25,2020-03-22
5767,monitor,electronics,WH-5,318,supplier-4,99.63,2020-03-04
5768,monitor,electronics,WH-1,276,supplier-11,68.81,2020-02-22
5769,flashdrives,electronics,WH-4,319,supplier-4,685.05,2020-02-02
5770,keyboard,electronics,WH-1,455,supplier-4,723.96,2020-10-30
5771,chair,furniture,WH-3,11,supplier-16,1018.78,2020-08-27
5772,monitor,electronics,WH-1,204,supplier-16,625.81,2020-04-18
5773,printer,electronics,WH-4,21,supplier-20,332.52,2021-03-03
5774,desk,furniture,WH-4,269,supplier-9,493.18,2021-05-12
5775,chair,furniture,WH-1,292,supplier-6,865.83,2021-03-12
5776,keyboard,electronics,WH-5,163,supplier-13,989.88,2020-07-04
5777,chair,furniture,WH-2,143,supplier-9,687.78,2020-07-25
5778,keyboard,electronics,WH-4,220,supplier-2,1194.97,2021-06-21
5779,scanner,electronics,WH-3,165,supplier-12,1101.73,2020-10-04
5780,monitor,electronics,WH-2,382,supplier-1,1120.16,2020-12-11
5781,scanner,electronics,WH-4,246,supplier-2,322.29,2021-04-06
5782,laptop,electronics,WH-4,422,supplier-18,776.87,2020-06-10
5783,flashdrives,electronics,WH-5,462,supplier-12,944.83,2021-01-31
5784,scanner,electronics,WH-3,12,supplier-7,151.51,2020-11-24
5785,desk,furniture,WH-2,338,supplier-19,595.71,2021-03-17
5786,laptop,electronics,WH-5,440,supplier-7,956.79,2020-07-28
5787,mouse,electronics,WH-4,486,supplier-10,1434.31,2020-11-27
5788,laptop,electronics,WH-4,393,supplier-4,207.76,2020-07-29
5789,desk,furniture,WH-4,327,supplier-16,289.59,2021-05-11
5790,mouse,electronics,WH-3,190,supplier-19,1255.28,2020-05-02
5791,mouse,electronics,WH-3,309,supplier-6,410.38,2021-03-05
5792,flashdrives,electronics,WH-2,498,supplier-1,885.47,2020-01-29
5793,laptop,electronics,WH-4,114,supplier-19,1054.64,2021-06-17
5794,flashdrives,electronics,WH-4,306,supplier-6,277.37,2021-03-28
5795,laptop,electronics,WH-1,285,supplier-16,461.95,2021-04-02
5796,keyboard,electronics,WH-4,33,supplier-20,411.84,2021-03-08
5797,flashdrives,electronics,WH-5,20,supplier-12,1053.17,2020-05-25
5798,printer,electronics,WH-5,233,supplier-19,383.61,2020-10-28
5799,monitor,electronics,WH-4,147,supplier-14,593.27,2021-03-09
5800,monitor,electronics,WH-1,83,supplier-1,952.37,2020-09-28
5801,desktops,electronics,WH-5,241,supplier-14,1273.09,2021-05-22
5802,printer,electronics,WH-3,236,supplier-8,359.93,2020-01-04
5803,monitor,electronics,WH-4,380,supplier-18,426.7,2020-10-14
5804,mouse,electronics,WH-1,215,supplier-4,175.68,2020-02-24
5805,desk,furniture,WH-4,161,supplier-4,221.85,2020-10-09
5806,monitor,electronics,WH-5,329,supplier-9,889.91,2020-01-17
5807,keyboard,electronics,WH-3,400,supplier-13,1280.96,2020-04-17
5808,monitor,electronics,WH-3,112,supplier-10,1063.8,2021-01-17
5809,keyboard,electronics,WH-5,137,supplier-20,750.56,2020-08-12
5810,laptop,electronics,WH-1,127,supplier-13,377.31,2020-02-02
5811,keyboard,electronics,WH-5,69,supplier-16,1407.39,2021-03-01
5812,mouse,electronics,WH-1,29,supplier-5,1393.01,2020-01-29
5813,scanner,electronics,WH-5,246,supplier-13,1266.44,2020-09-24
5814,scanner,electronics,WH-4,476,supplier-12,578.26,2020-12-10
5815,monitor,electronics,WH-4,52,supplier-1,839.46,2020-10-11
5816,keyboard,electronics,WH-3,145,supplier-8,1476.19,2020-12-03
5817,desktops,electronics,WH-3,228,supplier-3,606.53,2020-10-08
5818,printer,electronics,WH-2,442,supplier-17,761.05,2020-03-17
5819,laptop,electronics,WH-5,478,supplier-11,1363.18,2020-09-10
5820,mouse,electronics,WH-4,196,supplier-4,1267.1,2020-03-05
5821,mouse,electronics,WH-1,104,supplier-17,209.95,2021-01-10
5822,desktops,electronics,WH-4,178,supplier-2,613.11,2021-06-09
5823,laptop,electronics,WH-1,392,supplier-8,887.25,2020-12-08
5824,mouse,electronics,WH-1,61,supplier-2,1447.24,2020-05-02
5825,chair,furniture,WH-3,267,supplier-9,584.1,2021-02-26
5826,monitor,electronics,WH-5,232,supplier-1,278.5,2021-01-03
5827,desktops,electronics,WH-4,173,supplier-18,768.99,2021-04-26
5828,desk,furniture,WH-5,491,supplier-5,666.95,2020-12-11
5829,scanner,electronics,WH-3,29,supplier-2,177.57,2020-06-10
5830,chair,furniture,WH-1,407,supplier-3,624.68,2020-09-21
5831,mouse,electronics,WH-3,43,supplier-15,726.15,2021-05-18
5832,monitor,electronics,WH-5,183,supplier-6,929.79,2021-01-24
5833,laptop,electronics,WH-3,208,supplier-4,37.51,2021-04-24
5834,scanner,electronics,WH-2,308,supplier-4,894.14,2020-06-14
5835,monitor,electronics,WH-4,490,supplier-9,494.85,2020-01-01
5836,desk,furniture,WH-1,86,supplier-11,1325.79,2020-04-07
5837,laptop,electronics,WH-4,222,supplier-19,897.0,2020-03-31
5838,chair,furniture,WH-1,8,supplier-14,252.56,2020-06-18
5839,mouse,electronics,WH-5,420,supplier-15,693.02,2020-06-17
5840,flashdrives,electronics,WH-3,485,supplier-11,48.19,2020-08-01
5841,desk,furniture,WH-5,414,supplier-18,1308.02,2021-06-10
5842,desktops,electronics,WH-2,165,supplier-6,859.14,2021-05-25
5843,monitor,electronics,WH-1,495,supplier-7,1144.29,2020-11-25
5844,flashdrives,electronics,WH-5,484,supplier-18,1274.69,2021-05-24
5845,monitor,electronics,WH-3,68,supplier-18,530.02,2020-03-31
5846,laptop,electronics,WH-1,301,supplier-4,416.86,2021-05-07
5847,chair,furniture,WH-5,210,supplier-6,1204.18,2020-08-08
5848,desktops,electronics,WH-1,322,supplier-10,332.92,2021-05-31
5849,monitor,electronics,WH-2,258,supplier-13,460.18,2020-03-12
5850,scanner,electronics,WH-5,99,supplier-14,1246.65,2020-08-19
5851,flashdrives,electronics,WH-3,61,supplier-15,513.17,2021-01-29
5852,monitor,electronics,WH-1,73,supplier-5,198.31,2020-09-04
5853,flashdrives,electronics,WH-3,230,supplier-3,1268.21,2021-05-25
5854,keyboard,electronics,WH-5,220,supplier-5,930.4,2021-01-01
5855,mouse,electronics,WH-3,39,supplier-9,1453.11,2020-03-28
5856,laptop,electronics,WH-5,432,supplier-8,626.5,2020-03-29
5857,mouse,electronics,WH-4,252,supplier-2,80.99,2021-05-08
5858,flashdrives,electronics,WH-4,276,supplier-10,116.79,2020-08-02
5859,desk,furniture,WH-5,482,supplier-10,440.72,2020-01-22
5860,chair,furniture,WH-1,34,supplier-9,500.79,2020-04-19
5861,laptop,electronics,WH-5,72,supplier-11,543.23,2020-03-27
5862,scanner,electronics,WH-4,60,supplier-20,803.98,2020-08-21
5863,desktops,electronics,WH-5,460,supplier-1,71.71,2021-01-27
5864,laptop,electronics,WH-5,161,supplier-12,344.32,2020-01-14
5865,desktops,electronics,WH-2,176,supplier-20,704.88,2020-11-20
5866,laptop,electronics,WH-4,298,supplier-8,555.8,2021-02-10
5867,desktops,electronics,WH-3,263,supplier-3,1342.27,2020-10-26
5868,printer,electronics,WH-5,252,supplier-5,636.82,2020-12-07
5869,keyboard,electronics,WH-2,420,supplier-10,335.89,2020-07-06
5870,printer,electronics,WH-3,129,supplier-20,1006.21,2020-05-04
5871,chair,furniture,WH-3,19,supplier-17,290.37,2020-04-17
5872,keyboard,electronics,WH-4,85,supplier-7,55.81,2021-04-01
5873,desk,furniture,WH-1,201,supplier-19,226.53,2020-09-20
5874,keyboard,electronics,WH-4,415,supplier-19,114.55,2020-05-09
5875,printer,electronics,WH-1,187,supplier-11,983.84,2020-06-30
5876,desktops,electronics,WH-1,441,supplier-11,551.21,2021-05-03
5877,keyboard,electronics,WH-1,442,supplier-13,952.65,2020-03-03
5878,chair,furniture,WH-2,260,supplier-13,221.89,2020-11-17
5879,keyboard,electronics,WH-3,254,supplier-6,778.67,2020-03-14
5880,keyboard,electronics,WH-5,396,supplier-20,1427.92,2020-09-28
5881,laptop,electronics,WH-1,390,supplier-3,1385.99,2020-10-23
5882,desk,furniture,WH-4,40,supplier-10,1265.48,2020-11-06
5883,monitor,electronics,WH-3,436,supplier-6,498.07,2021-02-26
5884,laptop,electronics,WH-1,454,supplier-12,1148.97,2021-01-21
5885,flashdrives,electronics,WH-5,234,supplier-18,108.27,2020-09-10
5886,monitor,electronics,WH-2,326,supplier-16,370.56,2020-04-03
5887,laptop,electronics,WH-1,61,supplier-17,751.77,2020-09-15
5888,laptop,electronics,WH-1,278,supplier-9,600.02,2021-06-09
5889,monitor,electronics,WH-3,408,supplier-8,617.6,2021-06-10
5890,desktops,electronics,WH-5,252,supplier-13,1219.48,2020-06-09
5891,laptop,electronics,WH-3,361,supplier-5,626.75,2020-12-09
5892,flashdrives,electronics,WH-2,218,supplier-15,861.01,2020-08-30
5893,laptop,electronics,WH-5,313,supplier-12,633.47,2021-05-15
5894,printer,electronics,WH-4,226,supplier-4,188.5,2020-12-30
5895,mouse,electronics,WH-3,451,supplier-6,1464.29,2020-05-17
5896,keyboard,electronics,WH-1,155,supplier-3,482.53,2020-04-03
5897,chair,furniture,WH-3,211,supplier-2,933.99,2020-10-17
5898,chair,furniture,WH-4,223,supplier-8,164.1,2021-01-13
5899,laptop,electronics,WH-4,381,supplier-5,404.78,2020-05-30
5900,keyboard,electronics,WH-5,448,supplier-13,1384.64,2020-07-04
5901,printer,electronics,WH-2,453,supplier-6,1449.0,2021-03-14
5902,desk,furniture,WH-3,140,supplier-19,1261.22,2020-10-02
5903,desktops,electronics,WH-3,394,supplier-9,435.33,2020-07-12
5904,printer,electronics,WH-2,155,supplier-11,458.05,2020-01-18
5905,chair,furniture,WH-1,355,supplier-7,201.71,2020-09-30
5906,mouse,electronics,WH-1,255,supplier-13,1302.57,2020-07-18
5907,keyboard,electronics,WH-1,305,supplier-2,767.29,2021-05-23
5908,desktops,electronics,WH-1,253,supplier-11,772.12,2020-03-10
5909,printer,electronics,WH-4,336,supplier-20,1236.11,2021-04-30
5910,desk,furniture,WH-1,376,supplier-11,218.45,2020-01-06
5911,scanner,electronics,WH-4,41,supplier-15,1008.11,2021-03-18
5912,desk,furniture,WH-5,165,supplier-18,1178.58,2020-10-10
5913,keyboard,electronics,WH-3,189,supplier-3,808.1,2020-07-13
5914,mouse,electronics,WH-2,58,supplier-17,1299.58,2020-10-02
5915,mouse,electronics,WH-4,278,supplier-7,329.45,2021-03-24
5916,laptop,electronics,WH-4,215,supplier-4,1499.39,2020-12-15
5917,scanner,electronics,WH-1,67,supplier-8,190.5,2020-08-08
5918,desktops,electronics,WH-1,155,supplier-17,546.99,2021-04-26
5919,laptop,electronics,WH-5,352,supplier-3,253.14,2020-09-13
5920,desktops,electronics,WH-4,262,supplier-16,689.5,2021-06-20
5921,mouse,electronics,WH-2,283,supplier-4,112.93,2021-05-26
5922,scanner,electronics,WH-2,349,supplier-15,1432.67,2020-04-05
5923,printer,electronics,WH-3,52,supplier-3,978.31,2020-12-22
5924,flashdrives,electronics,WH-2,196,supplier-15,984.4,2020-06-09
5925,flashdrives,electronics,WH-1,484,supplier-6,639.14,2020-08-08
5926,desk,furniture,WH-2,111,supplier-11,273.45,2021-02-26
5927,chair,furniture,WH-3,426,supplier-4,1406.04,2020-08-05
5928,flashdrives,electronics,WH-4,287,supplier-8,1445.9,2021-06-08
5929,chair,furniture,WH-4,12,supplier-2,1174.34,2020-07-01
5930,chair,furniture,WH-3,183,supplier-19,1043.55,2021-02-18
5931,chair,furniture,WH-2,433,supplier-14,951.38,2021-04-18
5932,laptop,electronics,WH-5,432,supplier-11,737.38,2021-05-21
5933,scanner,electronics,WH-4,283,supplier-1,719.25,2020-06-12
5934,flashdrives,electronics,WH-3,142,supplier-12,278.55,2020-03-31
5935,desktops,electronics,WH-5,8,supplier-13,564.27,2020-10-22
5936,mouse,electronics,WH-5,52,supplier-15,1490.95,2020-08-07
5937,scanner,electronics,WH-2,125,supplier-19,468.08,2020-10-25
5938,printer,electronics,WH-2,75,supplier-9,1387.8,2021-05-03
5939,mouse,electronics,WH-5,451,supplier-13,42.32,2020-06-19
5940,desktops,electronics,WH-5,66,supplier-12,1282.49,2020-05-03
5941,mouse,electronics,WH-1,456,supplier-14,1308.76,2020-03-15
5942,chair,furniture,WH-1,325,supplier-8,604.06,2020-07-30
5943,scanner,electronics,WH-1,358,supplier-5,685.78,2020-11-05
5944,keyboard,electronics,WH-1,249,supplier-20,1279.75,2020-12-18
5945,keyboard,electronics,WH-3,94,supplier-6,109.82,2021-06-03
5946,keyboard,electronics,WH-5,87,supplier-1,20.29,2021-01-26
5947,desktops,electronics,WH-2,261,supplier-18,741.51,2020-12-25
5948,mouse,electronics,WH-2,330,supplier-10,349.56,2021-02-12
5949,printer,electronics,WH-1,108,supplier-16,617.51,2020-04-13
5950,chair,furniture,WH-4,261,supplier-16,271.34,2020-12-31
5951,desk,furniture,WH-1,124,supplier-6,969.14,2020-12-21
5952,laptop,electronics,WH-1,143,supplier-3,62.06,2021-06-24
5953,mouse,electronics,WH-4,367,supplier-6,1019.65,2021-04-28
5954,mouse,electronics,WH-5,313,supplier-8,950.19,2021-06-10
5955,monitor,electronics,WH-5,353,supplier-5,848.27,2020-05-27
5956,chair,furniture,WH-3,117,supplier-8,946.56,2020-07-17
5957,laptop,electronics,WH-4,6,supplier-1,1241.62,2020-12-16
5958,keyboard,electronics,WH-1,130,supplier-16,681.41,2020-06-12
5959,mouse,electronics,WH-4,391,supplier-20,1186.37,2020-03-28
5960,laptop,electronics,WH-2,261,supplier-12,731.19,2020-07-20
5961,desktops,electronics,WH-4,414,supplier-10,347.98,2020-09-16
5962,flashdrives,electronics,WH-1,369,supplier-18,315.13,2020-09-05
5963,mouse,electronics,WH-4,261,supplier-5,343.97,2020-07-31
5964,keyboard,electronics,WH-5,257,supplier-13,944.45,2020-08-17
5965,flashdrives,electronics,WH-2,226,supplier-18,1240.66,2020-11-29
5966,keyboard,electronics,WH-3,220,supplier-15,866.3,2020-06-17
5967,printer,electronics,WH-4,279,supplier-16,1146.63,2020-03-18
5968,printer,electronics,WH-5,330,supplier-20,1261.69,2020-01-09
5969,printer,electronics,WH-2,10,supplier-13,80.77,2020-01-11
5970,desk,furniture,WH-3,462,supplier-19,1402.35,2020-11-29
5971,scanner,electronics,WH-4,300,supplier-7,642.49,2021-02-15
5972,mouse,electronics,WH-5,229,supplier-20,961.56,2020-02-26
5973,desktops,electronics,WH-2,428,supplier-15,360.43,2021-03-04
5974,laptop,electronics,WH-5,154,supplier-2,379.08,2020-12-27
5975,flashdrives,electronics,WH-5,271,supplier-17,626.63,2021-02-21
5976,scanner,electronics,WH-3,149,supplier-19,860.89,2020-07-16
5977,scanner,electronics,WH-1,186,supplier-20,694.4,2021-04-22
5978,flashdrives,electronics,WH-1,75,supplier-2,903.36,2020-05-28
5979,monitor,electronics,WH-2,156,supplier-14,1162.33,2020-10-04
5980,keyboard,electronics,WH-4,86,supplier-1,594.09,2020-11-24
5981,chair,furniture,WH-1,418,supplier-4,1473.47,2020-03-16
5982,mouse,electronics,WH-4,408,supplier-11,1057.24,2020-09-26
5983,laptop,electronics,WH-4,143,supplier-12,588.63,2021-06-02
5984,mouse,electronics,WH-4,100,supplier-16,1017.14,2020-08-10
5985,keyboard,electronics,WH-3,196,supplier-13,124.26,2021-05-30
5986,desktops,electronics,WH-3,460,supplier-16,1419.67,2020-03-19
5987,keyboard,electronics,WH-1,252,supplier-14,611.54,2020-11-09
5988,printer,electronics,WH-4,82,supplier-4,664.92,2021-06-19
5989,mouse,electronics,WH-5,192,supplier-20,204.32,2020-01-29
5990,printer,electronics,WH-4,203,supplier-14,1401.78,2021-05-17
5991,mouse,electronics,WH-2,251,supplier-14,401.25,2021-01-12
5992,mouse,electronics,WH-5,58,supplier-15,1092.51,2021-04-26
5993,chair,furniture,WH-5,465,supplier-14,1292.44,2020-01-09
5994,chair,furniture,WH-5,43,supplier-10,138.77,2020-12-30
5995,chair,furniture,WH-2,329,supplier-7,1059.85,2021-05-13
5996,keyboard,electronics,WH-3,424,supplier-17,689.05,2021-05-12
5997,laptop,electronics,WH-4,75,supplier-9,738.02,2021-04-07
5998,flashdrives,electronics,WH-2,264,supplier-7,775.59,2020-02-13
5999,chair,furniture,WH-4,394,supplier-7,1173.37,2020-04-22
6000,mouse,electronics,WH-3,292,supplier-13,1166.57,2021-02-02
6001,desk,furniture,WH-1,311,supplier-7,1491.14,2020-09-19
6002,laptop,electronics,WH-1,346,supplier-4,442.0,2021-04-01
6003,flashdrives,electronics,WH-2,230,supplier-7,332.94,2021-05-15
6004,chair,furniture,WH-4,114,supplier-7,338.09,2020-03-27
6005,desk,furniture,WH-1,143,supplier-4,900.73,2020-09-09
6006,desk,furniture,WH-4,62,supplier-13,1382.14,2020-02-16
6007,keyboard,electronics,WH-5,488,supplier-7,1119.67,2021-01-16
6008,printer,electronics,WH-2,106,supplier-6,504.33,2021-03-27
6009,monitor,electronics,WH-1,349,supplier-8,635.91,2020-02-09
6010,scanner,electronics,WH-3,25,supplier-20,54.29,2020-02-10
6011,desk,furniture,WH-5,316,supplier-6,852.2,2020-10-15
6012,desk,furniture,WH-1,306,supplier-4,500.77,2020-05-22
6013,mouse,electronics,WH-1,423,supplier-1,1010.37,2020-01-28
6014,desktops,electronics,WH-4,75,supplier-2,1451.22,2020-05-23
6015,flashdrives,electronics,WH-5,255,supplier-8,339.41,2021-02-13
6016,desk,furniture,WH-5,295,supplier-18,1486.35,2020-09-29
6017,desk,furniture,WH-1,322,supplier-12,412.36,2021-06-05
6018,scanner,electronics,WH-5,184,supplier-18,910.66,2020-08-24
6019,printer,electronics,WH-2,219,supplier-19,35.07,2020-08-22
6020,printer,electronics,WH-3,191,supplier-9,1086.27,2020-04-08
6021,keyboard,electronics,WH-4,19,supplier-8,1265.62,2021-04-15
6022,laptop,electronics,WH-4,470,supplier-11,991.18,2020-09-02
6023,laptop,electronics,WH-5,437,supplier-3,758.19,2020-07-13
6024,scanner,electronics,WH-3,422,supplier-6,909.89,2020-06-06
6025,mouse,electronics,WH-3,118,supplier-8,294.28,2020-11-21
6026,monitor,electronics,WH-2,390,supplier-15,1031.82,2021-01-11
6027,desktops,electronics,WH-4,191,supplier-11,850.13,2021-01-13
6028,desktops,electronics,WH-4,226,supplier-9,338.12,2021-02-23
6029,laptop,electronics,WH-1,321,supplier-3,167.22,2020-12-18
6030,scanner,electronics,WH-4,262,supplier-18,345.09,2021-02-04
6031,printer,electronics,WH-3,413,supplier-11,985.47,2020-10-03
6032,flashdrives,electronics,WH-4,169,supplier-16,1490.73,2021-02-27
6033,printer,electronics,WH-4,67,supplier-9,1120.28,2020-08-17
6034,flashdrives,electronics,WH-3,373,supplier-14,740.86,2021-03-25
6035,mouse,electronics,WH-3,39,supplier-2,1143.53,2021-06-23
6036,desk,furniture,WH-4,491,supplier-4,1160.73,2020-06-26
6037,printer,electronics,WH-4,401,supplier-6,315.15,2021-06-13
6038,desk,furniture,WH-4,38,supplier-10,454.76,2020-08-14
6039,desktops,electronics,WH-1,136,supplier-16,166.49,2020-06-19
6040,printer,electronics,WH-5,390,supplier-10,1272.76,2020-10-22
6041,monitor,electronics,WH-2,441,supplier-7,879.23,2020-02-12
6042,desktops,electronics,WH-3,227,supplier-5,1238.06,2021-05-21
6043,scanner,electronics,WH-5,461,supplier-5,222.12,2020-07-01
6044,mouse,electronics,WH-5,330,supplier-13,1017.61,2020-06-02
6045,keyboard,electronics,WH-5,111,supplier-4,1490.77,2020-10-08
6046,keyboard,electronics,WH-5,30,supplier-4,1451.25,2020-12-14
6047,desktops,electronics,WH-2,425,supplier-18,161.93,2020-12-08
6048,monitor,electronics,WH-5,97,supplier-10,636.07,2020-03-11
6049,desktops,electronics,WH-2,47,supplier-20,1371.8,2021-04-28
6050,printer,electronics,WH-4,364,supplier-16,1299.32,2020-12-10
6051,mouse,electronics,WH-2,474,supplier-3,111.76,2021-06-09
6052,scanner,electronics,WH-1,148,supplier-4,115.89,2021-04-27
6053,chair,furniture,WH-1,195,supplier-18,1188.52,2020-01-28
6054,desk,furniture,WH-3,76,supplier-4,218.55,2020-03-21
6055,keyboard,electronics,WH-3,358,supplier-2,556.86,2020-01-30
6056,desk,furniture,WH-1,34,supplier-13,489.66,2020-03-08
6057,keyboard,electronics,WH-4,26,supplier-12,1134.76,2021-06-11
6058,scanner,electronics,WH-1,167,supplier-11,468.53,2021-06-23
6059,flashdrives,electronics,WH-5,385,supplier-8,1147.62,2020-07-19
6060,keyboard,electronics,WH-3,481,supplier-12,604.56,2020-10-05
6061,laptop,electronics,WH-3,13,supplier-9,620.53,2020-10-23
6062,scanner,electronics,WH-2,162,supplier-15,316.13,2020-11-20
6063,desk,furniture,WH-4,321,supplier-4,585.51,2020-11-21
6064,desk,furniture,WH-4,249,supplier-1,781.35,2021-06-19
6065,keyboard,electronics,WH-2,6,supplier-11,52.41,2021-03-23
6066,monitor,electronics,WH-4,373,supplier-2,1188.41,2021-05-29
6067,desk,furniture,WH-3,219,supplier-5,745.71,2021-05-06
6068,laptop,electronics,WH-5,63,supplier-11,251.48,2020-03-14
6069,mouse,electronics,WH-3,496,supplier-1,754.7,2020-08-31
6070,keyboard,electronics,WH-3,368,supplier-19,666.41,2020-11-10
6071,printer,electronics,WH-1,462,supplier-10,546.26,2020-05-12
6072,desk,furniture,WH-3,262,supplier-2,280.45,2020-01-28
6073,monitor,electronics,WH-2,414,supplier-5,1140.61,2020-12-28
6074,chair,furniture,WH-3,286,supplier-9,937.7,2020-02-11
6075,scanner,electronics,WH-3,137,supplier-1,1068.09,2020-09-07
6076,printer,electronics,WH-2,317,supplier-11,823.16,2021-04-06
6077,chair,furniture,WH-3,485,supplier-11,738.43,2021-01-11
6078,monitor,electronics,WH-2,471,supplier-2,184.72,2020-06-13
6079,desktops,electronics,WH-3,330,supplier-19,483.93,2021-02-23
6080,desktops,electronics,WH-5,318,supplier-12,879.68,2020-09-15
6081,chair,furniture,WH-2,473,supplier-7,65.32,2021-01-29
6082,chair,furniture,WH-4,429,supplier-17,1396.33,2021-02-27
6083,flashdrives,electronics,WH-1,30,supplier-5,719.89,2020-10-10
6084,scanner,electronics,WH-1,410,supplier-13,542.98,2020-02-01
6085,monitor,electronics,WH-2,394,supplier-7,732.58,2020-03-11
6086,scanner,electronics,WH-3,475,supplier-7,1091.63,2020-04-03
6087,monitor,electronics,WH-4,390,supplier-3,1384.5,2020-10-22
6088,keyboard,electronics,WH-4,268,supplier-9,18.45,2021-04-19
6089,desktops,electronics,WH-4,280,supplier-3,227.29,2021-02-02
6090,scanner,electronics,WH-5,8,supplier-13,622.67,2020-09-07
6091,mouse,electronics,WH-4,172,supplier-5,1300.92,2020-10-17
6092,keyboard,electronics,WH-4,247,supplier-15,1036.48,2020-08-06
6093,chair,furniture,WH-5,73,supplier-5,379.59,2020-05-08
6094,printer,electronics,WH-1,396,supplier-6,804.54,2020-09-17
6095,printer,electronics,WH-5,404,supplier-12,256.64,2021-06-18
6096,flashdrives,electronics,WH-2,404,supplier-15,274.61,2020-03-02
6097,chair,furniture,WH-2,106,supplier-4,1499.55,2020-11-29
6098,flashdrives,electronics,WH-3,500,supplier-19,1195.47,2020-01-01
6099,flashdrives,electronics,WH-2,29,supplier-1,993.9,2020-07-02
6100,flashdrives,electronics,WH-1,379,supplier-19,1141.37,2021-05-14
6101,flashdrives,electronics,WH-3,295,supplier-20,1484.37,2020-02-09
6102,laptop,electronics,WH-4,141,supplier-20,309.92,2020-01-09
6103,flashdrives,electronics,WH-2,158,supplier-10,374.47,2020-09-06
6104,desk,furniture,WH-2,83,supplier-8,445.68,2020-11-30
6105,desktops,electronics,WH-1,61,supplier-16,57.5,2020-03-31
6106,monitor,electronics,WH-2,264,supplier-4,509.87,2020-04-22
6107,desktops,electronics,WH-4,57,supplier-2,1111.3,2021-02-17
6108,monitor,electronics,WH-3,88,supplier-17,556.21,2021-03-07
6109,mouse,electronics,WH-2,406,supplier-13,904.71,2021-05-02
6110,monitor,electronics,WH-2,438,supplier-15,690.57,2021-02-16
6111,monitor,electronics,WH-2,416,supplier-15,1275.73,2020-12-15
6112,monitor,electronics,WH-3,20,supplier-13,588.67,2020-05-04
6113,desk,furniture,WH-3,287,supplier-10,795.59,2021-05-23
6114,monitor,electronics,WH-1,188,supplier-18,483.91,2020-05-11
6115,printer,electronics,WH-2,17,supplier-18,725.28,2021-01-07
6116,flashdrives,electronics,WH-2,342,supplier-19,1101.63,2020-04-06
6117,laptop,electronics,WH-2,354,supplier-20,1482.85,2020-05-19
6118,mouse,electronics,WH-2,329,supplier-16,939.66,2020-01-20
6119,scanner,electronics,WH-4,253,supplier-6,1390.57,2020-03-12
6120,laptop,electronics,WH-5,190,supplier-20,1454.06,2020-12-30
6121,desk,furniture,WH-4,18,supplier-6,309.81,2020-12-30
6122,chair,furniture,WH-3,156,supplier-13,212.07,2021-02-15
6123,keyboard,electronics,WH-3,137,supplier-18,359.34,2020-01-25
6124,scanner,electronics,WH-1,370,supplier-9,473.65,2020-02-23
6125,keyboard,electronics,WH-2,435,supplier-8,1452.78,2021-01-23
6126,flashdrives,electronics,WH-3,47,supplier-7,1174.11,2020-01-09
6127,printer,electronics,WH-4,260,supplier-16,708.6,2021-02-16
6128,mouse,electronics,WH-3,299,supplier-19,684.28,2021-01-22
6129,printer,electronics,WH-1,212,supplier-7,106.02,2020-03-13
6130,printer,electronics,WH-3,459,supplier-12,1431.91,2020-08-29
6131,laptop,electronics,WH-5,431,supplier-10,581.24,2020-03-04
6132,laptop,electronics,WH-3,16,supplier-2,408.92,2020-09-16
6133,desktops,electronics,WH-1,421,supplier-5,91.35,2020-01-21
6134,chair,furniture,WH-5,207,supplier-12,485.27,2020-07-27
6135,scanner,electronics,WH-3,166,supplier-7,608.08,2021-01-09
6136,printer,electronics,WH-1,394,supplier-14,618.0,2020-12-09
6137,desk,furniture,WH-2,171,supplier-4,1452.53,2020-12-25
6138,chair,furniture,WH-4,229,supplier-14,244.17,2021-06-05
6139,printer,electronics,WH-3,9,supplier-11,758.78,2020-09-22
6140,desktops,electronics,WH-5,465,supplier-18,104.6,2020-06-19
6141,laptop,electronics,WH-3,217,supplier-11,194.93,2020-02-08
6142,chair,furniture,WH-4,416,supplier-5,528.46,2020-11-06
6143,printer,electronics,WH-5,412,supplier-18,726.73,2020-09-09
6144,printer,electronics,WH-5,34,supplier-3,404.78,2021-02-08
6145,laptop,electronics,WH-1,495,supplier-2,297.77,2020-07-03
6146,chair,furniture,WH-1,100,supplier-1,785.45,2020-08-14
6147,chair,furniture,WH-3,424,supplier-3,1204.09,2020-02-29
6148,desk,furniture,WH-2,32,supplier-3,1336.15,2021-03-18
6149,printer,electronics,WH-1,311,supplier-1,511.63,2020-10-27
6150,desk,furniture,WH-1,231,supplier-1,897.24,2021-05-17
6151,keyboard,electronics,WH-4,250,supplier-4,1020.31,2021-05-26
6152,keyboard,electronics,WH-3,95,supplier-18,1246.35,2020-06-08
6153,printer,electronics,WH-4,305,supplier-9,1036.06,2021-01-22
6154,laptop,electronics,WH-5,294,supplier-4,314.09,2020-05-04
6155,desktops,electronics,WH-2,238,supplier-7,433.35,2020-07-16
6156,keyboard,electronics,WH-4,459,supplier-17,1224.72,2021-01-10
6157,keyboard,electronics,WH-1,444,supplier-15,977.72,2020-03-01
6158,flashdrives,electronics,WH-4,320,supplier-8,770.02,2020-11-15
6159,printer,electronics,WH-4,36,supplier-2,1392.75,2021-04-24
6160,scanner,electronics,WH-4,346,supplier-10,1354.52,2020-08-18
6161,chair,furniture,WH-4,292,supplier-13,678.84,2021-03-15
6162,chair,furniture,WH-2,248,supplier-8,283.44,2021-01-23
6163,monitor,electronics,WH-2,8,supplier-6,1290.05,2021-04-03
6164,chair,furniture,WH-2,145,supplier-15,558.36,2020-09-29
6165,mouse,electronics,WH-2,476,supplier-14,284.57,2021-05-18
6166,desk,furniture,WH-1,245,supplier-3,76.52,2020-11-23
6167,desk,furniture,WH-4,458,supplier-10,828.32,2020-09-30
6168,printer,electronics,WH-1,23,supplier-15,103.81,2020-12-18
6169,chair,furniture,WH-4,280,supplier-2,1194.19,2021-04-13
6170,scanner,electronics,WH-5,472,supplier-19,1321.88,2020-03-15
6171,mouse,electronics,WH-1,70,supplier-8,613.73,2020-01-19
6172,desktops,electronics,WH-4,285,supplier-14,206.18,2021-05-15
6173,desk,furniture,WH-1,443,supplier-11,667.47,2020-08-13
6174,printer,electronics,WH-4,68,supplier-10,147.82,2020-02-14
6175,laptop,electronics,WH-3,84,supplier-4,72.51,2020-11-05
6176,printer,electronics,WH-1,202,supplier-16,1495.57,2020-09-18
6177,printer,electronics,WH-5,420,supplier-5,695.53,2020-06-23
6178,flashdrives,electronics,WH-3,445,supplier-12,1414.69,2020-07-01
6179,flashdrives,electronics,WH-2,240,supplier-12,1259.96,2020-06-19
6180,laptop,electronics,WH-2,149,supplier-4,40.76,2020-02-22
6181,desk,furniture,WH-2,422,supplier-11,1256.67,2020-06-15
6182,scanner,electronics,WH-3,261,supplier-5,1091.1,2021-05-09
6183,monitor,electronics,WH-4,63,supplier-1,1298.57,2021-01-02
6184,keyboard,electronics,WH-5,463,supplier-8,703.74,2021-04-19
6185,printer,electronics,WH-1,461,supplier-16,1462.58,2021-03-09
6186,flashdrives,electronics,WH-3,49,supplier-15,31.8,2020-03-30
6187,desk,furniture,WH-3,169,supplier-9,683.25,2020-10-14
6188,printer,electronics,WH-3,364,supplier-6,833.4,2020-12-08
6189,monitor,electronics,WH-2,498,supplier-13,889.96,2020-07-14
6190,scanner,electronics,WH-1,261,supplier-10,718.06,2020-01-02
6191,desk,furniture,WH-4,104,supplier-10,875.71,2020-10-05
6192,desktops,electronics,WH-3,42,supplier-14,326.38,2020-01-21
6193,scanner,electronics,WH-1,229,supplier-2,1474.77,2020-09-04
6194,desk,furniture,WH-5,184,supplier-6,1211.41,2020-05-27
6195,scanner,electronics,WH-1,367,supplier-4,376.82,2021-02-15
6196,mouse,electronics,WH-3,441,supplier-6,904.88,2020-09-12
6197,desk,furniture,WH-2,476,supplier-11,1113.82,2021-02-27
6198,chair,furniture,WH-4,166,supplier-12,1491.72,2020-02-23
6199,monitor,electronics,WH-2,144,supplier-14,1011.68,2020-09-17
6200,desktops,electronics,WH-1,284,supplier-7,1061.91,2020-11-18
6201,keyboard,electronics,WH-4,327,supplier-16,1087.19,2020-02-07
6202,laptop,electronics,WH-2,11,supplier-14,17.34,2020-01-18
6203,mouse,electronics,WH-3,275,supplier-17,1476.38,2020-01-11
6204,monitor,electronics,WH-4,476,supplier-10,902.17,2020-02-23
6205,laptop,electronics,WH-5,403,supplier-6,148.47,2020-12-23
6206,mouse,electronics,WH-2,403,supplier-16,1491.65,2021-01-12
6207,keyboard,electronics,WH-3,121,supplier-10,971.2,2021-05-19
6208,monitor,electronics,WH-2,284,supplier-10,1309.04,2020-11-25
6209,printer,electronics,WH-5,13,supplier-11,764.48,2020-06-20
6210,scanner,electronics,WH-1,370,supplier-16,1196.45,2021-03-22
6211,scanner,electronics,WH-3,74,supplier-10,1137.35,2020-12-03
6212,printer,electronics,WH-5,59,supplier-1,296.83,2021-06-06
6213,desk,furniture,WH-2,32,supplier-12,90.01,2020-05-26
6214,desk,furniture,WH-4,464,supplier-13,952.01,2021-06-22
6215,keyboard,electronics,WH-4,61,supplier-4,699.88,2020-05-12
6216,keyboard,electronics,WH-1,253,supplier-18,1025.24,2020-09-06
6217,mouse,electronics,WH-1,119,supplier-2,107.65,2020-04-29
6218,keyboard,electronics,WH-4,25,supplier-7,280.74,2020-06-28
6219,laptop,electronics,WH-4,103,supplier-18,1311.06,2020-08-11
6220,chair,furniture,WH-2,27,supplier-12,1366.33,2020-10-31
6221,chair,furniture,WH-3,302,supplier-6,303.4,2020-04-10
6222,flashdrives,electronics,WH-4,469,supplier-3,23.67,2021-04-16
6223,desk,furniture,WH-5,7,supplier-3,218.98,2020-12-10
6224,printer,electronics,WH-5,88,supplier-14,60.98,2020-04-08
6225,mouse,electronics,WH-2,244,supplier-8,108.69,2021-04-23
6226,chair,furniture,WH-1,34,supplier-11,700.59,2020-05-15
6227,desktops,electronics,WH-2,242,supplier-5,157.46,2020-11-10
6228,flashdrives,electronics,WH-2,29,supplier-18,920.39,2021-03-15
6229,mouse,electronics,WH-3,310,supplier-11,1222.41,2020-04-02
6230,chair,furniture,WH-1,351,supplier-16,1079.24,2020-05-06
6231,desktops,electronics,WH-1,320,supplier-14,463.55,2020-09-03
6232,printer,electronics,WH-5,458,supplier-18,1416.54,2020-04-11
6233,mouse,electronics,WH-4,163,supplier-17,78.46,2021-04-09
6234,scanner,electronics,WH-3,208,supplier-18,818.65,2020-06-01
6235,laptop,electronics,WH-3,297,supplier-2,751.82,2020-07-30
6236,keyboard,electronics,WH-5,291,supplier-19,1489.25,2020-08-22
6237,scanner,electronics,WH-5,381,supplier-14,1074.78,2020-03-14
6238,printer,electronics,WH-5,95,supplier-7,1497.78,2020-05-23
6239,chair,furniture,WH-1,109,supplier-6,959.73,2020-04-03
6240,scanner,electronics,WH-4,229,supplier-17,1120.89,2021-04-26
6241,mouse,electronics,WH-1,416,supplier-8,703.37,2020-03-13
6242,desk,furniture,WH-5,319,supplier-14,1322.39,2020-04-13
6243,flashdrives,electronics,WH-2,401,supplier-18,1236.62,2021-04-09
6244,desktops,electronics,WH-2,221,supplier-9,938.8,2020-04-10
6245,keyboard,electronics,WH-5,34,supplier-16,1449.08,2020-11-19
6246,flashdrives,electronics,WH-4,180,supplier-9,1093.43,2020-09-25
6247,desktops,electronics,WH-1,317,supplier-5,1212.99,2020-03-21
6248,desktops,electronics,WH-4,141,supplier-12,634.99,2020-10-17
6249,keyboard,electronics,WH-3,72,supplier-14,756.19,2020-07-01
6250,laptop,electronics,WH-2,48,supplier-18,652.62,2020-02-01
6251,flashdrives,electronics,WH-5,367,supplier-1,605.95,2021-05-06
6252,desk,furniture,WH-2,336,supplier-6,394.0,2020-03-06
6253,scanner,electronics,WH-4,418,supplier-13,660.71,2020-01-11
6254,flashdrives,electronics,WH-4,173,supplier-19,724.67,2020-08-30
6255,printer,electronics,WH-5,222,supplier-16,728.3,2021-05-24
6256,monitor,electronics,WH-1,301,supplier-14,441.74,2020-04-21
6257,chair,furniture,WH-1,129,supplier-20,584.31,2020-03-13
6258,desktops,electronics,WH-3,141,supplier-2,1036.27,2020-12-06
6259,scanner,electronics,WH-4,300,supplier-4,135.39,2021-06-18
6260,desktops,electronics,WH-2,346,supplier-6,975.44,2021-04-19
6261,printer,electronics,WH-3,392,supplier-10,793.82,2020-02-21
6262,printer,electronics,WH-5,209,supplier-11,1420.45,2021-05-18
6263,printer,electronics,WH-2,420,supplier-6,737.55,2020-05-08
6264,printer,electronics,WH-5,252,supplier-19,545.85,2020-06-05
6265,laptop,electronics,WH-3,184,supplier-6,224.35,2020-06-13
6266,chair,furniture,WH-4,385,supplier-20,405.91,2021-04-23
6267,printer,electronics,WH-5,256,supplier-20,1446.11,2020-11-07
6268,keyboard,electronics,WH-4,207,supplier-9,1168.7,2020-11-30
6269,keyboard,electronics,WH-1,426,supplier-9,1348.88,2020-10-09
6270,mouse,electronics,WH-2,426,supplier-19,1145.29,2020-10-02
6271,desktops,electronics,WH-5,197,supplier-17,757.31,2020-06-02
6272,flashdrives,electronics,WH-3,121,supplier-14,153.1,2021-03-20
6273,monitor,electronics,WH-4,339,supplier-11,1001.46,2021-05-17
6274,monitor,electronics,WH-5,199,supplier-8,816.05,2021-01-08
6275,desktops,electronics,WH-2,195,supplier-4,1118.42,2021-02-28
6276,desktops,electronics,WH-4,394,supplier-9,1374.21,2021-05-13
6277,printer,electronics,WH-4,440,supplier-8,176.19,2020-07-18
6278,monitor,electronics,WH-5,143,supplier-8,750.49,2020-10-15
6279,flashdrives,electronics,WH-3,311,supplier-2,589.81,2020-11-10
6280,flashdrives,electronics,WH-2,388,supplier-3,1267.61,2020-03-27
6281,printer,electronics,WH-5,243,supplier-14,362.27,2020-08-27
6282,monitor,electronics,WH-4,489,supplier-6,1248.82,2021-01-09
6283,monitor,electronics,WH-3,253,supplier-14,1389.43,2021-06-15
6284,keyboard,electronics,WH-3,464,supplier-12,1423.02,2021-04-09
6285,flashdrives,electronics,WH-5,25,supplier-12,705.68,2020-08-27
6286,laptop,electronics,WH-4,205,supplier-2,991.49,2020-11-26
6287,flashdrives,electronics,WH-2,327,supplier-15,520.21,2020-05-26
6288,laptop,electronics,WH-1,371,supplier-14,1187.86,2020-02-11
6289,desk,furniture,WH-5,415,supplier-2,1015.94,2020-03-27
6290,printer,electronics,WH-5,171,supplier-10,1401.64,2020-03-18
6291,keyboard,electronics,WH-5,313,supplier-12,634.03,2021-04-04
6292,desk,furniture,WH-4,75,supplier-2,1420.27,2020-07-07
6293,desk,furniture,WH-3,402,supplier-20,908.13,2021-04-01
6294,laptop,electronics,WH-1,468,supplier-13,1052.88,2020-05-09
6295,scanner,electronics,WH-2,243,supplier-14,1398.83,2020-12-07
6296,laptop,electronics,WH-2,349,supplier-10,430.25,2020-08-03
6297,monitor,electronics,WH-4,202,supplier-18,1410.23,2021-05-09
6298,flashdrives,electronics,WH-3,420,supplier-12,1044.51,2020-11-23
6299,scanner,electronics,WH-2,217,supplier-2,1425.85,2020-02-20
6300,desk,furniture,WH-2,386,supplier-16,200.04,2020-11-07
6301,mouse,electronics,WH-1,497,supplier-6,1351.56,2020-12-27
6302,monitor,electronics,WH-4,46,supplier-5,345.23,2021-05-30
6303,keyboard,electronics,WH-4,358,supplier-8,642.12,2020-07-18
6304,printer,electronics,WH-2,342,supplier-18,371.68,2021-02-23
6305,laptop,electronics,WH-4,279,supplier-10,346.68,2020-08-13
6306,scanner,electronics,WH-3,284,supplier-18,121.45,2021-02-02
6307,desktops,electronics,WH-4,365,supplier-1,543.36,2021-01-19
6308,printer,electronics,WH-3,229,supplier-4,190.41,2021-04-24
6309,desk,furniture,WH-5,252,supplier-8,1431.74,2020-03-07
6310,monitor,electronics,WH-1,151,supplier-20,1337.13,2020-12-27
6311,mouse,electronics,WH-1,149,supplier-5,1336.31,2021-06-20
6312,flashdrives,electronics,WH-4,64,supplier-20,254.56,2021-04-14
6313,laptop,electronics,WH-5,357,supplier-4,1026.75,2021-01-11
6314,desktops,electronics,WH-2,176,supplier-4,1078.24,2020-09-02
6315,flashdrives,electronics,WH-4,150,supplier-4,1077.98,2020-04-13
6316,chair,furniture,WH-4,329,supplier-18,239.27,2021-05-16
6317,keyboard,electronics,WH-2,264,supplier-5,171.86,2021-06-12
6318,monitor,electronics,WH-4,194,supplier-19,1173.43,2020-11-07
6319,desk,furniture,WH-2,96,supplier-12,1284.33,2020-12-02
6320,scanner,electronics,WH-3,104,supplier-2,867.09,2021-03-23
6321,desktops,electronics,WH-3,242,supplier-8,1011.26,2021-05-24
6322,scanner,electronics,WH-5,447,supplier-7,247.67,2020-10-10
6323,flashdrives,electronics,WH-4,316,supplier-8,1324.43,2020-06-27
6324,chair,furniture,WH-2,355,supplier-17,1019.61,2021-05-08
6325,laptop,electronics,WH-2,103,supplier-12,569.32,2020-08-12
6326,chair,furniture,WH-3,388,supplier-19,548.56,2020-03-09
6327,flashdrives,electronics,WH-2,128,supplier-9,547.23,2020-11-20
6328,desk,furniture,WH-1,444,supplier-8,202.39,2020-12-18
6329,scanner,electronics,WH-1,445,supplier-7,848.33,2021-06-13
6330,scanner,electronics,WH-1,436,supplier-14,101.79,2021-03-04
6331,keyboard,electronics,WH-1,334,supplier-4,250.2,2021-01-08
6332,laptop,electronics,WH-3,488,supplier-10,692.15,2020-01-25
6333,monitor,electronics,WH-5,253,supplier-10,325.75,2020-12-09
6334,chair,furniture,WH-1,205,supplier-17,79.39,2020-09-25
6335,scanner,electronics,WH-1,455,supplier-9,614.07,2020-03-14
6336,monitor,electronics,WH-1,297,supplier-3,964.99,2020-12-10
6337,laptop,electronics,WH-2,170,supplier-5,176.26,2020-03-13
6338,scanner,electronics,WH-4,408,supplier-10,281.86,2020-04-30
6339,scanner,electronics,WH-4,402,supplier-7,1467.62,2020-03-23
6340,flashdrives,electronics,WH-4,315,supplier-9,495.95,2021-04-09
6341,laptop,electronics,WH-3,347,supplier-9,1196.94,2021-04-24
6342,monitor,electronics,WH-4,387,supplier-12,304.88,2020-12-16
6343,desk,furniture,WH-5,83,supplier-8,1311.48,2020-06-28
6344,desk,furniture,WH-4,210,supplier-13,1093.85,2020-12-29
6345,keyboard,electronics,WH-5,2,supplier-5,1261.59,2021-02-25
6346,mouse,electronics,WH-2,173,supplier-17,502.85,2021-01-19
6347,mouse,electronics,WH-3,330,supplier-13,897.73,2020-11-12
6348,scanner,electronics,WH-3,500,supplier-6,1054.63,2020-12-26
6349,flashdrives,electronics,WH-3,126,supplier-13,1340.52,2021-04-06
6350,flashdrives,electronics,WH-4,161,supplier-9,98.3,2021-06-22
6351,printer,electronics,WH-1,174,supplier-11,1139.92,2020-12-29
6352,desk,furniture,WH-3,82,supplier-1,1004.47,2020-02-06
6353,desktops,electronics,WH-3,480,supplier-13,757.06,2021-06-18
6354,desktops,electronics,WH-5,216,supplier-16,156.15,2020-08-23
6355,desktops,electronics,WH-1,258,supplier-1,785.97,2020-08-14
6356,desktops,electronics,WH-2,367,supplier-10,61.58,2021-05-31
6357,desktops,electronics,WH-4,203,supplier-3,272.48,2020-10-28
6358,monitor,electronics,WH-2,26,supplier-7,1072.64,2020-07-14
6359,chair,furniture,WH-4,33,supplier-15,399.53,2020-12-30
6360,desktops,electronics,WH-1,185,supplier-15,751.14,2020-10-09
6361,printer,electronics,WH-3,99,supplier-18,1103.04,2020-04-22
6362,flashdrives,electronics,WH-5,152,supplier-11,1139.74,2021-05-09
6363,desk,furniture,WH-5,364,supplier-4,1290.0,2020-04-12
6364,mouse,electronics,WH-3,240,supplier-20,1016.52,2020-06-04
6365,monitor,electronics,WH-3,27,supplier-3,1474.91,2020-03-01
6366,monitor,electronics,WH-5,24,supplier-14,1256.18,2021-02-23
6367,keyboard,electronics,WH-3,343,supplier-12,879.36,2020-06-27
6368,desktops,electronics,WH-3,227,supplier-8,942.13,2020-04-23
6369,monitor,electronics,WH-3,356,supplier-10,576.06,2020-10-10
6370,laptop,electronics,WH-4,273,supplier-14,722.02,2020-06-11
6371,desk,furniture,WH-4,15,supplier-16,563.93,2020-02-27
6372,mouse,electronics,WH-1,189,supplier-10,166.99,2020-03-27
6373,laptop,electronics,WH-3,439,supplier-19,987.78,2020-03-02
6374,monitor,electronics,WH-5,355,supplier-9,590.55,2020-02-16
6375,printer,electronics,WH-4,95,supplier-19,421.74,2020-01-13
6376,laptop,electronics,WH-1,70,supplier-11,409.79,2020-08-17
6377,desktops,electronics,WH-4,186,supplier-12,17.53,2021-05-16
6378,printer,electronics,WH-1,315,supplier-16,683.97,2020-09-17
6379,monitor,electronics,WH-2,219,supplier-10,1010.05,2020-10-02
6380,monitor,electronics,WH-4,167,supplier-7,1047.59,2020-01-14
6381,laptop,electronics,WH-3,166,supplier-13,1160.49,2021-04-17
6382,keyboard,electronics,WH-4,128,supplier-13,218.32,2020-04-06
6383,keyboard,electronics,WH-3,106,supplier-1,1421.57,2021-03-21
6384,desk,furniture,WH-1,74,supplier-4,287.82,2021-04-20
6385,printer,electronics,WH-4,323,supplier-9,1109.24,2020-04-15
6386,laptop,electronics,WH-1,353,supplier-1,1270.67,2021-06-20
6387,monitor,electronics,WH-3,377,supplier-10,52.11,2020-06-18
6388,flashdrives,electronics,WH-4,171,supplier-7,946.07,2021-02-19
6389,mouse,electronics,WH-2,433,supplier-7,1346.84,2020-09-13
6390,desktops,electronics,WH-4,427,supplier-13,650.68,2021-06-19
6391,mouse,electronics,WH-4,21,supplier-1,751.29,2020-10-12
6392,laptop,electronics,WH-4,226,supplier-9,634.36,2020-09-13
6393,chair,furniture,WH-1,450,supplier-13,1367.62,2021-01-23
6394,desk,furniture,WH-2,363,supplier-11,31.84,2021-06-09
6395,desk,furniture,WH-2,72,supplier-17,1050.0,2020-01-08
6396,chair,furniture,WH-4,335,supplier-7,1343.54,2021-01-03
6397,mouse,electronics,WH-2,42,supplier-16,603.8,2021-02-07
6398,printer,electronics,WH-5,275,supplier-20,553.52,2020-05-13
6399,laptop,electronics,WH-1,59,supplier-13,1325.89,2020-02-15
6400,desktops,electronics,WH-1,134,supplier-7,859.23,2021-01-05
6401,chair,furniture,WH-1,367,supplier-6,48.16,2020-05-03
6402,laptop,electronics,WH-1,60,supplier-15,395.75,2020-08-15
6403,monitor,electronics,WH-1,295,supplier-2,651.02,2021-02-01
6404,mouse,electronics,WH-5,291,supplier-11,1173.83,2020-07-22
6405,mouse,electronics,WH-5,43,supplier-3,1170.56,2021-02-27
6406,printer,electronics,WH-4,326,supplier-17,586.16,2020-03-15
6407,printer,electronics,WH-2,191,supplier-11,1270.45,2020-05-19
6408,printer,electronics,WH-3,94,supplier-20,15.43,2020-07-17
6409,desk,furniture,WH-1,118,supplier-8,631.19,2020-03-26
6410,scanner,electronics,WH-2,490,supplier-20,1187.46,2020-07-29
6411,chair,furniture,WH-2,424,supplier-20,551.64,2020-03-15
6412,desk,furniture,WH-1,280,supplier-10,235.39,2020-10-18
6413,mouse,electronics,WH-1,396,supplier-15,1298.76,2020-11-01
6414,keyboard,electronics,WH-3,483,supplier-19,841.81,2020-11-28
6415,scanner,electronics,WH-1,343,supplier-16,788.81,2020-11-28
6416,desk,furniture,WH-1,142,supplier-18,515.21,2021-06-18
6417,desk,furniture,WH-4,288,supplier-5,914.32,2020-03-14
6418,monitor,electronics,WH-5,165,supplier-20,1070.72,2020-01-15
6419,scanner,electronics,WH-2,401,supplier-17,1299.18,2020-09-01
6420,laptop,electronics,WH-5,207,supplier-2,725.66,2020-06-19
6421,desktops,electronics,WH-3,430,supplier-20,1460.72,2020-04-15
6422,chair,furniture,WH-4,398,supplier-12,1447.16,2020-06-30
6423,flashdrives,electronics,WH-2,473,supplier-20,506.43,2020-01-26
6424,monitor,electronics,WH-2,49,supplier-1,654.48,2020-02-07
6425,laptop,electronics,WH-1,462,supplier-19,12.59,2020-04-08
6426,chair,furniture,WH-1,175,supplier-2,1253.62,2021-01-02
6427,flashdrives,electronics,WH-4,226,supplier-15,816.94,2020-05-03
6428,laptop,electronics,WH-4,9,supplier-10,270.78,2021-01-27
6429,chair,furniture,WH-4,36,supplier-15,113.64,2020-08-03
6430,scanner,electronics,WH-1,11,supplier-6,1400.21,2020-07-10
6431,monitor,electronics,WH-3,466,supplier-5,477.73,2020-08-16
6432,keyboard,electronics,WH-2,131,supplier-9,823.51,2020-08-24
6433,desktops,electronics,WH-4,217,supplier-3,631.22,2020-11-01
6434,printer,electronics,WH-4,14,supplier-3,476.09,2021-06-12
6435,flashdrives,electronics,WH-5,415,supplier-6,1253.65,2020-08-10
6436,laptop,electronics,WH-5,340,supplier-16,199.39,2020-11-11
6437,desk,furniture,WH-1,152,supplier-6,230.07,2021-05-03
6438,chair,furniture,WH-3,220,supplier-3,306.48,2020-02-05
6439,laptop,electronics,WH-5,241,supplier-15,637.2,2020-02-29
6440,chair,furniture,WH-4,160,supplier-12,99.95,2020-06-10
6441,mouse,electronics,WH-5,52,supplier-2,532.71,2020-07-17
6442,keyboard,electronics,WH-4,307,supplier-10,981.15,2020-10-24
6443,printer,electronics,WH-1,253,supplier-15,222.24,2020-01-06
6444,desktops,electronics,WH-4,218,supplier-16,626.38,2020-03-09
6445,desktops,electronics,WH-1,191,supplier-13,360.06,2020-11-26
6446,chair,furniture,WH-4,449,supplier-19,240.24,2021-02-07
6447,keyboard,electronics,WH-3,183,supplier-17,67.18,2021-05-24
6448,printer,electronics,WH-2,328,supplier-3,420.46,2020-07-09
6449,desk,furniture,WH-3,65,supplier-15,602.72,2020-11-19
6450,keyboard,electronics,WH-1,191,supplier-3,1486.98,2020-02-18
6451,flashdrives,electronics,WH-4,261,supplier-8,1071.42,2021-01-29
6452,chair,furniture,WH-5,284,supplier-4,288.11,2021-01-26
6453,scanner,electronics,WH-3,98,supplier-3,616.25,2020-08-19
6454,keyboard,electronics,WH-4,60,supplier-7,855.36,2020-12-31
6455,desk,furniture,WH-4,208,supplier-12,608.31,2020-01-13
6456,desktops,electronics,WH-4,49,supplier-1,493.84,2020-05-22
6457,flashdrives,electronics,WH-2,28,supplier-6,702.18,2020-08-27
6458,desktops,electronics,WH-4,349,supplier-4,1479.31,2020-08-10
6459,chair,furniture,WH-1,326,supplier-11,127.73,2020-05-12
6460,printer,electronics,WH-1,359,supplier-2,558.77,2021-04-03
6461,mouse,electronics,WH-4,141,supplier-20,119.88,2021-04-20
6462,laptop,electronics,WH-4,340,supplier-8,220.15,2020-09-28
6463,flashdrives,electronics,WH-5,89,supplier-6,821.1,2020-12-29
6464,flashdrives,electronics,WH-3,304,supplier-19,750.89,2020-05-16
6465,flashdrives,electronics,WH-3,304,supplier-1,1099.09,2020-01-27
6466,desktops,electronics,WH-2,175,supplier-13,1489.22,2020-03-18
6467,chair,furniture,WH-2,27,supplier-16,1175.2,2020-03-30
6468,desktops,electronics,WH-5,465,supplier-6,1159.6,2020-06-24
6469,chair,furniture,WH-3,104,supplier-9,1160.53,2021-06-20
6470,chair,furniture,WH-2,208,supplier-14,61.64,2021-03-18
6471,desktops,electronics,WH-4,450,supplier-1,150.62,2021-03-14
6472,flashdrives,electronics,WH-1,6,supplier-7,339.31,2020-12-21
6473,flashdrives,electronics,WH-5,104,supplier-16,806.91,2020-04-02
6474,desk,furniture,WH-5,214,supplier-19,1289.06,2020-06-06
6475,laptop,electronics,WH-2,41,supplier-1,1189.26,2020-11-09
6476,desk,furniture,WH-3,56,supplier-5,611.33,2020-12-31
6477,scanner,electronics,WH-3,124,supplier-13,131.92,2020-11-09
6478,laptop,electronics,WH-4,330,supplier-8,80.5,2021-05-16
6479,printer,electronics,WH-5,68,supplier-3,1199.38,2021-05-22
6480,laptop,electronics,WH-5,284,supplier-18,659.7,2021-02-12
6481,monitor,electronics,WH-2,209,supplier-9,658.47,2021-02-20
6482,desk,furniture,WH-2,473,supplier-18,988.38,2020-05-25
6483,laptop,electronics,WH-3,196,supplier-2,557.92,2021-02-17
6484,monitor,electronics,WH-5,469,supplier-6,903.43,2020-03-07
6485,keyboard,electronics,WH-3,110,supplier-8,164.88,2021-03-30
6486,flashdrives,electronics,WH-4,160,supplier-9,1493.75,2021-02-24
6487,laptop,electronics,WH-3,375,supplier-12,1063.24,2021-02-14
6488,flashdrives,electronics,WH-1,117,supplier-15,378.06,2020-10-09
6489,desktops,electronics,WH-1,17,supplier-16,1121.29,2020-09-16
6490,desk,furniture,WH-4,493,supplier-13,1446.88,2021-06-20
6491,keyboard,electronics,WH-5,385,supplier-12,1204.64,2020-04-05
6492,printer,electronics,WH-4,182,supplier-20,694.38,2020-04-10
6493,desktops,electronics,WH-4,386,supplier-15,657.38,2020-07-26
6494,printer,electronics,WH-2,490,supplier-5,544.53,2020-02-15
6495,scanner,electronics,WH-4,301,supplier-19,628.56,2021-04-16
6496,keyboard,electronics,WH-4,316,supplier-16,1281.36,2020-07-16
6497,monitor,electronics,WH-3,450,supplier-9,1437.87,2020-12-10
6498,chair,furniture,WH-2,312,supplier-20,1126.46,2020-07-26
6499,laptop,electronics,WH-4,182,supplier-16,1070.39,2020-06-11
6500,mouse,electronics,WH-4,339,supplier-5,945.46,2021-02-04
6501,chair,furniture,WH-3,10,supplier-7,969.92,2020-08-13
6502,desk,furniture,WH-2,324,supplier-17,1000.45,2021-05-16
6503,laptop,electronics,WH-4,283,supplier-12,281.36,2020-10-10
6504,monitor,electronics,WH-2,272,supplier-1,567.84,2021-01-09
6505,desk,furniture,WH-1,430,supplier-3,293.06,2020-02-06
6506,keyboard,electronics,WH-3,307,supplier-3,1129.65,2021-01-04
6507,printer,electronics,WH-3,432,supplier-6,1062.15,2020-03-01
6508,mouse,electronics,WH-2,41,supplier-14,911.96,2021-01-07
6509,desk,furniture,WH-4,463,supplier-7,542.19,2021-05-11
6510,desktops,electronics,WH-4,421,supplier-8,1281.1,2020-02-27
6511,monitor,electronics,WH-4,262,supplier-20,1242.18,2020-06-10
6512,desktops,electronics,WH-5,453,supplier-15,1136.32,2020-05-21
6513,keyboard,electronics,WH-5,372,supplier-8,1316.26,2020-05-30
6514,mouse,electronics,WH-5,245,supplier-14,620.1,2021-03-21
6515,keyboard,electronics,WH-5,145,supplier-3,1273.94,2021-05-22
6516,scanner,electronics,WH-2,84,supplier-18,1031.07,2020-01-19
6517,keyboard,electronics,WH-3,477,supplier-12,657.54,2020-06-10
6518,chair,furniture,WH-2,329,supplier-7,621.0,2021-02-06
6519,flashdrives,electronics,WH-1,182,supplier-18,557.79,2020-11-01
6520,scanner,electronics,WH-1,452,supplier-19,691.94,2020-10-01
6521,flashdrives,electronics,WH-1,422,supplier-3,638.21,2020-07-05
6522,laptop,electronics,WH-3,327,supplier-14,1352.73,2020-07-13
6523,scanner,electronics,WH-5,244,supplier-11,80.09,2021-04-17
6524,mouse,electronics,WH-1,89,supplier-11,537.5,2020-04-12
6525,keyboard,electronics,WH-1,133,supplier-19,1204.36,2021-01-12
6526,desk,furniture,WH-3,328,supplier-2,94.73,2020-02-15
6527,chair,furniture,WH-1,65,supplier-2,262.44,2020-11-16
6528,keyboard,electronics,WH-3,108,supplier-7,1454.76,2020-06-17
6529,chair,furniture,WH-2,12,supplier-16,246.41,2020-04-13
6530,desktops,electronics,WH-4,127,supplier-8,908.77,2020-03-11
6531,keyboard,electronics,WH-2,280,supplier-20,419.63,2020-05-07
6532,printer,electronics,WH-1,65,supplier-4,851.59,2021-01-05
6533,desktops,electronics,WH-1,171,supplier-20,1307.61,2021-02-11
6534,laptop,electronics,WH-1,458,supplier-12,887.13,2020-08-21
6535,printer,electronics,WH-4,193,supplier-20,431.37,2020-12-29
6536,desk,furniture,WH-1,382,supplier-18,55.53,2020-04-22
6537,chair,furniture,WH-2,453,supplier-8,76.78,2020-06-05
6538,laptop,electronics,WH-4,248,supplier-1,869.95,2021-04-09
6539,printer,electronics,WH-3,32,supplier-5,1059.41,2020-07-20
6540,laptop,electronics,WH-2,304,supplier-10,1412.56,2020-02-22
6541,chair,furniture,WH-4,454,supplier-7,1154.57,2020-12-27
6542,flashdrives,electronics,WH-3,460,supplier-11,828.57,2020-06-04
6543,laptop,electronics,WH-1,51,supplier-7,58.25,2020-05-09
6544,scanner,electronics,WH-3,31,supplier-15,1030.27,2021-02-19
6545,scanner,electronics,WH-4,284,supplier-19,198.71,2021-01-23
6546,keyboard,electronics,WH-5,476,supplier-2,1000.28,2020-11-22
6547,printer,electronics,WH-4,128,supplier-13,138.55,2021-05-19
6548,printer,electronics,WH-3,481,supplier-17,401.67,2020-08-23
6549,flashdrives,electronics,WH-4,452,supplier-17,238.44,2020-02-20
6550,desktops,electronics,WH-4,148,supplier-20,815.34,2020-02-25
6551,laptop,electronics,WH-5,124,supplier-13,1046.85,2020-05-03
6552,monitor,electronics,WH-1,203,supplier-4,1491.09,2021-01-22
6553,mouse,electronics,WH-3,69,supplier-8,1021.76,2021-02-21
6554,scanner,electronics,WH-2,221,supplier-5,782.77,2020-10-16
6555,desktops,electronics,WH-3,27,supplier-5,1136.43,2020-07-13
6556,scanner,electronics,WH-1,125,supplier-8,1011.53,2020-06-05
6557,scanner,electronics,WH-2,254,supplier-11,427.95,2021-01-31
6558,mouse,electronics,WH-2,393,supplier-12,1059.97,2021-04-29
6559,flashdrives,electronics,WH-3,383,supplier-7,1094.63,2020-09-01
6560,printer,electronics,WH-1,255,supplier-1,838.62,2021-01-14
6561,scanner,electronics,WH-3,489,supplier-11,305.38,2020-09-20
6562,keyboard,electronics,WH-2,36,supplier-11,596.53,2021-03-29
6563,flashdrives,electronics,WH-4,183,supplier-2,163.11,2020-04-15
6564,mouse,electronics,WH-2,316,supplier-3,567.24,2021-03-25
6565,monitor,electronics,WH-1,499,supplier-12,965.89,2020-03-04
6566,flashdrives,electronics,WH-1,157,supplier-9,207.15,2021-01-17
6567,chair,furniture,WH-2,387,supplier-11,1452.16,2020-04-25
6568,printer,electronics,WH-5,472,supplier-19,1246.8,2021-05-01
6569,mouse,electronics,WH-2,181,supplier-20,1357.65,2020-05-23
6570,desk,furniture,WH-5,10,supplier-10,1044.1,2020-01-22
6571,laptop,electronics,WH-1,232,supplier-12,1059.9,2020-06-09
6572,mouse,electronics,WH-4,405,supplier-2,565.77,2020-01-10
6573,printer,electronics,WH-3,59,supplier-14,1130.16,2020-01-30
6574,laptop,electronics,WH-2,453,supplier-12,272.53,2020-05-15
6575,desktops,electronics,WH-2,185,supplier-18,1465.78,2021-03-16
6576,keyboard,electronics,WH-5,305,supplier-1,1080.53,2020-02-18
6577,desk,furniture,WH-4,65,supplier-3,557.71,2021-03-11
6578,desk,furniture,WH-2,396,supplier-17,683.51,2021-05-22
6579,laptop,electronics,WH-2,499,supplier-19,930.07,2020-09-01
6580,flashdrives,electronics,WH-4,297,supplier-3,311.58,2020-11-05
6581,scanner,electronics,WH-5,452,supplier-11,718.07,2020-04-29
6582,printer,electronics,WH-4,228,supplier-9,738.93,2020-06-22
6583,monitor,electronics,WH-5,415,supplier-19,199.13,2021-02-01
6584,flashdrives,electronics,WH-4,34,supplier-4,650.29,2021-04-23
6585,flashdrives,electronics,WH-1,444,supplier-4,834.83,2020-06-14
6586,flashdrives,electronics,WH-2,208,supplier-14,697.6,2020-08-22
6587,flashdrives,electronics,WH-2,207,supplier-9,910.59,2021-01-18
6588,flashdrives,electronics,WH-1,92,supplier-8,596.18,2020-09-18
6589,desktops,electronics,WH-3,53,supplier-9,1372.13,2020-08-12
6590,printer,electronics,WH-3,64,supplier-7,1481.73,2020-01-24
6591,laptop,electronics,WH-1,121,supplier-13,191.06,2020-02-10
6592,desk,furniture,WH-3,248,supplier-8,1217.3,2021-04-15
6593,laptop,electronics,WH-2,252,supplier-11,502.93,2020-06-23
6594,desktops,electronics,WH-2,281,supplier-19,337.71,2020-06-14
6595,printer,electronics,WH-1,270,supplier-9,968.85,2020-11-06
6596,laptop,electronics,WH-4,135,supplier-17,1315.05,2020-09-09
6597,desktops,electronics,WH-2,321,supplier-14,845.63,2021-03-23
6598,laptop,electronics,WH-4,197,supplier-14,260.81,2021-06-10
6599,monitor,electronics,WH-5,83,supplier-11,769.29,2020-05-08
6600,scanner,electronics,WH-1,130,supplier-18,366.35,2020-02-27
6601,monitor,electronics,WH-1,86,supplier-19,1014.74,2020-09-04
6602,mouse,electronics,WH-3,290,supplier-13,425.9,2021-01-12
6603,printer,electronics,WH-2,300,supplier-16,1302.82,2020-08-10
6604,desktops,electronics,WH-3,194,supplier-1,553.74,2021-04-29
6605,mouse,electronics,WH-4,247,supplier-11,342.59,2020-10-02
6606,chair,furniture,WH-3,250,supplier-20,448.78,2020-11-27
6607,flashdrives,electronics,WH-5,112,supplier-10,1155.84,2020-07-03
6608,monitor,electronics,WH-3,500,supplier-11,869.11,2020-09-10
6609,mouse,electronics,WH-3,433,supplier-3,1492.88,2020-08-12
6610,flashdrives,electronics,WH-4,71,supplier-19,191.29,2021-01-24
6611,desk,furniture,WH-1,287,supplier-3,324.36,2021-05-19
6612,keyboard,electronics,WH-2,63,supplier-19,595.98,2020-01-16
6613,mouse,electronics,WH-5,261,supplier-3,927.24,2020-08-03
6614,flashdrives,electronics,WH-4,158,supplier-2,1413.48,2020-03-05
6615,scanner,electronics,WH-1,318,supplier-7,68.62,2020-03-01
6616,desk,furniture,WH-1,205,supplier-13,1207.92,2020-01-29
6617,monitor,electronics,WH-2,323,supplier-16,736.49,2020-01-13
6618,scanner,electronics,WH-5,317,supplier-20,806.73,2020-11-17
6619,mouse,electronics,WH-2,452,supplier-1,356.94,2021-05-09
6620,desk,furniture,WH-4,244,supplier-15,932.57,2020-06-11
6621,laptop,electronics,WH-1,226,supplier-11,18.31,2020-08-01
6622,desktops,electronics,WH-3,92,supplier-18,1320.95,2020-09-05
6623,mouse,electronics,WH-4,185,supplier-1,657.29,2020-08-10
6624,chair,furniture,WH-3,287,supplier-15,59.5,2021-06-16
6625,scanner,electronics,WH-3,60,supplier-20,660.56,2020-08-19
6626,mouse,electronics,WH-2,434,supplier-15,280.75,2020-12-19
6627,flashdrives,electronics,WH-1,88,supplier-13,506.39,2020-12-22
6628,desktops,electronics,WH-5,34,supplier-18,537.31,2021-01-20
6629,mouse,electronics,WH-1,224,supplier-17,894.57,2020-08-13
6630,mouse,electronics,WH-5,184,supplier-12,1313.3,2021-05-27
6631,scanner,electronics,WH-5,73,supplier-20,435.3,2020-07-14
6632,chair,furniture,WH-3,471,supplier-9,958.04,2020-11-16
6633,printer,electronics,WH-4,166,supplier-3,1118.62,2021-04-21
6634,printer,electronics,WH-4,131,supplier-3,1451.48,2020-02-29
6635,flashdrives,electronics,WH-1,37,supplier-20,886.98,2020-05-23
6636,mouse,electronics,WH-4,90,supplier-19,835.48,2021-03-04
6637,mouse,electronics,WH-3,418,supplier-18,912.85,2020-01-04
6638,mouse,electronics,WH-2,266,supplier-11,304.93,2020-07-30
6639,scanner,electronics,WH-1,500,supplier-15,1035.55,2021-04-13
6640,laptop,electronics,WH-5,342,supplier-4,259.79,2020-08-30
6641,desk,furniture,WH-2,185,supplier-17,379.59,2021-04-03
6642,monitor,electronics,WH-3,347,supplier-12,1435.59,2020-12-31
6643,desk,furniture,WH-3,199,supplier-16,1252.47,2021-05-26
6644,scanner,electronics,WH-5,81,supplier-6,1365.68,2020-07-24
6645,mouse,electronics,WH-2,315,supplier-3,1080.79,2020-04-28
6646,laptop,electronics,WH-2,354,supplier-16,979.25,2020-08-02
6647,desktops,electronics,WH-3,302,supplier-5,1382.26,2020-07-23
6648,chair,furniture,WH-2,369,supplier-8,244.88,2020-07-12
6649,mouse,electronics,WH-4,452,supplier-17,553.95,2021-03-12
6650,flashdrives,electronics,WH-5,266,supplier-19,227.48,2021-01-10
6651,desktops,electronics,WH-4,29,supplier-4,545.07,2020-11-12
6652,printer,electronics,WH-5,143,supplier-3,214.91,2020-09-09
6653,desk,furniture,WH-3,150,supplier-15,430.3,2021-02-08
6654,printer,electronics,WH-4,457,supplier-18,183.1,2020-06-13
6655,laptop,electronics,WH-3,389,supplier-9,329.33,2020-06-05
6656,laptop,electronics,WH-3,269,supplier-18,947.35,2020-04-16
6657,flashdrives,electronics,WH-1,342,supplier-4,982.09,2021-06-24
6658,desk,furniture,WH-2,7,supplier-1,616.9,2020-03-16
6659,keyboard,electronics,WH-3,252,supplier-18,1129.37,2020-09-06
6660,chair,furniture,WH-2,411,supplier-9,874.98,2020-12-23
6661,mouse,electronics,WH-1,52,supplier-16,1334.57,2020-03-16
6662,laptop,electronics,WH-5,55,supplier-6,1470.92,2021-02-06
6663,mouse,electronics,WH-4,112,supplier-9,17.28,2021-02-06
6664,mouse,electronics,WH-4,216,supplier-4,1169.66,2020-06-26
6665,mouse,electronics,WH-3,352,supplier-11,993.77,2020-02-23
6666,scanner,electronics,WH-5,459,supplier-17,334.16,2021-01-10
6667,scanner,electronics,WH-3,144,supplier-3,595.62,2020-09-03
6668,keyboard,electronics,WH-2,393,supplier-6,396.58,2021-01-20
6669,scanner,electronics,WH-5,329,supplier-20,1097.39,2020-09-27
6670,printer,electronics,WH-3,263,supplier-3,688.29,2021-03-14
6671,monitor,electronics,WH-5,400,supplier-16,585.96,2020-06-02
6672,desktops,electronics,WH-4,177,supplier-5,332.18,2020-02-01
6673,mouse,electronics,WH-5,327,supplier-14,508.01,2020-04-12
6674,mouse,electronics,WH-3,443,supplier-12,663.64,2020-01-22
6675,keyboard,electronics,WH-1,496,supplier-10,127.3,2021-02-17
6676,keyboard,electronics,WH-3,351,supplier-18,513.84,2021-03-29
6677,flashdrives,electronics,WH-3,169,supplier-13,796.05,2021-06-21
6678,laptop,electronics,WH-4,237,supplier-12,354.3,2020-08-05
6679,keyboard,electronics,WH-1,51,supplier-11,695.09,2020-11-14
6680,scanner,electronics,WH-1,417,supplier-7,1232.65,2020-02-10
6681,desktops,electronics,WH-2,312,supplier-5,177.59,2020-07-17
6682,printer,electronics,WH-5,406,supplier-5,1332.62,2021-05-24
6683,mouse,electronics,WH-3,199,supplier-14,369.94,2020-03-11
6684,mouse,electronics,WH-4,13,supplier-18,1411.75,2021-05-23
6685,laptop,electronics,WH-5,167,supplier-15,162.65,2020-07-04
6686,flashdrives,electronics,WH-3,243,supplier-9,1218.48,2021-04-29
6687,laptop,electronics,WH-5,15,supplier-1,1102.93,2020-03-24
6688,scanner,electronics,WH-4,132,supplier-5,1435.77,2020-09-14
6689,laptop,electronics,WH-4,4,supplier-2,1184.31,2020-02-03
6690,mouse,electronics,WH-1,478,supplier-2,954.38,2020-03-05
6691,printer,electronics,WH-2,51,supplier-10,1114.63,2020-08-26
6692,scanner,electronics,WH-1,20,supplier-7,1329.04,2020-05-24
6693,desktops,electronics,WH-2,488,supplier-19,246.78,2020-04-11
6694,desk,furniture,WH-5,394,supplier-8,980.88,2021-05-12
6695,printer,electronics,WH-4,386,supplier-13,47.29,2020-07-05
6696,scanner,electronics,WH-2,263,supplier-6,352.21,2020-08-07
6697,keyboard,electronics,WH-3,349,supplier-16,588.41,2020-05-14
6698,keyboard,electronics,WH-4,461,supplier-7,1415.53,2020-08-26
6699,mouse,electronics,WH-2,453,supplier-2,842.43,2021-05-04
6700,monitor,electronics,WH-2,228,supplier-15,1111.79,2020-02-26
6701,printer,electronics,WH-1,498,supplier-15,202.16,2020-12-14
6702,desk,furniture,WH-1,161,supplier-4,875.1,2021-03-26
6703,desk,furniture,WH-1,356,supplier-3,225.88,2020-07-17
6704,keyboard,electronics,WH-5,187,supplier-11,969.27,2021-05-13
6705,keyboard,electronics,WH-5,37,supplier-16,64.45,2020-08-13
6706,printer,electronics,WH-2,317,supplier-17,176.84,2020-11-21
6707,mouse,electronics,WH-4,282,supplier-19,1063.12,2021-05-10
6708,desk,furniture,WH-4,432,supplier-18,1093.09,2020-11-09
6709,flashdrives,electronics,WH-5,468,supplier-11,13.76,2020-09-08
6710,monitor,electronics,WH-4,53,supplier-10,1480.3,2020-10-02
6711,chair,furniture,WH-1,109,supplier-4,610.17,2021-04-18
6712,printer,electronics,WH-2,450,supplier-17,594.29,2021-03-14
6713,printer,electronics,WH-2,143,supplier-8,417.21,2020-06-20
6714,monitor,electronics,WH-2,263,supplier-18,127.58,2021-03-31
6715,keyboard,electronics,WH-2,88,supplier-13,380.23,2020-11-02
6716,mouse,electronics,WH-4,430,supplier-17,719.93,2020-09-25
6717,desktops,electronics,WH-4,407,supplier-2,940.61,2020-11-25
6718,scanner,electronics,WH-3,158,supplier-19,702.95,2021-01-13
6719,printer,electronics,WH-2,481,supplier-1,1311.25,2021-03-30
6720,printer,electronics,WH-5,411,supplier-6,1169.23,2021-03-30
6721,printer,electronics,WH-5,445,supplier-1,923.79,2021-06-23
6722,mouse,electronics,WH-5,53,supplier-12,839.84,2020-05-09
6723,mouse,electronics,WH-3,142,supplier-12,190.68,2020-03-31
6724,scanner,electronics,WH-1,364,supplier-10,779.45,2020-12-19
6725,chair,furniture,WH-2,287,supplier-6,720.07,2020-11-28
6726,chair,furniture,WH-1,198,supplier-5,839.95,2021-02-03
6727,desktops,electronics,WH-5,50,supplier-11,1029.82,2020-12-10
6728,printer,electronics,WH-5,64,supplier-6,869.02,2021-01-09
6729,laptop,electronics,WH-1,170,supplier-12,210.4,2021-03-15
6730,chair,furniture,WH-1,52,supplier-15,1230.81,2020-07-22
6731,flashdrives,electronics,WH-1,171,supplier-2,1484.58,2020-12-11
6732,flashdrives,electronics,WH-2,115,supplier-20,970.41,2020-09-17
6733,flashdrives,electronics,WH-5,451,supplier-13,1021.32,2021-05-20
6734,printer,electronics,WH-4,363,supplier-11,701.39,2021-03-12
6735,scanner,electronics,WH-2,377,supplier-20,258.42,2020-07-05
6736,laptop,electronics,WH-1,90,supplier-6,334.59,2021-05-26
6737,monitor,electronics,WH-4,212,supplier-13,66.13,2020-11-05
6738,desktops,electronics,WH-5,440,supplier-9,1106.29,2020-02-19
6739,desk,furniture,WH-5,367,supplier-2,1134.84,2021-06-09
6740,laptop,electronics,WH-3,477,supplier-3,29.47,2021-03-08
6741,monitor,electronics,WH-2,24,supplier-19,960.83,2020-02-09
6742,mouse,electronics,WH-5,354,supplier-8,289.4,2020-08-29
6743,desktops,electronics,WH-1,398,supplier-18,1399.07,2020-11-30
6744,desktops,electronics,WH-2,178,supplier-13,980.37,2020-04-04
6745,monitor,electronics,WH-1,190,supplier-1,783.18,2020-08-24
6746,desk,furniture,WH-2,103,supplier-9,727.37,2020-12-04
6747,flashdrives,electronics,WH-4,237,supplier-6,473.63,2020-03-23
6748,desk,furniture,WH-4,160,supplier-13,402.21,2020-08-07
6749,chair,furniture,WH-4,24,supplier-15,414.42,2021-04-27
6750,monitor,electronics,WH-3,131,supplier-18,1440.53,2020-10-22
6751,flashdrives,electronics,WH-5,472,supplier-15,689.51,2021-01-02
6752,printer,electronics,WH-2,190,supplier-10,832.92,2021-04-13
6753,desktops,electronics,WH-1,75,supplier-4,1218.74,2021-03-11
6754,scanner,electronics,WH-3,390,supplier-2,94.63,2021-04-13
6755,desktops,electronics,WH-1,494,supplier-20,470.58,2021-04-20
6756,printer,electronics,WH-1,76,supplier-7,1450.48,2020-02-27
6757,flashdrives,electronics,WH-1,265,supplier-11,721.1,2020-02-20
6758,monitor,electronics,WH-5,201,supplier-18,763.04,2020-04-15
6759,flashdrives,electronics,WH-4,124,supplier-13,1087.54,2021-04-30
6760,desk,furniture,WH-4,67,supplier-5,921.43,2021-05-19
6761,chair,furniture,WH-2,89,supplier-2,542.58,2021-05-27
6762,mouse,electronics,WH-3,232,supplier-2,766.84,2020-02-14
6763,monitor,electronics,WH-4,37,supplier-14,1493.4,2020-07-06
6764,scanner,electronics,WH-3,435,supplier-20,217.93,2020-09-16
6765,scanner,electronics,WH-2,277,supplier-5,471.48,2020-07-30
6766,chair,furniture,WH-1,139,supplier-6,575.28,2020-09-02
6767,monitor,electronics,WH-4,440,supplier-18,1377.21,2020-04-09
6768,monitor,electronics,WH-3,173,supplier-2,175.32,2020-05-29
6769,chair,furniture,WH-2,1,supplier-20,382.33,2021-05-08
6770,laptop,electronics,WH-1,218,supplier-9,777.75,2020-01-28
6771,mouse,electronics,WH-1,420,supplier-20,232.63,2020-10-28
6772,mouse,electronics,WH-4,290,supplier-5,552.23,2020-08-15
6773,laptop,electronics,WH-4,315,supplier-11,680.09,2020-02-29
6774,flashdrives,electronics,WH-3,490,supplier-18,1044.35,2021-02-06
6775,flashdrives,electronics,WH-1,14,supplier-6,166.38,2020-03-27
6776,keyboard,electronics,WH-4,32,supplier-4,1053.86,2020-08-27
6777,desktops,electronics,WH-5,487,supplier-12,1334.14,2020-04-12
6778,printer,electronics,WH-5,452,supplier-15,1139.51,2020-10-05
6779,printer,electronics,WH-4,405,supplier-8,51.37,2020-12-05
6780,mouse,electronics,WH-4,158,supplier-10,391.68,2020-02-13
6781,mouse,electronics,WH-4,405,supplier-11,1047.19,2020-01-19
6782,flashdrives,electronics,WH-2,121,supplier-20,1294.25,2020-05-16
6783,laptop,electronics,WH-1,339,supplier-2,957.28,2020-06-09
6784,desk,furniture,WH-4,130,supplier-15,621.22,2021-05-11
6785,laptop,electronics,WH-3,3,supplier-10,1208.31,2020-12-07
6786,desk,furniture,WH-5,447,supplier-6,1109.54,2020-03-04
6787,monitor,electronics,WH-1,265,supplier-18,963.83,2020-10-22
6788,flashdrives,electronics,WH-1,142,supplier-18,984.08,2020-05-25
6789,printer,electronics,WH-5,401,supplier-16,763.45,2021-01-25
6790,desk,furniture,WH-4,161,supplier-6,351.17,2020-12-17
6791,printer,electronics,WH-3,239,supplier-9,1159.58,2020-09-18
6792,flashdrives,electronics,WH-1,313,supplier-15,873.75,2020-02-02
6793,printer,electronics,WH-5,392,supplier-3,401.86,2020-05-22
6794,printer,electronics,WH-1,302,supplier-19,1495.73,2020-03-15
6795,monitor,electronics,WH-5,390,supplier-13,1231.54,2021-05-16
6796,scanner,electronics,WH-4,371,supplier-4,1293.61,2021-01-05
6797,monitor,electronics,WH-5,1,supplier-17,509.14,2020-02-18
6798,scanner,electronics,WH-1,303,supplier-11,550.44,2021-03-26
6799,monitor,electronics,WH-4,294,supplier-16,1290.5,2021-06-18
6800,laptop,electronics,WH-1,351,supplier-18,1343.49,2020-01-02
6801,chair,furniture,WH-1,109,supplier-17,513.13,2020-05-10
6802,laptop,electronics,WH-3,230,supplier-15,261.92,2020-06-15
6803,flashdrives,electronics,WH-4,177,supplier-15,936.03,2021-02-08
6804,keyboard,electronics,WH-2,454,supplier-10,478.4,2021-01-12
6805,desktops,electronics,WH-2,309,supplier-19,823.21,2021-03-17
6806,scanner,electronics,WH-1,495,supplier-19,121.05,2020-08-27
6807,flashdrives,electronics,WH-2,194,supplier-9,265.61,2021-03-23
6808,laptop,electronics,WH-3,421,supplier-5,351.47,2021-06-14
6809,flashdrives,electronics,WH-5,401,supplier-4,423.15,2020-10-22
6810,desktops,electronics,WH-1,292,supplier-11,396.27,2020-05-03
6811,printer,electronics,WH-4,168,supplier-17,1490.28,2020-08-19
6812,desktops,electronics,WH-5,365,supplier-10,115.38,2021-01-03
6813,printer,electronics,WH-3,486,supplier-2,829.22,2021-04-19
6814,desk,furniture,WH-4,467,supplier-9,1463.43,2021-01-01
6815,flashdrives,electronics,WH-5,300,supplier-1,249.88,2021-04-19
6816,laptop,electronics,WH-2,146,supplier-12,596.62,2020-06-08
6817,printer,electronics,WH-5,332,supplier-5,635.33,2020-09-06
6818,scanner,electronics,WH-5,251,supplier-3,491.98,2020-03-16
6819,monitor,electronics,WH-3,388,supplier-11,148.99,2020-01-04
6820,chair,furniture,WH-4,41,supplier-16,742.73,2021-03-02
6821,desktops,electronics,WH-1,30,supplier-1,217.42,2020-06-04
6822,keyboard,electronics,WH-2,221,supplier-14,400.55,2021-05-16
6823,flashdrives,electronics,WH-5,212,supplier-10,856.15,2020-11-06
6824,desk,furniture,WH-3,478,supplier-20,1033.13,2020-10-19
6825,printer,electronics,WH-4,398,supplier-2,16.01,2020-11-23
6826,printer,electronics,WH-5,54,supplier-12,483.91,2020-01-27
6827,laptop,electronics,WH-4,302,supplier-1,660.55,2021-01-24
6828,flashdrives,electronics,WH-3,227,supplier-17,250.0,2021-01-02
6829,mouse,electronics,WH-2,112,supplier-9,892.51,2020-03-28
6830,desk,furniture,WH-5,164,supplier-7,818.42,2020-05-29
6831,desktops,electronics,WH-1,263,supplier-6,154.08,2020-05-02
6832,desk,furniture,WH-5,256,supplier-12,811.52,2020-08-18
6833,chair,furniture,WH-4,111,supplier-14,1151.96,2020-06-16
6834,monitor,electronics,WH-3,108,supplier-4,733.44,2020-03-17
6835,monitor,electronics,WH-1,34,supplier-1,679.44,2020-02-22
6836,mouse,electronics,WH-2,311,supplier-3,102.6,2020-09-08
6837,scanner,electronics,WH-2,427,supplier-9,1385.26,2020-09-17
6838,desk,furniture,WH-1,94,supplier-7,759.55,2020-06-06
6839,scanner,electronics,WH-3,83,supplier-5,349.56,2021-02-27
6840,desktops,electronics,WH-4,317,supplier-1,1361.83,2020-02-25
6841,printer,electronics,WH-3,169,supplier-12,1062.43,2021-05-05
6842,flashdrives,electronics,WH-3,257,supplier-20,1403.48,2020-08-22
6843,laptop,electronics,WH-3,400,supplier-14,798.6,2020-06-06
6844,mouse,electronics,WH-4,405,supplier-17,30.44,2020-04-10
6845,scanner,electronics,WH-4,364,supplier-11,1244.54,2020-03-13
6846,laptop,electronics,WH-1,209,supplier-15,825.3,2020-06-10
6847,keyboard,electronics,WH-5,244,supplier-7,706.63,2021-03-21
6848,chair,furniture,WH-3,424,supplier-8,968.47,2021-02-20
6849,desk,furniture,WH-3,55,supplier-6,1162.66,2021-01-13
6850,laptop,electronics,WH-4,214,supplier-18,1069.55,2020-09-19
6851,printer,electronics,WH-4,127,supplier-9,460.89,2020-10-19
6852,keyboard,electronics,WH-1,446,supplier-7,1078.69,2021-05-08
6853,mouse,electronics,WH-4,13,supplier-4,757.07,2020-09-12
6854,desk,furniture,WH-4,383,supplier-13,1243.76,2020-02-09
6855,flashdrives,electronics,WH-4,453,supplier-17,367.31,2020-02-20
6856,mouse,electronics,WH-3,339,supplier-16,1211.73,2020-01-11
6857,desk,furniture,WH-5,261,supplier-8,912.69,2020-08-11
6858,keyboard,electronics,WH-1,415,supplier-7,1346.74,2020-09-18
6859,monitor,electronics,WH-3,408,supplier-7,937.11,2021-06-10
6860,keyboard,electronics,WH-3,203,supplier-13,684.97,2021-05-22
6861,keyboard,electronics,WH-2,297,supplier-15,750.67,2020-10-05
6862,mouse,electronics,WH-5,103,supplier-12,289.16,2020-10-03
6863,monitor,electronics,WH-5,445,supplier-11,777.33,2020-01-05
6864,flashdrives,electronics,WH-5,280,supplier-4,53.29,2020-05-12
6865,flashdrives,electronics,WH-4,433,supplier-4,197.98,2020-01-02
6866,flashdrives,electronics,WH-3,177,supplier-12,133.53,2021-05-26
6867,keyboard,electronics,WH-2,184,supplier-8,1033.73,2020-01-18
6868,flashdrives,electronics,WH-3,429,supplier-10,479.46,2020-06-16
6869,printer,electronics,WH-2,327,supplier-6,790.81,2020-10-25
6870,desktops,electronics,WH-4,454,supplier-8,1103.76,2020-10-14
6871,chair,furniture,WH-3,101,supplier-18,1360.27,2020-10-20
6872,printer,electronics,WH-2,176,supplier-2,1115.5,2020-01-25
6873,printer,electronics,WH-5,247,supplier-20,1238.58,2020-04-18
6874,keyboard,electronics,WH-2,52,supplier-12,477.28,2021-04-15
6875,monitor,electronics,WH-4,53,supplier-3,866.67,2020-12-02
6876,desk,furniture,WH-5,38,supplier-11,1075.58,2020-11-30
6877,flashdrives,electronics,WH-1,412,supplier-18,413.07,2020-01-13
6878,desktops,electronics,WH-3,82,supplier-15,57.91,2020-12-23
6879,desktops,electronics,WH-3,302,supplier-5,817.13,2020-08-21
6880,desk,furniture,WH-1,398,supplier-10,328.97,2020-10-25
6881,chair,furniture,WH-3,262,supplier-8,766.59,2020-02-05
6882,scanner,electronics,WH-5,203,supplier-14,1089.29,2021-05-11
6883,mouse,electronics,WH-4,424,supplier-16,972.07,2021-02-08
6884,laptop,electronics,WH-2,273,supplier-3,739.47,2020-12-23
6885,scanner,electronics,WH-2,122,supplier-16,685.68,2021-03-26
6886,flashdrives,electronics,WH-2,229,supplier-14,176.4,2021-03-13
6887,desktops,electronics,WH-2,384,supplier-7,320.75,2020-11-27
6888,laptop,electronics,WH-3,68,supplier-9,1041.93,2020-06-15
6889,scanner,electronics,WH-5,405,supplier-8,1034.74,2020-03-12
6890,desktops,electronics,WH-1,164,supplier-20,893.81,2020-09-21
6891,scanner,electronics,WH-5,172,supplier-6,906.56,2020-08-24
6892,scanner,electronics,WH-5,251,supplier-14,546.72,2020-11-18
6893,laptop,electronics,WH-1,429,supplier-9,1143.7,2020-07-26
6894,scanner,electronics,WH-1,29,supplier-14,178.98,2020-06-24
6895,desk,furniture,WH-4,183,supplier-14,827.95,2020-02-10
6896,chair,furniture,WH-3,355,supplier-4,95.29,2020-06-24
6897,desktops,electronics,WH-3,235,supplier-10,1236.12,2021-01-09
6898,flashdrives,electronics,WH-3,323,supplier-2,418.67,2020-06-07
6899,printer,electronics,WH-2,218,supplier-2,199.94,2020-07-20
6900,printer,electronics,WH-2,113,supplier-14,264.45,2020-02-20
6901,desk,furniture,WH-4,190,supplier-8,1070.02,2020-09-18
6902,desk,furniture,WH-2,6,supplier-7,1283.58,2020-05-07
6903,flashdrives,electronics,WH-1,395,supplier-4,590.8,2021-03-16
6904,flashdrives,electronics,WH-4,294,supplier-12,670.78,2021-02-21
6905,scanner,electronics,WH-5,251,supplier-19,142.4,2020-01-17
6906,keyboard,electronics,WH-3,63,supplier-1,562.28,2020-08-24
6907,keyboard,electronics,WH-3,479,supplier-10,1092.35,2020-06-06
6908,flashdrives,electronics,WH-2,95,supplier-11,879.94,2021-01-09
6909,printer,electronics,WH-1,386,supplier-7,130.36,2020-10-20
6910,printer,electronics,WH-4,107,supplier-5,870.0,2020-05-08
6911,printer,electronics,WH-1,341,supplier-2,1408.6,2021-03-20
6912,desk,furniture,WH-1,418,supplier-5,120.78,2020-02-21
6913,flashdrives,electronics,WH-4,237,supplier-14,1224.0,2020-06-06
6914,monitor,electronics,WH-1,368,supplier-9,1115.4,2020-10-30
6915,laptop,electronics,WH-5,290,supplier-15,930.59,2021-05-21
6916,chair,furniture,WH-3,235,supplier-16,1382.92,2020-01-11
6917,flashdrives,electronics,WH-4,58,supplier-8,1315.79,2020-05-02
6918,desk,furniture,WH-5,426,supplier-3,825.95,2020-09-09
6919,keyboard,electronics,WH-4,435,supplier-13,852.29,2020-12-27
6920,printer,electronics,WH-4,320,supplier-10,899.22,2021-04-03
6921,laptop,electronics,WH-2,96,supplier-18,1245.16,2021-03-17
6922,printer,electronics,WH-2,237,supplier-5,1003.72,2020-03-07
6923,desktops,electronics,WH-3,164,supplier-18,572.09,2020-10-16
6924,printer,electronics,WH-3,451,supplier-6,858.03,2021-01-19
6925,printer,electronics,WH-5,204,supplier-14,686.09,2021-05-31
6926,chair,furniture,WH-5,249,supplier-10,1485.75,2021-02-19
6927,printer,electronics,WH-3,364,supplier-15,1412.36,2021-01-02
6928,printer,electronics,WH-5,54,supplier-11,124.03,2021-03-19
6929,mouse,electronics,WH-2,80,supplier-10,959.85,2020-09-02
6930,desktops,electronics,WH-3,124,supplier-12,1435.79,2020-02-06
6931,printer,electronics,WH-3,141,supplier-20,1188.55,2020-08-17
6932,scanner,electronics,WH-1,250,supplier-10,1374.58,2021-03-14
6933,laptop,electronics,WH-5,352,supplier-15,600.9,2021-02-05
6934,monitor,electronics,WH-1,91,supplier-12,67.2,2020-12-29
6935,desktops,electronics,WH-4,325,supplier-14,193.86,2020-09-16
6936,mouse,electronics,WH-1,344,supplier-3,456.13,2021-04-27
6937,desktops,electronics,WH-2,76,supplier-6,807.48,2021-06-23
6938,mouse,electronics,WH-1,362,supplier-17,200.87,2020-08-30
6939,scanner,electronics,WH-2,428,supplier-14,299.77,2020-09-04
6940,desk,furniture,WH-3,446,supplier-18,887.37,2020-02-18
6941,scanner,electronics,WH-2,225,supplier-8,572.2,2020-03-31
6942,desktops,electronics,WH-1,447,supplier-4,61.47,2020-01-30
6943,mouse,electronics,WH-3,367,supplier-17,410.85,2021-06-13
6944,desktops,electronics,WH-3,464,supplier-16,692.65,2021-02-25
6945,keyboard,electronics,WH-5,203,supplier-19,36.66,2020-12-12
6946,desktops,electronics,WH-4,329,supplier-18,1278.22,2020-03-19
6947,desktops,electronics,WH-1,474,supplier-11,1144.72,2021-01-25
6948,monitor,electronics,WH-2,387,supplier-20,312.38,2020-12-14
6949,desktops,electronics,WH-5,134,supplier-16,1207.0,2021-02-08
6950,laptop,electronics,WH-4,291,supplier-20,811.18,2020-07-27
6951,chair,furniture,WH-3,393,supplier-12,852.9,2020-10-30
6952,desk,furniture,WH-5,124,supplier-8,1153.88,2021-01-27
6953,desktops,electronics,WH-2,257,supplier-12,23.22,2020-01-22
6954,laptop,electronics,WH-3,355,supplier-6,422.91,2020-10-21
6955,mouse,electronics,WH-3,57,supplier-17,850.16,2020-03-28
6956,chair,furniture,WH-5,348,supplier-6,1379.63,2020-08-01
6957,desktops,electronics,WH-3,25,supplier-14,247.63,2020-08-10
6958,monitor,electronics,WH-3,293,supplier-14,191.81,2021-05-15
6959,mouse,electronics,WH-3,97,supplier-14,317.13,2021-06-08
6960,scanner,electronics,WH-5,79,supplier-12,220.96,2020-04-21
6961,laptop,electronics,WH-3,383,supplier-1,684.3,2020-09-26
6962,monitor,electronics,WH-2,9,supplier-13,687.89,2020-02-02
6963,scanner,electronics,WH-1,9,supplier-12,201.99,2021-03-26
6964,laptop,electronics,WH-4,225,supplier-17,1139.71,2021-04-09
6965,printer,electronics,WH-2,116,supplier-9,587.81,2021-04-12
6966,chair,furniture,WH-1,157,supplier-15,850.16,2021-05-31
6967,laptop,electronics,WH-5,341,supplier-17,336.5,2021-03-02
6968,desktops,electronics,WH-5,68,supplier-1,990.84,2021-03-26
6969,monitor,electronics,WH-1,152,supplier-16,584.02,2021-04-14
6970,scanner,electronics,WH-3,399,supplier-18,24.01,2020-07-26
6971,monitor,electronics,WH-3,182,supplier-15,1396.09,2021-04-12
6972,monitor,electronics,WH-2,231,supplier-9,1405.18,2020-10-07
6973,desk,furniture,WH-1,92,supplier-2,1382.91,2020-08-02
6974,keyboard,electronics,WH-1,308,supplier-9,469.11,2021-04-20
6975,desktops,electronics,WH-5,178,supplier-2,80.93,2021-06-11
6976,laptop,electronics,WH-2,98,supplier-9,496.61,2020-04-24
6977,desk,furniture,WH-3,80,supplier-11,647.72,2021-04-24
6978,monitor,electronics,WH-4,3,supplier-3,292.52,2021-06-14
6979,monitor,electronics,WH-4,357,supplier-7,1435.96,2021-02-23
6980,laptop,electronics,WH-3,36,supplier-12,90.46,2020-02-20
6981,keyboard,electronics,WH-3,493,supplier-3,363.25,2020-02-01
6982,printer,electronics,WH-4,348,supplier-20,192.93,2020-04-05
6983,monitor,electronics,WH-4,2,supplier-17,111.83,2020-06-07
6984,desk,furniture,WH-2,243,supplier-8,950.27,2020-01-21
6985,mouse,electronics,WH-4,211,supplier-15,381.18,2020-06-14
6986,keyboard,electronics,WH-3,378,supplier-7,54.88,2021-01-03
6987,printer,electronics,WH-2,400,supplier-18,460.15,2020-12-06
6988,desktops,electronics,WH-3,26,supplier-10,746.61,2021-05-01
6989,monitor,electronics,WH-1,236,supplier-14,43.05,2021-03-18
6990,scanner,electronics,WH-5,402,supplier-4,189.8,2020-01-13
6991,monitor,electronics,WH-1,174,supplier-17,38.41,2020-08-11
6992,flashdrives,electronics,WH-2,107,supplier-12,1080.54,2020-01-17
6993,monitor,electronics,WH-3,397,supplier-14,758.04,2020-06-11
6994,printer,electronics,WH-3,293,supplier-4,1070.28,2020-12-15
6995,monitor,electronics,WH-5,319,supplier-6,1466.41,2020-08-22
6996,monitor,electronics,WH-4,245,supplier-4,1300.8,2020-09-21
6997,monitor,electronics,WH-4,169,supplier-3,344.44,2021-04-23
6998,keyboard,electronics,WH-1,499,supplier-2,1150.56,2020-04-14
6999,monitor,electronics,WH-5,164,supplier-8,1092.12,2020-10-08
7000,desktops,electronics,WH-4,153,supplier-6,43.85,2020-01-30
7001,desktops,electronics,WH-3,91,supplier-20,105.52,2020-08-03
7002,scanner,electronics,WH-5,76,supplier-12,39.22,2020-02-02
7003,desk,furniture,WH-3,406,supplier-17,382.65,2020-09-04
7004,desk,furniture,WH-1,21,supplier-18,222.85,2020-08-29
7005,chair,furniture,WH-2,100,supplier-8,186.03,2020-03-03
7006,keyboard,electronics,WH-3,497,supplier-16,1109.18,2020-03-29
7007,chair,furniture,WH-3,74,supplier-10,881.17,2021-03-13
7008,monitor,electronics,WH-2,99,supplier-7,583.42,2020-11-01
7009,flashdrives,electronics,WH-3,71,supplier-6,314.67,2020-10-02
7010,flashdrives,electronics,WH-5,114,supplier-13,715.34,2020-07-04
7011,desktops,electronics,WH-3,270,supplier-13,883.08,2021-01-07
7012,chair,furniture,WH-2,177,supplier-6,963.92,2020-10-29
7013,keyboard,electronics,WH-4,198,supplier-20,236.81,2021-06-16
7014,mouse,electronics,WH-5,473,supplier-5,193.37,2020-01-02
7015,monitor,electronics,WH-1,321,supplier-12,917.3,2021-03-27
7016,laptop,electronics,WH-5,274,supplier-6,69.69,2021-04-28
7017,desktops,electronics,WH-2,13,supplier-18,139.79,2021-03-04
7018,monitor,electronics,WH-1,73,supplier-12,872.55,2020-01-21
7019,desktops,electronics,WH-2,270,supplier-4,1342.92,2021-06-04
7020,printer,electronics,WH-4,126,supplier-14,626.21,2020-01-06
7021,laptop,electronics,WH-4,271,supplier-6,707.59,2020-10-24
7022,flashdrives,electronics,WH-2,346,supplier-3,184.82,2020-06-14
7023,laptop,electronics,WH-2,466,supplier-16,160.87,2020-02-24
7024,chair,furniture,WH-3,106,supplier-5,785.49,2020-07-20
7025,laptop,electronics,WH-5,262,supplier-1,1071.42,2020-07-06
7026,chair,furniture,WH-2,376,supplier-9,687.89,2020-11-28
7027,keyboard,electronics,WH-2,54,supplier-14,1087.59,2021-03-17
7028,mouse,electronics,WH-2,397,supplier-14,885.56,2020-03-24
7029,chair,furniture,WH-5,206,supplier-14,292.89,2021-04-21
7030,printer,electronics,WH-2,33,supplier-5,405.95,2020-05-22
7031,scanner,electronics,WH-5,362,supplier-4,930.67,2020-08-31
7032,scanner,electronics,WH-5,409,supplier-16,1374.65,2020-11-03
7033,flashdrives,electronics,WH-4,283,supplier-2,1317.81,2021-02-18
7034,keyboard,electronics,WH-2,284,supplier-16,1463.2,2020-11-16
7035,laptop,electronics,WH-3,230,supplier-17,80.57,2021-05-20
7036,desktops,electronics,WH-2,21,supplier-19,625.4,2021-01-29
7037,monitor,electronics,WH-5,241,supplier-18,472.23,2021-03-17
7038,desk,furniture,WH-1,439,supplier-19,1018.4,2021-06-06
7039,monitor,electronics,WH-5,437,supplier-9,1120.9,2020-03-15
7040,flashdrives,electronics,WH-5,47,supplier-13,1203.15,2020-06-05
7041,printer,electronics,WH-1,117,supplier-9,759.47,2020-04-27
7042,scanner,electronics,WH-5,401,supplier-3,460.72,2020-07-28
7043,chair,furniture,WH-1,143,supplier-1,1006.83,2020-11-06
7044,keyboard,electronics,WH-4,251,supplier-18,74.84,2020-02-28
7045,scanner,electronics,WH-1,22,supplier-5,1092.01,2021-02-14
7046,mouse,electronics,WH-5,427,supplier-7,1480.86,2021-04-24
7047,monitor,electronics,WH-1,359,supplier-10,1163.22,2020-09-27
7048,chair,furniture,WH-2,219,supplier-1,885.92,2021-02-08
7049,printer,electronics,WH-2,241,supplier-18,276.37,2021-06-01
7050,printer,electronics,WH-1,331,supplier-2,839.43,2020-02-02
7051,chair,furniture,WH-4,356,supplier-12,359.93,2021-02-12
7052,scanner,electronics,WH-3,266,supplier-3,605.24,2020-08-08
7053,printer,electronics,WH-5,346,supplier-7,146.0,2021-06-20
7054,printer,electronics,WH-3,52,supplier-6,1049.57,2020-03-29
7055,mouse,electronics,WH-3,229,supplier-19,1452.22,2021-04-27
7056,keyboard,electronics,WH-2,96,supplier-15,534.94,2020-11-27
7057,scanner,electronics,WH-2,438,supplier-6,815.73,2020-03-10
7058,printer,electronics,WH-2,260,supplier-17,954.52,2021-01-23
7059,desktops,electronics,WH-2,438,supplier-4,890.11,2020-07-13
7060,monitor,electronics,WH-2,170,supplier-19,203.65,2021-05-05
7061,flashdrives,electronics,WH-2,113,supplier-16,1142.01,2020-08-26
7062,monitor,electronics,WH-4,223,supplier-19,1137.63,2020-01-02
7063,monitor,electronics,WH-5,349,supplier-14,575.01,2020-02-10
7064,scanner,electronics,WH-5,172,supplier-9,1288.01,2021-06-09
7065,desk,furniture,WH-3,27,supplier-9,1380.29,2020-03-12
7066,chair,furniture,WH-5,24,supplier-5,59.54,2020-09-02
7067,desktops,electronics,WH-3,284,supplier-20,765.95,2020-10-20
7068,desk,furniture,WH-1,404,supplier-20,524.69,2021-05-04
7069,monitor,electronics,WH-4,88,supplier-15,1387.53,2020-12-03
7070,monitor,electronics,WH-3,382,supplier-4,1025.3,2021-01-18
7071,scanner,electronics,WH-2,2,supplier-18,1373.67,2020-08-10
7072,mouse,electronics,WH-4,140,supplier-1,927.51,2020-11-13
7073,laptop,electronics,WH-5,404,supplier-15,1025.57,2020-11-11
7074,desktops,electronics,WH-1,142,supplier-20,120.24,2020-09-03
7075,printer,electronics,WH-5,107,supplier-10,525.48,2020-11-07
7076,mouse,electronics,WH-3,410,supplier-3,1135.08,2020-10-22
7077,monitor,electronics,WH-4,314,supplier-9,541.33,2020-08-04
7078,monitor,electronics,WH-2,447,supplier-2,988.78,2020-05-04
7079,mouse,electronics,WH-2,142,supplier-7,704.78,2020-12-14
7080,chair,furniture,WH-1,205,supplier-12,720.83,2021-03-30
7081,keyboard,electronics,WH-2,112,supplier-12,1055.78,2021-06-07
7082,chair,furniture,WH-4,134,supplier-7,38.33,2020-02-04
7083,desk,furniture,WH-1,36,supplier-15,22.58,2021-04-18
7084,monitor,electronics,WH-1,370,supplier-9,619.86,2021-03-26
7085,printer,electronics,WH-3,446,supplier-20,1065.62,2020-03-25
7086,desktops,electronics,WH-2,223,supplier-11,551.25,2020-08-18
7087,flashdrives,electronics,WH-4,292,supplier-10,598.75,2020-04-05
7088,flashdrives,electronics,WH-2,44,supplier-7,124.89,2020-12-17
7089,monitor,electronics,WH-1,490,supplier-4,661.03,2020-05-24
7090,monitor,electronics,WH-3,58,supplier-1,733.44,2020-01-09
7091,desktops,electronics,WH-4,28,supplier-9,535.77,2021-06-06
7092,desk,furniture,WH-1,87,supplier-17,1133.17,2020-04-21
7093,desktops,electronics,WH-3,280,supplier-3,200.31,2020-08-27
7094,scanner,electronics,WH-5,273,supplier-10,856.68,2020-01-10
7095,monitor,electronics,WH-1,190,supplier-2,1164.01,2020-09-03
7096,printer,electronics,WH-5,309,supplier-14,1054.34,2020-01-04
7097,desktops,electronics,WH-3,31,supplier-11,1304.65,2020-09-19
7098,scanner,electronics,WH-5,438,supplier-11,844.02,2020-11-14
7099,desktops,electronics,WH-5,204,supplier-17,1013.16,2020-03-15
7100,chair,furniture,WH-5,320,supplier-1,744.14,2021-05-06
7101,mouse,electronics,WH-4,138,supplier-14,972.4,2021-03-01
7102,desk,furniture,WH-2,325,supplier-2,1004.17,2020-01-08
7103,desk,furniture,WH-5,100,supplier-18,1110.34,2020-03-12
7104,keyboard,electronics,WH-3,459,supplier-9,529.5,2020-07-15
7105,desktops,electronics,WH-5,163,supplier-10,501.82,2021-03-25
7106,laptop,electronics,WH-1,145,supplier-5,1021.48,2020-11-20
7107,scanner,electronics,WH-5,397,supplier-5,1191.88,2020-09-04
7108,laptop,electronics,WH-1,113,supplier-11,560.58,2021-01-13
7109,flashdrives,electronics,WH-4,330,supplier-11,739.83,2021-06-17
7110,desktops,electronics,WH-4,276,supplier-10,391.94,2020-06-02
7111,laptop,electronics,WH-4,312,supplier-10,851.76,2020-01-17
7112,desk,furniture,WH-4,77,supplier-4,1214.46,2021-02-28
7113,flashdrives,electronics,WH-2,91,supplier-4,1194.08,2020-10-29
7114,printer,electronics,WH-4,403,supplier-17,1167.25,2020-10-21
7115,desktops,electronics,WH-4,16,supplier-5,1283.68,2020-10-24
7116,laptop,electronics,WH-2,293,supplier-1,1053.36,2020-03-12
7117,desk,furniture,WH-5,171,supplier-5,884.44,2020-03-24
7118,flashdrives,electronics,WH-3,95,supplier-6,746.47,2021-05-22
7119,desktops,electronics,WH-2,109,supplier-2,1213.31,2021-04-29
7120,monitor,electronics,WH-4,172,supplier-8,134.1,2020-09-13
7121,desk,furniture,WH-1,366,supplier-17,119.85,2021-05-14
7122,chair,furniture,WH-4,235,supplier-17,289.88,2020-10-20
7123,keyboard,electronics,WH-4,373,supplier-1,1177.08,2020-08-05
7124,desk,furniture,WH-3,152,supplier-14,108.25,2020-08-28
7125,desk,furniture,WH-2,237,supplier-14,624.58,2021-05-06
7126,monitor,electronics,WH-3,195,supplier-7,918.52,2020-04-24
7127,desk,furniture,WH-4,71,supplier-14,1068.96,2021-01-26
7128,keyboard,electronics,WH-2,352,supplier-11,1056.98,2020-12-18
7129,laptop,electronics,WH-4,430,supplier-10,1288.43,2021-01-25
7130,laptop,electronics,WH-2,342,supplier-7,304.84,2021-05-09
7131,mouse,electronics,WH-3,499,supplier-9,566.61,2020-05-01
7132,desk,furniture,WH-3,449,supplier-2,681.73,2021-04-28
7133,desktops,electronics,WH-1,460,supplier-14,1022.74,2020-05-28
7134,monitor,electronics,WH-2,251,supplier-10,744.68,2020-06-23
7135,printer,electronics,WH-4,66,supplier-17,1232.7,2021-01-16
7136,flashdrives,electronics,WH-4,118,supplier-9,1161.48,2020-07-14
7137,desktops,electronics,WH-2,27,supplier-16,241.1,2020-12-04
7138,desk,furniture,WH-3,93,supplier-5,1320.74,2021-04-07
7139,keyboard,electronics,WH-2,177,supplier-13,1044.57,2020-05-18
7140,monitor,electronics,WH-5,461,supplier-20,1380.39,2020-05-14
7141,desktops,electronics,WH-4,248,supplier-17,993.15,2020-12-11
7142,flashdrives,electronics,WH-1,6,supplier-3,227.24,2020-05-13
7143,desk,furniture,WH-1,239,supplier-20,271.78,2020-07-02
7144,laptop,electronics,WH-4,476,supplier-16,1459.34,2021-04-24
7145,mouse,electronics,WH-1,65,supplier-2,977.3,2020-04-30
7146,mouse,electronics,WH-5,102,supplier-10,1471.8,2020-03-05
7147,desk,furniture,WH-1,322,supplier-14,1142.08,2020-05-11
7148,flashdrives,electronics,WH-5,170,supplier-3,748.3,2020-05-22
7149,desk,furniture,WH-2,284,supplier-16,589.95,2020-02-04
7150,chair,furniture,WH-2,433,supplier-15,46.6,2021-02-27
7151,desktops,electronics,WH-3,67,supplier-17,1295.88,2020-12-11
7152,chair,furniture,WH-4,258,supplier-3,339.49,2021-03-16
7153,mouse,electronics,WH-2,308,supplier-19,912.93,2020-02-08
7154,desktops,electronics,WH-5,402,supplier-1,1087.35,2021-06-18
7155,desk,furniture,WH-3,9,supplier-5,1399.99,2020-08-10
7156,printer,electronics,WH-1,113,supplier-10,67.59,2020-02-04
7157,chair,furniture,WH-2,11,supplier-3,882.21,2021-03-10
7158,mouse,electronics,WH-1,78,supplier-12,599.28,2020-11-22
7159,desktops,electronics,WH-4,480,supplier-12,453.41,2020-04-14
7160,mouse,electronics,WH-4,112,supplier-20,1261.82,2020-12-01
7161,keyboard,electronics,WH-4,203,supplier-17,13.18,2020-02-09
7162,desk,furniture,WH-3,353,supplier-15,90.74,2020-03-23
7163,keyboard,electronics,WH-4,498,supplier-4,257.13,2020-03-14
7164,printer,electronics,WH-1,161,supplier-12,1379.22,2021-05-06
7165,chair,furniture,WH-5,169,supplier-1,1271.72,2020-05-02
7166,chair,furniture,WH-2,127,supplier-19,69.04,2020-01-01
7167,keyboard,electronics,WH-4,362,supplier-10,684.52,2020-10-10
7168,mouse,electronics,WH-5,45,supplier-14,386.48,2020-10-25
7169,mouse,electronics,WH-4,473,supplier-6,1286.41,2020-05-25
7170,desktops,electronics,WH-3,446,supplier-19,1077.64,2020-05-03
7171,scanner,electronics,WH-4,316,supplier-18,17.26,2020-02-04
7172,monitor,electronics,WH-2,52,supplier-4,296.76,2020-08-21
7173,laptop,electronics,WH-2,389,supplier-6,224.51,2020-10-15
7174,desk,furniture,WH-4,351,supplier-15,1285.94,2021-06-02
7175,mouse,electronics,WH-3,63,supplier-19,1361.67,2020-04-04
7176,mouse,electronics,WH-4,285,supplier-1,616.27,2020-10-02
7177,printer,electronics,WH-3,309,supplier-14,1407.83,2020-03-18
7178,keyboard,electronics,WH-3,458,supplier-17,354.03,2020-10-02
7179,desk,furniture,WH-1,404,supplier-1,991.97,2020-08-21
7180,scanner,electronics,WH-3,50,supplier-20,1254.78,2021-01-28
7181,chair,furniture,WH-5,125,supplier-8,198.15,2020-03-27
7182,desktops,electronics,WH-4,492,supplier-19,1082.68,2021-03-23
7183,printer,electronics,WH-2,428,supplier-12,1442.87,2020-01-20
7184,scanner,electronics,WH-1,435,supplier-8,1286.54,2020-01-17
7185,desk,furniture,WH-5,88,supplier-17,131.21,2020-06-12
7186,desk,furniture,WH-5,70,supplier-18,859.76,2020-10-16
7187,mouse,electronics,WH-4,40,supplier-18,1424.68,2020-09-15
7188,desk,furniture,WH-3,389,supplier-8,907.82,2020-09-11
7189,desktops,electronics,WH-3,361,supplier-6,241.35,2020-01-10
7190,chair,furniture,WH-2,448,supplier-4,129.64,2021-01-21
7191,scanner,electronics,WH-5,470,supplier-18,89.61,2021-03-11
7192,printer,electronics,WH-5,443,supplier-17,394.76,2021-05-03
7193,chair,furniture,WH-1,416,supplier-14,276.91,2020-05-22
7194,monitor,electronics,WH-1,341,supplier-7,1425.5,2020-07-21
7195,monitor,electronics,WH-2,24,supplier-18,845.89,2020-03-21
7196,mouse,electronics,WH-2,258,supplier-18,732.74,2020-11-04
7197,chair,furniture,WH-1,17,supplier-14,450.95,2021-01-09
7198,flashdrives,electronics,WH-2,133,supplier-1,87.46,2020-08-13
7199,desk,furniture,WH-1,451,supplier-19,1202.32,2020-12-11
7200,monitor,electronics,WH-4,394,supplier-8,373.66,2020-10-29
7201,keyboard,electronics,WH-2,271,supplier-7,93.19,2020-03-28
7202,desktops,electronics,WH-3,310,supplier-12,48.15,2021-05-13
7203,desktops,electronics,WH-4,480,supplier-2,284.92,2020-11-12
7204,desktops,electronics,WH-5,205,supplier-19,1444.11,2020-10-18
7205,desktops,electronics,WH-3,403,supplier-9,537.13,2020-01-13
7206,keyboard,electronics,WH-4,488,supplier-10,49.85,2020-03-15
7207,laptop,electronics,WH-1,401,supplier-20,1403.29,2020-06-15
7208,scanner,electronics,WH-5,67,supplier-3,1488.14,2020-09-05
7209,flashdrives,electronics,WH-4,33,supplier-1,989.71,2021-04-24
7210,printer,electronics,WH-3,324,supplier-14,1425.84,2020-07-16
7211,monitor,electronics,WH-2,344,supplier-18,1400.52,2020-04-04
7212,desktops,electronics,WH-1,51,supplier-12,809.72,2020-05-21
7213,mouse,electronics,WH-1,411,supplier-19,1303.28,2020-09-18
7214,desktops,electronics,WH-2,455,supplier-1,229.61,2020-01-21
7215,desktops,electronics,WH-2,461,supplier-1,719.65,2021-05-14
7216,scanner,electronics,WH-2,396,supplier-3,1463.83,2020-03-13
7217,chair,furniture,WH-3,233,supplier-11,329.39,2020-07-28
7218,flashdrives,electronics,WH-5,47,supplier-15,1070.39,2021-01-01
7219,monitor,electronics,WH-4,255,supplier-13,302.43,2020-10-08
7220,keyboard,electronics,WH-5,428,supplier-15,532.22,2021-01-23
7221,printer,electronics,WH-5,113,supplier-1,853.34,2020-06-10
7222,keyboard,electronics,WH-4,35,supplier-5,181.39,2020-07-13
7223,scanner,electronics,WH-1,471,supplier-1,1207.84,2020-09-13
7224,flashdrives,electronics,WH-3,191,supplier-13,1102.93,2020-03-14
7225,desk,furniture,WH-1,252,supplier-8,276.75,2020-04-02
7226,keyboard,electronics,WH-1,95,supplier-16,598.74,2021-03-26
7227,chair,furniture,WH-3,424,supplier-5,300.12,2020-02-06
7228,scanner,electronics,WH-3,57,supplier-5,1375.95,2020-07-14
7229,laptop,electronics,WH-4,274,supplier-11,292.49,2020-03-19
7230,desktops,electronics,WH-3,111,supplier-17,948.44,2020-12-11
7231,desk,furniture,WH-1,415,supplier-19,1157.84,2021-01-26
7232,scanner,electronics,WH-4,366,supplier-11,455.94,2021-02-01
7233,keyboard,electronics,WH-4,109,supplier-3,767.65,2020-06-27
7234,mouse,electronics,WH-2,103,supplier-7,750.14,2021-04-11
7235,scanner,electronics,WH-3,419,supplier-14,1292.12,2020-07-02
7236,desk,furniture,WH-5,181,supplier-4,1440.18,2020-12-26
7237,scanner,electronics,WH-3,470,supplier-18,132.68,2021-04-08
7238,monitor,electronics,WH-3,130,supplier-18,522.57,2020-08-11
7239,desktops,electronics,WH-3,203,supplier-6,1171.36,2021-01-12
7240,laptop,electronics,WH-3,242,supplier-8,321.66,2020-01-28
7241,chair,furniture,WH-1,189,supplier-12,830.08,2020-09-05
7242,desk,furniture,WH-4,249,supplier-18,429.57,2020-08-22
7243,mouse,electronics,WH-3,296,supplier-19,511.28,2020-12-17
7244,chair,furniture,WH-3,371,supplier-17,91.47,2020-05-06
7245,laptop,electronics,WH-2,213,supplier-6,158.15,2020-07-12
7246,desk,furniture,WH-3,13,supplier-15,67.9,2021-06-02
7247,monitor,electronics,WH-3,388,supplier-15,1490.66,2021-02-25
7248,scanner,electronics,WH-5,102,supplier-3,155.47,2020-02-21
7249,scanner,electronics,WH-2,483,supplier-4,469.17,2020-11-30
7250,chair,furniture,WH-5,92,supplier-17,469.54,2020-11-09
7251,flashdrives,electronics,WH-5,437,supplier-7,1048.52,2021-04-14
7252,mouse,electronics,WH-2,340,supplier-14,1239.76,2021-04-21
7253,desktops,electronics,WH-5,44,supplier-13,1390.11,2020-06-27
7254,scanner,electronics,WH-4,99,supplier-12,786.36,2020-07-18
7255,monitor,electronics,WH-2,237,supplier-9,457.97,2021-04-19
7256,chair,furniture,WH-1,471,supplier-2,235.49,2021-06-02
7257,mouse,electronics,WH-5,418,supplier-7,1498.73,2020-07-05
7258,mouse,electronics,WH-2,101,supplier-8,742.35,2020-04-18
7259,desktops,electronics,WH-4,329,supplier-19,1413.25,2020-09-02
7260,keyboard,electronics,WH-2,7,supplier-16,1305.03,2020-05-12
7261,laptop,electronics,WH-2,50,supplier-17,116.3,2020-01-04
7262,chair,furniture,WH-1,262,supplier-19,1305.88,2020-09-16
7263,keyboard,electronics,WH-3,481,supplier-20,1213.21,2020-07-18
7264,mouse,electronics,WH-5,393,supplier-5,951.3,2020-05-01
7265,keyboard,electronics,WH-1,417,supplier-10,1480.17,2021-05-01
7266,desktops,electronics,WH-5,415,supplier-3,1187.69,2020-08-11
7267,keyboard,electronics,WH-4,125,supplier-11,805.92,2020-04-21
7268,desktops,electronics,WH-1,448,supplier-20,1414.0,2021-01-28
7269,desk,furniture,WH-4,310,supplier-20,765.86,2020-06-25
7270,flashdrives,electronics,WH-3,117,supplier-6,777.47,2020-11-28
7271,laptop,electronics,WH-4,404,supplier-8,1384.74,2020-02-26
7272,keyboard,electronics,WH-4,460,supplier-10,513.0,2020-10-22
7273,desktops,electronics,WH-5,99,supplier-6,555.97,2020-11-22
7274,keyboard,electronics,WH-1,265,supplier-8,784.66,2020-06-14
7275,printer,electronics,WH-3,160,supplier-8,455.81,2020-10-30
7276,flashdrives,electronics,WH-1,67,supplier-17,422.01,2021-03-06
7277,scanner,electronics,WH-2,126,supplier-19,198.83,2021-05-07
7278,chair,furniture,WH-5,429,supplier-7,1022.71,2020-01-16
7279,monitor,electronics,WH-3,85,supplier-15,146.95,2020-11-26
7280,desk,furniture,WH-5,174,supplier-5,1447.37,2020-01-28
7281,mouse,electronics,WH-4,413,supplier-13,805.47,2020-01-08
7282,monitor,electronics,WH-4,497,supplier-11,161.9,2020-05-18
7283,printer,electronics,WH-4,331,supplier-8,192.18,2020-10-22
7284,flashdrives,electronics,WH-4,113,supplier-9,118.17,2021-03-10
7285,mouse,electronics,WH-2,261,supplier-6,1066.01,2021-04-01
7286,mouse,electronics,WH-5,385,supplier-15,1427.15,2020-09-09
7287,mouse,electronics,WH-1,256,supplier-18,996.02,2021-02-25
7288,desktops,electronics,WH-2,285,supplier-14,921.19,2021-02-20
7289,chair,furniture,WH-5,418,supplier-5,1111.31,2021-02-11
7290,chair,furniture,WH-1,298,supplier-15,427.49,2020-12-16
7291,keyboard,electronics,WH-1,351,supplier-2,117.65,2020-01-17
7292,flashdrives,electronics,WH-4,239,supplier-6,1179.79,2020-04-08
7293,scanner,electronics,WH-2,274,supplier-14,1385.59,2020-09-02
7294,desk,furniture,WH-3,92,supplier-8,792.48,2020-03-07
7295,chair,furniture,WH-4,134,supplier-15,223.86,2020-02-10
7296,keyboard,electronics,WH-2,230,supplier-5,320.92,2020-10-13
7297,laptop,electronics,WH-3,62,supplier-1,1160.99,2020-01-18
7298,desktops,electronics,WH-4,81,supplier-6,1028.09,2020-07-31
7299,printer,electronics,WH-3,464,supplier-12,452.53,2020-09-19
7300,desk,furniture,WH-3,204,supplier-13,1394.86,2020-10-02
7301,printer,electronics,WH-4,24,supplier-1,1000.05,2020-01-11
7302,printer,electronics,WH-2,19,supplier-12,1224.85,2021-05-05
7303,keyboard,electronics,WH-5,153,supplier-16,1036.72,2021-05-09
7304,monitor,electronics,WH-4,352,supplier-15,845.88,2020-10-14
7305,laptop,electronics,WH-4,11,supplier-10,1474.51,2020-11-18
7306,scanner,electronics,WH-5,43,supplier-2,373.34,2020-12-03
7307,flashdrives,electronics,WH-4,423,supplier-6,103.94,2020-12-19
7308,printer,electronics,WH-1,97,supplier-19,855.19,2020-05-22
7309,scanner,electronics,WH-1,265,supplier-7,877.26,2020-09-27
7310,keyboard,electronics,WH-4,21,supplier-17,48.87,2020-05-11
7311,mouse,electronics,WH-3,236,supplier-3,800.44,2020-01-15
7312,flashdrives,electronics,WH-3,118,supplier-18,458.23,2021-03-09
7313,chair,furniture,WH-1,447,supplier-13,1349.41,2020-05-04
7314,laptop,electronics,WH-5,0,supplier-8,596.07,2021-06-14
7315,keyboard,electronics,WH-1,170,supplier-12,325.49,2021-04-21
7316,desk,furniture,WH-4,382,supplier-6,669.63,2021-06-08
7317,flashdrives,electronics,WH-1,192,supplier-20,514.19,2020-01-11
7318,laptop,electronics,WH-2,324,supplier-19,1202.54,2020-09-12
7319,laptop,electronics,WH-2,79,supplier-8,1388.17,2020-11-06
7320,monitor,electronics,WH-3,298,supplier-9,1358.89,2020-12-27
7321,chair,furniture,WH-2,85,supplier-20,966.42,2020-10-31
7322,laptop,electronics,WH-3,243,supplier-10,758.69,2021-02-22
7323,desk,furniture,WH-2,106,supplier-8,321.92,2020-10-09
7324,desktops,electronics,WH-3,269,supplier-1,1131.04,2021-06-08
7325,flashdrives,electronics,WH-3,493,supplier-1,1407.62,2021-05-31
7326,printer,electronics,WH-5,118,supplier-1,1401.02,2020-05-28
7327,desk,furniture,WH-3,354,supplier-6,511.49,2021-02-13
7328,laptop,electronics,WH-5,54,supplier-10,975.43,2021-04-29
7329,monitor,electronics,WH-3,309,supplier-12,1217.05,2020-10-16
7330,chair,furniture,WH-4,482,supplier-3,1487.32,2020-02-25
7331,scanner,electronics,WH-1,263,supplier-16,805.56,2020-01-25
7332,flashdrives,electronics,WH-1,393,supplier-6,992.52,2020-06-05
7333,desktops,electronics,WH-5,163,supplier-4,1141.48,2020-10-02
7334,mouse,electronics,WH-1,130,supplier-1,1026.27,2021-06-24
7335,desk,furniture,WH-2,415,supplier-1,219.89,2020-01-03
7336,desk,furniture,WH-2,252,supplier-4,739.71,2020-05-29
7337,desk,furniture,WH-4,358,supplier-6,119.82,2020-08-02
7338,desk,furniture,WH-2,277,supplier-14,218.01,2021-02-07
7339,flashdrives,electronics,WH-5,40,supplier-19,541.95,2020-01-29
7340,mouse,electronics,WH-5,98,supplier-9,1491.09,2021-04-23
7341,desk,furniture,WH-4,225,supplier-9,87.7,2021-04-05
7342,desktops,electronics,WH-1,447,supplier-3,193.49,2021-04-21
7343,keyboard,electronics,WH-4,484,supplier-7,247.21,2020-07-06
7344,printer,electronics,WH-3,431,supplier-20,415.42,2020-12-22
7345,laptop,electronics,WH-2,190,supplier-6,860.96,2020-07-06
7346,printer,electronics,WH-5,254,supplier-8,511.32,2020-06-29
7347,laptop,electronics,WH-5,379,supplier-20,61.75,2021-04-17
7348,scanner,electronics,WH-5,467,supplier-4,1394.18,2020-12-09
7349,scanner,electronics,WH-2,19,supplier-17,1325.14,2020-12-31
7350,chair,furniture,WH-4,197,supplier-9,968.09,2020-08-14
7351,flashdrives,electronics,WH-1,366,supplier-16,1177.7,2020-06-09
7352,flashdrives,electronics,WH-4,327,supplier-13,304.82,2021-04-11
7353,scanner,electronics,WH-3,112,supplier-15,898.38,2020-06-03
7354,chair,furniture,WH-1,296,supplier-13,737.24,2021-03-10
7355,keyboard,electronics,WH-5,253,supplier-15,714.59,2020-01-14
7356,scanner,electronics,WH-4,220,supplier-14,933.21,2020-10-26
7357,printer,electronics,WH-1,393,supplier-16,1029.5,2021-01-14
7358,laptop,electronics,WH-5,112,supplier-11,591.83,2020-01-25
7359,monitor,electronics,WH-2,29,supplier-17,1302.26,2021-04-21
7360,keyboard,electronics,WH-5,16,supplier-19,308.84,2020-06-03
7361,desktops,electronics,WH-4,371,supplier-14,478.76,2020-02-20
7362,monitor,electronics,WH-5,274,supplier-7,117.54,2020-12-17
7363,keyboard,electronics,WH-2,492,supplier-6,824.56,2020-09-25
7364,flashdrives,electronics,WH-2,340,supplier-11,217.59,2020-09-23
7365,laptop,electronics,WH-3,9,supplier-5,348.56,2021-05-20
7366,keyboard,electronics,WH-1,420,supplier-13,585.49,2020-09-05
7367,printer,electronics,WH-1,439,supplier-1,436.45,2020-04-07
7368,keyboard,electronics,WH-3,488,supplier-2,524.14,2020-08-03
7369,printer,electronics,WH-4,425,supplier-16,1385.35,2021-05-25
7370,keyboard,electronics,WH-5,303,supplier-17,946.52,2020-10-21
7371,chair,furniture,WH-2,108,supplier-9,360.22,2020-01-20
7372,keyboard,electronics,WH-1,452,supplier-10,97.22,2020-08-29
7373,keyboard,electronics,WH-1,299,supplier-11,682.67,2021-03-05
7374,mouse,electronics,WH-1,306,supplier-1,593.59,2021-02-05
7375,chair,furniture,WH-1,33,supplier-8,588.75,2020-03-09
7376,flashdrives,electronics,WH-3,166,supplier-13,1324.65,2020-09-23
7377,mouse,electronics,WH-4,477,supplier-15,265.65,2020-03-16
7378,chair,furniture,WH-4,65,supplier-15,426.88,2021-04-26
7379,desktops,electronics,WH-2,379,supplier-4,896.28,2021-04-28
7380,printer,electronics,WH-2,492,supplier-1,1411.22,2020-06-17
7381,flashdrives,electronics,WH-1,9,supplier-1,1478.09,2020-05-02
7382,desktops,electronics,WH-1,493,supplier-4,891.81,2021-02-17
7383,chair,furniture,WH-5,73,supplier-15,205.63,2021-06-04
7384,desktops,electronics,WH-2,307,supplier-3,1180.15,2020-09-03
7385,scanner,electronics,WH-4,461,supplier-19,1328.83,2021-01-18
7386,mouse,electronics,WH-4,268,supplier-12,259.84,2020-01-15
7387,printer,electronics,WH-4,394,supplier-10,566.35,2021-01-20
7388,keyboard,electronics,WH-5,493,supplier-4,273.92,2020-05-23
7389,desk,furniture,WH-2,37,supplier-4,552.65,2021-04-28
7390,monitor,electronics,WH-1,114,supplier-20,1460.0,2020-12-26
7391,keyboard,electronics,WH-5,209,supplier-9,166.28,2021-04-19
7392,mouse,electronics,WH-2,159,supplier-3,746.17,2020-02-19
7393,desktops,electronics,WH-2,465,supplier-5,1474.44,2020-12-16
7394,monitor,electronics,WH-1,497,supplier-7,348.39,2020-04-06
7395,keyboard,electronics,WH-2,474,supplier-9,307.57,2020-12-30
7396,keyboard,electronics,WH-1,442,supplier-8,936.19,2020-02-03
7397,desktops,electronics,WH-5,63,supplier-6,1001.93,2021-02-13
7398,keyboard,electronics,WH-3,34,supplier-9,1328.77,2020-02-13
7399,monitor,electronics,WH-2,25,supplier-4,173.68,2020-04-04
7400,chair,furniture,WH-1,279,supplier-6,1153.77,2020-01-16
7401,keyboard,electronics,WH-1,429,supplier-5,503.95,2020-09-25
7402,laptop,electronics,WH-1,352,supplier-3,79.81,2020-06-19
7403,printer,electronics,WH-5,301,supplier-8,868.89,2021-01-15
7404,laptop,electronics,WH-3,30,supplier-1,345.64,2020-07-06
7405,chair,furniture,WH-5,332,supplier-16,1233.42,2020-05-21
7406,desk,furniture,WH-1,254,supplier-16,1460.13,2021-01-09
7407,scanner,electronics,WH-5,129,supplier-18,714.72,2020-06-03
7408,desktops,electronics,WH-1,480,supplier-9,1353.89,2021-01-16
7409,monitor,electronics,WH-5,164,supplier-18,1405.53,2020-07-19
7410,laptop,electronics,WH-5,37,supplier-17,249.51,2021-06-09
7411,flashdrives,electronics,WH-4,80,supplier-5,1323.8,2021-04-11
7412,monitor,electronics,WH-4,449,supplier-20,254.69,2020-05-19
7413,keyboard,electronics,WH-5,85,supplier-18,859.88,2020-07-04
7414,scanner,electronics,WH-1,250,supplier-3,31.88,2020-03-11
7415,desk,furniture,WH-4,125,supplier-19,279.38,2020-12-31
7416,scanner,electronics,WH-5,67,supplier-8,274.87,2020-08-10
7417,keyboard,electronics,WH-3,293,supplier-17,241.54,2020-07-13
7418,desktops,electronics,WH-3,183,supplier-7,769.16,2020-04-17
7419,flashdrives,electronics,WH-1,33,supplier-15,618.79,2020-12-28
7420,keyboard,electronics,WH-3,153,supplier-13,678.82,2020-12-17
7421,scanner,electronics,WH-4,478,supplier-9,1324.04,2020-12-21
7422,scanner,electronics,WH-5,195,supplier-10,1116.36,2021-05-13
7423,printer,electronics,WH-5,446,supplier-11,167.01,2020-05-26
7424,chair,furniture,WH-4,206,supplier-20,938.86,2020-01-26
7425,chair,furniture,WH-5,19,supplier-15,118.18,2020-02-25
7426,keyboard,electronics,WH-1,493,supplier-11,1355.16,2020-07-31
7427,laptop,electronics,WH-3,277,supplier-1,31.33,2020-07-01
7428,desk,furniture,WH-4,360,supplier-13,106.53,2020-06-28
7429,chair,furniture,WH-5,359,supplier-15,656.72,2021-05-29
7430,mouse,electronics,WH-4,468,supplier-3,276.46,2020-03-13
7431,mouse,electronics,WH-3,296,supplier-5,713.6,2021-02-19
7432,desk,furniture,WH-3,274,supplier-15,784.05,2021-03-14
7433,scanner,electronics,WH-4,311,supplier-9,290.19,2020-06-28
7434,desk,furniture,WH-1,275,supplier-3,87.06,2020-05-30
7435,flashdrives,electronics,WH-2,334,supplier-19,821.56,2021-04-24
7436,monitor,electronics,WH-2,403,supplier-14,163.69,2021-02-13
7437,desktops,electronics,WH-2,402,supplier-18,119.37,2021-01-28
7438,desk,furniture,WH-4,431,supplier-18,486.4,2020-10-18
7439,desk,furniture,WH-4,43,supplier-11,560.28,2021-04-26
7440,mouse,electronics,WH-3,383,supplier-18,435.12,2020-07-13
7441,monitor,electronics,WH-3,300,supplier-19,682.28,2020-09-19
7442,flashdrives,electronics,WH-1,131,supplier-12,410.4,2020-10-16
7443,printer,electronics,WH-4,116,supplier-20,1192.71,2021-06-01
7444,printer,electronics,WH-3,68,supplier-3,1451.82,2021-05-17
7445,laptop,electronics,WH-5,348,supplier-16,812.53,2021-02-19
7446,flashdrives,electronics,WH-3,456,supplier-13,1360.58,2021-03-18
7447,keyboard,electronics,WH-2,145,supplier-3,827.67,2020-02-15
7448,desktops,electronics,WH-5,234,supplier-11,1234.44,2021-01-20
7449,chair,furniture,WH-3,205,supplier-8,884.9,2020-04-16
7450,printer,electronics,WH-5,308,supplier-2,1103.1,2021-02-14
7451,desk,furniture,WH-3,412,supplier-6,1490.54,2020-09-14
7452,monitor,electronics,WH-2,1,supplier-19,941.99,2021-05-22
7453,desktops,electronics,WH-3,318,supplier-17,237.6,2021-06-21
7454,desktops,electronics,WH-5,46,supplier-3,408.95,2020-02-23
7455,monitor,electronics,WH-1,61,supplier-13,451.91,2020-12-11
7456,scanner,electronics,WH-2,200,supplier-16,369.9,2021-02-24
7457,mouse,electronics,WH-3,79,supplier-10,161.35,2021-04-19
7458,laptop,electronics,WH-1,353,supplier-4,365.45,2020-08-12
7459,keyboard,electronics,WH-3,442,supplier-6,326.19,2020-02-04
7460,printer,electronics,WH-3,215,supplier-18,349.98,2021-03-23
7461,chair,furniture,WH-3,321,supplier-18,423.1,2021-01-20
7462,printer,electronics,WH-1,274,supplier-11,1420.31,2021-01-02
7463,printer,electronics,WH-5,494,supplier-13,433.95,2020-07-11
7464,desktops,electronics,WH-2,218,supplier-10,456.13,2021-05-15
7465,chair,furniture,WH-4,221,supplier-2,320.25,2020-12-20
7466,desk,furniture,WH-3,61,supplier-13,1232.47,2021-01-09
7467,chair,furniture,WH-1,71,supplier-14,1059.3,2021-02-20
7468,laptop,electronics,WH-3,175,supplier-18,488.25,2021-04-10
7469,desk,furniture,WH-1,244,supplier-8,992.93,2020-11-19
7470,monitor,electronics,WH-5,381,supplier-19,543.24,2021-01-02
7471,laptop,electronics,WH-2,169,supplier-14,836.55,2020-08-29
7472,scanner,electronics,WH-5,292,supplier-8,738.0,2021-05-01
7473,monitor,electronics,WH-2,431,supplier-1,940.87,2020-03-21
7474,monitor,electronics,WH-4,243,supplier-9,581.07,2020-10-16
7475,printer,electronics,WH-1,270,supplier-10,677.93,2020-03-07
7476,desk,furniture,WH-2,336,supplier-3,1343.82,2021-05-18
7477,keyboard,electronics,WH-5,443,supplier-3,1138.07,2021-02-23
7478,keyboard,electronics,WH-5,190,supplier-4,1175.46,2021-02-16
7479,mouse,electronics,WH-5,164,supplier-13,114.38,2020-04-11
7480,desktops,electronics,WH-5,134,supplier-11,34.85,2020-07-24
7481,laptop,electronics,WH-3,78,supplier-9,334.23,2020-04-21
7482,printer,electronics,WH-1,272,supplier-5,1430.35,2020-06-14
7483,chair,furniture,WH-4,263,supplier-16,249.11,2020-01-30
7484,printer,electronics,WH-1,407,supplier-3,973.21,2020-03-21
7485,mouse,electronics,WH-3,14,supplier-12,357.39,2021-03-02
7486,desktops,electronics,WH-5,462,supplier-3,1042.99,2020-12-28
7487,laptop,electronics,WH-4,436,supplier-9,415.51,2020-06-30
7488,laptop,electronics,WH-1,234,supplier-17,1360.79,2020-06-27
7489,chair,furniture,WH-1,362,supplier-8,1028.89,2021-05-11
7490,desk,furniture,WH-3,432,supplier-6,63.36,2020-03-12
7491,scanner,electronics,WH-4,7,supplier-16,990.48,2021-04-22
7492,flashdrives,electronics,WH-1,60,supplier-11,1397.57,2020-02-24
7493,monitor,electronics,WH-1,111,supplier-12,561.37,2020-08-12
7494,keyboard,electronics,WH-1,260,supplier-18,1109.29,2020-04-20
7495,monitor,electronics,WH-4,291,supplier-7,277.0,2021-04-10
7496,keyboard,electronics,WH-4,275,supplier-15,1314.68,2020-01-21
7497,laptop,electronics,WH-1,342,supplier-11,1104.92,2020-07-15
7498,desk,furniture,WH-2,324,supplier-2,384.38,2020-08-12
7499,desktops,electronics,WH-1,207,supplier-5,1340.63,2020-01-29
7500,keyboard,electronics,WH-4,184,supplier-3,1419.78,2020-01-08
7501,printer,electronics,WH-3,298,supplier-15,976.16,2020-09-04
7502,scanner,electronics,WH-1,461,supplier-14,548.78,2021-05-18
7503,laptop,electronics,WH-1,95,supplier-18,1438.52,2020-07-25
7504,desk,furniture,WH-1,97,supplier-16,1477.12,2020-05-18
7505,monitor,electronics,WH-2,420,supplier-18,324.76,2021-06-13
7506,scanner,electronics,WH-2,162,supplier-6,686.46,2020-03-25
7507,mouse,electronics,WH-4,202,supplier-5,292.11,2020-01-27
7508,desktops,electronics,WH-2,200,supplier-8,1182.27,2021-03-05
7509,scanner,electronics,WH-3,81,supplier-4,933.44,2021-04-13
7510,keyboard,electronics,WH-1,482,supplier-9,1212.1,2020-07-26
7511,printer,electronics,WH-4,89,supplier-10,315.46,2020-07-13
7512,scanner,electronics,WH-5,55,supplier-4,40.44,2020-09-27
7513,printer,electronics,WH-3,103,supplier-4,1099.29,2020-03-02
7514,desktops,electronics,WH-4,467,supplier-19,868.87,2020-08-26
7515,scanner,electronics,WH-2,250,supplier-8,460.16,2020-05-07
7516,laptop,electronics,WH-4,240,supplier-5,510.39,2021-01-24
7517,printer,electronics,WH-2,476,supplier-5,917.98,2020-10-08
7518,scanner,electronics,WH-3,14,supplier-12,105.0,2020-11-09
7519,flashdrives,electronics,WH-1,2,supplier-2,271.9,2020-08-26
7520,desk,furniture,WH-4,440,supplier-11,730.26,2020-10-25
7521,scanner,electronics,WH-5,426,supplier-8,253.28,2020-12-07
7522,printer,electronics,WH-3,167,supplier-14,1157.03,2021-05-01
7523,flashdrives,electronics,WH-2,419,supplier-10,1045.98,2021-03-01
7524,desktops,electronics,WH-1,51,supplier-20,221.25,2020-10-01
7525,monitor,electronics,WH-4,31,supplier-14,1494.28,2020-08-18
7526,printer,electronics,WH-4,496,supplier-1,1182.66,2020-02-15
7527,monitor,electronics,WH-4,302,supplier-11,264.91,2020-07-09
7528,laptop,electronics,WH-3,346,supplier-15,1253.18,2021-05-03
7529,monitor,electronics,WH-2,371,supplier-15,1183.92,2020-07-26
7530,laptop,electronics,WH-5,231,supplier-12,726.98,2020-01-02
7531,mouse,electronics,WH-5,60,supplier-18,285.38,2020-08-06
7532,scanner,electronics,WH-1,43,supplier-6,66.73,2021-05-09
7533,chair,furniture,WH-4,266,supplier-7,1083.69,2021-05-21
7534,keyboard,electronics,WH-3,499,supplier-7,1335.99,2021-05-16
7535,desktops,electronics,WH-2,87,supplier-12,867.53,2020-08-08
7536,printer,electronics,WH-5,233,supplier-7,60.81,2020-03-13
7537,desk,furniture,WH-1,353,supplier-14,896.86,2020-06-06
7538,keyboard,electronics,WH-1,383,supplier-11,721.94,2021-02-21
7539,monitor,electronics,WH-1,425,supplier-7,240.97,2020-05-17
7540,monitor,electronics,WH-1,368,supplier-3,183.57,2020-12-15
7541,flashdrives,electronics,WH-3,118,supplier-6,1018.8,2020-08-27
7542,mouse,electronics,WH-4,347,supplier-5,525.49,2021-02-11
7543,scanner,electronics,WH-3,263,supplier-4,1179.22,2021-04-08
7544,desktops,electronics,WH-2,21,supplier-1,667.45,2020-03-29
7545,printer,electronics,WH-2,224,supplier-3,188.14,2021-01-08
7546,flashdrives,electronics,WH-2,286,supplier-15,560.86,2020-03-23
7547,laptop,electronics,WH-4,53,supplier-5,533.92,2020-04-16
7548,laptop,electronics,WH-2,472,supplier-4,322.95,2020-12-15
7549,flashdrives,electronics,WH-1,438,supplier-16,423.95,2020-07-04
7550,desk,furniture,WH-2,187,supplier-3,545.89,2021-05-16
7551,scanner,electronics,WH-5,485,supplier-11,1254.16,2020-08-04
7552,desk,furniture,WH-4,328,supplier-15,1091.79,2021-03-06
7553,mouse,electronics,WH-5,20,supplier-11,1291.39,2020-06-12
7554,mouse,electronics,WH-4,155,supplier-17,1124.77,2021-05-06
7555,desk,furniture,WH-1,418,supplier-11,1464.46,2020-01-26
7556,flashdrives,electronics,WH-2,78,supplier-4,730.48,2020-03-06
7557,keyboard,electronics,WH-2,220,supplier-10,1040.75,2020-08-03
7558,flashdrives,electronics,WH-2,170,supplier-1,1385.76,2020-04-11
7559,chair,furniture,WH-4,390,supplier-14,1378.78,2020-01-17
7560,printer,electronics,WH-3,460,supplier-1,443.79,2020-01-02
7561,desk,furniture,WH-4,176,supplier-4,1371.55,2020-04-26
7562,printer,electronics,WH-1,400,supplier-19,1268.03,2020-12-19
7563,chair,furniture,WH-4,84,supplier-8,200.25,2020-01-13
7564,flashdrives,electronics,WH-3,341,supplier-16,167.85,2020-06-20
7565,desktops,electronics,WH-2,91,supplier-12,606.53,2020-07-15
7566,laptop,electronics,WH-5,150,supplier-1,1165.2,2021-03-21
7567,chair,furniture,WH-2,33,supplier-17,115.15,2020-01-17
7568,desk,furniture,WH-5,230,supplier-2,804.31,2020-01-31
7569,flashdrives,electronics,WH-5,345,supplier-2,756.44,2020-07-14
7570,scanner,electronics,WH-4,444,supplier-16,381.72,2020-12-27
7571,keyboard,electronics,WH-5,15,supplier-4,1016.51,2021-02-11
7572,keyboard,electronics,WH-5,314,supplier-7,844.52,2020-01-12
7573,flashdrives,electronics,WH-1,184,supplier-1,1266.35,2021-01-11
7574,mouse,electronics,WH-4,427,supplier-19,1407.92,2020-04-30
7575,keyboard,electronics,WH-2,390,supplier-1,61.04,2020-01-28
7576,printer,electronics,WH-4,364,supplier-1,820.7,2020-10-10
7577,desktops,electronics,WH-3,354,supplier-9,924.16,2020-09-07
7578,laptop,electronics,WH-5,241,supplier-9,1069.2,2020-01-14
7579,desk,furniture,WH-2,2,supplier-13,702.12,2021-01-06
7580,monitor,electronics,WH-1,310,supplier-18,1270.47,2020-11-15
7581,scanner,electronics,WH-2,216,supplier-4,1119.68,2020-08-31
7582,mouse,electronics,WH-2,31,supplier-7,76.05,2021-05-27
7583,scanner,electronics,WH-4,245,supplier-17,329.28,2020-01-29
7584,mouse,electronics,WH-5,278,supplier-17,1344.89,2020-08-02
7585,mouse,electronics,WH-5,453,supplier-13,1144.03,2020-02-20
7586,monitor,electronics,WH-2,166,supplier-14,1335.91,2020-09-10
7587,chair,furniture,WH-3,290,supplier-20,429.4,2020-07-02
7588,chair,furniture,WH-3,161,supplier-7,401.87,2021-05-21
7589,keyboard,electronics,WH-2,173,supplier-18,1309.63,2020-02-15
7590,laptop,electronics,WH-2,76,supplier-3,836.04,2020-03-03
7591,printer,electronics,WH-4,380,supplier-13,818.78,2020-04-09
7592,desk,furniture,WH-1,327,supplier-20,60.71,2020-05-05
7593,chair,furniture,WH-2,237,supplier-17,916.67,2021-05-29
7594,printer,electronics,WH-5,90,supplier-4,749.54,2020-03-09
7595,laptop,electronics,WH-3,44,supplier-15,862.19,2020-10-30
7596,keyboard,electronics,WH-2,456,supplier-2,538.11,2021-02-11
7597,chair,furniture,WH-1,144,supplier-6,751.4,2021-02-14
7598,desktops,electronics,WH-5,498,supplier-8,863.98,2020-02-28
7599,keyboard,electronics,WH-5,25,supplier-7,1213.52,2021-06-23
7600,desktops,electronics,WH-1,19,supplier-9,419.59,2020-05-12
7601,flashdrives,electronics,WH-2,313,supplier-6,803.0,2021-06-13
7602,printer,electronics,WH-2,138,supplier-3,1053.59,2020-05-20
7603,chair,furniture,WH-2,134,supplier-4,507.69,2020-02-07
7604,laptop,electronics,WH-4,441,supplier-4,1448.57,2020-01-24
7605,desktops,electronics,WH-3,266,supplier-1,212.75,2021-02-07
7606,laptop,electronics,WH-2,90,supplier-9,1461.28,2020-09-25
7607,chair,furniture,WH-1,186,supplier-6,1095.06,2020-04-15
7608,flashdrives,electronics,WH-3,249,supplier-14,877.64,2020-08-30
7609,monitor,electronics,WH-2,500,supplier-17,1117.02,2020-04-21
7610,mouse,electronics,WH-4,184,supplier-16,443.16,2020-02-11
7611,monitor,electronics,WH-4,26,supplier-9,1055.97,2021-02-01
7612,monitor,electronics,WH-2,150,supplier-4,1299.21,2021-05-20
7613,chair,furniture,WH-3,303,supplier-15,360.87,2021-01-24
7614,chair,furniture,WH-5,37,supplier-3,530.6,2021-06-20
7615,mouse,electronics,WH-5,356,supplier-4,1214.27,2020-05-03
7616,printer,electronics,WH-3,475,supplier-8,509.5,2020-08-31
7617,flashdrives,electronics,WH-3,159,supplier-10,994.66,2020-11-01
7618,flashdrives,electronics,WH-4,84,supplier-18,39.36,2021-04-27
7619,mouse,electronics,WH-4,484,supplier-2,1476.1,2020-10-22
7620,monitor,electronics,WH-5,24,supplier-8,672.9,2021-06-07
7621,printer,electronics,WH-2,277,supplier-6,865.38,2021-05-28
7622,keyboard,electronics,WH-2,334,supplier-19,1310.52,2020-04-04
7623,monitor,electronics,WH-3,314,supplier-10,346.87,2021-04-29
7624,scanner,electronics,WH-4,145,supplier-8,625.12,2020-10-05
7625,desktops,electronics,WH-1,440,supplier-12,706.98,2020-07-17
7626,printer,electronics,WH-5,296,supplier-1,1317.97,2020-03-25
7627,mouse,electronics,WH-4,379,supplier-4,982.83,2020-03-22
7628,desk,furniture,WH-3,278,supplier-9,1223.75,2020-06-18
7629,scanner,electronics,WH-5,114,supplier-17,784.18,2021-01-01
7630,flashdrives,electronics,WH-4,288,supplier-12,326.34,2020-07-19
7631,monitor,electronics,WH-2,429,supplier-16,1487.31,2020-03-27
7632,scanner,electronics,WH-4,411,supplier-3,1059.78,2020-11-13
7633,flashdrives,electronics,WH-4,76,supplier-3,307.24,2021-06-20
7634,flashdrives,electronics,WH-1,204,supplier-20,718.87,2020-09-23
7635,desk,furniture,WH-1,141,supplier-10,762.16,2020-08-27
7636,desk,furniture,WH-4,294,supplier-5,758.74,2020-02-19
7637,desktops,electronics,WH-5,58,supplier-3,1108.74,2020-10-23
7638,chair,furniture,WH-1,449,supplier-20,349.39,2020-10-15
7639,printer,electronics,WH-3,35,supplier-17,1474.26,2021-01-23
7640,monitor,electronics,WH-2,106,supplier-20,478.08,2021-05-21
7641,scanner,electronics,WH-4,86,supplier-3,472.41,2021-04-30
7642,chair,furniture,WH-1,225,supplier-13,20.25,2020-03-26
7643,desk,furniture,WH-1,387,supplier-14,770.52,2020-03-24
7644,scanner,electronics,WH-5,466,supplier-7,121.3,2021-01-19
7645,scanner,electronics,WH-1,498,supplier-8,722.93,2020-08-26
7646,laptop,electronics,WH-3,65,supplier-6,310.76,2020-08-26
7647,printer,electronics,WH-2,368,supplier-1,681.55,2020-06-30
7648,desk,furniture,WH-2,113,supplier-9,1366.93,2020-04-30
7649,keyboard,electronics,WH-2,295,supplier-10,867.19,2021-01-10
7650,monitor,electronics,WH-5,490,supplier-6,500.2,2020-03-12
7651,desk,furniture,WH-2,271,supplier-18,782.56,2020-12-23
7652,desktops,electronics,WH-3,404,supplier-18,1254.99,2020-03-05
7653,flashdrives,electronics,WH-2,7,supplier-7,1312.84,2020-05-27
7654,chair,furniture,WH-5,409,supplier-15,228.12,2020-08-18
7655,monitor,electronics,WH-5,145,supplier-3,1203.24,2020-07-30
7656,printer,electronics,WH-3,140,supplier-12,1478.25,2021-04-24
7657,keyboard,electronics,WH-2,21,supplier-4,1033.75,2020-03-24
7658,printer,electronics,WH-3,195,supplier-4,864.21,2020-10-23
7659,printer,electronics,WH-4,245,supplier-17,259.78,2021-05-14
7660,printer,electronics,WH-5,365,supplier-17,604.38,2021-02-10
7661,desktops,electronics,WH-5,343,supplier-7,1311.79,2020-02-27
7662,chair,furniture,WH-2,279,supplier-16,1225.94,2020-05-23
7663,keyboard,electronics,WH-2,255,supplier-9,1233.51,2020-02-28
7664,keyboard,electronics,WH-5,6,supplier-10,779.31,2020-10-24
7665,keyboard,electronics,WH-1,451,supplier-2,179.89,2020-12-27
7666,desk,furniture,WH-4,188,supplier-8,936.8,2021-03-26
7667,printer,electronics,WH-1,173,supplier-6,1034.02,2020-03-12
7668,flashdrives,electronics,WH-3,292,supplier-11,1412.28,2020-10-07
7669,printer,electronics,WH-3,234,supplier-1,836.22,2020-03-11
7670,desk,furniture,WH-1,481,supplier-13,209.04,2021-04-29
7671,desktops,electronics,WH-5,198,supplier-12,1388.46,2021-02-11
7672,chair,furniture,WH-1,229,supplier-7,1061.93,2020-09-07
7673,mouse,electronics,WH-2,404,supplier-6,81.92,2021-05-03
7674,monitor,electronics,WH-5,126,supplier-16,1066.44,2021-06-02
7675,mouse,electronics,WH-3,18,supplier-13,1273.71,2021-03-08
7676,chair,furniture,WH-5,390,supplier-12,676.16,2020-04-05
7677,desktops,electronics,WH-3,423,supplier-9,1242.44,2020-02-08
7678,flashdrives,electronics,WH-2,205,supplier-12,584.64,2020-10-12
7679,scanner,electronics,WH-2,107,supplier-2,670.63,2020-06-09
7680,desk,furniture,WH-5,193,supplier-8,1098.18,2021-04-09
7681,flashdrives,electronics,WH-3,205,supplier-2,566.13,2020-04-22
7682,laptop,electronics,WH-2,55,supplier-15,1468.42,2021-06-04
7683,scanner,electronics,WH-4,312,supplier-2,1139.44,2021-06-09
7684,desktops,electronics,WH-5,399,supplier-17,744.34,2021-03-28
7685,monitor,electronics,WH-5,355,supplier-17,1161.07,2021-04-29
7686,chair,furniture,WH-5,371,supplier-4,445.25,2021-01-25
7687,desk,furniture,WH-4,410,supplier-4,632.72,2021-02-24
7688,mouse,electronics,WH-5,242,supplier-12,916.7,2020-11-04
7689,flashdrives,electronics,WH-3,496,supplier-7,557.56,2020-08-04
7690,monitor,electronics,WH-1,480,supplier-7,615.37,2021-02-23
7691,monitor,electronics,WH-5,49,supplier-1,775.09,2020-10-21
7692,monitor,electronics,WH-3,316,supplier-20,1287.16,2020-12-12
7693,desktops,electronics,WH-1,187,supplier-5,120.22,2021-02-05
7694,laptop,electronics,WH-1,421,supplier-19,952.88,2020-07-08
7695,desk,furniture,WH-5,287,supplier-8,88.73,2020-02-22
7696,printer,electronics,WH-4,143,supplier-2,199.01,2020-09-06
7697,flashdrives,electronics,WH-2,472,supplier-17,1293.4,2020-03-11
7698,flashdrives,electronics,WH-1,413,supplier-9,901.3,2021-02-15
7699,chair,furniture,WH-4,322,supplier-9,1456.36,2021-05-12
7700,desk,furniture,WH-3,169,supplier-8,811.16,2020-08-13
7701,mouse,electronics,WH-2,486,supplier-5,1287.8,2021-01-03
7702,scanner,electronics,WH-5,131,supplier-13,941.25,2021-01-08
7703,keyboard,electronics,WH-2,37,supplier-8,637.87,2020-07-06
7704,desktops,electronics,WH-1,146,supplier-3,539.36,2020-08-31
7705,mouse,electronics,WH-4,408,supplier-7,1433.28,2020-01-20
7706,flashdrives,electronics,WH-5,317,supplier-20,113.07,2021-05-04
7707,desk,furniture,WH-1,48,supplier-11,1276.91,2021-06-15
7708,desk,furniture,WH-2,176,supplier-17,310.58,2021-06-01
7709,desk,furniture,WH-5,177,supplier-19,989.58,2020-07-12
7710,monitor,electronics,WH-3,8,supplier-10,854.0,2020-12-06
7711,scanner,electronics,WH-4,414,supplier-8,1193.41,2020-04-07
7712,desktops,electronics,WH-5,8,supplier-5,489.39,2020-07-06
7713,printer,electronics,WH-4,81,supplier-3,1099.29,2020-06-22
7714,desktops,electronics,WH-4,104,supplier-6,1021.1,2021-03-25
7715,mouse,electronics,WH-5,322,supplier-18,59.87,2020-12-05
7716,laptop,electronics,WH-3,326,supplier-5,377.99,2021-03-05
7717,printer,electronics,WH-4,212,supplier-6,1305.91,2020-02-13
7718,desk,furniture,WH-2,449,supplier-14,1412.27,2020-11-18
7719,flashdrives,electronics,WH-1,448,supplier-20,299.72,2020-01-11
7720,keyboard,electronics,WH-5,496,supplier-4,1239.27,2020-01-26
7721,desk,furniture,WH-2,97,supplier-8,791.81,2020-07-16
7722,desktops,electronics,WH-2,426,supplier-18,637.67,2021-02-25
7723,mouse,electronics,WH-4,450,supplier-9,920.04,2020-01-01
7724,desk,furniture,WH-3,427,supplier-12,816.94,2020-05-15
7725,scanner,electronics,WH-4,178,supplier-7,1315.8,2021-04-15
7726,monitor,electronics,WH-5,231,supplier-5,17.18,2020-02-17
7727,monitor,electronics,WH-4,390,supplier-9,1393.32,2020-04-26
7728,scanner,electronics,WH-3,113,supplier-14,239.29,2020-08-14
7729,printer,electronics,WH-4,417,supplier-9,154.65,2020-09-25
7730,desk,furniture,WH-3,92,supplier-9,834.67,2021-02-17
7731,desktops,electronics,WH-3,498,supplier-13,868.74,2020-07-23
7732,desktops,electronics,WH-1,128,supplier-15,526.11,2020-09-01
7733,desktops,electronics,WH-3,220,supplier-16,761.91,2021-02-12
7734,chair,furniture,WH-3,397,supplier-10,1202.13,2021-02-13
7735,desk,furniture,WH-3,122,supplier-12,1093.75,2020-11-25
7736,laptop,electronics,WH-1,310,supplier-16,982.9,2020-05-29
7737,desktops,electronics,WH-2,388,supplier-12,1301.53,2020-11-10
7738,desk,furniture,WH-3,172,supplier-7,1251.72,2020-04-20
7739,chair,furniture,WH-2,116,supplier-17,1209.23,2020-05-08
7740,scanner,electronics,WH-5,337,supplier-9,444.55,2020-12-20
7741,keyboard,electronics,WH-3,79,supplier-4,1199.77,2020-12-18
7742,desktops,electronics,WH-1,172,supplier-9,32.39,2020-03-25
7743,desk,furniture,WH-4,322,supplier-12,865.47,2020-06-22
7744,flashdrives,electronics,WH-4,404,supplier-9,665.06,2020-08-11
7745,scanner,electronics,WH-5,430,supplier-11,1062.38,2020-05-05
7746,printer,electronics,WH-5,14,supplier-18,100.85,2021-01-05
7747,mouse,electronics,WH-3,449,supplier-9,899.65,2020-09-05
7748,chair,furniture,WH-4,368,supplier-19,42.42,2020-12-25
7749,mouse,electronics,WH-5,387,supplier-19,1342.21,2020-03-16
7750,laptop,electronics,WH-4,455,supplier-20,705.44,2020-08-08
7751,desktops,electronics,WH-3,215,supplier-19,1306.12,2020-05-13
7752,keyboard,electronics,WH-3,406,supplier-17,670.36,2021-04-25
7753,desk,furniture,WH-5,169,supplier-18,1486.49,2020-02-23
7754,mouse,electronics,WH-3,290,supplier-4,1057.28,2020-12-21
7755,laptop,electronics,WH-2,330,supplier-17,225.85,2020-02-02
7756,chair,furniture,WH-1,448,supplier-6,141.89,2021-02-21
7757,mouse,electronics,WH-1,249,supplier-7,543.78,2020-06-24
7758,monitor,electronics,WH-1,312,supplier-15,660.95,2020-09-14
7759,scanner,electronics,WH-5,294,supplier-3,884.58,2021-03-29
7760,desktops,electronics,WH-4,337,supplier-12,1029.75,2020-12-19
7761,mouse,electronics,WH-3,446,supplier-12,139.85,2021-01-21
7762,chair,furniture,WH-4,4,supplier-14,1009.69,2020-05-06
7763,keyboard,electronics,WH-2,313,supplier-4,1307.21,2020-07-21
7764,chair,furniture,WH-4,1,supplier-16,709.3,2021-03-21
7765,scanner,electronics,WH-4,247,supplier-16,683.18,2020-11-07
7766,laptop,electronics,WH-4,91,supplier-9,468.75,2021-06-06
7767,laptop,electronics,WH-2,239,supplier-2,825.04,2021-02-09
7768,desktops,electronics,WH-4,55,supplier-18,357.51,2020-03-30
7769,laptop,electronics,WH-3,416,supplier-7,367.44,2020-02-07
7770,monitor,electronics,WH-1,362,supplier-16,644.18,2020-02-08
7771,keyboard,electronics,WH-2,276,supplier-7,830.14,2020-08-07
7772,desktops,electronics,WH-3,76,supplier-8,1162.25,2020-08-14
7773,desktops,electronics,WH-3,192,supplier-5,1121.92,2021-01-19
7774,desktops,electronics,WH-5,202,supplier-7,407.55,2020-04-01
7775,scanner,electronics,WH-3,97,supplier-2,1366.91,2020-09-05
7776,scanner,electronics,WH-3,249,supplier-15,406.56,2021-05-23
7777,chair,furniture,WH-3,88,supplier-9,1033.42,2020-12-24
7778,laptop,electronics,WH-4,294,supplier-15,121.86,2020-03-20
7779,flashdrives,electronics,WH-1,90,supplier-8,668.58,2020-08-17
7780,mouse,electronics,WH-5,230,supplier-4,1450.96,2020-03-22
7781,laptop,electronics,WH-3,137,supplier-17,313.53,2020-06-22
7782,keyboard,electronics,WH-5,418,supplier-15,1324.45,2021-06-22
7783,mouse,electronics,WH-3,352,supplier-17,855.86,2020-01-16
7784,flashdrives,electronics,WH-4,110,supplier-8,1025.45,2021-06-17
7785,flashdrives,electronics,WH-5,430,supplier-19,929.64,2020-12-21
7786,monitor,electronics,WH-5,125,supplier-12,363.79,2020-03-08
7787,mouse,electronics,WH-2,135,supplier-1,664.37,2021-03-22
7788,mouse,electronics,WH-1,462,supplier-19,1200.12,2020-10-01
7789,monitor,electronics,WH-5,100,supplier-6,783.97,2021-03-30
7790,monitor,electronics,WH-1,419,supplier-13,1121.84,2020-09-07
7791,scanner,electronics,WH-2,436,supplier-12,374.33,2020-08-13
7792,laptop,electronics,WH-2,421,supplier-2,1373.74,2021-03-17
7793,desktops,electronics,WH-4,417,supplier-4,589.81,2020-10-31
7794,scanner,electronics,WH-3,18,supplier-17,103.97,2021-03-04
7795,keyboard,electronics,WH-4,182,supplier-19,710.44,2021-06-12
7796,laptop,electronics,WH-5,40,supplier-10,45.17,2020-07-29
7797,monitor,electronics,WH-3,130,supplier-3,809.35,2020-02-01
7798,chair,furniture,WH-3,442,supplier-18,624.38,2021-03-02
7799,chair,furniture,WH-2,138,supplier-2,348.81,2020-08-18
7800,keyboard,electronics,WH-2,90,supplier-12,1432.53,2020-05-22
7801,monitor,electronics,WH-1,499,supplier-8,540.26,2020-06-14
7802,laptop,electronics,WH-2,239,supplier-10,1369.04,2020-06-30
7803,scanner,electronics,WH-1,87,supplier-2,1401.91,2020-09-04
7804,flashdrives,electronics,WH-3,347,supplier-20,1470.91,2020-10-16
7805,scanner,electronics,WH-3,362,supplier-15,565.0,2020-12-15
7806,chair,furniture,WH-2,89,supplier-6,875.84,2021-05-18
7807,chair,furniture,WH-1,86,supplier-18,1186.84,2020-12-23
7808,printer,electronics,WH-4,24,supplier-1,1016.72,2020-06-14
7809,monitor,electronics,WH-3,121,supplier-3,1197.96,2021-05-25
7810,printer,electronics,WH-1,422,supplier-13,370.61,2021-04-24
7811,laptop,electronics,WH-5,105,supplier-19,422.38,2021-01-19
7812,flashdrives,electronics,WH-3,393,supplier-10,855.17,2020-10-08
7813,flashdrives,electronics,WH-4,42,supplier-15,1164.3,2020-03-21
7814,laptop,electronics,WH-3,88,supplier-2,1230.25,2020-11-29
7815,monitor,electronics,WH-2,105,supplier-10,298.35,2021-02-04
7816,mouse,electronics,WH-2,177,supplier-15,1350.6,2020-04-20
7817,desk,furniture,WH-1,210,supplier-6,938.84,2020-01-30
7818,desktops,electronics,WH-5,169,supplier-4,939.85,2021-05-24
7819,scanner,electronics,WH-4,98,supplier-11,65.16,2021-01-20
7820,keyboard,electronics,WH-1,427,supplier-19,1005.79,2021-02-11
7821,desk,furniture,WH-1,226,supplier-15,800.23,2020-03-01
7822,laptop,electronics,WH-3,11,supplier-6,1380.62,2020-09-30
7823,scanner,electronics,WH-2,301,supplier-19,689.29,2020-11-22
7824,desktops,electronics,WH-2,172,supplier-7,14.3,2020-03-13
7825,scanner,electronics,WH-4,196,supplier-18,1022.19,2020-09-04
7826,laptop,electronics,WH-2,130,supplier-15,972.81,2021-06-08
7827,desk,furniture,WH-3,170,supplier-14,1257.48,2021-05-28
7828,mouse,electronics,WH-3,298,supplier-14,1177.81,2021-01-02
7829,laptop,electronics,WH-2,35,supplier-9,1061.92,2020-01-26
7830,flashdrives,electronics,WH-5,351,supplier-8,380.84,2020-11-22
7831,mouse,electronics,WH-3,364,supplier-1,116.08,2020-08-14
7832,laptop,electronics,WH-3,1,supplier-10,1383.81,2021-04-12
7833,keyboard,electronics,WH-4,450,supplier-10,1319.9,2020-06-17
7834,flashdrives,electronics,WH-2,40,supplier-4,949.75,2020-01-28
7835,mouse,electronics,WH-4,279,supplier-7,695.91,2021-06-11
7836,laptop,electronics,WH-5,4,supplier-2,1263.47,2020-03-08
7837,scanner,electronics,WH-4,284,supplier-10,578.54,2020-12-31
7838,laptop,electronics,WH-5,107,supplier-20,554.34,2021-05-18
7839,printer,electronics,WH-5,68,supplier-9,1077.31,2020-08-22
7840,mouse,electronics,WH-1,134,supplier-5,129.0,2020-04-06
7841,flashdrives,electronics,WH-3,222,supplier-7,1431.44,2021-04-23
7842,desk,furniture,WH-2,213,supplier-12,1043.7,2021-05-29
7843,desk,furniture,WH-1,219,supplier-3,998.38,2020-05-17
7844,flashdrives,electronics,WH-2,251,supplier-17,980.59,2021-04-29
7845,flashdrives,electronics,WH-5,25,supplier-1,537.99,2020-07-06
7846,keyboard,electronics,WH-4,180,supplier-8,1099.02,2021-03-28
7847,scanner,electronics,WH-4,325,supplier-5,428.06,2020-12-01
7848,keyboard,electronics,WH-2,279,supplier-2,374.55,2021-05-19
7849,mouse,electronics,WH-3,331,supplier-13,707.55,2020-11-30
7850,chair,furniture,WH-5,50,supplier-9,838.12,2020-08-11
7851,desk,furniture,WH-2,436,supplier-14,171.12,2020-07-10
7852,keyboard,electronics,WH-4,237,supplier-8,203.09,2020-03-01
7853,flashdrives,electronics,WH-4,383,supplier-15,1158.72,2020-10-22
7854,laptop,electronics,WH-5,410,supplier-20,45.61,2020-05-29
7855,laptop,electronics,WH-4,272,supplier-4,936.61,2020-04-21
7856,mouse,electronics,WH-3,101,supplier-7,1047.02,2020-07-13
7857,printer,electronics,WH-4,358,supplier-20,1338.83,2020-07-24
7858,mouse,electronics,WH-3,154,supplier-16,280.76,2020-05-11
7859,desk,furniture,WH-3,26,supplier-20,234.23,2021-03-04
7860,keyboard,electronics,WH-5,343,supplier-16,713.04,2020-08-01
7861,flashdrives,electronics,WH-3,472,supplier-8,1201.34,2021-06-04
7862,keyboard,electronics,WH-1,402,supplier-20,604.88,2020-07-29
7863,printer,electronics,WH-2,184,supplier-16,228.2,2020-01-17
7864,monitor,electronics,WH-2,251,supplier-12,144.3,2020-04-20
7865,laptop,electronics,WH-1,245,supplier-4,1035.74,2020-06-23
7866,scanner,electronics,WH-2,60,supplier-1,115.93,2020-11-28
7867,laptop,electronics,WH-3,357,supplier-10,1045.54,2021-03-07
7868,desk,furniture,WH-3,363,supplier-15,89.98,2020-11-17
7869,desktops,electronics,WH-5,416,supplier-20,482.99,2020-05-14
7870,keyboard,electronics,WH-3,39,supplier-5,843.16,2020-02-03
7871,scanner,electronics,WH-4,473,supplier-12,18.39,2020-05-11
7872,keyboard,electronics,WH-1,287,supplier-15,1423.3,2021-01-30
7873,scanner,electronics,WH-2,32,supplier-8,13.93,2021-03-19
7874,mouse,electronics,WH-1,247,supplier-11,341.32,2021-01-30
7875,monitor,electronics,WH-3,113,supplier-3,898.4,2020-02-23
7876,flashdrives,electronics,WH-3,197,supplier-11,1146.59,2020-09-08
7877,scanner,electronics,WH-2,297,supplier-17,754.08,2020-12-26
7878,desk,furniture,WH-3,375,supplier-5,472.84,2021-05-09
7879,desk,furniture,WH-2,107,supplier-17,674.65,2021-01-06
7880,printer,electronics,WH-2,75,supplier-19,803.44,2021-04-11
7881,chair,furniture,WH-5,128,supplier-6,203.83,2020-08-08
7882,monitor,electronics,WH-1,265,supplier-10,520.03,2020-10-22
7883,keyboard,electronics,WH-2,198,supplier-2,938.15,2020-11-14
7884,desk,furniture,WH-3,8,supplier-4,221.82,2021-03-24
7885,keyboard,electronics,WH-4,92,supplier-11,1097.13,2020-07-10
7886,flashdrives,electronics,WH-4,182,supplier-6,1402.04,2020-09-18
7887,keyboard,electronics,WH-2,456,supplier-6,1317.72,2021-05-20
7888,desk,furniture,WH-3,242,supplier-6,1249.94,2020-07-06
7889,printer,electronics,WH-3,288,supplier-16,223.23,2020-01-29
7890,chair,furniture,WH-4,287,supplier-11,650.46,2020-06-22
7891,printer,electronics,WH-3,201,supplier-10,561.77,2021-05-09
7892,chair,furniture,WH-4,6,supplier-14,513.43,2020-05-05
7893,desktops,electronics,WH-2,317,supplier-15,970.81,2020-07-04
7894,scanner,electronics,WH-1,122,supplier-11,14.17,2020-11-15
7895,scanner,electronics,WH-3,76,supplier-11,1357.08,2021-02-07
7896,flashdrives,electronics,WH-3,191,supplier-18,686.68,2020-02-02
7897,scanner,electronics,WH-1,307,supplier-10,880.4,2020-12-17
7898,printer,electronics,WH-2,35,supplier-6,1431.91,2021-05-07
7899,desk,furniture,WH-4,326,supplier-9,1376.11,2021-05-07
7900,chair,furniture,WH-2,258,supplier-19,463.11,2020-12-02
7901,printer,electronics,WH-4,168,supplier-16,1348.81,2020-04-29
7902,mouse,electronics,WH-5,486,supplier-4,560.88,2021-04-21
7903,desktops,electronics,WH-1,308,supplier-11,46.11,2020-06-14
7904,desk,furniture,WH-5,390,supplier-12,886.87,2020-08-15
7905,desk,furniture,WH-5,246,supplier-9,1352.19,2021-01-10
7906,scanner,electronics,WH-5,346,supplier-14,528.93,2020-07-09
7907,flashdrives,electronics,WH-5,457,supplier-17,815.17,2020-01-18
7908,desktops,electronics,WH-5,266,supplier-9,233.27,2020-08-04
7909,laptop,electronics,WH-1,353,supplier-1,1369.39,2020-06-08
7910,printer,electronics,WH-5,350,supplier-20,629.44,2020-06-16
7911,chair,furniture,WH-2,314,supplier-6,926.84,2020-03-23
7912,laptop,electronics,WH-2,243,supplier-1,459.59,2020-01-01
7913,scanner,electronics,WH-4,154,supplier-1,407.01,2021-01-08
7914,chair,furniture,WH-5,297,supplier-7,1009.23,2021-06-14
7915,laptop,electronics,WH-4,373,supplier-1,737.11,2021-05-15
7916,desktops,electronics,WH-3,57,supplier-9,156.87,2020-02-10
7917,desk,furniture,WH-1,377,supplier-15,140.22,2020-05-13
7918,printer,electronics,WH-3,357,supplier-17,1410.17,2021-04-11
7919,keyboard,electronics,WH-4,120,supplier-16,959.07,2020-12-24
7920,keyboard,electronics,WH-3,349,supplier-15,1254.63,2020-01-03
7921,desk,furniture,WH-5,440,supplier-15,330.28,2020-09-15
7922,printer,electronics,WH-1,348,supplier-12,1038.26,2020-12-19
7923,desktops,electronics,WH-2,408,supplier-2,948.16,2021-01-27
7924,monitor,electronics,WH-4,460,supplier-9,1360.66,2020-05-08
7925,printer,electronics,WH-4,33,supplier-8,629.39,2020-11-10
7926,chair,furniture,WH-4,50,supplier-12,492.33,2020-01-05
7927,scanner,electronics,WH-5,422,supplier-2,250.52,2020-05-20
7928,monitor,electronics,WH-2,262,supplier-4,1132.34,2020-06-13
7929,mouse,electronics,WH-5,294,supplier-10,677.81,2021-04-13
7930,monitor,electronics,WH-4,388,supplier-9,274.28,2020-11-14
7931,chair,furniture,WH-2,1,supplier-8,1147.29,2020-10-26
7932,desk,furniture,WH-2,426,supplier-4,928.12,2021-04-04
7933,mouse,electronics,WH-5,126,supplier-7,907.18,2020-12-07
7934,chair,furniture,WH-1,172,supplier-20,341.96,2021-03-31
7935,mouse,electronics,WH-2,371,supplier-5,312.43,2021-05-11
7936,scanner,electronics,WH-4,441,supplier-11,944.31,2020-02-05
7937,laptop,electronics,WH-3,45,supplier-8,1053.7,2020-11-10
7938,printer,electronics,WH-4,236,supplier-15,1412.99,2020-04-10
7939,laptop,electronics,WH-2,66,supplier-5,1128.58,2021-03-31
7940,printer,electronics,WH-1,360,supplier-2,957.96,2020-05-20
7941,printer,electronics,WH-3,284,supplier-2,238.62,2020-08-09
7942,desk,furniture,WH-1,252,supplier-15,244.41,2020-12-04
7943,flashdrives,electronics,WH-1,419,supplier-3,172.41,2020-11-12
7944,keyboard,electronics,WH-3,149,supplier-15,727.34,2021-02-23
7945,laptop,electronics,WH-1,92,supplier-15,175.35,2020-06-04
7946,laptop,electronics,WH-5,3,supplier-13,855.85,2020-11-22
7947,printer,electronics,WH-1,485,supplier-15,885.96,2020-08-25
7948,printer,electronics,WH-4,257,supplier-9,569.82,2020-08-15
7949,scanner,electronics,WH-1,484,supplier-4,204.39,2021-04-03
7950,flashdrives,electronics,WH-5,287,supplier-12,354.32,2020-12-07
7951,laptop,electronics,WH-2,2,supplier-3,432.92,2020-09-02
7952,laptop,electronics,WH-1,325,supplier-7,1052.87,2021-04-30
7953,laptop,electronics,WH-1,253,supplier-13,344.06,2021-05-18
7954,laptop,electronics,WH-2,430,supplier-18,609.62,2020-05-05
7955,chair,furniture,WH-5,113,supplier-4,963.4,2021-06-12
7956,desk,furniture,WH-4,498,supplier-18,882.45,2020-01-18
7957,flashdrives,electronics,WH-1,389,supplier-15,974.44,2020-04-07
7958,mouse,electronics,WH-3,226,supplier-15,704.04,2021-01-30
7959,laptop,electronics,WH-4,18,supplier-14,154.22,2020-12-20
7960,chair,furniture,WH-2,418,supplier-18,41.89,2020-12-16
7961,monitor,electronics,WH-5,390,supplier-4,1264.48,2021-04-07
7962,printer,electronics,WH-1,29,supplier-20,459.98,2020-05-09
7963,desk,furniture,WH-4,97,supplier-17,1198.69,2020-12-08
7964,monitor,electronics,WH-1,427,supplier-14,1240.23,2020-12-27
7965,laptop,electronics,WH-5,406,supplier-6,1047.69,2020-08-03
7966,laptop,electronics,WH-1,292,supplier-13,1094.9,2020-05-03
7967,desk,furniture,WH-2,360,supplier-2,741.28,2020-05-27
7968,flashdrives,electronics,WH-2,261,supplier-13,1106.74,2020-08-27
7969,flashdrives,electronics,WH-3,455,supplier-5,806.91,2020-04-28
7970,printer,electronics,WH-5,290,supplier-14,758.25,2021-01-31
7971,monitor,electronics,WH-5,146,supplier-1,918.81,2021-03-05
7972,scanner,electronics,WH-2,225,supplier-11,353.37,2021-04-16
7973,desk,furniture,WH-1,242,supplier-11,18.25,2020-09-07
7974,mouse,electronics,WH-3,259,supplier-16,226.35,2020-10-06
7975,monitor,electronics,WH-1,186,supplier-11,1076.76,2021-02-16
7976,chair,furniture,WH-4,462,supplier-12,1453.37,2020-10-11
7977,flashdrives,electronics,WH-5,454,supplier-17,144.54,2020-01-08
7978,monitor,electronics,WH-2,328,supplier-19,960.23,2020-09-06
7979,monitor,electronics,WH-2,462,supplier-12,85.47,2021-04-29
7980,keyboard,electronics,WH-3,199,supplier-15,253.34,2021-02-10
7981,desktops,electronics,WH-2,427,supplier-14,36.29,2020-03-05
7982,desk,furniture,WH-5,67,supplier-2,1007.46,2020-11-10
7983,printer,electronics,WH-1,414,supplier-6,1134.09,2021-04-07
7984,desktops,electronics,WH-4,73,supplier-14,312.63,2020-07-31
7985,desk,furniture,WH-3,201,supplier-11,579.95,2021-02-14
7986,monitor,electronics,WH-5,77,supplier-6,1245.3,2020-05-05
7987,desk,furniture,WH-3,270,supplier-16,1087.94,2020-04-21
7988,mouse,electronics,WH-5,107,supplier-12,1128.72,2021-05-19
7989,keyboard,electronics,WH-3,260,supplier-5,1302.52,2020-09-25
7990,monitor,electronics,WH-4,498,supplier-17,173.38,2020-08-31
7991,monitor,electronics,WH-5,60,supplier-7,31.73,2020-12-11
7992,desk,furniture,WH-5,270,supplier-14,629.67,2021-05-24
7993,mouse,electronics,WH-5,456,supplier-19,354.11,2020-06-24
7994,keyboard,electronics,WH-1,392,supplier-20,1273.97,2020-02-07
7995,laptop,electronics,WH-1,210,supplier-11,145.55,2021-06-14
7996,keyboard,electronics,WH-5,140,supplier-2,787.36,2021-02-01
7997,flashdrives,electronics,WH-5,67,supplier-17,1318.3,2021-01-26
7998,laptop,electronics,WH-4,327,supplier-12,1330.72,2021-03-09
7999,scanner,electronics,WH-2,104,supplier-19,428.39,2020-09-17
8000,laptop,electronics,WH-4,30,supplier-19,110.45,2020-05-06
8001,flashdrives,electronics,WH-4,333,supplier-11,548.43,2021-05-10
8002,desktops,electronics,WH-5,289,supplier-14,732.91,2020-05-14
8003,chair,furniture,WH-4,475,supplier-5,971.09,2021-02-27
8004,flashdrives,electronics,WH-2,211,supplier-15,1414.42,2020-05-05
8005,desktops,electronics,WH-4,86,supplier-1,1222.41,2021-01-27
8006,printer,electronics,WH-5,406,supplier-10,1293.76,2021-03-13
8007,flashdrives,electronics,WH-1,98,supplier-20,583.36,2020-01-14
8008,desk,furniture,WH-2,11,supplier-4,1458.85,2021-03-10
8009,printer,electronics,WH-4,335,supplier-8,1325.61,2020-12-24
8010,scanner,electronics,WH-4,317,supplier-5,1053.07,2020-06-27
8011,laptop,electronics,WH-5,496,supplier-14,1238.6,2020-11-03
8012,laptop,electronics,WH-5,224,supplier-15,1389.21,2020-07-24
8013,printer,electronics,WH-2,191,supplier-4,1242.58,2020-08-10
8014,chair,furniture,WH-2,74,supplier-1,848.87,2020-06-08
8015,keyboard,electronics,WH-4,87,supplier-13,204.64,2021-04-23
8016,desk,furniture,WH-5,69,supplier-15,436.07,2020-11-07
8017,keyboard,electronics,WH-3,441,supplier-15,233.54,2020-04-09
8018,printer,electronics,WH-3,84,supplier-6,377.5,2020-04-25
8019,desk,furniture,WH-3,339,supplier-4,988.22,2021-01-04
8020,scanner,electronics,WH-2,305,supplier-6,129.4,2021-04-16
8021,scanner,electronics,WH-2,450,supplier-10,829.1,2020-10-05
8022,desktops,electronics,WH-3,243,supplier-9,1068.25,2020-08-04
8023,mouse,electronics,WH-2,268,supplier-6,1135.6,2020-09-29
8024,chair,furniture,WH-5,104,supplier-1,89.59,2020-08-04
8025,monitor,electronics,WH-2,155,supplier-18,1066.28,2021-05-02
8026,mouse,electronics,WH-5,148,supplier-9,961.48,2021-03-28
8027,laptop,electronics,WH-5,3,supplier-6,289.62,2021-02-14
8028,mouse,electronics,WH-1,337,supplier-16,355.15,2021-03-11
8029,printer,electronics,WH-1,353,supplier-12,1458.12,2020-08-28
8030,mouse,electronics,WH-1,117,supplier-4,1394.97,2020-08-23
8031,laptop,electronics,WH-2,126,supplier-5,797.92,2021-02-24
8032,mouse,electronics,WH-3,406,supplier-18,1206.34,2020-03-17
8033,chair,furniture,WH-5,359,supplier-6,1282.6,2020-11-24
8034,flashdrives,electronics,WH-1,404,supplier-9,300.79,2020-07-01
8035,scanner,electronics,WH-2,127,supplier-12,255.23,2021-06-07
8036,scanner,electronics,WH-5,33,supplier-2,1375.95,2020-05-07
8037,laptop,electronics,WH-3,417,supplier-19,555.93,2020-06-29
8038,monitor,electronics,WH-4,342,supplier-8,455.28,2021-05-06
8039,laptop,electronics,WH-5,499,supplier-11,751.19,2020-06-25
8040,desktops,electronics,WH-5,231,supplier-6,253.2,2021-03-18
8041,keyboard,electronics,WH-5,275,supplier-11,1097.01,2020-06-15
8042,desk,furniture,WH-3,220,supplier-7,341.73,2020-08-20
8043,mouse,electronics,WH-1,93,supplier-17,36.94,2020-12-17
8044,scanner,electronics,WH-4,30,supplier-15,1491.31,2020-07-03
8045,laptop,electronics,WH-1,219,supplier-19,28.14,2021-06-07
8046,printer,electronics,WH-1,127,supplier-2,488.22,2020-04-25
8047,printer,electronics,WH-5,138,supplier-20,691.02,2021-03-22
8048,mouse,electronics,WH-5,459,supplier-7,636.89,2021-06-14
8049,keyboard,electronics,WH-1,111,supplier-19,1433.4,2021-02-02
8050,monitor,electronics,WH-3,329,supplier-11,364.37,2020-05-03
8051,desk,furniture,WH-2,94,supplier-3,936.18,2020-06-20
8052,printer,electronics,WH-3,458,supplier-18,802.89,2020-06-09
8053,desktops,electronics,WH-5,228,supplier-9,1213.24,2020-12-03
8054,scanner,electronics,WH-2,161,supplier-2,618.35,2020-05-30
8055,desk,furniture,WH-4,204,supplier-19,256.86,2021-01-16
8056,mouse,electronics,WH-4,260,supplier-9,1324.92,2021-03-14
8057,keyboard,electronics,WH-3,349,supplier-9,813.79,2020-01-13
8058,desktops,electronics,WH-2,54,supplier-10,893.01,2020-01-27
8059,flashdrives,electronics,WH-1,173,supplier-8,843.84,2020-06-24
8060,keyboard,electronics,WH-2,279,supplier-5,1056.12,2021-06-06
8061,flashdrives,electronics,WH-2,241,supplier-2,1053.09,2020-02-15
8062,mouse,electronics,WH-2,162,supplier-11,306.25,2020-04-14
8063,flashdrives,electronics,WH-3,411,supplier-15,755.57,2020-04-16
8064,desk,furniture,WH-1,423,supplier-1,13.92,2020-09-15
8065,laptop,electronics,WH-1,252,supplier-4,658.59,2020-02-07
8066,monitor,electronics,WH-2,410,supplier-18,1325.38,2020-01-04
8067,keyboard,electronics,WH-2,461,supplier-3,689.34,2020-02-24
8068,laptop,electronics,WH-2,484,supplier-15,444.04,2021-01-30
8069,flashdrives,electronics,WH-3,436,supplier-17,514.87,2020-05-15
8070,scanner,electronics,WH-4,368,supplier-1,456.03,2021-05-28
8071,laptop,electronics,WH-5,181,supplier-3,1187.3,2020-03-17
8072,desktops,electronics,WH-1,324,supplier-16,844.53,2021-06-03
8073,desk,furniture,WH-3,322,supplier-6,1430.68,2021-01-06
8074,flashdrives,electronics,WH-4,50,supplier-17,1107.4,2021-02-25
8075,mouse,electronics,WH-2,250,supplier-6,1276.57,2021-04-27
8076,chair,furniture,WH-1,413,supplier-9,37.34,2020-01-02
8077,desk,furniture,WH-5,401,supplier-8,629.95,2020-02-29
8078,monitor,electronics,WH-3,222,supplier-15,1002.1,2020-06-08
8079,scanner,electronics,WH-3,114,supplier-3,1077.89,2021-04-27
8080,laptop,electronics,WH-1,348,supplier-1,396.16,2020-02-20
8081,scanner,electronics,WH-3,283,supplier-14,1225.61,2021-04-23
8082,keyboard,electronics,WH-5,350,supplier-19,446.88,2021-04-16
8083,chair,furniture,WH-3,249,supplier-18,1096.51,2021-01-04
8084,scanner,electronics,WH-1,150,supplier-8,449.07,2021-05-07
8085,printer,electronics,WH-2,59,supplier-9,692.9,2020-06-19
8086,mouse,electronics,WH-5,421,supplier-2,278.18,2020-12-06
8087,monitor,electronics,WH-3,238,supplier-5,565.29,2020-04-23
8088,flashdrives,electronics,WH-2,52,supplier-7,152.84,2020-09-09
8089,desktops,electronics,WH-4,172,supplier-2,1208.7,2020-07-26
8090,scanner,electronics,WH-4,126,supplier-14,354.89,2020-08-03
8091,flashdrives,electronics,WH-5,192,supplier-13,54.58,2020-09-27
8092,flashdrives,electronics,WH-2,124,supplier-10,279.67,2020-12-25
8093,desktops,electronics,WH-3,302,supplier-3,109.32,2020-09-07
8094,printer,electronics,WH-1,426,supplier-19,830.0,2020-07-03
8095,laptop,electronics,WH-4,42,supplier-20,1282.84,2020-03-30
8096,keyboard,electronics,WH-5,275,supplier-6,967.29,2020-01-03
8097,laptop,electronics,WH-3,398,supplier-19,741.95,2020-02-16
8098,scanner,electronics,WH-1,23,supplier-7,1217.97,2020-07-31
8099,desk,furniture,WH-3,411,supplier-14,549.73,2020-04-11
8100,desk,furniture,WH-5,62,supplier-9,411.84,2021-02-22
8101,mouse,electronics,WH-3,189,supplier-15,706.34,2020-08-31
8102,desktops,electronics,WH-1,38,supplier-12,746.03,2021-06-23
8103,printer,electronics,WH-2,40,supplier-19,781.49,2020-03-11
8104,laptop,electronics,WH-2,293,supplier-2,647.09,2021-06-13
8105,chair,furniture,WH-3,462,supplier-6,442.47,2020-06-22
8106,chair,furniture,WH-4,440,supplier-12,1467.42,2020-11-08
8107,desk,furniture,WH-3,104,supplier-3,943.91,2020-09-19
8108,laptop,electronics,WH-1,241,supplier-9,836.75,2020-07-06
8109,laptop,electronics,WH-3,365,supplier-4,475.43,2021-03-18
8110,mouse,electronics,WH-1,401,supplier-11,300.16,2020-05-28
8111,chair,furniture,WH-4,172,supplier-10,905.81,2020-07-23
8112,keyboard,electronics,WH-4,466,supplier-19,1139.91,2021-01-15
8113,mouse,electronics,WH-1,274,supplier-1,639.96,2020-08-18
8114,keyboard,electronics,WH-4,448,supplier-5,106.67,2020-12-28
8115,keyboard,electronics,WH-2,471,supplier-18,35.25,2020-07-29
8116,desk,furniture,WH-2,194,supplier-4,1186.86,2021-05-28
8117,desktops,electronics,WH-2,412,supplier-1,729.64,2020-08-10
8118,laptop,electronics,WH-3,120,supplier-19,1474.48,2021-04-11
8119,desk,furniture,WH-2,333,supplier-15,1025.44,2020-05-30
8120,desk,furniture,WH-1,97,supplier-18,42.24,2021-04-01
8121,monitor,electronics,WH-5,139,supplier-6,435.05,2020-07-31
8122,keyboard,electronics,WH-1,382,supplier-15,1209.8,2020-08-12
8123,printer,electronics,WH-1,370,supplier-17,607.53,2021-04-22
8124,monitor,electronics,WH-3,206,supplier-4,347.79,2021-01-26
8125,monitor,electronics,WH-5,128,supplier-17,277.22,2020-02-27
8126,laptop,electronics,WH-4,124,supplier-18,1109.04,2020-02-21
8127,desktops,electronics,WH-5,450,supplier-9,1001.59,2021-06-10
8128,chair,furniture,WH-2,417,supplier-17,1339.15,2021-06-16
8129,desktops,electronics,WH-4,349,supplier-12,770.66,2021-05-12
8130,flashdrives,electronics,WH-3,356,supplier-12,896.51,2020-03-20
8131,mouse,electronics,WH-1,396,supplier-16,1008.46,2020-06-29
8132,laptop,electronics,WH-1,119,supplier-16,139.14,2020-12-30
8133,monitor,electronics,WH-4,295,supplier-15,1288.79,2021-06-20
8134,flashdrives,electronics,WH-4,49,supplier-14,1303.83,2020-03-10
8135,laptop,electronics,WH-3,365,supplier-8,1304.09,2020-10-24
8136,desk,furniture,WH-2,137,supplier-20,857.79,2020-06-21
8137,mouse,electronics,WH-4,231,supplier-20,162.51,2020-11-28
8138,keyboard,electronics,WH-2,161,supplier-19,1306.79,2020-10-09
8139,printer,electronics,WH-3,296,supplier-20,1495.05,2020-07-22
8140,desk,furniture,WH-3,163,supplier-15,721.64,2021-02-26
8141,chair,furniture,WH-5,245,supplier-9,1474.12,2020-03-25
8142,scanner,electronics,WH-2,24,supplier-16,903.93,2020-09-09
8143,desktops,electronics,WH-5,450,supplier-20,190.33,2021-06-19
8144,chair,furniture,WH-4,194,supplier-16,1169.26,2020-03-27
8145,mouse,electronics,WH-1,169,supplier-9,888.03,2020-10-01
8146,chair,furniture,WH-1,399,supplier-5,797.76,2021-01-14
8147,printer,electronics,WH-5,482,supplier-6,1106.23,2020-07-23
8148,desk,furniture,WH-5,433,supplier-9,1396.07,2020-10-06
8149,desktops,electronics,WH-3,72,supplier-20,71.31,2020-01-20
8150,desktops,electronics,WH-1,142,supplier-10,1280.28,2020-04-05
8151,desk,furniture,WH-2,458,supplier-6,357.28,2020-12-31
8152,desk,furniture,WH-4,268,supplier-2,239.83,2020-01-26
8153,chair,furniture,WH-2,489,supplier-7,401.4,2021-05-13
8154,monitor,electronics,WH-5,194,supplier-18,293.46,2020-01-10
8155,chair,furniture,WH-1,156,supplier-20,1249.56,2020-12-26
8156,laptop,electronics,WH-2,232,supplier-1,352.01,2020-10-20
8157,keyboard,electronics,WH-4,145,supplier-1,425.86,2020-02-08
8158,laptop,electronics,WH-3,35,supplier-1,457.1,2020-04-29
8159,keyboard,electronics,WH-3,143,supplier-18,1243.64,2021-03-30
8160,mouse,electronics,WH-4,496,supplier-16,343.31,2020-06-21
8161,mouse,electronics,WH-4,240,supplier-17,362.04,2020-08-15
8162,monitor,electronics,WH-4,329,supplier-7,826.36,2020-01-06
8163,laptop,electronics,WH-3,248,supplier-15,701.36,2020-12-25
8164,desk,furniture,WH-3,30,supplier-15,359.12,2021-02-05
8165,desk,furniture,WH-3,165,supplier-20,1316.78,2020-10-03
8166,keyboard,electronics,WH-5,317,supplier-12,717.44,2020-03-29
8167,mouse,electronics,WH-1,360,supplier-18,699.83,2021-02-22
8168,keyboard,electronics,WH-4,411,supplier-15,15.87,2020-03-08
8169,scanner,electronics,WH-2,332,supplier-1,1367.79,2020-05-29
8170,flashdrives,electronics,WH-1,344,supplier-14,1021.51,2021-02-11
8171,keyboard,electronics,WH-2,159,supplier-1,31.18,2020-08-17
8172,mouse,electronics,WH-5,97,supplier-20,737.37,2020-10-01
8173,desktops,electronics,WH-5,382,supplier-16,934.1,2020-04-19
8174,desktops,electronics,WH-4,202,supplier-5,1235.93,2021-02-21
8175,chair,furniture,WH-3,276,supplier-13,939.28,2021-04-19
8176,flashdrives,electronics,WH-1,161,supplier-2,1189.1,2020-06-24
8177,desktops,electronics,WH-4,70,supplier-5,995.56,2020-11-14
8178,flashdrives,electronics,WH-4,414,supplier-4,678.5,2020-08-01
8179,flashdrives,electronics,WH-5,356,supplier-20,1158.16,2021-04-04
8180,chair,furniture,WH-3,22,supplier-5,955.18,2020-04-03
8181,flashdrives,electronics,WH-2,445,supplier-16,1482.26,2020-06-24
8182,monitor,electronics,WH-5,339,supplier-3,966.62,2020-11-24
8183,printer,electronics,WH-3,273,supplier-20,1278.31,2020-07-23
8184,desktops,electronics,WH-5,12,supplier-18,531.65,2020-04-08
8185,scanner,electronics,WH-5,348,supplier-6,322.38,2021-04-12
8186,laptop,electronics,WH-3,55,supplier-4,152.37,2020-03-31
8187,desk,furniture,WH-5,190,supplier-3,1255.18,2020-01-26
8188,laptop,electronics,WH-3,281,supplier-9,236.62,2020-02-27
8189,printer,electronics,WH-1,406,supplier-12,251.9,2020-12-08
8190,desk,furniture,WH-4,164,supplier-10,1086.74,2021-06-07
8191,laptop,electronics,WH-5,384,supplier-16,902.16,2021-01-25
8192,desk,furniture,WH-2,431,supplier-14,1401.16,2020-06-27
8193,chair,furniture,WH-5,404,supplier-7,316.72,2020-06-16
8194,printer,electronics,WH-5,187,supplier-8,1337.22,2021-01-24
8195,chair,furniture,WH-4,201,supplier-16,1377.71,2020-08-29
8196,mouse,electronics,WH-1,287,supplier-14,172.81,2020-02-03
8197,flashdrives,electronics,WH-3,448,supplier-17,634.08,2020-03-08
8198,chair,furniture,WH-3,406,supplier-18,647.76,2020-05-08
8199,desk,furniture,WH-3,261,supplier-5,1321.41,2020-02-06
8200,laptop,electronics,WH-2,87,supplier-17,1084.91,2020-02-04
8201,desktops,electronics,WH-2,21,supplier-9,486.66,2021-05-18
8202,chair,furniture,WH-2,396,supplier-6,268.95,2020-04-14
8203,mouse,electronics,WH-4,230,supplier-18,1015.54,2020-11-14
8204,mouse,electronics,WH-3,252,supplier-20,213.19,2020-08-06
8205,scanner,electronics,WH-3,375,supplier-8,211.35,2020-08-28
8206,scanner,electronics,WH-3,479,supplier-1,45.27,2021-01-12
8207,desk,furniture,WH-5,290,supplier-3,1138.31,2021-06-12
8208,laptop,electronics,WH-5,411,supplier-1,1161.69,2020-06-07
8209,flashdrives,electronics,WH-3,349,supplier-14,1024.09,2021-05-09
8210,keyboard,electronics,WH-1,350,supplier-7,647.76,2021-06-15
8211,desktops,electronics,WH-4,3,supplier-4,1284.85,2020-12-14
8212,printer,electronics,WH-1,236,supplier-5,813.22,2020-10-17
8213,laptop,electronics,WH-3,175,supplier-6,1388.25,2020-07-02
8214,desk,furniture,WH-5,300,supplier-7,330.13,2020-10-17
8215,mouse,electronics,WH-5,328,supplier-19,1327.25,2020-01-28
8216,flashdrives,electronics,WH-1,90,supplier-5,542.03,2020-10-12
8217,desk,furniture,WH-4,271,supplier-13,630.9,2020-07-14
8218,keyboard,electronics,WH-3,256,supplier-11,545.16,2021-03-16
8219,scanner,electronics,WH-3,371,supplier-14,1214.59,2020-11-08
8220,keyboard,electronics,WH-3,291,supplier-20,323.01,2020-01-15
8221,desk,furniture,WH-5,323,supplier-2,802.53,2020-06-29
8222,monitor,electronics,WH-3,171,supplier-7,280.16,2020-04-24
8223,flashdrives,electronics,WH-1,255,supplier-9,817.57,2021-06-21
8224,keyboard,electronics,WH-2,315,supplier-10,738.83,2020-07-03
8225,desk,furniture,WH-4,233,supplier-4,1395.99,2021-03-11
8226,desktops,electronics,WH-4,382,supplier-16,376.31,2020-01-01
8227,chair,furniture,WH-4,481,supplier-10,1236.51,2020-06-01
8228,monitor,electronics,WH-5,200,supplier-9,231.83,2020-08-12
8229,chair,furniture,WH-5,145,supplier-4,626.73,2020-01-04
8230,laptop,electronics,WH-3,418,supplier-14,651.37,2020-07-31
8231,chair,furniture,WH-5,217,supplier-11,1156.5,2020-06-09
8232,keyboard,electronics,WH-3,91,supplier-3,1094.93,2020-12-20
8233,desktops,electronics,WH-3,332,supplier-6,119.98,2021-05-28
8234,desk,furniture,WH-3,217,supplier-10,393.02,2020-02-10
8235,desk,furniture,WH-1,354,supplier-5,755.34,2020-05-16
8236,monitor,electronics,WH-1,123,supplier-6,1407.72,2020-10-28
8237,scanner,electronics,WH-2,68,supplier-2,777.37,2021-01-22
8238,scanner,electronics,WH-2,153,supplier-4,1232.57,2021-02-14
8239,printer,electronics,WH-5,396,supplier-9,550.24,2020-07-09
8240,laptop,electronics,WH-4,321,supplier-4,302.47,2020-03-02
8241,mouse,electronics,WH-2,126,supplier-2,1323.06,2021-02-01
8242,scanner,electronics,WH-3,233,supplier-2,78.55,2021-04-27
8243,keyboard,electronics,WH-2,342,supplier-20,1306.17,2020-04-07
8244,flashdrives,electronics,WH-3,394,supplier-19,1060.56,2020-11-13
8245,flashdrives,electronics,WH-2,198,supplier-16,354.88,2021-05-20
8246,monitor,electronics,WH-1,2,supplier-6,883.4,2021-01-22
8247,flashdrives,electronics,WH-1,315,supplier-3,659.23,2020-04-28
8248,keyboard,electronics,WH-3,120,supplier-6,819.91,2021-03-09
8249,printer,electronics,WH-1,81,supplier-7,1177.56,2021-03-08
8250,flashdrives,electronics,WH-1,44,supplier-8,936.39,2020-03-27
8251,flashdrives,electronics,WH-5,434,supplier-16,330.95,2021-05-08
8252,printer,electronics,WH-2,142,supplier-8,450.47,2020-02-21
8253,desktops,electronics,WH-4,267,supplier-9,1258.58,2021-02-16
8254,mouse,electronics,WH-2,386,supplier-11,498.4,2020-02-15
8255,mouse,electronics,WH-2,286,supplier-1,450.2,2020-09-07
8256,keyboard,electronics,WH-4,11,supplier-13,1408.02,2020-10-12
8257,desk,furniture,WH-5,131,supplier-8,1286.32,2020-09-04
8258,flashdrives,electronics,WH-1,296,supplier-14,38.82,2020-07-15
8259,laptop,electronics,WH-2,144,supplier-15,1474.38,2020-06-25
8260,mouse,electronics,WH-3,187,supplier-1,979.77,2020-04-14
8261,scanner,electronics,WH-1,462,supplier-13,533.17,2020-01-22
8262,mouse,electronics,WH-4,411,supplier-16,455.81,2020-07-19
8263,chair,furniture,WH-2,70,supplier-15,786.58,2020-06-02
8264,monitor,electronics,WH-2,221,supplier-20,1494.36,2021-02-04
8265,monitor,electronics,WH-2,12,supplier-7,569.87,2020-07-15
8266,printer,electronics,WH-1,441,supplier-1,533.38,2020-12-25
8267,scanner,electronics,WH-5,59,supplier-1,1178.09,2020-11-20
8268,scanner,electronics,WH-5,70,supplier-10,649.2,2021-05-08
8269,scanner,electronics,WH-1,270,supplier-3,1451.16,2021-06-13
8270,mouse,electronics,WH-1,195,supplier-20,818.59,2020-01-01
8271,chair,furniture,WH-4,41,supplier-2,291.97,2020-05-08
8272,flashdrives,electronics,WH-2,363,supplier-12,379.07,2020-11-05
8273,chair,furniture,WH-2,175,supplier-9,261.44,2020-03-10
8274,scanner,electronics,WH-3,222,supplier-10,655.61,2020-05-02
8275,scanner,electronics,WH-4,64,supplier-9,832.06,2021-05-21
8276,chair,furniture,WH-4,227,supplier-10,1141.36,2021-04-09
8277,keyboard,electronics,WH-2,294,supplier-7,746.89,2021-05-29
8278,chair,furniture,WH-4,373,supplier-20,776.41,2020-12-12
8279,chair,furniture,WH-3,487,supplier-2,1307.07,2021-05-28
8280,desk,furniture,WH-4,331,supplier-4,954.1,2020-08-27
8281,chair,furniture,WH-1,481,supplier-19,175.01,2020-01-22
8282,laptop,electronics,WH-3,309,supplier-12,510.89,2020-12-05
8283,monitor,electronics,WH-1,100,supplier-3,1357.01,2021-02-10
8284,keyboard,electronics,WH-5,432,supplier-13,792.9,2020-01-29
8285,desk,furniture,WH-2,159,supplier-2,40.64,2020-09-03
8286,flashdrives,electronics,WH-4,28,supplier-3,244.84,2020-06-06
8287,chair,furniture,WH-3,141,supplier-6,1077.21,2021-06-18
8288,scanner,electronics,WH-4,72,supplier-16,616.1,2020-05-01
8289,chair,furniture,WH-2,388,supplier-15,63.03,2020-12-19
8290,chair,furniture,WH-5,267,supplier-8,504.56,2020-02-14
8291,printer,electronics,WH-5,392,supplier-15,935.1,2020-01-30
8292,monitor,electronics,WH-3,1,supplier-9,521.7,2021-02-01
8293,printer,electronics,WH-3,322,supplier-3,36.9,2021-04-14
8294,laptop,electronics,WH-5,41,supplier-2,1418.88,2020-09-06
8295,desktops,electronics,WH-3,399,supplier-7,277.25,2020-03-28
8296,scanner,electronics,WH-1,320,supplier-15,715.93,2020-10-10
8297,flashdrives,electronics,WH-4,232,supplier-17,870.16,2020-07-18
8298,desk,furniture,WH-1,80,supplier-12,581.4,2020-10-30
8299,desktops,electronics,WH-4,425,supplier-12,1246.2,2021-06-01
8300,printer,electronics,WH-3,23,supplier-10,1212.63,2021-02-18
8301,laptop,electronics,WH-4,323,supplier-4,448.81,2020-02-27
8302,keyboard,electronics,WH-1,98,supplier-18,664.04,2020-10-14
8303,printer,electronics,WH-5,118,supplier-2,808.45,2020-12-10
8304,laptop,electronics,WH-2,461,supplier-9,1398.69,2021-03-13
8305,mouse,electronics,WH-1,341,supplier-20,971.34,2020-12-18
8306,monitor,electronics,WH-5,350,supplier-17,1456.74,2020-12-29
8307,monitor,electronics,WH-3,465,supplier-16,86.96,2021-04-18
8308,keyboard,electronics,WH-1,27,supplier-15,665.7,2020-01-28
8309,desktops,electronics,WH-2,147,supplier-1,610.53,2020-09-28
8310,printer,electronics,WH-1,467,supplier-5,686.52,2020-05-09
8311,desktops,electronics,WH-3,92,supplier-20,1303.08,2021-03-17
8312,mouse,electronics,WH-3,130,supplier-2,1481.49,2020-07-03
8313,laptop,electronics,WH-3,234,supplier-18,720.64,2021-01-31
8314,flashdrives,electronics,WH-2,301,supplier-9,278.36,2021-06-04
8315,keyboard,electronics,WH-1,100,supplier-10,184.51,2020-05-29
8316,desk,furniture,WH-5,171,supplier-2,488.35,2020-05-29
8317,printer,electronics,WH-2,324,supplier-14,1113.36,2020-02-06
8318,desk,furniture,WH-4,251,supplier-20,1489.1,2020-08-28
8319,keyboard,electronics,WH-1,338,supplier-17,1402.44,2021-05-23
8320,scanner,electronics,WH-5,466,supplier-19,1039.28,2021-01-20
8321,laptop,electronics,WH-4,492,supplier-4,614.42,2020-08-17
8322,laptop,electronics,WH-2,248,supplier-15,1183.69,2020-08-04
8323,desktops,electronics,WH-3,138,supplier-20,204.5,2020-10-06
8324,desktops,electronics,WH-4,120,supplier-10,872.92,2020-07-23
8325,keyboard,electronics,WH-3,126,supplier-2,565.97,2021-06-16
8326,chair,furniture,WH-3,306,supplier-16,1093.35,2020-10-10
8327,desktops,electronics,WH-2,308,supplier-13,424.19,2020-10-04
8328,desktops,electronics,WH-2,158,supplier-17,594.26,2021-04-24
8329,laptop,electronics,WH-4,294,supplier-14,57.08,2020-06-06
8330,keyboard,electronics,WH-2,348,supplier-16,44.71,2021-06-14
8331,scanner,electronics,WH-2,66,supplier-18,769.62,2021-05-13
8332,scanner,electronics,WH-5,60,supplier-2,1088.35,2020-09-09
8333,desk,furniture,WH-2,157,supplier-11,1146.73,2020-02-23
8334,keyboard,electronics,WH-4,126,supplier-5,1340.23,2021-01-17
8335,mouse,electronics,WH-3,199,supplier-4,1332.48,2020-06-23
8336,printer,electronics,WH-1,209,supplier-11,1115.55,2020-06-18
8337,printer,electronics,WH-5,500,supplier-18,255.6,2021-03-25
8338,flashdrives,electronics,WH-2,136,supplier-3,235.62,2020-05-10
8339,chair,furniture,WH-3,207,supplier-18,1182.5,2020-08-17
8340,mouse,electronics,WH-2,91,supplier-17,1020.47,2020-11-03
8341,laptop,electronics,WH-2,263,supplier-3,510.72,2020-11-25
8342,chair,furniture,WH-2,347,supplier-14,1198.86,2020-10-06
8343,laptop,electronics,WH-3,193,supplier-1,215.49,2020-12-13
8344,printer,electronics,WH-4,493,supplier-17,1249.88,2020-10-29
8345,monitor,electronics,WH-4,46,supplier-13,1210.44,2020-11-08
8346,mouse,electronics,WH-2,71,supplier-12,555.16,2020-02-07
8347,mouse,electronics,WH-2,408,supplier-18,1419.57,2021-03-01
8348,scanner,electronics,WH-2,373,supplier-3,1324.09,2020-02-13
8349,laptop,electronics,WH-1,480,supplier-15,162.69,2021-02-02
8350,desk,furniture,WH-4,452,supplier-19,526.22,2020-10-01
8351,desktops,electronics,WH-3,18,supplier-6,1062.46,2021-01-15
8352,mouse,electronics,WH-5,340,supplier-7,305.87,2020-07-07
8353,monitor,electronics,WH-4,417,supplier-4,770.85,2020-08-06
8354,scanner,electronics,WH-5,492,supplier-19,1086.75,2020-04-22
8355,desk,furniture,WH-3,265,supplier-6,352.48,2020-07-09
8356,desk,furniture,WH-1,224,supplier-13,303.74,2021-02-04
8357,desktops,electronics,WH-1,25,supplier-5,1136.37,2020-01-02
8358,mouse,electronics,WH-3,296,supplier-7,841.59,2021-02-24
8359,laptop,electronics,WH-4,199,supplier-13,160.79,2021-03-06
8360,flashdrives,electronics,WH-3,381,supplier-9,170.73,2020-09-05
8361,flashdrives,electronics,WH-1,433,supplier-5,626.86,2020-01-13
8362,desktops,electronics,WH-1,205,supplier-9,1180.15,2020-05-01
8363,keyboard,electronics,WH-3,157,supplier-19,1297.02,2020-11-16
8364,mouse,electronics,WH-1,161,supplier-10,390.15,2020-11-13
8365,scanner,electronics,WH-5,229,supplier-12,950.38,2020-11-16
8366,laptop,electronics,WH-4,282,supplier-20,1181.85,2021-02-28
8367,printer,electronics,WH-5,58,supplier-13,1128.15,2020-04-22
8368,chair,furniture,WH-3,208,supplier-1,402.79,2020-11-17
8369,monitor,electronics,WH-5,269,supplier-14,287.52,2020-03-15
8370,scanner,electronics,WH-2,113,supplier-10,606.0,2020-03-04
8371,chair,furniture,WH-5,412,supplier-8,134.49,2020-10-10
8372,mouse,electronics,WH-3,143,supplier-6,1034.38,2020-12-13
8373,mouse,electronics,WH-3,3,supplier-4,930.79,2020-11-07
8374,desktops,electronics,WH-3,404,supplier-14,1194.84,2020-12-17
8375,keyboard,electronics,WH-3,76,supplier-18,1446.16,2020-09-08
8376,scanner,electronics,WH-3,483,supplier-7,1345.45,2021-03-27
8377,keyboard,electronics,WH-4,473,supplier-6,212.16,2020-08-20
8378,chair,furniture,WH-1,385,supplier-9,1017.57,2020-03-06
8379,monitor,electronics,WH-5,383,supplier-4,681.49,2020-07-13
8380,mouse,electronics,WH-5,99,supplier-20,392.92,2021-02-26
8381,keyboard,electronics,WH-4,86,supplier-4,390.92,2020-04-10
8382,monitor,electronics,WH-2,141,supplier-8,1251.49,2020-02-05
8383,flashdrives,electronics,WH-5,95,supplier-13,344.12,2020-07-06
8384,scanner,electronics,WH-5,403,supplier-12,1197.1,2021-03-04
8385,laptop,electronics,WH-1,39,supplier-9,305.87,2020-02-08
8386,keyboard,electronics,WH-2,9,supplier-7,66.26,2021-04-29
8387,monitor,electronics,WH-3,303,supplier-15,1027.86,2020-04-02
8388,scanner,electronics,WH-3,450,supplier-11,670.3,2020-03-20
8389,chair,furniture,WH-5,250,supplier-20,497.61,2020-03-29
8390,desk,furniture,WH-1,337,supplier-9,130.52,2020-10-24
8391,laptop,electronics,WH-1,245,supplier-7,1043.08,2021-02-09
8392,keyboard,electronics,WH-1,74,supplier-2,322.98,2020-08-12
8393,printer,electronics,WH-3,327,supplier-7,79.66,2020-06-29
8394,laptop,electronics,WH-1,271,supplier-4,970.98,2020-07-14
8395,desk,furniture,WH-2,492,supplier-3,1108.41,2020-02-21
8396,laptop,electronics,WH-4,297,supplier-20,1476.34,2020-10-06
8397,desktops,electronics,WH-1,432,supplier-18,673.61,2021-05-09
8398,flashdrives,electronics,WH-5,309,supplier-6,202.57,2020-07-31
8399,chair,furniture,WH-4,274,supplier-20,1224.42,2020-02-17
8400,scanner,electronics,WH-4,433,supplier-6,1179.94,2020-08-24
8401,keyboard,electronics,WH-4,390,supplier-19,1160.48,2020-07-18
8402,monitor,electronics,WH-3,53,supplier-1,1007.95,2021-02-17
8403,scanner,electronics,WH-4,355,supplier-18,523.61,2020-12-29
8404,keyboard,electronics,WH-1,235,supplier-16,215.27,2021-05-03
8405,mouse,electronics,WH-4,260,supplier-17,1074.52,2020-06-28
8406,laptop,electronics,WH-4,323,supplier-12,33.5,2020-11-01
8407,scanner,electronics,WH-4,311,supplier-14,613.98,2020-11-02
8408,desk,furniture,WH-4,143,supplier-1,1457.41,2020-02-20
8409,laptop,electronics,WH-5,208,supplier-5,374.98,2020-01-22
8410,chair,furniture,WH-3,223,supplier-17,1157.02,2021-04-14
8411,flashdrives,electronics,WH-3,53,supplier-10,865.16,2020-04-06
8412,flashdrives,electronics,WH-3,64,supplier-11,682.2,2020-03-08
8413,printer,electronics,WH-3,365,supplier-10,1247.64,2020-03-04
8414,desktops,electronics,WH-2,306,supplier-3,1226.73,2021-01-12
8415,chair,furniture,WH-2,478,supplier-17,522.1,2020-12-20
8416,printer,electronics,WH-1,241,supplier-8,1120.95,2021-04-20
8417,keyboard,electronics,WH-5,261,supplier-7,1286.85,2020-05-12
8418,chair,furniture,WH-4,65,supplier-3,1176.54,2021-04-09
8419,desktops,electronics,WH-5,243,supplier-13,1078.39,2021-03-28
8420,chair,furniture,WH-5,385,supplier-14,953.24,2020-10-23
8421,desk,furniture,WH-3,315,supplier-9,96.51,2021-04-17
8422,laptop,electronics,WH-5,369,supplier-2,811.71,2020-07-28
8423,monitor,electronics,WH-1,370,supplier-15,1264.67,2021-03-12
8424,keyboard,electronics,WH-1,468,supplier-2,428.82,2020-05-12
8425,laptop,electronics,WH-2,288,supplier-16,929.27,2020-09-21
8426,flashdrives,electronics,WH-2,369,supplier-15,923.67,2021-02-20
8427,chair,furniture,WH-3,202,supplier-1,1381.95,2020-11-21
8428,monitor,electronics,WH-3,435,supplier-4,357.83,2020-11-29
8429,scanner,electronics,WH-3,240,supplier-14,1080.56,2020-01-16
8430,chair,furniture,WH-2,391,supplier-2,1477.85,2020-10-12
8431,desk,furniture,WH-1,465,supplier-7,954.27,2020-03-17
8432,desk,furniture,WH-3,309,supplier-11,354.22,2021-05-18
8433,flashdrives,electronics,WH-3,434,supplier-8,1212.91,2020-06-07
8434,desk,furniture,WH-4,484,supplier-2,894.13,2020-08-24
8435,printer,electronics,WH-1,213,supplier-19,935.35,2020-08-14
8436,mouse,electronics,WH-2,91,supplier-5,131.55,2021-03-12
8437,scanner,electronics,WH-3,391,supplier-1,1080.85,2020-01-20
8438,scanner,electronics,WH-2,294,supplier-17,205.75,2020-11-14
8439,chair,furniture,WH-1,51,supplier-20,236.61,2020-10-27
8440,desktops,electronics,WH-3,456,supplier-20,203.92,2020-10-26
8441,laptop,electronics,WH-2,270,supplier-5,576.77,2021-06-02
8442,scanner,electronics,WH-4,87,supplier-18,1196.74,2020-04-16
8443,desk,furniture,WH-5,52,supplier-15,846.21,2020-12-03
8444,desktops,electronics,WH-4,100,supplier-15,844.04,2020-04-13
8445,scanner,electronics,WH-5,115,supplier-6,518.15,2021-01-24
8446,printer,electronics,WH-4,292,supplier-14,1407.52,2021-05-29
8447,scanner,electronics,WH-3,158,supplier-9,1399.86,2020-12-03
8448,flashdrives,electronics,WH-3,146,supplier-15,733.26,2020-12-21
8449,printer,electronics,WH-1,269,supplier-13,243.92,2020-04-17
8450,scanner,electronics,WH-1,152,supplier-10,816.2,2020-11-28
8451,laptop,electronics,WH-2,428,supplier-3,480.26,2020-09-18
8452,printer,electronics,WH-1,115,supplier-2,847.39,2020-05-24
8453,monitor,electronics,WH-2,445,supplier-4,1043.39,2021-05-09
8454,mouse,electronics,WH-1,389,supplier-12,1385.16,2020-01-13
8455,desktops,electronics,WH-4,320,supplier-1,314.9,2020-04-22
8456,printer,electronics,WH-4,135,supplier-17,1252.27,2020-06-19
8457,desktops,electronics,WH-1,63,supplier-1,1028.99,2020-12-14
8458,scanner,electronics,WH-3,329,supplier-9,998.6,2020-04-06
8459,chair,furniture,WH-1,137,supplier-15,1255.57,2020-06-04
8460,desk,furniture,WH-3,340,supplier-13,954.99,2020-01-22
8461,laptop,electronics,WH-5,45,supplier-20,364.72,2021-05-07
8462,keyboard,electronics,WH-3,210,supplier-9,948.35,2020-03-26
8463,monitor,electronics,WH-4,305,supplier-16,620.89,2020-06-30
8464,printer,electronics,WH-3,451,supplier-14,34.8,2020-04-03
8465,laptop,electronics,WH-1,93,supplier-15,746.82,2021-03-25
8466,chair,furniture,WH-2,376,supplier-20,600.57,2020-08-20
8467,chair,furniture,WH-1,197,supplier-5,862.92,2021-01-21
8468,flashdrives,electronics,WH-4,91,supplier-10,1281.47,2020-07-20
8469,printer,electronics,WH-1,491,supplier-18,454.94,2020-01-15
8470,chair,furniture,WH-4,65,supplier-14,721.45,2020-04-26
8471,mouse,electronics,WH-5,139,supplier-13,1369.81,2021-01-16
8472,chair,furniture,WH-4,339,supplier-7,479.55,2020-10-12
8473,flashdrives,electronics,WH-1,43,supplier-14,254.43,2021-06-16
8474,desktops,electronics,WH-5,327,supplier-14,551.1,2021-02-11
8475,flashdrives,electronics,WH-1,86,supplier-7,855.48,2020-09-07
8476,laptop,electronics,WH-1,241,supplier-5,125.37,2020-11-02
8477,desktops,electronics,WH-4,222,supplier-2,1093.39,2020-08-25
8478,chair,furniture,WH-1,137,supplier-8,57.57,2020-03-26
8479,printer,electronics,WH-1,196,supplier-17,1338.21,2020-10-21
8480,desktops,electronics,WH-4,474,supplier-6,1250.74,2021-05-27
8481,flashdrives,electronics,WH-5,285,supplier-14,954.87,2020-05-07
8482,mouse,electronics,WH-1,226,supplier-14,659.11,2020-08-10
8483,laptop,electronics,WH-1,196,supplier-3,1476.06,2020-11-05
8484,scanner,electronics,WH-4,371,supplier-4,432.94,2021-01-31
8485,mouse,electronics,WH-4,75,supplier-6,156.21,2021-01-23
8486,desktops,electronics,WH-1,331,supplier-1,1109.05,2021-05-28
8487,flashdrives,electronics,WH-2,339,supplier-14,652.44,2020-10-29
8488,chair,furniture,WH-4,113,supplier-19,1175.72,2021-03-15
8489,laptop,electronics,WH-1,40,supplier-6,265.67,2021-06-19
8490,mouse,electronics,WH-2,312,supplier-19,789.53,2020-08-28
8491,chair,furniture,WH-3,234,supplier-3,1139.9,2020-02-01
8492,monitor,electronics,WH-1,325,supplier-6,1460.39,2020-08-14
8493,desk,furniture,WH-2,283,supplier-4,325.54,2020-10-01
8494,flashdrives,electronics,WH-3,319,supplier-19,396.8,2020-04-28
8495,monitor,electronics,WH-5,88,supplier-9,800.78,2020-07-30
8496,keyboard,electronics,WH-4,40,supplier-6,1229.81,2020-12-15
8497,desktops,electronics,WH-4,217,supplier-4,1033.23,2020-02-13
8498,laptop,electronics,WH-4,234,supplier-20,640.3,2020-11-21
8499,desktops,electronics,WH-5,384,supplier-8,225.58,2020-10-21
8500,monitor,electronics,WH-5,302,supplier-18,38.37,2021-06-19
8501,printer,electronics,WH-1,143,supplier-15,221.32,2021-02-18
8502,monitor,electronics,WH-1,355,supplier-6,912.98,2020-11-29
8503,desktops,electronics,WH-2,252,supplier-20,905.53,2021-02-18
8504,printer,electronics,WH-3,405,supplier-15,1063.98,2020-11-05
8505,keyboard,electronics,WH-4,65,supplier-9,788.61,2020-01-31
8506,mouse,electronics,WH-4,280,supplier-16,853.81,2021-01-23
8507,chair,furniture,WH-3,389,supplier-11,943.99,2020-11-30
8508,keyboard,electronics,WH-5,372,supplier-11,1439.47,2021-04-30
8509,mouse,electronics,WH-1,175,supplier-6,666.99,2020-06-19
8510,monitor,electronics,WH-4,73,supplier-10,1165.59,2020-06-27
8511,flashdrives,electronics,WH-3,66,supplier-2,428.36,2020-01-10
8512,desktops,electronics,WH-3,106,supplier-20,1153.37,2021-02-10
8513,mouse,electronics,WH-2,180,supplier-18,1140.84,2021-06-08
8514,keyboard,electronics,WH-3,344,supplier-9,277.28,2020-07-19
8515,scanner,electronics,WH-2,431,supplier-15,649.86,2020-07-05
8516,desktops,electronics,WH-2,203,supplier-12,34.59,2020-12-20
8517,monitor,electronics,WH-4,162,supplier-2,127.89,2020-08-25
8518,mouse,electronics,WH-4,356,supplier-20,101.99,2020-09-24
8519,mouse,electronics,WH-3,350,supplier-18,1404.73,2020-07-16
8520,desktops,electronics,WH-1,16,supplier-20,1498.05,2020-11-29
8521,desk,furniture,WH-2,124,supplier-3,194.93,2021-05-23
8522,scanner,electronics,WH-3,351,supplier-6,1025.78,2021-01-07
8523,chair,furniture,WH-4,181,supplier-8,1428.31,2021-04-23
8524,desk,furniture,WH-4,378,supplier-20,1027.25,2021-04-27
8525,desktops,electronics,WH-3,476,supplier-11,930.16,2020-07-28
8526,monitor,electronics,WH-2,497,supplier-20,208.96,2020-06-03
8527,chair,furniture,WH-5,314,supplier-8,1352.5,2021-02-12
8528,printer,electronics,WH-3,371,supplier-4,374.45,2021-04-10
8529,flashdrives,electronics,WH-4,439,supplier-13,1158.11,2020-12-19
8530,laptop,electronics,WH-2,132,supplier-3,842.97,2020-03-31
8531,flashdrives,electronics,WH-2,274,supplier-17,20.13,2020-06-25
8532,desk,furniture,WH-1,375,supplier-1,557.48,2020-07-27
8533,keyboard,electronics,WH-4,444,supplier-11,1466.21,2020-11-13
8534,printer,electronics,WH-5,49,supplier-13,1307.5,2020-10-16
8535,printer,electronics,WH-3,318,supplier-4,1471.37,2020-07-09
8536,monitor,electronics,WH-3,496,supplier-8,196.29,2021-05-16
8537,chair,furniture,WH-3,78,supplier-20,584.66,2021-01-13
8538,printer,electronics,WH-4,266,supplier-16,409.31,2021-02-01
8539,desktops,electronics,WH-1,109,supplier-10,1083.69,2020-03-03
8540,desktops,electronics,WH-3,346,supplier-11,941.75,2021-05-14
8541,monitor,electronics,WH-2,195,supplier-15,1324.16,2021-03-15
8542,flashdrives,electronics,WH-5,364,supplier-13,1017.85,2020-07-24
8543,flashdrives,electronics,WH-3,304,supplier-11,1421.36,2020-01-06
8544,chair,furniture,WH-5,75,supplier-14,49.37,2020-12-16
8545,chair,furniture,WH-2,119,supplier-8,874.7,2020-01-19
8546,mouse,electronics,WH-2,388,supplier-9,56.34,2020-03-17
8547,printer,electronics,WH-1,83,supplier-2,1009.57,2021-02-21
8548,scanner,electronics,WH-4,47,supplier-7,383.54,2021-04-09
8549,chair,furniture,WH-1,483,supplier-12,82.47,2020-10-14
8550,laptop,electronics,WH-4,141,supplier-4,516.29,2020-12-21
8551,scanner,electronics,WH-4,379,supplier-19,1412.68,2020-06-05
8552,printer,electronics,WH-1,15,supplier-3,1457.11,2020-04-18
8553,laptop,electronics,WH-1,77,supplier-6,476.67,2020-10-14
8554,mouse,electronics,WH-2,212,supplier-2,113.14,2020-09-17
8555,printer,electronics,WH-4,312,supplier-6,693.93,2021-02-20
8556,scanner,electronics,WH-1,424,supplier-2,1124.54,2021-03-15
8557,monitor,electronics,WH-3,0,supplier-11,48.49,2021-01-08
8558,chair,furniture,WH-4,37,supplier-1,633.12,2020-07-11
8559,printer,electronics,WH-1,224,supplier-20,646.72,2020-09-01
8560,desk,furniture,WH-4,119,supplier-1,1305.95,2020-07-22
8561,monitor,electronics,WH-2,344,supplier-14,1047.65,2020-06-24
8562,scanner,electronics,WH-5,190,supplier-19,258.58,2020-07-14
8563,desktops,electronics,WH-2,186,supplier-17,80.78,2020-02-11
8564,scanner,electronics,WH-5,120,supplier-12,1489.19,2020-07-17
8565,scanner,electronics,WH-3,224,supplier-15,834.33,2020-10-26
8566,laptop,electronics,WH-2,61,supplier-16,1411.93,2021-01-13
8567,keyboard,electronics,WH-5,100,supplier-14,880.47,2020-04-06
8568,desktops,electronics,WH-5,500,supplier-18,440.45,2020-12-13
8569,laptop,electronics,WH-3,108,supplier-10,486.7,2021-04-27
8570,printer,electronics,WH-3,293,supplier-1,253.81,2020-09-21
8571,scanner,electronics,WH-5,138,supplier-7,431.45,2021-04-09
8572,mouse,electronics,WH-4,261,supplier-12,49.46,2020-10-30
8573,flashdrives,electronics,WH-2,493,supplier-19,901.24,2020-03-04
8574,flashdrives,electronics,WH-4,363,supplier-16,1120.44,2020-07-29
8575,scanner,electronics,WH-3,369,supplier-12,1394.15,2021-04-05
8576,monitor,electronics,WH-3,256,supplier-17,461.41,2021-04-02
8577,printer,electronics,WH-1,495,supplier-16,350.16,2021-03-18
8578,scanner,electronics,WH-2,174,supplier-20,973.52,2021-01-09
8579,scanner,electronics,WH-5,461,supplier-19,429.06,2021-01-21
8580,printer,electronics,WH-1,480,supplier-7,563.53,2021-03-04
8581,flashdrives,electronics,WH-4,46,supplier-16,138.84,2020-08-23
8582,monitor,electronics,WH-4,246,supplier-14,705.87,2021-04-28
8583,scanner,electronics,WH-2,94,supplier-11,1157.24,2020-09-26
8584,monitor,electronics,WH-2,434,supplier-12,693.82,2020-09-25
8585,printer,electronics,WH-2,299,supplier-15,1420.98,2021-06-17
8586,desk,furniture,WH-3,470,supplier-17,1152.12,2020-06-07
8587,mouse,electronics,WH-5,31,supplier-19,1041.91,2020-09-22
8588,mouse,electronics,WH-2,167,supplier-18,1409.38,2021-02-12
8589,printer,electronics,WH-4,310,supplier-20,1339.93,2020-03-18
8590,desk,furniture,WH-1,166,supplier-14,1372.01,2020-11-08
8591,printer,electronics,WH-4,312,supplier-12,162.6,2021-04-12
8592,flashdrives,electronics,WH-1,188,supplier-17,1215.63,2020-01-14
8593,flashdrives,electronics,WH-2,359,supplier-11,1311.35,2020-12-17
8594,monitor,electronics,WH-5,47,supplier-13,155.12,2020-06-30
8595,chair,furniture,WH-4,348,supplier-19,229.37,2020-12-04
8596,chair,furniture,WH-4,172,supplier-19,1093.74,2020-04-25
8597,laptop,electronics,WH-5,149,supplier-18,802.3,2021-04-15
8598,desktops,electronics,WH-5,423,supplier-17,705.3,2021-06-08
8599,printer,electronics,WH-2,282,supplier-20,597.58,2021-05-02
8600,scanner,electronics,WH-4,150,supplier-4,1204.82,2020-03-24
8601,desk,furniture,WH-2,162,supplier-10,564.41,2020-09-29
8602,monitor,electronics,WH-4,326,supplier-1,597.03,2020-09-09
8603,chair,furniture,WH-1,383,supplier-20,778.84,2020-08-08
8604,chair,furniture,WH-3,186,supplier-6,74.13,2021-02-27
8605,desktops,electronics,WH-3,99,supplier-14,485.63,2021-01-29
8606,flashdrives,electronics,WH-1,416,supplier-1,735.68,2021-05-16
8607,keyboard,electronics,WH-3,172,supplier-19,201.07,2020-07-13
8608,flashdrives,electronics,WH-4,97,supplier-12,165.28,2021-05-02
8609,mouse,electronics,WH-1,36,supplier-14,581.73,2021-03-19
8610,desktops,electronics,WH-4,24,supplier-10,54.07,2020-01-09
8611,desk,furniture,WH-5,487,supplier-1,1333.7,2020-06-02
8612,mouse,electronics,WH-5,88,supplier-2,1399.39,2021-04-19
8613,desk,furniture,WH-1,4,supplier-16,902.44,2020-01-21
8614,laptop,electronics,WH-5,140,supplier-6,609.43,2021-02-28
8615,desktops,electronics,WH-2,64,supplier-8,207.26,2020-01-05
8616,laptop,electronics,WH-5,235,supplier-17,888.09,2020-03-08
8617,laptop,electronics,WH-4,143,supplier-14,965.7,2020-09-10
8618,desk,furniture,WH-2,81,supplier-10,404.08,2020-02-04
8619,desktops,electronics,WH-3,127,supplier-7,1271.48,2021-03-28
8620,desk,furniture,WH-2,340,supplier-5,328.51,2020-11-02
8621,monitor,electronics,WH-1,266,supplier-14,603.97,2020-06-01
8622,mouse,electronics,WH-3,329,supplier-10,1127.25,2020-10-09
8623,flashdrives,electronics,WH-1,409,supplier-5,465.94,2021-01-20
8624,keyboard,electronics,WH-4,140,supplier-20,604.69,2020-12-08
8625,flashdrives,electronics,WH-5,457,supplier-14,315.63,2021-04-08
8626,printer,electronics,WH-4,216,supplier-6,706.19,2021-02-19
8627,printer,electronics,WH-2,233,supplier-17,1267.06,2020-11-28
8628,mouse,electronics,WH-1,389,supplier-19,1348.78,2020-12-20
8629,printer,electronics,WH-5,480,supplier-17,1177.29,2020-02-08
8630,keyboard,electronics,WH-2,338,supplier-2,289.34,2021-04-21
8631,printer,electronics,WH-5,200,supplier-3,218.96,2021-04-04
8632,printer,electronics,WH-2,5,supplier-3,284.23,2021-02-19
8633,monitor,electronics,WH-3,402,supplier-8,541.62,2020-04-23
8634,laptop,electronics,WH-3,177,supplier-3,1410.85,2021-04-26
8635,desktops,electronics,WH-4,16,supplier-3,430.4,2021-04-21
8636,scanner,electronics,WH-2,356,supplier-7,805.89,2020-05-12
8637,scanner,electronics,WH-5,479,supplier-19,129.52,2020-04-19
8638,monitor,electronics,WH-1,286,supplier-1,182.58,2020-06-19
8639,laptop,electronics,WH-3,153,supplier-16,513.2,2020-07-04
8640,printer,electronics,WH-2,27,supplier-13,349.99,2020-01-22
8641,desktops,electronics,WH-3,206,supplier-13,535.07,2020-11-26
8642,desk,furniture,WH-5,146,supplier-6,20.19,2021-05-20
8643,chair,furniture,WH-5,41,supplier-11,558.65,2020-01-03
8644,desktops,electronics,WH-5,159,supplier-4,374.38,2020-04-13
8645,flashdrives,electronics,WH-1,122,supplier-18,175.03,2020-03-26
8646,printer,electronics,WH-1,437,supplier-19,436.49,2020-08-06
8647,monitor,electronics,WH-2,371,supplier-19,998.08,2020-01-17
8648,flashdrives,electronics,WH-4,84,supplier-9,1424.39,2020-03-07
8649,chair,furniture,WH-5,480,supplier-13,1000.35,2021-04-28
8650,chair,furniture,WH-1,453,supplier-1,467.99,2020-09-14
8651,scanner,electronics,WH-1,359,supplier-14,1242.0,2021-06-10
8652,printer,electronics,WH-5,176,supplier-20,1411.96,2020-08-16
8653,laptop,electronics,WH-1,73,supplier-6,1077.76,2020-10-24
8654,desk,furniture,WH-4,193,supplier-15,1299.0,2020-08-04
8655,desk,furniture,WH-3,473,supplier-7,409.25,2020-12-26
8656,flashdrives,electronics,WH-3,160,supplier-20,134.22,2020-07-14
8657,desk,furniture,WH-2,130,supplier-4,1358.1,2021-02-13
8658,scanner,electronics,WH-3,297,supplier-14,77.25,2021-02-06
8659,printer,electronics,WH-1,130,supplier-17,396.34,2020-02-16
8660,desktops,electronics,WH-2,444,supplier-17,1087.54,2021-03-17
8661,flashdrives,electronics,WH-1,90,supplier-14,1007.59,2020-12-08
8662,desk,furniture,WH-1,156,supplier-6,809.29,2021-03-28
8663,desk,furniture,WH-5,273,supplier-11,365.39,2020-02-24
8664,monitor,electronics,WH-5,201,supplier-3,161.2,2020-12-19
8665,scanner,electronics,WH-1,476,supplier-13,1162.52,2020-12-16
8666,desk,furniture,WH-3,141,supplier-11,1295.17,2020-06-08
8667,desk,furniture,WH-3,91,supplier-20,106.87,2021-02-02
8668,laptop,electronics,WH-5,305,supplier-16,1308.82,2020-01-29
8669,keyboard,electronics,WH-2,145,supplier-15,584.93,2020-02-11
8670,flashdrives,electronics,WH-1,9,supplier-4,848.14,2020-03-31
8671,chair,furniture,WH-5,268,supplier-10,125.71,2020-06-11
8672,flashdrives,electronics,WH-1,398,supplier-13,123.04,2021-01-12
8673,chair,furniture,WH-1,108,supplier-14,1160.12,2020-02-20
8674,desktops,electronics,WH-2,132,supplier-6,315.72,2021-03-20
8675,monitor,electronics,WH-5,77,supplier-19,293.63,2020-10-06
8676,chair,furniture,WH-5,226,supplier-3,769.01,2021-02-26
8677,mouse,electronics,WH-1,340,supplier-10,220.43,2020-11-26
8678,desktops,electronics,WH-4,257,supplier-17,377.43,2020-11-05
8679,laptop,electronics,WH-3,84,supplier-13,947.47,2020-11-23
8680,chair,furniture,WH-4,442,supplier-7,324.73,2020-09-03
8681,chair,furniture,WH-1,219,supplier-20,1448.66,2020-03-25
8682,printer,electronics,WH-2,369,supplier-17,1069.0,2020-10-21
8683,keyboard,electronics,WH-2,269,supplier-13,267.77,2021-02-06
8684,flashdrives,electronics,WH-5,461,supplier-11,986.46,2020-11-25
8685,desktops,electronics,WH-3,419,supplier-14,531.0,2020-05-06
8686,laptop,electronics,WH-2,182,supplier-10,1087.2,2020-07-28
8687,desk,furniture,WH-2,175,supplier-9,1127.05,2020-11-29
8688,chair,furniture,WH-5,259,supplier-18,735.8,2020-05-21
8689,desk,furniture,WH-1,481,supplier-16,1420.36,2021-01-29
8690,monitor,electronics,WH-3,146,supplier-11,508.82,2020-03-02
8691,monitor,electronics,WH-3,90,supplier-9,793.06,2021-06-09
8692,keyboard,electronics,WH-5,143,supplier-3,1465.64,2020-04-10
8693,monitor,electronics,WH-2,484,supplier-5,784.81,2021-01-11
8694,printer,electronics,WH-2,475,supplier-11,881.71,2020-09-25
8695,desk,furniture,WH-1,478,supplier-19,986.37,2021-03-11
8696,flashdrives,electronics,WH-4,429,supplier-6,1330.84,2020-02-28
8697,flashdrives,electronics,WH-1,415,supplier-5,1278.29,2020-09-29
8698,chair,furniture,WH-3,374,supplier-3,1327.98,2020-09-14
8699,scanner,electronics,WH-1,281,supplier-17,1494.81,2020-02-04
8700,chair,furniture,WH-1,408,supplier-8,960.24,2021-03-28
8701,keyboard,electronics,WH-2,310,supplier-19,818.53,2020-12-09
8702,flashdrives,electronics,WH-4,117,supplier-4,917.47,2020-09-07
8703,scanner,electronics,WH-5,180,supplier-14,147.13,2021-04-09
8704,monitor,electronics,WH-4,271,supplier-19,1229.31,2021-02-07
8705,scanner,electronics,WH-2,50,supplier-14,1013.04,2020-02-04
8706,printer,electronics,WH-3,324,supplier-17,764.11,2020-06-05
8707,monitor,electronics,WH-4,7,supplier-6,1450.39,2020-07-22
8708,keyboard,electronics,WH-4,452,supplier-13,1156.43,2020-05-04
8709,desktops,electronics,WH-4,215,supplier-5,39.9,2020-01-10
8710,keyboard,electronics,WH-5,233,supplier-20,1023.59,2020-10-03
8711,desktops,electronics,WH-5,388,supplier-9,572.82,2021-02-17
8712,laptop,electronics,WH-1,21,supplier-20,525.11,2020-05-05
8713,chair,furniture,WH-2,257,supplier-11,1279.23,2021-06-01
8714,desktops,electronics,WH-5,19,supplier-12,946.74,2020-08-09
8715,laptop,electronics,WH-2,383,supplier-8,609.76,2020-07-05
8716,keyboard,electronics,WH-1,259,supplier-17,914.7,2021-06-11
8717,laptop,electronics,WH-2,266,supplier-16,665.27,2020-11-02
8718,laptop,electronics,WH-3,239,supplier-1,612.24,2021-05-12
8719,mouse,electronics,WH-2,471,supplier-13,671.49,2020-07-11
8720,monitor,electronics,WH-5,204,supplier-16,1456.8,2020-03-31
8721,keyboard,electronics,WH-1,401,supplier-14,337.45,2020-01-31
8722,scanner,electronics,WH-4,330,supplier-6,1083.47,2021-01-24
8723,desktops,electronics,WH-2,180,supplier-16,1456.09,2020-12-06
8724,laptop,electronics,WH-4,209,supplier-8,1398.25,2020-03-28
8725,scanner,electronics,WH-5,308,supplier-16,614.21,2020-11-17
8726,desktops,electronics,WH-1,84,supplier-3,298.44,2021-03-26
8727,mouse,electronics,WH-5,471,supplier-16,1152.68,2021-06-19
8728,monitor,electronics,WH-4,12,supplier-12,164.83,2021-02-11
8729,scanner,electronics,WH-2,64,supplier-3,131.76,2021-05-11
8730,keyboard,electronics,WH-5,218,supplier-2,1322.69,2021-03-17
8731,chair,furniture,WH-3,420,supplier-20,58.34,2020-03-26
8732,scanner,electronics,WH-4,55,supplier-10,632.24,2020-05-18
8733,scanner,electronics,WH-2,409,supplier-9,963.21,2020-09-29
8734,mouse,electronics,WH-2,11,supplier-7,1305.91,2021-03-09
8735,keyboard,electronics,WH-5,378,supplier-9,1404.59,2020-01-13
8736,scanner,electronics,WH-1,37,supplier-5,1343.99,2020-12-11
8737,desktops,electronics,WH-2,379,supplier-2,214.92,2020-03-14
8738,chair,furniture,WH-3,338,supplier-11,124.39,2020-04-09
8739,printer,electronics,WH-4,315,supplier-16,411.74,2020-01-09
8740,chair,furniture,WH-2,193,supplier-4,174.84,2021-04-09
8741,flashdrives,electronics,WH-4,378,supplier-13,475.31,2020-02-15
8742,scanner,electronics,WH-5,228,supplier-16,1421.36,2020-04-11
8743,scanner,electronics,WH-4,491,supplier-10,1006.17,2021-06-10
8744,flashdrives,electronics,WH-5,164,supplier-4,567.4,2020-04-23
8745,desk,furniture,WH-4,64,supplier-19,894.4,2020-04-08
8746,printer,electronics,WH-4,187,supplier-19,1057.88,2021-04-04
8747,printer,electronics,WH-4,473,supplier-4,422.1,2021-05-03
8748,flashdrives,electronics,WH-2,213,supplier-3,469.22,2020-01-27
8749,desktops,electronics,WH-3,375,supplier-4,781.21,2020-06-12
8750,chair,furniture,WH-1,2,supplier-2,1163.4,2020-07-13
8751,desk,furniture,WH-1,447,supplier-5,175.53,2021-01-10
8752,flashdrives,electronics,WH-5,475,supplier-4,938.09,2021-04-03
8753,laptop,electronics,WH-3,437,supplier-3,148.82,2021-01-21
8754,keyboard,electronics,WH-5,268,supplier-16,970.05,2020-01-27
8755,flashdrives,electronics,WH-3,494,supplier-4,1494.46,2020-01-15
8756,laptop,electronics,WH-2,29,supplier-10,1376.23,2020-05-05
8757,mouse,electronics,WH-5,188,supplier-16,663.99,2020-09-05
8758,desk,furniture,WH-5,222,supplier-17,406.22,2020-08-07
8759,keyboard,electronics,WH-2,41,supplier-6,95.1,2020-02-08
8760,chair,furniture,WH-3,324,supplier-15,754.31,2021-05-27
8761,chair,furniture,WH-5,157,supplier-5,134.2,2020-01-27
8762,flashdrives,electronics,WH-4,337,supplier-4,1282.59,2020-03-30
8763,desk,furniture,WH-2,294,supplier-15,613.56,2020-04-27
8764,desk,furniture,WH-2,108,supplier-7,475.1,2020-03-16
8765,desktops,electronics,WH-2,167,supplier-12,321.5,2020-09-16
8766,desk,furniture,WH-2,97,supplier-4,87.57,2020-08-25
8767,mouse,electronics,WH-2,123,supplier-8,1321.11,2020-09-01
8768,printer,electronics,WH-5,403,supplier-15,785.95,2021-04-01
8769,chair,furniture,WH-2,172,supplier-19,1285.51,2020-01-07
8770,keyboard,electronics,WH-1,39,supplier-15,24.55,2021-06-13
8771,laptop,electronics,WH-5,312,supplier-8,1101.19,2021-04-11
8772,desk,furniture,WH-1,60,supplier-3,1215.18,2020-01-04
8773,scanner,electronics,WH-1,213,supplier-19,190.01,2020-07-10
8774,desk,furniture,WH-5,348,supplier-6,1326.38,2020-06-16
8775,mouse,electronics,WH-1,155,supplier-9,1396.01,2020-08-23
8776,laptop,electronics,WH-3,467,supplier-5,149.98,2021-06-01
8777,laptop,electronics,WH-1,349,supplier-8,1065.27,2021-01-18
8778,scanner,electronics,WH-3,121,supplier-15,1354.38,2020-09-10
8779,keyboard,electronics,WH-4,74,supplier-12,261.58,2021-02-05
8780,chair,furniture,WH-1,402,supplier-10,785.49,2021-06-12
8781,keyboard,electronics,WH-4,209,supplier-4,357.24,2021-02-26
8782,desk,furniture,WH-2,383,supplier-7,543.66,2020-07-11
8783,printer,electronics,WH-2,378,supplier-10,404.84,2021-06-17
8784,mouse,electronics,WH-2,469,supplier-10,1296.02,2020-12-27
8785,laptop,electronics,WH-3,54,supplier-10,1499.48,2021-04-23
8786,printer,electronics,WH-2,451,supplier-15,1190.44,2020-07-06
8787,desktops,electronics,WH-4,276,supplier-16,231.75,2020-08-04
8788,printer,electronics,WH-3,344,supplier-10,1179.2,2020-08-01
8789,flashdrives,electronics,WH-2,169,supplier-16,329.25,2020-01-16
8790,flashdrives,electronics,WH-1,410,supplier-14,1309.35,2020-12-21
8791,desktops,electronics,WH-1,109,supplier-11,1091.08,2020-11-20
8792,printer,electronics,WH-1,207,supplier-18,1055.57,2021-03-01
8793,mouse,electronics,WH-1,467,supplier-19,1189.55,2020-05-04
8794,keyboard,electronics,WH-1,434,supplier-3,174.0,2020-02-03
8795,flashdrives,electronics,WH-3,153,supplier-19,1174.51,2020-07-18
8796,desktops,electronics,WH-4,106,supplier-16,305.76,2020-02-01
8797,printer,electronics,WH-1,53,supplier-7,196.84,2020-09-03
8798,scanner,electronics,WH-3,318,supplier-16,909.77,2020-12-03
8799,mouse,electronics,WH-3,135,supplier-19,407.58,2020-10-26
8800,keyboard,electronics,WH-4,97,supplier-11,1220.95,2021-04-05
8801,mouse,electronics,WH-5,370,supplier-9,853.93,2021-05-20
8802,chair,furniture,WH-4,351,supplier-11,878.55,2020-03-12
8803,printer,electronics,WH-5,433,supplier-3,1294.77,2020-07-16
8804,keyboard,electronics,WH-1,329,supplier-12,904.86,2021-06-02
8805,printer,electronics,WH-2,344,supplier-15,206.83,2020-04-02
8806,printer,electronics,WH-1,279,supplier-2,1371.74,2021-06-05
8807,desk,furniture,WH-3,176,supplier-20,12.51,2020-04-11
8808,mouse,electronics,WH-1,135,supplier-8,153.38,2020-02-22
8809,flashdrives,electronics,WH-5,128,supplier-14,984.29,2021-05-29
8810,laptop,electronics,WH-5,53,supplier-13,988.41,2020-05-30
8811,laptop,electronics,WH-2,362,supplier-7,170.89,2020-10-06
8812,laptop,electronics,WH-2,492,supplier-9,1248.3,2020-09-13
8813,laptop,electronics,WH-1,368,supplier-19,164.98,2020-01-09
8814,flashdrives,electronics,WH-2,178,supplier-10,288.4,2020-05-27
8815,laptop,electronics,WH-2,82,supplier-15,905.92,2020-01-03
8816,monitor,electronics,WH-4,258,supplier-20,172.2,2020-10-29
8817,desktops,electronics,WH-3,208,supplier-5,1357.82,2020-10-03
8818,mouse,electronics,WH-5,339,supplier-18,324.68,2020-03-09
8819,monitor,electronics,WH-1,79,supplier-2,18.83,2020-01-14
8820,desktops,electronics,WH-3,98,supplier-9,1483.41,2020-07-25
8821,chair,furniture,WH-5,323,supplier-15,1380.45,2020-11-04
8822,chair,furniture,WH-3,381,supplier-15,108.57,2021-01-20
8823,mouse,electronics,WH-5,361,supplier-6,1014.78,2020-10-14
8824,mouse,electronics,WH-5,8,supplier-1,287.81,2020-05-21
8825,scanner,electronics,WH-2,124,supplier-11,1109.99,2020-06-26
8826,monitor,electronics,WH-2,407,supplier-15,700.99,2020-05-09
8827,printer,electronics,WH-3,171,supplier-4,227.13,2021-02-07
8828,monitor,electronics,WH-4,439,supplier-14,536.78,2020-07-07
8829,chair,furniture,WH-3,27,supplier-14,864.73,2020-10-20
8830,monitor,electronics,WH-3,233,supplier-19,506.93,2020-09-04
8831,desk,furniture,WH-2,129,supplier-15,904.4,2020-12-07
8832,desktops,electronics,WH-1,340,supplier-17,1468.3,2020-11-08
8833,scanner,electronics,WH-4,179,supplier-16,572.91,2021-01-17
8834,laptop,electronics,WH-1,278,supplier-1,1399.3,2021-06-11
8835,scanner,electronics,WH-4,110,supplier-18,1205.54,2020-02-29
8836,flashdrives,electronics,WH-5,139,supplier-17,329.27,2020-11-20
8837,desktops,electronics,WH-3,43,supplier-6,1181.62,2020-10-11
8838,laptop,electronics,WH-5,487,supplier-17,109.44,2020-10-08
8839,scanner,electronics,WH-3,154,supplier-16,232.64,2020-06-19
8840,flashdrives,electronics,WH-4,375,supplier-9,844.78,2021-06-11
8841,desktops,electronics,WH-2,328,supplier-1,125.65,2020-07-27
8842,flashdrives,electronics,WH-2,164,supplier-1,342.5,2021-04-05
8843,printer,electronics,WH-2,410,supplier-11,101.43,2021-05-28
8844,keyboard,electronics,WH-1,87,supplier-3,1335.2,2020-11-02
8845,laptop,electronics,WH-5,356,supplier-14,979.41,2021-06-24
8846,scanner,electronics,WH-3,221,supplier-10,1183.96,2020-12-08
8847,printer,electronics,WH-1,0,supplier-8,1109.24,2020-02-27
8848,chair,furniture,WH-2,446,supplier-15,17.72,2020-10-19
8849,chair,furniture,WH-2,255,supplier-19,390.02,2020-12-31
8850,flashdrives,electronics,WH-3,213,supplier-15,580.77,2021-02-25
8851,desktops,electronics,WH-4,96,supplier-6,230.22,2020-09-15
8852,scanner,electronics,WH-4,274,supplier-17,437.46,2021-03-20
8853,flashdrives,electronics,WH-4,406,supplier-16,342.82,2020-01-24
8854,desktops,electronics,WH-2,29,supplier-7,1000.24,2020-04-19
8855,monitor,electronics,WH-1,210,supplier-10,1372.97,2020-09-08
8856,scanner,electronics,WH-2,252,supplier-5,1496.6,2020-06-18
8857,monitor,electronics,WH-3,320,supplier-11,1090.51,2020-10-28
8858,desk,furniture,WH-1,167,supplier-4,1148.76,2020-02-25
8859,desktops,electronics,WH-3,163,supplier-8,1405.75,2021-03-04
8860,printer,electronics,WH-3,127,supplier-20,270.38,2021-01-10
8861,monitor,electronics,WH-4,183,supplier-3,1239.37,2020-10-08
8862,desk,furniture,WH-2,373,supplier-18,1006.51,2020-01-22
8863,monitor,electronics,WH-4,100,supplier-8,215.2,2021-06-12
8864,laptop,electronics,WH-1,115,supplier-8,1140.33,2021-05-07
8865,scanner,electronics,WH-2,49,supplier-18,39.1,2020-02-04
8866,desktops,electronics,WH-1,140,supplier-7,480.2,2020-03-28
8867,desk,furniture,WH-5,170,supplier-5,1182.01,2020-05-14
8868,chair,furniture,WH-4,283,supplier-19,1283.85,2020-01-18
8869,laptop,electronics,WH-5,177,supplier-20,72.7,2020-08-24
8870,keyboard,electronics,WH-2,124,supplier-17,1412.04,2020-09-04
8871,laptop,electronics,WH-4,353,supplier-19,1153.0,2020-11-29
8872,printer,electronics,WH-2,373,supplier-4,673.87,2020-10-06
8873,flashdrives,electronics,WH-4,406,supplier-13,585.37,2020-01-22
8874,monitor,electronics,WH-1,129,supplier-4,108.85,2020-05-11
8875,keyboard,electronics,WH-4,395,supplier-8,642.21,2020-07-01
8876,flashdrives,electronics,WH-4,206,supplier-15,1306.73,2020-09-18
8877,desktops,electronics,WH-4,207,supplier-5,180.13,2021-05-22
8878,desktops,electronics,WH-4,72,supplier-16,455.14,2020-01-07
8879,flashdrives,electronics,WH-2,92,supplier-13,182.86,2020-03-24
8880,monitor,electronics,WH-2,246,supplier-18,1038.25,2021-01-16
8881,keyboard,electronics,WH-5,355,supplier-4,213.57,2021-03-10
8882,flashdrives,electronics,WH-2,251,supplier-17,1162.49,2021-01-17
8883,desk,furniture,WH-5,71,supplier-15,1267.13,2020-10-04
8884,printer,electronics,WH-5,202,supplier-20,223.29,2021-05-27
8885,printer,electronics,WH-2,62,supplier-3,1390.89,2020-03-05
8886,desktops,electronics,WH-1,45,supplier-16,697.64,2021-06-03
8887,printer,electronics,WH-3,55,supplier-1,564.67,2020-10-12
8888,printer,electronics,WH-1,393,supplier-13,996.31,2020-01-09
8889,laptop,electronics,WH-5,112,supplier-3,1247.44,2021-06-04
8890,printer,electronics,WH-2,231,supplier-18,856.78,2020-02-07
8891,scanner,electronics,WH-5,8,supplier-12,721.35,2020-10-30
8892,scanner,electronics,WH-5,282,supplier-17,1469.41,2021-06-08
8893,laptop,electronics,WH-2,303,supplier-8,285.73,2020-01-18
8894,printer,electronics,WH-1,250,supplier-14,263.01,2020-06-02
8895,chair,furniture,WH-5,125,supplier-1,1350.78,2020-10-27
8896,scanner,electronics,WH-5,287,supplier-1,1276.65,2021-01-27
8897,printer,electronics,WH-3,160,supplier-17,759.78,2020-02-16
8898,keyboard,electronics,WH-2,411,supplier-13,996.79,2021-01-09
8899,keyboard,electronics,WH-3,447,supplier-15,832.71,2021-05-20
8900,desk,furniture,WH-4,205,supplier-1,281.45,2021-04-21
8901,monitor,electronics,WH-1,291,supplier-20,173.43,2020-10-16
8902,scanner,electronics,WH-3,247,supplier-5,444.89,2020-09-29
8903,keyboard,electronics,WH-1,97,supplier-12,1425.68,2020-01-21
8904,keyboard,electronics,WH-1,458,supplier-20,306.01,2020-05-02
8905,chair,furniture,WH-3,82,supplier-7,678.04,2020-10-23
8906,laptop,electronics,WH-1,388,supplier-19,1452.74,2020-08-10
8907,laptop,electronics,WH-2,222,supplier-9,844.52,2021-04-26
8908,laptop,electronics,WH-2,369,supplier-10,70.03,2020-06-06
8909,mouse,electronics,WH-4,41,supplier-6,857.67,2020-04-14
8910,mouse,electronics,WH-3,34,supplier-19,230.8,2020-02-21
8911,desktops,electronics,WH-5,207,supplier-19,1268.31,2021-05-26
8912,flashdrives,electronics,WH-2,325,supplier-5,316.21,2020-10-21
8913,desktops,electronics,WH-5,24,supplier-16,159.33,2021-06-19
8914,mouse,electronics,WH-5,474,supplier-4,1283.45,2020-12-12
8915,mouse,electronics,WH-5,111,supplier-5,1268.63,2020-08-31
8916,laptop,electronics,WH-2,364,supplier-16,397.0,2020-07-02
8917,scanner,electronics,WH-4,286,supplier-8,785.5,2021-02-27
8918,desktops,electronics,WH-4,474,supplier-8,820.98,2021-06-21
8919,desktops,electronics,WH-5,279,supplier-7,231.42,2020-09-25
8920,chair,furniture,WH-4,240,supplier-16,651.54,2020-09-21
8921,monitor,electronics,WH-5,469,supplier-17,79.01,2020-10-16
8922,flashdrives,electronics,WH-2,260,supplier-7,98.88,2020-08-22
8923,chair,furniture,WH-3,322,supplier-19,518.31,2021-02-22
8924,laptop,electronics,WH-5,177,supplier-14,54.97,2021-02-02
8925,chair,furniture,WH-1,11,supplier-19,164.47,2020-08-11
8926,laptop,electronics,WH-2,50,supplier-2,752.14,2020-11-24
8927,desktops,electronics,WH-3,496,supplier-2,1338.75,2021-02-08
8928,monitor,electronics,WH-2,311,supplier-13,1229.69,2020-09-14
8929,desk,furniture,WH-2,276,supplier-6,992.83,2020-07-09
8930,chair,furniture,WH-4,83,supplier-19,1380.64,2020-11-02
8931,monitor,electronics,WH-4,176,supplier-1,351.13,2020-07-30
8932,laptop,electronics,WH-1,467,supplier-3,1173.35,2020-03-28
8933,desktops,electronics,WH-2,126,supplier-20,74.03,2020-08-28
8934,monitor,electronics,WH-2,447,supplier-10,76.46,2020-02-08
8935,chair,furniture,WH-4,104,supplier-11,1363.34,2020-12-03
8936,scanner,electronics,WH-5,269,supplier-8,932.44,2020-02-22
8937,keyboard,electronics,WH-4,436,supplier-3,202.32,2020-09-10
8938,chair,furniture,WH-1,25,supplier-7,1376.54,2020-05-17
8939,keyboard,electronics,WH-2,297,supplier-5,621.49,2021-04-04
8940,printer,electronics,WH-3,451,supplier-17,338.51,2021-02-01
8941,scanner,electronics,WH-1,224,supplier-15,1043.17,2020-09-02
8942,scanner,electronics,WH-2,19,supplier-3,1426.24,2020-01-16
8943,mouse,electronics,WH-2,210,supplier-17,989.79,2020-02-11
8944,scanner,electronics,WH-4,38,supplier-10,403.23,2020-07-01
8945,chair,furniture,WH-5,464,supplier-2,328.9,2021-06-09
8946,printer,electronics,WH-2,418,supplier-10,24.25,2020-05-06
8947,keyboard,electronics,WH-1,337,supplier-3,1354.27,2021-04-24
8948,keyboard,electronics,WH-3,327,supplier-18,906.4,2020-03-01
8949,desk,furniture,WH-4,490,supplier-18,707.84,2021-05-21
8950,monitor,electronics,WH-3,251,supplier-9,1484.07,2020-09-11
8951,mouse,electronics,WH-3,159,supplier-5,553.12,2020-04-08
8952,flashdrives,electronics,WH-2,463,supplier-12,999.86,2021-03-18
8953,mouse,electronics,WH-1,457,supplier-15,639.61,2020-08-20
8954,monitor,electronics,WH-4,117,supplier-4,470.01,2020-01-28
8955,desktops,electronics,WH-1,155,supplier-1,787.56,2020-10-30
8956,scanner,electronics,WH-3,146,supplier-6,26.3,2020-04-08
8957,flashdrives,electronics,WH-1,327,supplier-18,850.33,2021-02-23
8958,desktops,electronics,WH-2,459,supplier-9,1377.61,2021-04-12
8959,monitor,electronics,WH-4,468,supplier-7,1416.03,2020-08-22
8960,keyboard,electronics,WH-3,310,supplier-8,1095.21,2020-07-17
8961,mouse,electronics,WH-5,285,supplier-13,1426.08,2020-04-27
8962,mouse,electronics,WH-5,59,supplier-8,918.24,2020-05-04
8963,mouse,electronics,WH-5,446,supplier-10,828.85,2021-01-01
8964,flashdrives,electronics,WH-3,158,supplier-10,951.15,2020-05-13
8965,chair,furniture,WH-1,180,supplier-10,843.14,2020-02-22
8966,printer,electronics,WH-4,43,supplier-11,1453.42,2020-03-28
8967,flashdrives,electronics,WH-2,106,supplier-4,400.5,2020-08-19
8968,desk,furniture,WH-4,450,supplier-5,1143.14,2020-08-13
8969,mouse,electronics,WH-4,122,supplier-6,662.57,2020-10-30
8970,scanner,electronics,WH-5,418,supplier-15,135.74,2020-10-03
8971,printer,electronics,WH-4,496,supplier-6,1462.07,2021-06-03
8972,chair,furniture,WH-4,372,supplier-8,660.13,2021-03-08
8973,desk,furniture,WH-2,36,supplier-12,766.85,2020-09-25
8974,scanner,electronics,WH-3,372,supplier-19,1186.49,2020-01-18
8975,chair,furniture,WH-3,410,supplier-3,483.84,2020-12-19
8976,monitor,electronics,WH-4,8,supplier-4,35.86,2020-04-17
8977,desktops,electronics,WH-3,5,supplier-13,607.65,2020-11-17
8978,scanner,electronics,WH-3,160,supplier-1,1144.93,2020-04-02
8979,desktops,electronics,WH-5,359,supplier-13,1222.89,2020-03-13
8980,monitor,electronics,WH-2,251,supplier-17,1330.48,2021-01-14
8981,keyboard,electronics,WH-2,11,supplier-7,897.61,2021-01-25
8982,desktops,electronics,WH-1,81,supplier-14,1003.38,2020-09-28
8983,flashdrives,electronics,WH-1,328,supplier-13,74.13,2020-10-28
8984,flashdrives,electronics,WH-4,174,supplier-2,591.11,2021-01-24
8985,mouse,electronics,WH-5,258,supplier-4,52.89,2021-02-04
8986,desktops,electronics,WH-2,110,supplier-7,390.19,2021-05-12
8987,keyboard,electronics,WH-1,133,supplier-6,256.98,2020-12-20
8988,monitor,electronics,WH-1,401,supplier-14,539.66,2020-04-26
8989,printer,electronics,WH-2,69,supplier-5,207.39,2020-04-03
8990,printer,electronics,WH-2,64,supplier-12,1293.27,2020-09-13
8991,monitor,electronics,WH-5,295,supplier-11,808.38,2020-04-08
8992,flashdrives,electronics,WH-3,191,supplier-5,871.3,2020-09-02
8993,keyboard,electronics,WH-4,32,supplier-9,994.75,2020-06-20
8994,monitor,electronics,WH-4,114,supplier-4,1247.2,2020-01-17
8995,desktops,electronics,WH-1,407,supplier-18,970.06,2020-01-01
8996,flashdrives,electronics,WH-4,496,supplier-4,983.11,2020-03-23
8997,desk,furniture,WH-1,401,supplier-10,117.94,2020-10-01
8998,keyboard,electronics,WH-3,40,supplier-11,1021.24,2020-04-29
8999,flashdrives,electronics,WH-2,23,supplier-3,1250.93,2020-05-01
9000,desktops,electronics,WH-2,46,supplier-14,587.23,2021-02-24
9001,flashdrives,electronics,WH-1,240,supplier-2,50.99,2020-07-11
9002,flashdrives,electronics,WH-4,386,supplier-18,1040.32,2021-01-04
9003,mouse,electronics,WH-1,193,supplier-20,557.97,2020-06-01
9004,keyboard,electronics,WH-5,212,supplier-3,1263.94,2020-04-22
9005,keyboard,electronics,WH-3,173,supplier-14,503.25,2020-01-06
9006,desktops,electronics,WH-5,5,supplier-2,284.74,2020-05-17
9007,laptop,electronics,WH-1,197,supplier-18,801.46,2020-10-16
9008,flashdrives,electronics,WH-3,329,supplier-3,880.03,2021-01-29
9009,keyboard,electronics,WH-3,337,supplier-8,724.18,2021-02-26
9010,monitor,electronics,WH-1,136,supplier-16,841.75,2020-12-28
9011,flashdrives,electronics,WH-3,388,supplier-2,1319.45,2020-10-18
9012,chair,furniture,WH-3,466,supplier-16,1135.67,2020-10-18
9013,mouse,electronics,WH-5,498,supplier-14,188.55,2020-04-15
9014,monitor,electronics,WH-3,498,supplier-10,691.63,2020-03-17
9015,desktops,electronics,WH-3,330,supplier-13,1338.84,2020-01-04
9016,monitor,electronics,WH-1,361,supplier-17,949.22,2020-05-02
9017,desktops,electronics,WH-2,483,supplier-8,634.19,2021-02-17
9018,desk,furniture,WH-3,202,supplier-6,258.53,2021-03-10
9019,desk,furniture,WH-3,188,supplier-16,959.86,2020-12-27
9020,chair,furniture,WH-4,72,supplier-15,885.19,2020-01-03
9021,keyboard,electronics,WH-5,490,supplier-20,79.43,2020-10-27
9022,laptop,electronics,WH-3,225,supplier-2,319.1,2020-06-06
9023,printer,electronics,WH-5,410,supplier-9,257.82,2020-12-22
9024,flashdrives,electronics,WH-5,26,supplier-18,1036.23,2020-07-20
9025,laptop,electronics,WH-3,24,supplier-1,1214.74,2021-03-25
9026,chair,furniture,WH-4,456,supplier-7,569.53,2021-04-06
9027,monitor,electronics,WH-1,204,supplier-18,1023.03,2020-08-19
9028,flashdrives,electronics,WH-4,116,supplier-3,523.43,2020-03-09
9029,scanner,electronics,WH-1,177,supplier-12,390.84,2020-06-25
9030,desktops,electronics,WH-4,160,supplier-20,1265.44,2020-08-20
9031,chair,furniture,WH-2,5,supplier-1,565.42,2021-03-16
9032,monitor,electronics,WH-5,123,supplier-17,846.77,2021-02-16
9033,keyboard,electronics,WH-2,172,supplier-8,1003.3,2021-01-10
9034,desktops,electronics,WH-4,395,supplier-6,961.59,2020-02-06
9035,laptop,electronics,WH-4,426,supplier-13,217.59,2020-10-11
9036,printer,electronics,WH-2,453,supplier-5,1173.51,2021-06-03
9037,desk,furniture,WH-3,148,supplier-11,887.99,2020-11-17
9038,desktops,electronics,WH-2,91,supplier-7,731.75,2020-05-21
9039,chair,furniture,WH-5,407,supplier-9,1286.52,2020-03-26
9040,mouse,electronics,WH-5,40,supplier-8,476.38,2020-03-10
9041,mouse,electronics,WH-4,345,supplier-19,397.17,2020-02-25
9042,flashdrives,electronics,WH-4,349,supplier-15,273.37,2021-04-15
9043,laptop,electronics,WH-4,496,supplier-8,664.3,2020-11-17
9044,desk,furniture,WH-1,446,supplier-12,990.55,2020-03-06
9045,monitor,electronics,WH-2,173,supplier-5,1413.81,2021-03-28
9046,flashdrives,electronics,WH-3,474,supplier-13,828.62,2021-01-27
9047,keyboard,electronics,WH-1,439,supplier-6,119.36,2020-05-07
9048,mouse,electronics,WH-3,246,supplier-10,1067.4,2021-06-01
9049,keyboard,electronics,WH-4,269,supplier-9,744.43,2021-05-27
9050,printer,electronics,WH-3,447,supplier-11,229.11,2020-05-09
9051,laptop,electronics,WH-5,206,supplier-17,1322.94,2020-04-15
9052,monitor,electronics,WH-1,451,supplier-8,972.85,2020-09-12
9053,mouse,electronics,WH-3,195,supplier-18,1354.3,2020-04-12
9054,keyboard,electronics,WH-5,89,supplier-2,1384.85,2020-11-15
9055,chair,furniture,WH-1,343,supplier-19,126.43,2021-05-18
9056,printer,electronics,WH-1,55,supplier-6,441.03,2020-11-19
9057,desk,furniture,WH-3,278,supplier-14,1398.77,2020-01-24
9058,scanner,electronics,WH-3,115,supplier-8,627.05,2020-05-24
9059,keyboard,electronics,WH-5,90,supplier-3,676.78,2020-08-27
9060,printer,electronics,WH-3,41,supplier-9,1239.58,2020-08-20
9061,mouse,electronics,WH-2,61,supplier-7,1312.05,2021-02-24
9062,keyboard,electronics,WH-5,224,supplier-19,1221.82,2020-12-17
9063,chair,furniture,WH-5,166,supplier-2,207.27,2021-06-09
9064,mouse,electronics,WH-2,128,supplier-10,885.22,2020-08-08
9065,chair,furniture,WH-5,224,supplier-18,1396.93,2020-09-26
9066,keyboard,electronics,WH-4,327,supplier-16,1072.55,2021-02-04
9067,monitor,electronics,WH-1,141,supplier-11,415.04,2021-03-12
9068,mouse,electronics,WH-3,426,supplier-12,11.07,2021-02-05
9069,chair,furniture,WH-5,309,supplier-1,88.95,2021-03-03
9070,chair,furniture,WH-2,89,supplier-4,871.51,2020-05-10
9071,desk,furniture,WH-1,388,supplier-8,572.26,2020-08-12
9072,desk,furniture,WH-2,490,supplier-11,896.21,2021-04-08
9073,mouse,electronics,WH-2,357,supplier-9,680.41,2021-05-28
9074,monitor,electronics,WH-3,488,supplier-14,319.47,2020-04-07
9075,flashdrives,electronics,WH-4,92,supplier-1,842.26,2021-02-04
9076,monitor,electronics,WH-5,13,supplier-6,1374.17,2020-11-28
9077,desktops,electronics,WH-1,195,supplier-4,817.51,2020-03-11
9078,desk,furniture,WH-5,486,supplier-16,1373.34,2020-10-16
9079,chair,furniture,WH-2,234,supplier-19,557.79,2020-05-28
9080,laptop,electronics,WH-4,321,supplier-16,300.23,2021-05-20
9081,desk,furniture,WH-5,274,supplier-12,918.61,2020-10-04
9082,printer,electronics,WH-2,390,supplier-10,193.89,2020-08-28
9083,laptop,electronics,WH-5,153,supplier-9,264.77,2021-04-26
9084,flashdrives,electronics,WH-3,248,supplier-5,1379.23,2020-02-01
9085,desk,furniture,WH-5,137,supplier-19,1357.86,2020-04-21
9086,scanner,electronics,WH-5,189,supplier-10,149.7,2021-04-06
9087,scanner,electronics,WH-3,261,supplier-18,274.55,2020-01-14
9088,desktops,electronics,WH-3,485,supplier-19,554.45,2020-05-05
9089,keyboard,electronics,WH-2,214,supplier-10,758.23,2020-01-24
9090,mouse,electronics,WH-5,465,supplier-6,1420.61,2021-01-24
9091,keyboard,electronics,WH-3,476,supplier-8,364.78,2020-09-09
9092,monitor,electronics,WH-3,90,supplier-18,896.84,2020-07-08
9093,printer,electronics,WH-4,131,supplier-17,158.03,2020-09-07
9094,keyboard,electronics,WH-3,445,supplier-8,622.95,2021-04-19
9095,mouse,electronics,WH-5,430,supplier-9,900.1,2020-08-10
9096,scanner,electronics,WH-5,142,supplier-17,945.69,2021-03-09
9097,laptop,electronics,WH-5,317,supplier-4,414.76,2021-01-14
9098,desk,furniture,WH-3,184,supplier-10,878.32,2021-05-19
9099,chair,furniture,WH-4,183,supplier-1,907.89,2020-07-03
9100,scanner,electronics,WH-2,437,supplier-8,19.78,2020-07-10
9101,desk,furniture,WH-2,262,supplier-15,959.82,2020-12-13
9102,desk,furniture,WH-3,66,supplier-19,700.53,2020-12-25
9103,chair,furniture,WH-1,497,supplier-11,1212.12,2020-04-22
9104,laptop,electronics,WH-1,316,supplier-10,485.78,2021-02-12
9105,keyboard,electronics,WH-1,125,supplier-7,1466.12,2020-09-16
9106,monitor,electronics,WH-4,252,supplier-12,29.25,2020-09-20
9107,keyboard,electronics,WH-5,137,supplier-6,870.94,2020-05-27
9108,printer,electronics,WH-2,50,supplier-20,698.05,2020-11-16
9109,monitor,electronics,WH-1,136,supplier-20,99.79,2020-03-25
9110,printer,electronics,WH-2,459,supplier-11,960.93,2020-10-05
9111,scanner,electronics,WH-4,486,supplier-5,231.36,2020-03-11
9112,chair,furniture,WH-1,101,supplier-18,647.03,2021-04-20
9113,keyboard,electronics,WH-4,142,supplier-18,513.69,2021-04-04
9114,desk,furniture,WH-4,179,supplier-10,1129.27,2021-06-20
9115,keyboard,electronics,WH-5,166,supplier-14,1101.34,2020-05-13
9116,desk,furniture,WH-2,263,supplier-14,702.92,2020-01-25
9117,mouse,electronics,WH-3,12,supplier-14,1206.47,2021-01-21
9118,desktops,electronics,WH-4,71,supplier-15,1447.8,2020-01-26
9119,desk,furniture,WH-2,37,supplier-12,64.21,2020-06-14
9120,laptop,electronics,WH-3,184,supplier-4,144.21,2020-11-11
9121,monitor,electronics,WH-4,44,supplier-20,940.82,2020-06-06
9122,flashdrives,electronics,WH-3,466,supplier-17,252.45,2020-10-27
9123,keyboard,electronics,WH-3,134,supplier-10,904.41,2021-04-23
9124,scanner,electronics,WH-3,31,supplier-18,232.14,2020-12-31
9125,desk,furniture,WH-1,439,supplier-16,243.93,2020-03-14
9126,keyboard,electronics,WH-3,244,supplier-18,1314.8,2020-07-22
9127,desk,furniture,WH-4,322,supplier-14,611.35,2020-05-26
9128,desk,furniture,WH-1,95,supplier-20,461.6,2020-06-12
9129,printer,electronics,WH-1,36,supplier-9,696.69,2020-04-13
9130,monitor,electronics,WH-5,84,supplier-8,375.41,2020-02-11
9131,flashdrives,electronics,WH-2,246,supplier-1,1181.7,2021-05-18
9132,mouse,electronics,WH-4,98,supplier-11,571.8,2021-03-22
9133,desktops,electronics,WH-4,203,supplier-20,1407.58,2021-01-14
9134,keyboard,electronics,WH-4,11,supplier-9,33.42,2020-05-08
9135,monitor,electronics,WH-5,116,supplier-6,1014.69,2020-11-28
9136,monitor,electronics,WH-4,477,supplier-11,465.55,2020-10-03
9137,printer,electronics,WH-3,223,supplier-8,428.04,2020-03-16
9138,desk,furniture,WH-4,130,supplier-5,214.84,2020-01-19
9139,monitor,electronics,WH-1,69,supplier-18,28.52,2020-01-09
9140,laptop,electronics,WH-5,179,supplier-8,69.68,2020-01-23
9141,scanner,electronics,WH-4,356,supplier-18,263.9,2021-04-06
9142,chair,furniture,WH-4,86,supplier-19,1214.9,2020-03-09
9143,chair,furniture,WH-5,249,supplier-10,301.19,2021-03-01
9144,flashdrives,electronics,WH-4,417,supplier-6,444.07,2020-06-03
9145,scanner,electronics,WH-5,82,supplier-5,17.09,2021-04-27
9146,printer,electronics,WH-5,406,supplier-17,462.02,2021-04-26
9147,printer,electronics,WH-1,16,supplier-17,1141.26,2020-10-17
9148,desk,furniture,WH-2,175,supplier-18,358.76,2020-03-02
9149,mouse,electronics,WH-4,16,supplier-3,469.94,2020-06-07
9150,monitor,electronics,WH-3,122,supplier-3,1077.18,2020-08-09
9151,chair,furniture,WH-1,420,supplier-8,404.38,2020-10-01
9152,chair,furniture,WH-2,207,supplier-16,1021.14,2021-05-08
9153,desk,furniture,WH-2,171,supplier-5,813.98,2020-04-14
9154,desk,furniture,WH-2,49,supplier-2,375.77,2021-04-22
9155,desktops,electronics,WH-4,158,supplier-5,1359.65,2021-06-20
9156,monitor,electronics,WH-5,332,supplier-20,667.75,2020-10-10
9157,monitor,electronics,WH-5,323,supplier-12,866.02,2020-11-08
9158,laptop,electronics,WH-4,404,supplier-8,912.53,2020-07-05
9159,desktops,electronics,WH-3,463,supplier-20,34.02,2020-05-26
9160,printer,electronics,WH-1,319,supplier-12,1345.67,2020-10-16
9161,chair,furniture,WH-4,458,supplier-14,640.86,2020-11-26
9162,printer,electronics,WH-3,424,supplier-10,1080.82,2020-08-31
9163,laptop,electronics,WH-1,275,supplier-11,1244.28,2020-02-04
9164,scanner,electronics,WH-3,143,supplier-10,1349.15,2021-04-27
9165,desktops,electronics,WH-2,116,supplier-16,1144.63,2020-10-02
9166,mouse,electronics,WH-1,96,supplier-11,740.56,2021-03-21
9167,chair,furniture,WH-2,213,supplier-8,716.16,2020-08-13
9168,printer,electronics,WH-3,348,supplier-20,476.96,2020-09-26
9169,desk,furniture,WH-1,98,supplier-5,83.89,2020-11-11
9170,scanner,electronics,WH-2,28,supplier-10,348.32,2020-02-29
9171,printer,electronics,WH-2,374,supplier-14,875.93,2020-07-03
9172,laptop,electronics,WH-1,434,supplier-6,1490.03,2020-05-26
9173,keyboard,electronics,WH-1,398,supplier-11,1424.87,2021-04-17
9174,laptop,electronics,WH-1,9,supplier-17,130.01,2021-01-14
9175,printer,electronics,WH-5,398,supplier-14,633.15,2020-11-03
9176,laptop,electronics,WH-1,159,supplier-16,438.97,2020-11-01
9177,keyboard,electronics,WH-4,60,supplier-2,330.72,2020-04-25
9178,flashdrives,electronics,WH-2,277,supplier-11,27.69,2020-11-23
9179,mouse,electronics,WH-1,121,supplier-18,113.56,2020-08-16
9180,monitor,electronics,WH-4,373,supplier-18,1235.87,2020-04-17
9181,monitor,electronics,WH-1,277,supplier-9,267.24,2020-11-26
9182,desk,furniture,WH-2,284,supplier-20,879.09,2020-04-14
9183,desk,furniture,WH-3,90,supplier-13,14.97,2021-03-20
9184,keyboard,electronics,WH-3,33,supplier-16,967.4,2021-05-16
9185,desk,furniture,WH-5,411,supplier-20,774.79,2021-05-06
9186,laptop,electronics,WH-5,123,supplier-14,854.3,2020-02-09
9187,scanner,electronics,WH-2,213,supplier-9,1230.33,2021-02-15
9188,laptop,electronics,WH-5,325,supplier-19,782.94,2021-06-01
9189,chair,furniture,WH-3,240,supplier-13,1291.85,2021-03-29
9190,chair,furniture,WH-3,397,supplier-5,522.39,2020-01-31
9191,desk,furniture,WH-1,114,supplier-18,455.75,2020-01-12
9192,laptop,electronics,WH-2,418,supplier-16,367.24,2020-05-04
9193,chair,furniture,WH-5,224,supplier-20,1074.35,2020-03-03
9194,flashdrives,electronics,WH-1,12,supplier-13,1348.14,2020-02-27
9195,keyboard,electronics,WH-5,473,supplier-6,508.37,2020-04-23
9196,scanner,electronics,WH-1,127,supplier-13,1126.7,2020-11-09
9197,desktops,electronics,WH-5,33,supplier-16,1199.11,2020-12-17
9198,printer,electronics,WH-5,383,supplier-11,347.42,2021-03-24
9199,chair,furniture,WH-1,154,supplier-8,1101.07,2020-11-29
9200,keyboard,electronics,WH-1,364,supplier-1,32.23,2020-07-07
9201,flashdrives,electronics,WH-1,252,supplier-19,125.68,2020-11-08
9202,printer,electronics,WH-1,363,supplier-2,732.04,2021-02-03
9203,monitor,electronics,WH-1,387,supplier-17,1368.68,2020-06-02
9204,desktops,electronics,WH-2,150,supplier-14,1450.94,2021-04-09
9205,monitor,electronics,WH-3,307,supplier-1,1052.21,2020-09-27
9206,laptop,electronics,WH-5,174,supplier-10,160.19,2020-02-12
9207,keyboard,electronics,WH-5,303,supplier-15,1229.48,2021-02-05
9208,flashdrives,electronics,WH-2,374,supplier-13,726.89,2020-11-10
9209,desktops,electronics,WH-5,107,supplier-16,763.07,2020-04-27
9210,keyboard,electronics,WH-2,33,supplier-18,483.35,2020-01-07
9211,monitor,electronics,WH-3,322,supplier-1,1466.71,2020-12-29
9212,keyboard,electronics,WH-5,330,supplier-12,329.36,2020-05-31
9213,laptop,electronics,WH-5,359,supplier-15,535.74,2021-01-22
9214,scanner,electronics,WH-1,312,supplier-1,235.64,2020-01-17
9215,monitor,electronics,WH-2,178,supplier-8,644.51,2020-11-11
9216,desk,furniture,WH-2,342,supplier-11,153.4,2020-04-04
9217,keyboard,electronics,WH-3,234,supplier-17,721.75,2020-12-21
9218,chair,furniture,WH-3,41,supplier-16,1224.41,2020-04-15
9219,printer,electronics,WH-1,273,supplier-17,1459.78,2021-04-12
9220,printer,electronics,WH-4,223,supplier-14,279.69,2020-02-22
9221,desktops,electronics,WH-5,476,supplier-16,485.96,2021-06-04
9222,desk,furniture,WH-3,253,supplier-14,123.92,2020-06-15
9223,laptop,electronics,WH-5,251,supplier-16,778.88,2020-09-12
9224,keyboard,electronics,WH-1,292,supplier-13,331.94,2020-01-13
9225,chair,furniture,WH-3,116,supplier-17,688.71,2020-04-20
9226,laptop,electronics,WH-5,93,supplier-12,771.2,2020-04-16
9227,chair,furniture,WH-3,177,supplier-18,131.01,2020-02-01
9228,monitor,electronics,WH-2,417,supplier-20,685.84,2020-01-30
9229,desktops,electronics,WH-3,402,supplier-19,1428.04,2021-04-13
9230,keyboard,electronics,WH-4,71,supplier-3,224.61,2020-04-11
9231,printer,electronics,WH-5,283,supplier-18,1323.25,2020-05-02
9232,flashdrives,electronics,WH-4,175,supplier-18,1345.65,2020-09-27
9233,printer,electronics,WH-4,340,supplier-5,1255.69,2020-07-12
9234,mouse,electronics,WH-2,485,supplier-4,808.66,2020-03-08
9235,scanner,electronics,WH-3,472,supplier-17,820.83,2021-02-12
9236,desktops,electronics,WH-3,75,supplier-8,882.12,2020-05-26
9237,keyboard,electronics,WH-2,497,supplier-1,706.12,2020-04-03
9238,monitor,electronics,WH-1,208,supplier-16,947.03,2020-03-28
9239,monitor,electronics,WH-2,344,supplier-3,991.66,2020-04-16
9240,scanner,electronics,WH-4,107,supplier-9,1405.17,2020-08-20
9241,flashdrives,electronics,WH-2,474,supplier-1,1435.46,2021-01-14
9242,monitor,electronics,WH-2,475,supplier-3,1005.8,2021-04-29
9243,mouse,electronics,WH-5,205,supplier-13,382.48,2020-10-15
9244,scanner,electronics,WH-4,68,supplier-18,1066.25,2021-04-18
9245,desktops,electronics,WH-1,365,supplier-7,977.16,2020-05-16
9246,chair,furniture,WH-1,347,supplier-20,452.85,2020-03-19
9247,laptop,electronics,WH-2,188,supplier-19,1387.51,2020-11-09
9248,flashdrives,electronics,WH-1,351,supplier-11,190.37,2021-06-08
9249,desktops,electronics,WH-5,432,supplier-15,806.51,2020-05-21
9250,mouse,electronics,WH-2,216,supplier-20,963.79,2021-04-06
9251,laptop,electronics,WH-3,197,supplier-8,740.1,2021-01-09
9252,monitor,electronics,WH-5,397,supplier-18,218.3,2020-01-28
9253,flashdrives,electronics,WH-4,471,supplier-10,15.31,2020-07-06
9254,mouse,electronics,WH-4,122,supplier-15,1167.42,2020-03-11
9255,laptop,electronics,WH-4,20,supplier-15,1156.34,2020-02-26
9256,desk,furniture,WH-4,218,supplier-16,94.02,2020-03-29
9257,scanner,electronics,WH-4,325,supplier-2,1466.39,2021-05-19
9258,laptop,electronics,WH-4,314,supplier-8,40.68,2020-11-24
9259,mouse,electronics,WH-2,155,supplier-7,51.1,2021-05-21
9260,desktops,electronics,WH-2,472,supplier-16,929.1,2020-04-28
9261,monitor,electronics,WH-2,336,supplier-7,1351.41,2021-02-11
9262,monitor,electronics,WH-2,29,supplier-13,1442.57,2020-03-11
9263,monitor,electronics,WH-5,343,supplier-8,303.81,2020-10-18
9264,keyboard,electronics,WH-4,29,supplier-20,766.6,2020-01-27
9265,chair,furniture,WH-4,390,supplier-9,793.03,2020-09-30
9266,mouse,electronics,WH-5,69,supplier-8,244.5,2020-03-23
9267,desktops,electronics,WH-1,186,supplier-4,65.77,2021-05-20
9268,desktops,electronics,WH-4,282,supplier-18,1108.52,2020-03-28
9269,scanner,electronics,WH-1,499,supplier-1,155.47,2020-01-13
9270,desk,furniture,WH-2,408,supplier-4,899.93,2020-09-18
9271,keyboard,electronics,WH-4,194,supplier-17,1231.11,2021-01-17
9272,printer,electronics,WH-4,431,supplier-17,985.32,2021-03-01
9273,scanner,electronics,WH-5,158,supplier-12,38.77,2021-04-14
9274,flashdrives,electronics,WH-5,240,supplier-6,544.6,2020-05-04
9275,laptop,electronics,WH-5,328,supplier-20,702.16,2020-11-08
9276,chair,furniture,WH-5,312,supplier-11,506.51,2020-03-22
9277,desk,furniture,WH-2,226,supplier-1,365.44,2020-06-18
9278,chair,furniture,WH-4,200,supplier-12,622.55,2020-05-10
9279,monitor,electronics,WH-5,267,supplier-16,1413.19,2020-10-03
9280,scanner,electronics,WH-5,187,supplier-6,232.86,2020-09-14
9281,desk,furniture,WH-1,15,supplier-16,1349.97,2020-10-17
9282,keyboard,electronics,WH-3,288,supplier-2,926.48,2020-06-24
9283,chair,furniture,WH-4,388,supplier-17,697.45,2021-04-21
9284,laptop,electronics,WH-4,281,supplier-5,1075.39,2020-11-05
9285,flashdrives,electronics,WH-3,281,supplier-10,303.4,2020-05-24
9286,printer,electronics,WH-2,462,supplier-5,550.66,2020-02-26
9287,monitor,electronics,WH-2,272,supplier-12,1406.87,2021-02-27
9288,laptop,electronics,WH-1,149,supplier-20,858.36,2020-09-03
9289,chair,furniture,WH-3,362,supplier-2,840.06,2021-05-09
9290,mouse,electronics,WH-5,240,supplier-3,357.67,2021-02-03
9291,scanner,electronics,WH-2,44,supplier-19,415.89,2020-05-27
9292,flashdrives,electronics,WH-1,290,supplier-20,794.8,2020-11-20
9293,keyboard,electronics,WH-4,30,supplier-12,1478.37,2020-10-17
9294,chair,furniture,WH-5,350,supplier-10,1256.12,2020-07-22
9295,chair,furniture,WH-1,206,supplier-11,535.6,2020-10-19
9296,scanner,electronics,WH-2,375,supplier-12,13.12,2020-03-21
9297,laptop,electronics,WH-1,300,supplier-12,1366.75,2021-02-01
9298,chair,furniture,WH-2,40,supplier-4,1453.22,2020-07-13
9299,desk,furniture,WH-3,387,supplier-20,562.52,2020-07-25
9300,desk,furniture,WH-4,449,supplier-2,68.9,2020-03-06
9301,scanner,electronics,WH-5,92,supplier-14,1174.6,2021-03-18
9302,scanner,electronics,WH-3,154,supplier-1,627.8,2021-04-12
9303,monitor,electronics,WH-4,6,supplier-20,516.56,2021-04-08
9304,desktops,electronics,WH-1,127,supplier-14,928.05,2020-04-25
9305,scanner,electronics,WH-4,272,supplier-19,1004.32,2021-05-30
9306,laptop,electronics,WH-1,470,supplier-11,551.17,2020-09-23
9307,scanner,electronics,WH-2,460,supplier-5,800.6,2020-05-02
9308,flashdrives,electronics,WH-5,467,supplier-3,803.43,2020-10-04
9309,flashdrives,electronics,WH-1,369,supplier-11,331.33,2020-04-21
9310,desktops,electronics,WH-1,83,supplier-2,960.04,2020-03-17
9311,desk,furniture,WH-2,65,supplier-20,1416.02,2020-04-12
9312,desktops,electronics,WH-5,119,supplier-18,1162.6,2020-04-12
9313,keyboard,electronics,WH-1,1,supplier-7,10.07,2021-03-12
9314,printer,electronics,WH-2,372,supplier-6,1092.48,2021-02-24
9315,printer,electronics,WH-2,365,supplier-20,1148.42,2020-04-11
9316,keyboard,electronics,WH-3,45,supplier-4,942.96,2020-10-14
9317,desktops,electronics,WH-5,432,supplier-17,851.95,2021-06-17
9318,flashdrives,electronics,WH-5,109,supplier-8,178.42,2021-03-21
9319,scanner,electronics,WH-2,499,supplier-9,933.71,2020-01-20
9320,desktops,electronics,WH-2,331,supplier-7,1479.83,2020-10-03
9321,flashdrives,electronics,WH-5,409,supplier-12,503.16,2020-04-11
9322,printer,electronics,WH-1,283,supplier-15,169.36,2021-05-01
9323,laptop,electronics,WH-5,465,supplier-17,826.64,2021-02-23
9324,flashdrives,electronics,WH-5,87,supplier-2,285.31,2021-04-29
9325,printer,electronics,WH-1,403,supplier-11,325.44,2021-02-22
9326,laptop,electronics,WH-4,107,supplier-5,1049.15,2021-02-25
9327,keyboard,electronics,WH-5,279,supplier-14,1230.57,2021-02-23
9328,flashdrives,electronics,WH-5,214,supplier-11,1471.53,2020-01-31
9329,desktops,electronics,WH-3,129,supplier-15,214.49,2021-03-15
9330,desk,furniture,WH-2,370,supplier-10,1201.11,2021-02-12
9331,chair,furniture,WH-5,9,supplier-5,283.83,2020-03-20
9332,mouse,electronics,WH-4,389,supplier-20,1171.66,2020-04-28
9333,desk,furniture,WH-4,387,supplier-19,417.32,2020-01-30
9334,chair,furniture,WH-3,266,supplier-17,1173.32,2020-08-03
9335,monitor,electronics,WH-4,122,supplier-18,1331.47,2020-07-07
9336,keyboard,electronics,WH-1,70,supplier-1,31.59,2021-04-06
9337,desktops,electronics,WH-4,134,supplier-4,946.11,2020-11-15
9338,desktops,electronics,WH-2,444,supplier-17,82.34,2021-05-10
9339,monitor,electronics,WH-4,133,supplier-12,1472.79,2020-04-28
9340,scanner,electronics,WH-2,465,supplier-19,779.76,2021-04-06
9341,desk,furniture,WH-4,474,supplier-12,160.49,2020-09-18
9342,scanner,electronics,WH-5,164,supplier-12,1251.65,2020-05-17
9343,keyboard,electronics,WH-1,218,supplier-5,1133.0,2020-10-26
9344,chair,furniture,WH-4,355,supplier-5,571.24,2020-04-01
9345,chair,furniture,WH-5,212,supplier-10,30.82,2021-06-02
9346,printer,electronics,WH-5,3,supplier-12,677.01,2020-03-27
9347,printer,electronics,WH-4,162,supplier-16,845.86,2021-01-10
9348,scanner,electronics,WH-1,54,supplier-18,696.56,2020-11-01
9349,laptop,electronics,WH-4,9,supplier-4,1406.82,2020-08-25
9350,desk,furniture,WH-2,169,supplier-5,964.61,2020-09-07
9351,printer,electronics,WH-2,183,supplier-11,1124.24,2020-04-06
9352,monitor,electronics,WH-5,235,supplier-5,1385.43,2021-02-12
9353,desk,furniture,WH-3,190,supplier-16,378.43,2020-10-13
9354,printer,electronics,WH-2,403,supplier-1,1134.6,2020-03-14
9355,monitor,electronics,WH-4,109,supplier-8,1313.7,2021-02-23
9356,chair,furniture,WH-5,132,supplier-15,748.96,2020-01-02
9357,chair,furniture,WH-4,281,supplier-7,587.79,2021-01-27
9358,desk,furniture,WH-5,144,supplier-13,530.1,2020-06-17
9359,keyboard,electronics,WH-2,33,supplier-12,703.41,2020-05-09
9360,desktops,electronics,WH-4,73,supplier-17,1368.22,2020-08-16
9361,printer,electronics,WH-5,67,supplier-18,946.57,2020-05-03
9362,desktops,electronics,WH-4,72,supplier-19,259.84,2020-10-14
9363,desktops,electronics,WH-3,41,supplier-15,117.5,2021-06-02
9364,chair,furniture,WH-3,120,supplier-14,1105.04,2020-09-13
9365,scanner,electronics,WH-2,28,supplier-18,614.4,2021-01-16
9366,mouse,electronics,WH-4,232,supplier-19,1319.7,2021-04-05
9367,laptop,electronics,WH-5,26,supplier-3,62.73,2021-02-14
9368,keyboard,electronics,WH-3,438,supplier-20,63.16,2021-03-13
9369,scanner,electronics,WH-4,54,supplier-11,12.62,2020-11-10
9370,scanner,electronics,WH-1,31,supplier-15,868.75,2020-07-12
9371,printer,electronics,WH-3,337,supplier-6,125.08,2021-05-19
9372,mouse,electronics,WH-4,178,supplier-12,838.8,2021-04-12
9373,desk,furniture,WH-1,136,supplier-17,1075.4,2021-02-24
9374,keyboard,electronics,WH-4,154,supplier-6,1478.69,2020-04-19
9375,scanner,electronics,WH-2,83,supplier-11,1074.82,2020-11-09
9376,mouse,electronics,WH-2,320,supplier-7,40.06,2021-04-19
9377,monitor,electronics,WH-3,199,supplier-1,308.26,2021-03-25
9378,desk,furniture,WH-3,434,supplier-10,980.17,2020-12-25
9379,monitor,electronics,WH-3,403,supplier-5,1389.82,2020-01-30
9380,laptop,electronics,WH-2,235,supplier-4,460.94,2021-03-14
9381,printer,electronics,WH-4,499,supplier-11,804.7,2021-06-03
9382,mouse,electronics,WH-1,14,supplier-8,740.3,2020-06-10
9383,scanner,electronics,WH-3,432,supplier-6,1342.92,2020-09-05
9384,desktops,electronics,WH-1,43,supplier-15,93.32,2020-11-29
9385,desk,furniture,WH-4,48,supplier-4,128.92,2021-06-23
9386,chair,furniture,WH-1,402,supplier-8,1374.2,2021-01-23
9387,laptop,electronics,WH-4,68,supplier-4,930.99,2021-05-19
9388,desk,furniture,WH-4,426,supplier-16,756.18,2020-02-19
9389,laptop,electronics,WH-3,438,supplier-8,1457.81,2020-05-07
9390,monitor,electronics,WH-3,159,supplier-20,450.39,2020-10-06
9391,mouse,electronics,WH-4,356,supplier-6,243.76,2020-04-03
9392,desk,furniture,WH-3,294,supplier-14,87.81,2020-12-13
9393,scanner,electronics,WH-2,359,supplier-16,736.72,2020-11-11
9394,printer,electronics,WH-3,1,supplier-20,580.72,2020-10-27
9395,keyboard,electronics,WH-2,435,supplier-5,568.94,2020-11-26
9396,monitor,electronics,WH-3,260,supplier-17,754.07,2021-01-17
9397,desktops,electronics,WH-3,356,supplier-7,401.85,2021-01-14
9398,keyboard,electronics,WH-3,425,supplier-18,122.23,2020-02-19
9399,scanner,electronics,WH-1,257,supplier-17,408.14,2020-09-01
9400,desktops,electronics,WH-2,14,supplier-13,160.29,2021-02-25
9401,laptop,electronics,WH-3,480,supplier-7,1235.92,2020-07-15
9402,printer,electronics,WH-1,263,supplier-6,285.95,2020-04-19
9403,keyboard,electronics,WH-3,191,supplier-6,1494.04,2021-02-10
9404,printer,electronics,WH-3,132,supplier-10,1198.06,2020-01-17
9405,printer,electronics,WH-4,255,supplier-2,1437.96,2021-02-28
9406,keyboard,electronics,WH-3,349,supplier-14,1162.66,2020-04-12
9407,scanner,electronics,WH-4,249,supplier-7,1321.46,2020-12-13
9408,desk,furniture,WH-5,442,supplier-13,663.42,2020-03-11
9409,scanner,electronics,WH-5,197,supplier-8,1385.11,2021-02-22
9410,keyboard,electronics,WH-2,461,supplier-2,1192.11,2020-09-24
9411,keyboard,electronics,WH-2,169,supplier-4,1004.49,2020-02-17
9412,desk,furniture,WH-2,233,supplier-10,850.75,2021-04-04
9413,desktops,electronics,WH-2,4,supplier-6,688.67,2020-04-05
9414,mouse,electronics,WH-2,134,supplier-6,642.11,2020-08-20
9415,mouse,electronics,WH-2,482,supplier-14,241.72,2021-05-28
9416,keyboard,electronics,WH-5,377,supplier-14,1492.12,2020-12-12
9417,scanner,electronics,WH-5,238,supplier-5,247.02,2021-04-11
9418,chair,furniture,WH-4,80,supplier-13,334.16,2020-06-30
9419,chair,furniture,WH-4,413,supplier-13,1329.67,2020-01-22
9420,scanner,electronics,WH-5,220,supplier-19,1225.49,2021-01-12
9421,flashdrives,electronics,WH-3,234,supplier-4,443.46,2020-08-07
9422,desktops,electronics,WH-3,345,supplier-18,335.71,2020-01-11
9423,flashdrives,electronics,WH-4,180,supplier-15,1434.37,2021-06-16
9424,laptop,electronics,WH-4,104,supplier-3,722.34,2021-05-08
9425,desktops,electronics,WH-2,353,supplier-11,652.18,2020-06-17
9426,scanner,electronics,WH-2,299,supplier-3,1068.18,2021-06-12
9427,chair,furniture,WH-3,48,supplier-4,1090.4,2021-01-03
9428,desk,furniture,WH-1,261,supplier-20,75.25,2020-12-16
9429,mouse,electronics,WH-1,153,supplier-19,1257.0,2020-08-13
9430,mouse,electronics,WH-2,419,supplier-13,700.5,2020-03-14
9431,keyboard,electronics,WH-5,255,supplier-12,1062.66,2020-09-11
9432,desk,furniture,WH-2,453,supplier-1,344.75,2021-02-14
9433,monitor,electronics,WH-3,407,supplier-14,503.32,2020-09-27
9434,keyboard,electronics,WH-2,371,supplier-9,1441.21,2020-02-02
9435,printer,electronics,WH-1,490,supplier-19,620.94,2020-03-03
9436,laptop,electronics,WH-2,202,supplier-12,158.71,2020-04-12
9437,keyboard,electronics,WH-2,20,supplier-18,1243.34,2020-04-03
9438,flashdrives,electronics,WH-4,290,supplier-17,1069.77,2020-03-30
9439,monitor,electronics,WH-4,451,supplier-13,1377.67,2020-05-28
9440,keyboard,electronics,WH-5,117,supplier-15,1161.3,2021-02-17
9441,flashdrives,electronics,WH-2,337,supplier-16,48.44,2021-03-26
9442,mouse,electronics,WH-1,215,supplier-18,1251.14,2021-05-06
9443,keyboard,electronics,WH-5,453,supplier-13,1206.92,2020-08-06
9444,monitor,electronics,WH-2,280,supplier-15,442.12,2020-05-22
9445,mouse,electronics,WH-4,344,supplier-6,671.17,2020-03-11
9446,scanner,electronics,WH-1,459,supplier-3,587.96,2020-02-24
9447,mouse,electronics,WH-2,280,supplier-1,1212.78,2021-03-29
9448,desk,furniture,WH-4,360,supplier-2,176.62,2021-05-12
9449,mouse,electronics,WH-1,24,supplier-16,80.66,2021-01-10
9450,scanner,electronics,WH-2,264,supplier-6,804.22,2021-01-05
9451,flashdrives,electronics,WH-3,434,supplier-4,1335.9,2020-07-02
9452,chair,furniture,WH-1,472,supplier-19,531.09,2021-04-10
9453,desktops,electronics,WH-4,413,supplier-7,390.94,2021-01-07
9454,printer,electronics,WH-3,147,supplier-8,1052.41,2020-04-01
9455,printer,electronics,WH-1,187,supplier-16,1276.0,2020-09-14
9456,monitor,electronics,WH-5,297,supplier-8,802.23,2021-02-27
9457,scanner,electronics,WH-4,164,supplier-5,1311.05,2021-04-09
9458,laptop,electronics,WH-2,393,supplier-20,488.1,2020-09-28
9459,keyboard,electronics,WH-2,281,supplier-5,263.93,2021-05-25
9460,keyboard,electronics,WH-1,384,supplier-18,310.42,2021-01-22
9461,laptop,electronics,WH-5,274,supplier-15,1081.35,2020-07-29
9462,desk,furniture,WH-5,101,supplier-7,469.14,2020-12-02
9463,laptop,electronics,WH-1,26,supplier-9,771.89,2020-08-05
9464,printer,electronics,WH-1,169,supplier-12,1100.16,2020-09-01
9465,desk,furniture,WH-3,366,supplier-11,698.78,2020-02-20
9466,keyboard,electronics,WH-5,447,supplier-4,1165.35,2020-11-26
9467,desktops,electronics,WH-2,19,supplier-8,1291.77,2021-02-21
9468,keyboard,electronics,WH-1,21,supplier-5,517.26,2021-05-02
9469,monitor,electronics,WH-2,292,supplier-4,255.11,2021-03-14
9470,keyboard,electronics,WH-5,264,supplier-13,63.05,2021-06-16
9471,desk,furniture,WH-1,127,supplier-6,830.66,2020-03-12
9472,chair,furniture,WH-1,309,supplier-9,241.03,2020-04-16
9473,desk,furniture,WH-5,131,supplier-9,850.08,2020-12-27
9474,mouse,electronics,WH-4,135,supplier-19,889.85,2020-07-26
9475,printer,electronics,WH-4,346,supplier-6,847.13,2020-10-07
9476,scanner,electronics,WH-1,393,supplier-14,1302.77,2020-03-09
9477,chair,furniture,WH-5,259,supplier-7,1344.86,2020-10-13
9478,flashdrives,electronics,WH-4,341,supplier-12,504.31,2020-01-10
9479,desk,furniture,WH-3,329,supplier-13,391.68,2021-02-11
9480,printer,electronics,WH-4,267,supplier-8,384.74,2020-12-23
9481,printer,electronics,WH-2,263,supplier-16,148.79,2020-03-04
9482,scanner,electronics,WH-2,135,supplier-12,1109.4,2020-02-19
9483,laptop,electronics,WH-2,18,supplier-10,497.58,2021-01-20
9484,mouse,electronics,WH-3,34,supplier-15,959.19,2020-02-11
9485,keyboard,electronics,WH-5,292,supplier-14,232.32,2020-10-10
9486,monitor,electronics,WH-3,49,supplier-16,225.2,2020-10-22
9487,desk,furniture,WH-4,88,supplier-5,1290.08,2021-01-14
9488,desk,furniture,WH-1,425,supplier-14,1398.43,2021-01-03
9489,printer,electronics,WH-3,441,supplier-12,1465.17,2020-02-02
9490,desk,furniture,WH-3,263,supplier-3,532.76,2021-02-24
9491,desk,furniture,WH-3,140,supplier-14,332.26,2021-03-11
9492,chair,furniture,WH-5,337,supplier-8,260.68,2020-09-02
9493,desktops,electronics,WH-3,419,supplier-2,1284.34,2020-08-29
9494,printer,electronics,WH-2,441,supplier-14,299.56,2020-11-25
9495,keyboard,electronics,WH-4,230,supplier-6,687.29,2021-02-02
9496,printer,electronics,WH-5,305,supplier-11,1461.59,2021-03-14
9497,printer,electronics,WH-5,245,supplier-7,1227.21,2020-02-15
9498,desktops,electronics,WH-5,360,supplier-19,518.77,2020-08-22
9499,chair,furniture,WH-2,226,supplier-9,1450.48,2021-06-06
9500,desk,furniture,WH-4,331,supplier-4,517.59,2020-05-23
9501,monitor,electronics,WH-2,374,supplier-9,700.09,2020-01-18
9502,flashdrives,electronics,WH-4,40,supplier-6,10.76,2020-09-29
9503,desk,furniture,WH-3,231,supplier-6,1470.63,2021-03-06
9504,chair,furniture,WH-1,89,supplier-1,610.13,2020-12-27
9505,scanner,electronics,WH-1,29,supplier-11,1454.11,2020-11-27
9506,keyboard,electronics,WH-5,109,supplier-3,1083.3,2021-04-21
9507,desktops,electronics,WH-3,375,supplier-8,847.27,2020-06-04
9508,monitor,electronics,WH-2,429,supplier-1,1266.97,2020-09-10
9509,printer,electronics,WH-5,359,supplier-15,1244.92,2020-10-15
9510,flashdrives,electronics,WH-2,481,supplier-16,1245.73,2020-08-29
9511,mouse,electronics,WH-4,466,supplier-15,1111.26,2020-06-10
9512,chair,furniture,WH-1,271,supplier-10,534.61,2020-08-03
9513,mouse,electronics,WH-1,408,supplier-5,321.02,2021-03-03
9514,chair,furniture,WH-5,492,supplier-4,1421.95,2020-08-03
9515,chair,furniture,WH-1,186,supplier-17,66.16,2020-11-04
9516,laptop,electronics,WH-3,374,supplier-16,225.33,2020-04-07
9517,desktops,electronics,WH-5,89,supplier-14,25.06,2020-05-26
9518,chair,furniture,WH-2,446,supplier-9,804.1,2021-03-27
9519,printer,electronics,WH-3,123,supplier-9,885.4,2020-12-12
9520,flashdrives,electronics,WH-1,121,supplier-14,605.88,2020-11-23
9521,monitor,electronics,WH-1,332,supplier-20,1291.75,2020-01-20
9522,laptop,electronics,WH-3,218,supplier-16,793.99,2021-03-24
9523,monitor,electronics,WH-1,475,supplier-4,1216.95,2020-01-16
9524,mouse,electronics,WH-3,25,supplier-11,380.66,2021-03-05
9525,chair,furniture,WH-3,322,supplier-14,55.37,2020-01-22
9526,mouse,electronics,WH-5,256,supplier-2,1021.45,2020-04-08
9527,desk,furniture,WH-3,0,supplier-15,1306.71,2020-11-13
9528,desk,furniture,WH-5,474,supplier-1,1044.17,2021-05-02
9529,scanner,electronics,WH-5,404,supplier-17,251.41,2021-02-23
9530,chair,furniture,WH-5,420,supplier-6,1394.22,2020-01-09
9531,flashdrives,electronics,WH-5,109,supplier-17,247.26,2021-03-13
9532,chair,furniture,WH-4,308,supplier-12,1005.12,2021-06-23
9533,laptop,electronics,WH-3,261,supplier-11,399.33,2021-03-09
9534,printer,electronics,WH-4,152,supplier-19,198.84,2020-01-20
9535,flashdrives,electronics,WH-3,455,supplier-16,478.49,2020-06-19
9536,scanner,electronics,WH-2,425,supplier-8,722.58,2021-04-24
9537,chair,furniture,WH-5,162,supplier-11,1292.55,2020-12-12
9538,flashdrives,electronics,WH-4,208,supplier-20,379.23,2021-03-22
9539,scanner,electronics,WH-2,173,supplier-5,148.0,2020-04-13
9540,laptop,electronics,WH-2,151,supplier-5,1006.15,2020-07-21
9541,desk,furniture,WH-1,100,supplier-1,908.05,2020-09-13
9542,laptop,electronics,WH-3,222,supplier-3,707.19,2021-01-29
9543,monitor,electronics,WH-4,237,supplier-7,943.33,2021-03-30
9544,printer,electronics,WH-4,30,supplier-10,36.49,2020-01-20
9545,printer,electronics,WH-1,405,supplier-14,1364.76,2021-04-30
9546,desk,furniture,WH-4,30,supplier-1,1388.35,2021-03-29
9547,desktops,electronics,WH-5,295,supplier-15,1266.9,2021-01-25
9548,desk,furniture,WH-3,43,supplier-6,407.67,2020-01-17
9549,flashdrives,electronics,WH-2,392,supplier-10,1478.91,2020-05-08
9550,keyboard,electronics,WH-1,410,supplier-8,711.01,2020-09-30
9551,desktops,electronics,WH-3,75,supplier-17,1217.39,2021-04-02
9552,keyboard,electronics,WH-1,92,supplier-1,554.22,2020-01-31
9553,desktops,electronics,WH-2,123,supplier-1,270.16,2020-09-15
9554,desktops,electronics,WH-4,102,supplier-11,512.82,2020-08-06
9555,laptop,electronics,WH-4,154,supplier-9,1392.09,2020-04-22
9556,desk,furniture,WH-4,134,supplier-17,61.02,2021-06-19
9557,flashdrives,electronics,WH-4,174,supplier-14,1261.24,2021-06-23
9558,mouse,electronics,WH-1,487,supplier-1,897.71,2020-06-27
9559,keyboard,electronics,WH-4,111,supplier-7,1177.44,2020-08-18
9560,scanner,electronics,WH-4,115,supplier-15,147.95,2020-10-17
9561,printer,electronics,WH-1,337,supplier-20,251.42,2020-09-13
9562,flashdrives,electronics,WH-4,88,supplier-3,359.62,2020-08-08
9563,desk,furniture,WH-5,26,supplier-15,407.22,2021-04-05
9564,laptop,electronics,WH-5,71,supplier-13,580.67,2020-01-25
9565,desk,furniture,WH-2,432,supplier-6,1038.92,2021-02-19
9566,monitor,electronics,WH-3,54,supplier-11,720.89,2021-01-09
9567,mouse,electronics,WH-4,365,supplier-15,652.51,2020-05-31
9568,monitor,electronics,WH-2,25,supplier-14,738.75,2021-05-05
9569,mouse,electronics,WH-3,3,supplier-16,697.91,2020-11-09
9570,desk,furniture,WH-5,129,supplier-1,847.2,2020-10-05
9571,flashdrives,electronics,WH-3,463,supplier-11,1238.52,2020-03-24
9572,desk,furniture,WH-4,171,supplier-7,1016.36,2020-10-28
9573,scanner,electronics,WH-2,434,supplier-20,211.65,2021-01-04
9574,scanner,electronics,WH-2,379,supplier-17,1236.76,2021-02-27
9575,printer,electronics,WH-2,462,supplier-18,332.68,2020-03-19
9576,desktops,electronics,WH-2,238,supplier-19,525.34,2021-04-17
9577,printer,electronics,WH-4,36,supplier-16,576.18,2020-07-16
9578,flashdrives,electronics,WH-5,276,supplier-1,1025.4,2020-12-08
9579,desktops,electronics,WH-4,282,supplier-3,100.68,2020-07-27
9580,mouse,electronics,WH-5,489,supplier-18,1021.7,2020-07-15
9581,desk,furniture,WH-2,217,supplier-20,89.0,2020-06-03
9582,desktops,electronics,WH-1,149,supplier-18,408.81,2020-08-23
9583,monitor,electronics,WH-5,180,supplier-16,613.37,2020-08-04
9584,chair,furniture,WH-3,301,supplier-11,903.24,2021-02-19
9585,laptop,electronics,WH-2,387,supplier-19,872.77,2021-04-03
9586,scanner,electronics,WH-4,209,supplier-19,1111.01,2020-02-13
9587,flashdrives,electronics,WH-4,110,supplier-9,667.66,2020-06-23
9588,chair,furniture,WH-2,18,supplier-4,1412.84,2020-12-27
9589,monitor,electronics,WH-4,42,supplier-1,111.79,2020-01-30
9590,monitor,electronics,WH-5,168,supplier-14,1157.77,2020-06-09
9591,desktops,electronics,WH-4,334,supplier-16,667.48,2020-04-05
9592,printer,electronics,WH-3,305,supplier-4,222.54,2021-02-18
9593,printer,electronics,WH-4,349,supplier-16,1444.76,2021-06-21
9594,printer,electronics,WH-2,104,supplier-3,339.34,2021-03-31
9595,chair,furniture,WH-2,82,supplier-14,337.19,2020-07-18
9596,flashdrives,electronics,WH-2,131,supplier-1,706.69,2021-05-12
9597,monitor,electronics,WH-3,260,supplier-8,1492.44,2021-01-16
9598,keyboard,electronics,WH-3,7,supplier-14,1379.8,2020-09-25
9599,printer,electronics,WH-1,159,supplier-18,1235.05,2020-02-03
9600,desk,furniture,WH-5,75,supplier-12,1360.08,2020-05-23
9601,scanner,electronics,WH-5,208,supplier-5,1217.01,2020-09-04
9602,printer,electronics,WH-5,112,supplier-20,83.61,2020-12-26
9603,monitor,electronics,WH-3,251,supplier-4,1372.39,2020-01-23
9604,laptop,electronics,WH-5,194,supplier-10,1353.04,2020-10-26
9605,monitor,electronics,WH-3,53,supplier-15,178.25,2021-04-21
9606,chair,furniture,WH-2,64,supplier-12,151.88,2020-08-15
9607,printer,electronics,WH-3,279,supplier-14,1213.37,2021-02-18
9608,printer,electronics,WH-4,469,supplier-16,1397.51,2021-05-22
9609,flashdrives,electronics,WH-2,328,supplier-17,677.16,2020-06-30
9610,printer,electronics,WH-1,242,supplier-2,659.81,2020-08-18
9611,chair,furniture,WH-5,158,supplier-6,689.15,2020-07-08
9612,flashdrives,electronics,WH-1,488,supplier-17,263.52,2021-04-19
9613,keyboard,electronics,WH-2,191,supplier-20,872.45,2021-03-25
9614,chair,furniture,WH-3,108,supplier-10,323.65,2020-07-12
9615,flashdrives,electronics,WH-3,344,supplier-6,853.09,2020-02-04
9616,desk,furniture,WH-4,469,supplier-20,876.49,2020-01-05
9617,laptop,electronics,WH-5,66,supplier-13,12.46,2020-12-10
9618,monitor,electronics,WH-3,494,supplier-20,1377.69,2021-03-01
9619,laptop,electronics,WH-2,363,supplier-1,926.86,2021-03-27
9620,keyboard,electronics,WH-2,40,supplier-3,608.45,2021-03-12
9621,keyboard,electronics,WH-4,430,supplier-4,632.12,2020-03-07
9622,desktops,electronics,WH-2,61,supplier-5,922.97,2021-02-24
9623,mouse,electronics,WH-4,115,supplier-5,1485.81,2021-04-15
9624,scanner,electronics,WH-1,171,supplier-2,558.61,2020-07-08
9625,desktops,electronics,WH-3,284,supplier-15,1355.06,2021-05-20
9626,scanner,electronics,WH-5,397,supplier-9,595.7,2020-11-23
9627,flashdrives,electronics,WH-5,407,supplier-16,311.04,2020-11-09
9628,laptop,electronics,WH-2,278,supplier-19,1043.26,2020-07-25
9629,laptop,electronics,WH-2,365,supplier-17,902.26,2020-06-08
9630,chair,furniture,WH-2,386,supplier-6,147.25,2021-06-13
9631,chair,furniture,WH-3,293,supplier-8,43.61,2020-11-26
9632,printer,electronics,WH-5,459,supplier-6,1285.57,2020-06-06
9633,printer,electronics,WH-1,65,supplier-14,716.92,2020-10-05
9634,desktops,electronics,WH-2,408,supplier-3,1097.51,2021-05-19
9635,desktops,electronics,WH-3,111,supplier-18,1371.61,2021-05-20
9636,mouse,electronics,WH-4,210,supplier-9,1037.51,2021-04-27
9637,mouse,electronics,WH-3,21,supplier-11,586.62,2021-04-08
9638,mouse,electronics,WH-5,231,supplier-7,479.52,2020-03-22
9639,mouse,electronics,WH-1,5,supplier-11,216.0,2020-10-08
9640,monitor,electronics,WH-4,234,supplier-12,1049.72,2021-04-23
9641,flashdrives,electronics,WH-5,170,supplier-4,1249.94,2021-02-19
9642,keyboard,electronics,WH-3,277,supplier-8,119.57,2021-04-01
9643,scanner,electronics,WH-4,333,supplier-1,102.98,2021-03-22
9644,printer,electronics,WH-3,75,supplier-7,73.17,2020-02-02
9645,mouse,electronics,WH-3,488,supplier-15,697.16,2021-05-09
9646,chair,furniture,WH-5,461,supplier-17,818.6,2020-03-18
9647,printer,electronics,WH-3,246,supplier-3,1259.14,2020-01-09
9648,laptop,electronics,WH-4,58,supplier-9,696.81,2020-12-05
9649,desk,furniture,WH-3,234,supplier-2,678.3,2020-03-14
9650,mouse,electronics,WH-4,471,supplier-1,565.04,2021-04-27
9651,printer,electronics,WH-5,304,supplier-3,804.39,2020-01-12
9652,desk,furniture,WH-4,428,supplier-7,777.97,2020-02-24
9653,keyboard,electronics,WH-3,3,supplier-20,1408.36,2021-03-13
9654,monitor,electronics,WH-5,54,supplier-16,1313.1,2021-01-08
9655,printer,electronics,WH-3,85,supplier-17,285.17,2020-05-16
9656,printer,electronics,WH-4,221,supplier-6,338.37,2020-01-04
9657,printer,electronics,WH-2,114,supplier-5,824.15,2020-08-20
9658,laptop,electronics,WH-2,390,supplier-16,894.37,2021-02-22
9659,mouse,electronics,WH-3,60,supplier-3,515.68,2020-02-28
9660,chair,furniture,WH-3,274,supplier-1,1222.29,2021-02-16
9661,desk,furniture,WH-3,140,supplier-5,482.2,2020-04-09
9662,flashdrives,electronics,WH-2,18,supplier-11,794.42,2020-01-22
9663,desktops,electronics,WH-3,368,supplier-1,405.06,2021-04-21
9664,monitor,electronics,WH-3,268,supplier-15,645.38,2020-10-02
9665,printer,electronics,WH-5,380,supplier-10,1055.63,2020-12-01
9666,keyboard,electronics,WH-3,423,supplier-20,189.07,2020-11-11
9667,printer,electronics,WH-5,7,supplier-19,363.59,2021-05-19
9668,printer,electronics,WH-5,453,supplier-12,1254.22,2020-01-01
9669,chair,furniture,WH-3,9,supplier-7,489.66,2021-06-08
9670,printer,electronics,WH-3,443,supplier-4,1169.72,2020-06-02
9671,desktops,electronics,WH-5,483,supplier-19,800.12,2020-08-18
9672,chair,furniture,WH-2,232,supplier-11,1410.47,2020-07-24
9673,keyboard,electronics,WH-3,83,supplier-8,1225.53,2020-06-27
9674,flashdrives,electronics,WH-4,446,supplier-18,979.79,2020-04-30
9675,chair,furniture,WH-3,182,supplier-1,390.08,2021-03-20
9676,mouse,electronics,WH-2,496,supplier-7,155.33,2020-09-01
9677,mouse,electronics,WH-5,0,supplier-2,78.79,2021-02-23
9678,scanner,electronics,WH-5,462,supplier-7,1040.42,2020-08-04
9679,laptop,electronics,WH-4,421,supplier-17,509.98,2020-01-24
9680,mouse,electronics,WH-1,355,supplier-10,360.72,2020-11-17
9681,desktops,electronics,WH-5,413,supplier-4,760.17,2020-09-23
9682,flashdrives,electronics,WH-2,122,supplier-8,1189.8,2020-03-11
9683,flashdrives,electronics,WH-3,412,supplier-5,565.7,2020-02-05
9684,desktops,electronics,WH-2,462,supplier-14,628.79,2020-05-18
9685,printer,electronics,WH-4,109,supplier-7,577.34,2020-11-25
9686,desktops,electronics,WH-2,413,supplier-4,795.44,2021-06-12
9687,desk,furniture,WH-3,352,supplier-15,788.17,2020-10-01
9688,scanner,electronics,WH-1,438,supplier-19,1059.3,2020-08-04
9689,printer,electronics,WH-2,74,supplier-7,31.6,2021-05-26
9690,mouse,electronics,WH-2,450,supplier-8,1323.64,2020-05-01
9691,monitor,electronics,WH-5,154,supplier-13,1389.92,2020-12-17
9692,flashdrives,electronics,WH-3,223,supplier-20,1023.33,2020-01-21
9693,scanner,electronics,WH-4,294,supplier-5,775.35,2020-06-12
9694,printer,electronics,WH-2,1,supplier-1,1086.54,2020-04-11
9695,laptop,electronics,WH-5,473,supplier-9,537.33,2020-11-08
9696,monitor,electronics,WH-3,134,supplier-4,1156.89,2021-01-13
9697,laptop,electronics,WH-4,458,supplier-14,655.64,2020-10-10
9698,mouse,electronics,WH-1,215,supplier-1,503.14,2021-02-18
9699,mouse,electronics,WH-5,306,supplier-3,426.71,2020-09-19
9700,chair,furniture,WH-5,205,supplier-3,906.37,2021-02-04
9701,mouse,electronics,WH-3,133,supplier-7,1216.24,2020-03-23
9702,chair,furniture,WH-4,217,supplier-5,1122.95,2021-01-31
9703,flashdrives,electronics,WH-4,114,supplier-5,224.76,2020-05-22
9704,flashdrives,electronics,WH-5,98,supplier-2,108.86,2020-07-15
9705,flashdrives,electronics,WH-4,25,supplier-9,1475.73,2020-06-04
9706,flashdrives,electronics,WH-4,451,supplier-9,510.77,2020-09-08
9707,flashdrives,electronics,WH-4,395,supplier-3,659.89,2020-04-06
9708,monitor,electronics,WH-4,138,supplier-4,1448.68,2020-02-08
9709,laptop,electronics,WH-5,386,supplier-1,217.09,2021-04-29
9710,keyboard,electronics,WH-3,245,supplier-20,1045.86,2020-04-16
9711,mouse,electronics,WH-1,449,supplier-14,270.42,2020-05-20
9712,monitor,electronics,WH-5,404,supplier-4,491.03,2020-04-08
9713,mouse,electronics,WH-2,416,supplier-2,1231.74,2020-09-02
9714,laptop,electronics,WH-2,396,supplier-1,1450.85,2020-10-05
9715,chair,furniture,WH-2,74,supplier-4,624.05,2020-10-23
9716,monitor,electronics,WH-1,208,supplier-10,1058.44,2020-11-15
9717,desktops,electronics,WH-2,62,supplier-6,663.29,2021-06-18
9718,desktops,electronics,WH-3,402,supplier-10,159.21,2020-04-09
9719,monitor,electronics,WH-4,340,supplier-11,436.1,2020-08-04
9720,chair,furniture,WH-1,0,supplier-7,1347.78,2021-05-18
9721,keyboard,electronics,WH-2,377,supplier-15,500.19,2020-08-19
9722,chair,furniture,WH-2,155,supplier-1,216.62,2020-10-03
9723,flashdrives,electronics,WH-1,494,supplier-9,174.92,2020-07-01
9724,keyboard,electronics,WH-2,48,supplier-8,1424.43,2021-02-24
9725,laptop,electronics,WH-2,367,supplier-19,659.33,2020-04-07
9726,laptop,electronics,WH-2,50,supplier-20,993.41,2020-01-28
9727,laptop,electronics,WH-1,438,supplier-4,1200.65,2020-03-08
9728,desktops,electronics,WH-1,176,supplier-8,705.74,2020-02-03
9729,printer,electronics,WH-5,192,supplier-15,187.24,2020-05-09
9730,keyboard,electronics,WH-1,332,supplier-12,1124.37,2020-08-03
9731,laptop,electronics,WH-1,179,supplier-6,815.03,2020-01-04
9732,desktops,electronics,WH-4,240,supplier-18,464.56,2021-05-25
9733,monitor,electronics,WH-3,148,supplier-13,1079.75,2020-06-18
9734,monitor,electronics,WH-2,164,supplier-7,341.1,2020-09-11
9735,desktops,electronics,WH-4,148,supplier-5,113.14,2020-07-16
9736,desk,furniture,WH-4,419,supplier-9,1402.09,2021-06-12
9737,desk,furniture,WH-3,279,supplier-16,385.42,2020-12-01
9738,chair,furniture,WH-3,210,supplier-6,1069.83,2021-04-03
9739,flashdrives,electronics,WH-5,308,supplier-16,624.08,2020-05-01
9740,laptop,electronics,WH-5,25,supplier-10,1023.75,2021-04-15
9741,desktops,electronics,WH-5,410,supplier-7,1484.93,2020-01-02
9742,monitor,electronics,WH-3,356,supplier-15,819.99,2020-02-11
9743,flashdrives,electronics,WH-1,38,supplier-6,158.98,2020-05-04
9744,scanner,electronics,WH-2,462,supplier-15,965.72,2021-05-24
9745,keyboard,electronics,WH-5,46,supplier-14,342.48,2020-06-17
9746,monitor,electronics,WH-1,30,supplier-1,379.54,2020-03-21
9747,desktops,electronics,WH-5,310,supplier-1,682.84,2020-04-26
9748,keyboard,electronics,WH-3,346,supplier-5,763.05,2021-01-25
9749,laptop,electronics,WH-5,142,supplier-15,217.57,2020-06-28
9750,monitor,electronics,WH-2,300,supplier-8,1018.01,2020-09-09
9751,desktops,electronics,WH-2,201,supplier-12,378.89,2020-07-18
9752,keyboard,electronics,WH-4,114,supplier-7,815.63,2020-12-16
9753,keyboard,electronics,WH-2,254,supplier-14,1294.2,2021-02-04
9754,mouse,electronics,WH-3,487,supplier-7,1427.59,2020-01-10
9755,keyboard,electronics,WH-4,431,supplier-16,79.27,2020-04-01
9756,scanner,electronics,WH-1,207,supplier-10,138.3,2020-05-30
9757,mouse,electronics,WH-4,171,supplier-5,566.89,2021-04-23
9758,desktops,electronics,WH-3,321,supplier-2,1403.58,2020-04-22
9759,laptop,electronics,WH-4,397,supplier-5,1022.08,2021-02-01
9760,laptop,electronics,WH-3,214,supplier-14,785.34,2021-04-09
9761,desktops,electronics,WH-2,393,supplier-12,1486.99,2020-10-08
9762,mouse,electronics,WH-5,190,supplier-5,1042.93,2020-09-05
9763,desk,furniture,WH-5,309,supplier-17,880.26,2020-08-29
9764,desktops,electronics,WH-2,277,supplier-6,1189.33,2020-02-17
9765,monitor,electronics,WH-4,458,supplier-17,1311.95,2020-08-02
9766,chair,furniture,WH-5,35,supplier-20,34.79,2020-11-08
9767,desk,furniture,WH-3,257,supplier-9,330.46,2021-06-06
9768,monitor,electronics,WH-1,101,supplier-11,565.53,2020-11-20
9769,chair,furniture,WH-3,488,supplier-17,481.25,2020-11-18
9770,flashdrives,electronics,WH-2,422,supplier-6,52.5,2020-03-01
9771,monitor,electronics,WH-1,195,supplier-9,1285.74,2020-06-07
9772,desktops,electronics,WH-2,273,supplier-7,173.87,2020-10-24
9773,chair,furniture,WH-4,343,supplier-19,1218.78,2020-08-12
9774,desk,furniture,WH-2,359,supplier-20,370.21,2020-01-31
9775,flashdrives,electronics,WH-2,283,supplier-10,1352.93,2020-03-18
9776,mouse,electronics,WH-4,190,supplier-13,1385.38,2021-06-13
9777,desktops,electronics,WH-5,336,supplier-1,492.55,2020-01-29
9778,flashdrives,electronics,WH-5,373,supplier-3,150.27,2020-07-15
9779,laptop,electronics,WH-2,494,supplier-4,607.02,2020-12-10
9780,mouse,electronics,WH-4,290,supplier-18,1059.48,2021-04-10
9781,scanner,electronics,WH-1,96,supplier-11,617.38,2021-01-10
9782,monitor,electronics,WH-1,462,supplier-3,448.04,2020-10-23
9783,chair,furniture,WH-4,231,supplier-1,790.19,2020-07-18
9784,monitor,electronics,WH-3,185,supplier-20,385.37,2020-03-31
9785,flashdrives,electronics,WH-5,41,supplier-8,460.43,2020-04-05
9786,monitor,electronics,WH-2,74,supplier-13,630.59,2021-01-20
9787,desktops,electronics,WH-3,20,supplier-19,530.44,2020-12-02
9788,chair,furniture,WH-1,135,supplier-4,1457.21,2020-08-25
9789,laptop,electronics,WH-5,260,supplier-18,785.72,2020-12-19
9790,laptop,electronics,WH-1,364,supplier-13,536.32,2020-07-21
9791,scanner,electronics,WH-4,380,supplier-12,1345.31,2021-02-14
9792,desk,furniture,WH-5,41,supplier-2,768.05,2021-05-23
9793,mouse,electronics,WH-1,238,supplier-3,703.86,2020-08-05
9794,desk,furniture,WH-1,363,supplier-6,884.71,2020-06-30
9795,printer,electronics,WH-3,458,supplier-2,421.5,2020-03-01
9796,keyboard,electronics,WH-1,168,supplier-7,469.82,2021-01-19
9797,mouse,electronics,WH-1,466,supplier-9,434.05,2020-07-31
9798,flashdrives,electronics,WH-4,333,supplier-2,1473.3,2020-03-07
9799,flashdrives,electronics,WH-2,65,supplier-6,1365.42,2021-04-22
9800,laptop,electronics,WH-5,346,supplier-7,358.53,2020-10-20
9801,keyboard,electronics,WH-1,442,supplier-14,48.58,2020-07-07
9802,laptop,electronics,WH-5,13,supplier-5,39.38,2020-08-11
9803,scanner,electronics,WH-2,363,supplier-18,1103.95,2020-09-16
9804,desk,furniture,WH-3,35,supplier-6,975.81,2020-03-24
9805,laptop,electronics,WH-4,115,supplier-4,620.7,2020-09-07
9806,chair,furniture,WH-3,143,supplier-5,509.29,2020-09-05
9807,mouse,electronics,WH-4,25,supplier-17,440.75,2020-04-08
9808,keyboard,electronics,WH-3,56,supplier-19,1248.84,2020-03-12
9809,scanner,electronics,WH-3,157,supplier-14,930.72,2021-01-11
9810,monitor,electronics,WH-4,6,supplier-13,1263.64,2020-05-25
9811,desk,furniture,WH-4,465,supplier-6,245.59,2020-01-15
9812,laptop,electronics,WH-1,162,supplier-5,149.84,2020-04-21
9813,keyboard,electronics,WH-3,151,supplier-12,411.1,2021-01-20
9814,mouse,electronics,WH-3,449,supplier-1,1341.27,2021-06-19
9815,scanner,electronics,WH-1,182,supplier-7,1102.68,2020-01-16
9816,monitor,electronics,WH-2,250,supplier-14,907.09,2020-05-16
9817,flashdrives,electronics,WH-3,330,supplier-10,884.64,2020-01-26
9818,desk,furniture,WH-5,166,supplier-17,1200.77,2021-06-23
9819,chair,furniture,WH-5,288,supplier-16,204.26,2020-10-29
9820,keyboard,electronics,WH-2,298,supplier-7,924.16,2021-04-12
9821,desktops,electronics,WH-1,87,supplier-8,76.83,2020-07-21
9822,flashdrives,electronics,WH-5,181,supplier-4,384.0,2021-05-25
9823,desktops,electronics,WH-5,453,supplier-18,596.22,2020-04-21
9824,scanner,electronics,WH-1,481,supplier-1,787.78,2021-06-14
9825,desk,furniture,WH-5,322,supplier-16,209.78,2020-01-25
9826,scanner,electronics,WH-3,374,supplier-6,693.76,2021-05-07
9827,keyboard,electronics,WH-1,257,supplier-7,1122.29,2021-04-12
9828,monitor,electronics,WH-4,62,supplier-8,761.1,2021-01-09
9829,desktops,electronics,WH-2,413,supplier-11,720.57,2020-04-11
9830,laptop,electronics,WH-3,369,supplier-18,791.17,2020-03-16
9831,monitor,electronics,WH-4,140,supplier-9,132.26,2020-09-22
9832,scanner,electronics,WH-5,261,supplier-15,287.18,2021-06-19
9833,flashdrives,electronics,WH-4,418,supplier-4,189.72,2020-05-04
9834,mouse,electronics,WH-3,440,supplier-2,203.54,2021-05-23
9835,mouse,electronics,WH-1,141,supplier-17,450.89,2020-03-06
9836,desk,furniture,WH-1,452,supplier-10,1209.74,2020-10-23
9837,laptop,electronics,WH-1,38,supplier-11,323.84,2020-03-21
9838,mouse,electronics,WH-4,47,supplier-7,298.3,2020-01-09
9839,mouse,electronics,WH-2,308,supplier-20,238.63,2020-06-27
9840,desk,furniture,WH-2,490,supplier-18,778.03,2020-03-06
9841,chair,furniture,WH-2,149,supplier-19,377.41,2020-05-08
9842,chair,furniture,WH-2,264,supplier-8,721.41,2021-01-29
9843,printer,electronics,WH-3,366,supplier-5,1365.63,2020-05-25
9844,scanner,electronics,WH-2,314,supplier-11,257.85,2021-01-05
9845,flashdrives,electronics,WH-1,199,supplier-19,351.91,2021-03-05
9846,printer,electronics,WH-2,210,supplier-16,673.47,2020-12-16
9847,monitor,electronics,WH-2,31,supplier-19,220.15,2021-01-19
9848,desk,furniture,WH-5,403,supplier-4,425.16,2020-04-21
9849,flashdrives,electronics,WH-5,377,supplier-6,1148.94,2020-05-02
9850,desktops,electronics,WH-1,162,supplier-17,1196.82,2020-06-12
9851,chair,furniture,WH-4,442,supplier-17,313.32,2021-05-31
9852,scanner,electronics,WH-5,314,supplier-2,1406.02,2020-09-25
9853,keyboard,electronics,WH-2,431,supplier-9,261.98,2020-07-07
9854,desk,furniture,WH-5,152,supplier-16,492.31,2020-07-02
9855,laptop,electronics,WH-4,407,supplier-13,12.89,2021-06-21
9856,printer,electronics,WH-3,266,supplier-2,190.36,2020-05-27
9857,desktops,electronics,WH-5,392,supplier-5,187.25,2020-08-26
9858,flashdrives,electronics,WH-3,285,supplier-5,463.65,2020-10-15
9859,printer,electronics,WH-5,410,supplier-6,484.71,2021-02-07
9860,desktops,electronics,WH-5,227,supplier-5,1131.27,2020-06-19
9861,desk,furniture,WH-5,207,supplier-6,586.75,2020-03-18
9862,desktops,electronics,WH-4,210,supplier-11,272.31,2020-01-25
9863,monitor,electronics,WH-1,166,supplier-10,1184.28,2020-04-09
9864,chair,furniture,WH-4,133,supplier-1,100.54,2020-10-14
9865,chair,furniture,WH-2,94,supplier-20,551.55,2020-09-05
9866,desktops,electronics,WH-5,336,supplier-17,705.57,2021-02-22
9867,printer,electronics,WH-2,320,supplier-4,193.07,2020-06-05
9868,flashdrives,electronics,WH-2,268,supplier-15,319.4,2020-02-15
9869,desk,furniture,WH-5,376,supplier-7,62.7,2020-04-18
9870,flashdrives,electronics,WH-4,151,supplier-5,1397.16,2020-12-07
9871,monitor,electronics,WH-4,191,supplier-19,1089.37,2020-06-09
9872,flashdrives,electronics,WH-2,311,supplier-10,55.16,2021-03-06
9873,mouse,electronics,WH-2,277,supplier-7,956.43,2021-03-13
9874,laptop,electronics,WH-1,278,supplier-13,1119.83,2021-03-28
9875,printer,electronics,WH-5,198,supplier-15,98.3,2021-02-19
9876,chair,furniture,WH-5,292,supplier-9,1002.96,2020-02-21
9877,scanner,electronics,WH-5,144,supplier-2,632.43,2020-10-12
9878,flashdrives,electronics,WH-1,91,supplier-18,940.45,2020-12-31
9879,monitor,electronics,WH-5,429,supplier-16,778.46,2021-05-04
9880,flashdrives,electronics,WH-2,407,supplier-4,312.68,2020-10-22
9881,printer,electronics,WH-4,118,supplier-3,391.25,2020-02-29
9882,keyboard,electronics,WH-3,459,supplier-15,816.43,2021-04-16
9883,printer,electronics,WH-3,217,supplier-9,1100.2,2021-05-16
9884,flashdrives,electronics,WH-1,163,supplier-11,556.9,2021-06-23
9885,printer,electronics,WH-1,220,supplier-12,1479.03,2020-02-24
9886,laptop,electronics,WH-1,452,supplier-7,631.87,2021-01-01
9887,chair,furniture,WH-5,122,supplier-16,1456.2,2021-01-09
9888,monitor,electronics,WH-1,462,supplier-1,682.59,2020-04-10
9889,printer,electronics,WH-1,476,supplier-6,541.68,2020-02-14
9890,desktops,electronics,WH-4,179,supplier-4,26.26,2020-07-07
9891,chair,furniture,WH-2,218,supplier-13,114.35,2020-07-02
9892,keyboard,electronics,WH-2,286,supplier-8,172.02,2021-06-06
9893,chair,furniture,WH-2,6,supplier-3,135.12,2021-06-15
9894,monitor,electronics,WH-1,188,supplier-10,159.77,2020-02-13
9895,desk,furniture,WH-3,454,supplier-7,260.24,2021-06-23
9896,scanner,electronics,WH-4,478,supplier-20,762.81,2020-07-26
9897,scanner,electronics,WH-2,468,supplier-1,1025.79,2021-05-30
9898,desktops,electronics,WH-3,65,supplier-1,494.94,2020-09-17
9899,chair,furniture,WH-5,160,supplier-7,993.01,2021-02-27
9900,printer,electronics,WH-2,316,supplier-3,1184.97,2020-11-01
9901,scanner,electronics,WH-5,163,supplier-3,98.04,2021-03-30
9902,scanner,electronics,WH-2,143,supplier-15,1333.37,2020-12-24
9903,chair,furniture,WH-4,55,supplier-19,180.99,2021-02-08
9904,printer,electronics,WH-1,73,supplier-2,363.2,2021-04-30
9905,keyboard,electronics,WH-3,446,supplier-5,1472.62,2021-02-12
9906,printer,electronics,WH-2,168,supplier-10,1447.48,2021-06-01
9907,desktops,electronics,WH-4,57,supplier-14,155.13,2021-03-22
9908,keyboard,electronics,WH-5,332,supplier-5,1390.43,2020-05-21
9909,laptop,electronics,WH-4,224,supplier-3,359.03,2021-03-05
9910,printer,electronics,WH-3,128,supplier-17,814.31,2020-11-13
9911,scanner,electronics,WH-5,34,supplier-14,559.98,2020-07-17
9912,keyboard,electronics,WH-5,33,supplier-19,658.76,2020-10-04
9913,laptop,electronics,WH-2,225,supplier-8,1013.7,2021-03-06
9914,monitor,electronics,WH-5,37,supplier-9,865.64,2020-04-04
9915,keyboard,electronics,WH-3,479,supplier-11,139.32,2021-04-09
9916,flashdrives,electronics,WH-5,146,supplier-18,1329.45,2020-09-25
9917,flashdrives,electronics,WH-2,162,supplier-16,1128.05,2020-11-30
9918,desk,furniture,WH-1,176,supplier-18,1445.33,2020-03-04
9919,keyboard,electronics,WH-1,288,supplier-20,497.29,2020-05-13
9920,chair,furniture,WH-5,70,supplier-7,671.76,2020-02-24
9921,printer,electronics,WH-5,190,supplier-10,146.88,2020-10-05
9922,monitor,electronics,WH-1,101,supplier-11,467.62,2021-04-23
9923,desk,furniture,WH-3,166,supplier-1,693.67,2020-04-21
9924,scanner,electronics,WH-1,349,supplier-9,1481.66,2020-09-07
9925,keyboard,electronics,WH-3,369,supplier-17,690.98,2021-02-12
9926,desk,furniture,WH-3,469,supplier-12,626.01,2020-09-23
9927,desktops,electronics,WH-1,412,supplier-9,242.75,2020-06-06
9928,flashdrives,electronics,WH-5,191,supplier-5,80.91,2020-08-28
9929,desktops,electronics,WH-1,246,supplier-17,1401.48,2020-01-24
9930,printer,electronics,WH-5,492,supplier-1,1344.52,2020-04-09
9931,printer,electronics,WH-5,72,supplier-15,759.2,2020-12-11
9932,scanner,electronics,WH-5,315,supplier-5,956.25,2020-11-04
9933,printer,electronics,WH-2,426,supplier-6,513.3,2021-01-28
9934,laptop,electronics,WH-3,71,supplier-12,171.96,2021-01-26
9935,mouse,electronics,WH-1,335,supplier-10,1284.85,2020-04-30
9936,keyboard,electronics,WH-3,446,supplier-2,791.2,2021-02-14
9937,laptop,electronics,WH-2,281,supplier-7,1136.54,2020-10-30
9938,chair,furniture,WH-3,313,supplier-10,310.28,2020-02-02
9939,laptop,electronics,WH-2,8,supplier-6,1336.13,2020-11-18
9940,laptop,electronics,WH-2,408,supplier-6,1236.93,2021-03-22
9941,desktops,electronics,WH-3,355,supplier-10,687.85,2020-11-16
9942,desktops,electronics,WH-1,100,supplier-11,824.13,2020-02-27
9943,chair,furniture,WH-2,312,supplier-2,102.59,2021-04-05
9944,flashdrives,electronics,WH-5,345,supplier-12,784.53,2020-07-11
9945,printer,electronics,WH-1,461,supplier-12,153.37,2020-03-26
9946,printer,electronics,WH-1,135,supplier-20,1192.47,2020-05-04
9947,monitor,electronics,WH-1,290,supplier-14,240.78,2020-06-03
9948,monitor,electronics,WH-3,490,supplier-20,733.4,2020-11-09
9949,flashdrives,electronics,WH-1,119,supplier-12,746.32,2020-10-03
9950,flashdrives,electronics,WH-4,79,supplier-13,49.32,2020-02-25
9951,mouse,electronics,WH-1,405,supplier-11,1269.6,2021-04-13
9952,monitor,electronics,WH-2,226,supplier-13,1323.07,2020-06-03
9953,printer,electronics,WH-4,203,supplier-6,1202.86,2020-05-22
9954,mouse,electronics,WH-4,80,supplier-14,279.67,2020-02-23
9955,flashdrives,electronics,WH-4,284,supplier-20,679.49,2021-01-29
9956,monitor,electronics,WH-5,43,supplier-20,1468.64,2020-11-06
9957,desktops,electronics,WH-4,4,supplier-13,484.89,2020-06-19
9958,scanner,electronics,WH-3,494,supplier-15,501.85,2020-12-27
9959,keyboard,electronics,WH-1,6,supplier-17,515.93,2020-04-21
9960,keyboard,electronics,WH-1,290,supplier-7,853.33,2020-04-13
9961,printer,electronics,WH-5,75,supplier-15,961.26,2020-10-10
9962,printer,electronics,WH-1,450,supplier-9,104.9,2021-04-25
9963,monitor,electronics,WH-1,101,supplier-6,918.37,2020-04-05
9964,mouse,electronics,WH-2,368,supplier-11,874.36,2021-04-12
9965,laptop,electronics,WH-1,267,supplier-14,1093.33,2021-06-17
9966,monitor,electronics,WH-1,263,supplier-8,1493.5,2021-03-13
9967,desktops,electronics,WH-1,92,supplier-9,1304.91,2021-06-05
9968,monitor,electronics,WH-2,216,supplier-5,1121.51,2021-04-20
9969,keyboard,electronics,WH-4,378,supplier-17,191.42,2020-12-22
9970,desk,furniture,WH-4,19,supplier-5,1004.79,2020-05-14
9971,monitor,electronics,WH-3,194,supplier-3,914.05,2020-01-14
9972,mouse,electronics,WH-5,409,supplier-19,1287.43,2020-09-08
9973,laptop,electronics,WH-2,270,supplier-17,1212.87,2020-12-12
9974,desktops,electronics,WH-2,428,supplier-10,653.04,2021-04-30
9975,desk,furniture,WH-5,124,supplier-1,917.98,2021-04-19
9976,chair,furniture,WH-4,161,supplier-4,551.27,2021-06-06
9977,scanner,electronics,WH-5,183,supplier-12,1475.78,2020-06-25
9978,monitor,electronics,WH-4,61,supplier-12,179.48,2020-10-23
9979,laptop,electronics,WH-5,250,supplier-19,1187.15,2020-08-14
9980,flashdrives,electronics,WH-2,349,supplier-16,971.85,2020-08-13
9981,scanner,electronics,WH-3,288,supplier-11,625.22,2021-05-30
9982,keyboard,electronics,WH-5,399,supplier-12,1315.78,2020-07-04
9983,keyboard,electronics,WH-2,108,supplier-15,1363.62,2021-05-16
9984,mouse,electronics,WH-1,221,supplier-6,997.59,2021-04-14
9985,flashdrives,electronics,WH-3,459,supplier-11,1405.24,2020-01-24
9986,desk,furniture,WH-4,430,supplier-7,253.04,2020-01-20
9987,chair,furniture,WH-4,278,supplier-18,307.05,2021-03-12
9988,chair,furniture,WH-4,166,supplier-20,752.04,2021-06-22
9989,scanner,electronics,WH-2,182,supplier-2,1188.53,2020-01-10
9990,flashdrives,electronics,WH-3,144,supplier-2,1020.31,2020-03-10
9991,flashdrives,electronics,WH-1,133,supplier-20,1185.29,2021-02-25
9992,desktops,electronics,WH-4,493,supplier-17,49.69,2020-09-10
9993,scanner,electronics,WH-4,489,supplier-19,274.08,2020-02-22
9994,scanner,electronics,WH-2,208,supplier-1,407.9,2020-12-05
9995,mouse,electronics,WH-1,494,supplier-10,558.09,2021-05-14
9996,keyboard,electronics,WH-5,1,supplier-5,1404.43,2020-04-21
9997,keyboard,electronics,WH-5,212,supplier-2,195.94,2020-06-19
9998,scanner,electronics,WH-4,243,supplier-13,835.22,2021-02-14
9999,flashdrives,electronics,WH-2,157,supplier-16,863.86,2021-06-15
10000,printer,electronics,WH-5,158,supplier-1,597.52,2020-02-25
