sale_id,product,category,price,quantity,revenue,region,salespeople,date
1,mouse,electronics,69.52,36,2502.72,katsina,abdul,2020-05-22
2,mouse,electronics,1359.86,70,95190.2,abuja,emeka,2021-03-08
3,laptop,electronics,79.0,28,2212.0,katsina,dayo,2020-01-28
4,desktops,electronics,413.7,84,34750.8,abia,dayo,2021-03-05
5,monitor,electronics,909.43,36,32739.48,imo,martins,2020-06-12
6,desk,furniture,693.7,20,13874.0,katsina,josh,2020-04-14
7,mouse,electronics,772.26,46,35523.96,akure,emeka,2020-09-27
8,laptop,electronics,1464.87,69,101076.03,abuja,mike,2020-03-21
9,desktops,electronics,600.49,81,48639.69,osun,josh,2020-07-15
10,mouse,electronics,110.73,30,3321.9,imo,taiwo,2020-03-22
11,monitor,electronics,1735.64,49,85046.36,ibadan,Ini,2021-01-08
12,keyboard,electronics,752.96,27,20329.92,ogun,taiwo,2020-03-14
13,flashdrives,electronics,1277.26,69,88130.94,abia,abdul,2020-06-16
14,chair,furniture,771.32,82,63248.24,abia,dayo,2020-08-12
15,printer,electronics,1688.85,100,168885.0,lagos,abdul,2020-02-02
16,printer,electronics,814.31,9,7328.79,katsina,emeka,2020-11-18
17,monitor,electronics,1317.77,51,67206.27,ogun,Ini,2020-05-26
18,scanner,electronics,296.47,96,28461.12,kwara,dayo,2020-09-26
19,flashdrives,electronics,868.3,75,65122.5,kogi,josh,2020-08-12
20,keyboard,electronics,1028.86,12,12346.32,imo,martins,2020-04-22
21,keyboard,electronics,1262.34,88,111085.92,kogi,emeka,2020-03-06
22,desk,furniture,775.61,60,46536.6,kwara,taiwo,2020-01-12
23,mouse,electronics,1369.79,69,94515.51,imo,taiwo,2020-12-14
24,mouse,electronics,601.13,21,12623.73,enugu,martins,2020-09-26
25,desktops,electronics,1528.69,65,99364.85,abuja,tolu,2020-11-01
26,desktops,electronics,1225.76,20,24515.2,akure,sola,2020-01-01
27,flashdrives,electronics,661.83,3,1985.49,abuja,josh,2020-11-10
28,monitor,electronics,134.69,73,9832.37,abuja,moji,2021-05-12
29,mouse,electronics,1956.41,69,134992.29,imo,sola,2020-05-11
30,chair,furniture,1894.76,22,41684.72,ibadan,dayo,2021-03-09
31,monitor,electronics,1859.25,97,180347.25,abia,abdul,2020-11-15
32,desk,furniture,1990.4,84,167193.6,akure,Ini,2021-06-13
33,chair,furniture,259.59,29,7528.11,abuja,josh,2020-01-22
34,flashdrives,electronics,1116.76,76,84873.76,katsina,martins,2020-03-13
35,laptop,electronics,473.3,5,2366.5,akure,moji,2021-06-10
36,monitor,electronics,571.38,63,35996.94,katsina,dayo,2020-05-15
37,flashdrives,electronics,1160.9,32,37148.8,imo,Ini,2021-02-20
38,monitor,electronics,206.77,85,17575.45,kogi,josh,2021-03-09
39,desk,furniture,944.71,94,88802.74,lagos,tolu,2020-04-10
40,laptop,electronics,817.19,44,35956.36,imo,moji,2020-09-11
41,monitor,electronics,396.61,58,23003.38,kano,mike,2020-07-06
42,scanner,electronics,936.0,10,9360.0,enugu,dayo,2020-04-10
43,laptop,electronics,1311.25,70,91787.5,lagos,moji,2020-08-30
44,keyboard,electronics,824.7,62,51131.4,katsina,mike,2020-03-01
45,keyboard,electronics,770.37,50,38518.5,ibadan,Ini,2020-10-19
46,desk,furniture,1399.25,94,131529.5,imo,dayo,2021-05-13
47,keyboard,electronics,396.0,28,11088.0,lagos,emeka,2020-03-03
48,printer,electronics,133.19,75,9989.25,enugu,dayo,2020-06-10
49,laptop,electronics,1922.34,11,21145.74,kano,moji,2020-03-10
50,monitor,electronics,819.48,73,59822.04,katsina,emeka,2020-02-10
51,flashdrives,electronics,182.33,85,15498.05,osun,emeka,2021-06-19
52,printer,electronics,1870.72,27,50509.44,ogun,josh,2020-09-01
53,scanner,electronics,803.66,86,69114.76,ogun,taiwo,2021-04-13
54,printer,electronics,1859.46,10,18594.6,lagos,Ini,2020-04-12
55,mouse,electronics,1084.52,65,70493.8,ibadan,sola,2020-12-23
56,mouse,electronics,1760.96,48,84526.08,ibadan,sola,2021-03-24
57,desktops,electronics,1413.01,79,111627.79,imo,tolu,2020-01-09
58,desktops,electronics,612.77,85,52085.45,abuja,sola,2020-09-27
59,mouse,electronics,1781.63,96,171036.48,kwara,sola,2020-10-05
60,scanner,electronics,1217.56,92,112015.52,akure,abdul,2020-09-27
61,desktops,electronics,987.29,7,6911.03,abuja,tolu,2021-03-09
62,scanner,electronics,107.29,43,4613.47,imo,sola,2020-09-25
63,keyboard,electronics,1487.64,71,105622.44,abia,mike,2020-01-10
64,mouse,electronics,168.98,89,15039.22,kano,dayo,2020-02-06
65,printer,electronics,1173.37,19,22294.03,kogi,sola,2020-02-12
66,scanner,electronics,742.01,6,4452.06,akure,abdul,2020-09-12
67,mouse,electronics,720.28,72,51860.16,kogi,emeka,2020-06-07
68,monitor,electronics,1731.92,23,39834.16,kogi,martins,2020-07-02
69,printer,electronics,1569.13,53,83163.89,imo,tolu,2020-09-11
70,scanner,electronics,335.21,90,30168.9,abuja,mike,2020-02-09
71,chair,furniture,460.42,59,27164.78,akure,taiwo,2020-08-21
72,monitor,electronics,66.86,25,1671.5,kogi,josh,2020-10-12
73,mouse,electronics,1934.44,36,69639.84,akure,tolu,2021-06-05
74,desk,furniture,1365.45,69,94216.05,akure,martins,2020-04-28
75,scanner,electronics,373.56,34,12701.04,lagos,moji,2021-03-20
76,printer,electronics,1462.52,41,59963.32,kogi,emeka,2021-06-07
77,mouse,electronics,782.69,74,57919.06,katsina,taiwo,2020-02-15
78,desk,furniture,23.35,69,1611.15,ogun,tolu,2020-07-20
79,printer,electronics,873.97,86,75161.42,akure,emeka,2020-11-17
80,mouse,electronics,1445.11,39,56359.29,kwara,taiwo,2021-02-22
81,printer,electronics,816.75,38,31036.5,kwara,sola,2020-07-15
82,desk,furniture,1336.56,49,65491.44,ogun,sola,2020-11-04
83,desk,furniture,1104.92,1,1104.92,ibadan,taiwo,2020-08-03
84,desk,furniture,1575.8,78,122912.4,ogun,josh,2021-04-21
85,chair,furniture,895.48,28,25073.44,kwara,Ini,2020-06-22
86,mouse,electronics,581.9,85,49461.5,ogun,emeka,2020-12-09
87,mouse,electronics,1640.48,97,159126.56,katsina,tolu,2020-11-13
88,monitor,electronics,1616.99,19,30722.81,lagos,martins,2020-09-07
89,chair,furniture,1230.32,99,121801.68,abuja,Ini,2021-02-28
90,flashdrives,electronics,404.98,90,36448.2,kogi,Ini,2021-02-13
91,monitor,electronics,312.19,89,27784.91,lagos,moji,2021-03-11
92,monitor,electronics,368.26,90,33143.4,kwara,Ini,2020-02-21
93,desktops,electronics,513.41,16,8214.56,enugu,sola,2021-04-20
94,desktops,electronics,1976.03,77,152154.31,akure,Ini,2021-05-31
95,desk,furniture,1664.53,71,118181.63,enugu,sola,2021-05-01
96,chair,furniture,533.2,32,17062.4,ogun,taiwo,2021-06-17
97,chair,furniture,1260.96,36,45394.56,enugu,moji,2020-10-19
98,monitor,electronics,558.0,41,22878.0,kwara,moji,2020-05-21
99,keyboard,electronics,477.9,89,42533.1,kano,abdul,2020-03-06
100,desk,furniture,827.05,70,57893.5,enugu,mike,2020-03-04
101,monitor,electronics,1669.12,50,83456.0,imo,emeka,2020-01-21
102,flashdrives,electronics,773.15,1,773.15,akure,taiwo,2021-02-03
103,desk,furniture,1085.68,95,103139.6,kwara,emeka,2020-08-13
104,chair,furniture,454.45,56,25449.2,enugu,martins,2021-02-02
105,printer,electronics,1344.37,52,69907.24,abia,sola,2021-04-23
106,keyboard,electronics,1961.83,69,135366.27,lagos,mike,2020-01-28
107,mouse,electronics,1292.64,18,23267.52,enugu,sola,2020-02-21
108,scanner,electronics,770.63,28,21577.64,enugu,josh,2020-12-11
109,desk,furniture,570.95,54,30831.3,ibadan,moji,2021-04-26
110,laptop,electronics,1503.07,7,10521.49,akure,abdul,2020-03-11
111,laptop,electronics,1513.38,32,48428.16,katsina,martins,2020-06-05
112,monitor,electronics,269.92,86,23213.12,abuja,emeka,2020-08-11
113,chair,furniture,1404.94,99,139089.06,akure,sola,2020-04-27
114,keyboard,electronics,1930.15,14,27022.1,osun,martins,2020-11-15
115,flashdrives,electronics,1361.15,49,66696.35,kogi,abdul,2020-03-18
116,flashdrives,electronics,1387.42,81,112381.02,katsina,moji,2020-11-04
117,flashdrives,electronics,1614.95,73,117891.35,imo,martins,2020-12-21
118,desktops,electronics,868.19,48,41673.12,abuja,dayo,2020-12-15
119,laptop,electronics,1702.16,63,107236.08,abuja,mike,2021-01-05
120,chair,furniture,1420.47,56,79546.32,kano,dayo,2020-10-03
121,flashdrives,electronics,1620.23,69,111795.87,imo,Ini,2021-04-21
122,desk,furniture,1654.95,76,125776.2,ibadan,josh,2020-09-08
123,mouse,electronics,572.28,58,33192.24,katsina,Ini,2021-01-23
124,printer,electronics,76.83,42,3226.86,kano,Ini,2020-08-05
125,printer,electronics,1599.71,44,70387.24,ibadan,emeka,2020-10-09
126,desktops,electronics,40.1,25,1002.5,abuja,abdul,2021-02-20
127,chair,furniture,1119.25,31,34696.75,abia,Ini,2021-05-17
128,chair,furniture,1590.01,12,19080.12,ibadan,abdul,2021-02-18
129,monitor,electronics,626.29,75,46971.75,akure,Ini,2020-12-18
130,desk,furniture,1993.33,71,141526.43,akure,josh,2021-04-09
131,scanner,electronics,627.11,30,18813.3,abuja,abdul,2020-11-19
132,mouse,electronics,1490.9,98,146108.2,abia,sola,2020-07-15
133,monitor,electronics,1482.44,36,53367.84,abia,emeka,2021-06-21
134,flashdrives,electronics,580.34,13,7544.42,katsina,taiwo,2020-08-20
135,printer,electronics,375.29,2,750.58,abia,dayo,2020-05-09
136,scanner,electronics,110.12,7,770.84,kwara,taiwo,2020-05-09
137,chair,furniture,223.12,2,446.24,osun,taiwo,2021-04-25
138,chair,furniture,892.13,24,21411.12,lagos,taiwo,2021-05-04
139,mouse,electronics,1647.79,52,85685.08,enugu,moji,2020-02-24
140,keyboard,electronics,315.41,73,23024.93,ibadan,moji,2020-09-11
141,mouse,electronics,1124.98,54,60748.92,osun,emeka,2020-08-19
142,desktops,electronics,773.15,57,44069.55,ibadan,emeka,2021-03-15
143,scanner,electronics,1145.89,8,9167.12,osun,moji,2020-07-31
144,monitor,electronics,544.0,11,5984.0,kano,abdul,2020-06-26
145,desktops,electronics,168.63,1,168.63,kogi,Ini,2021-04-26
146,scanner,electronics,84.63,37,3131.31,abia,taiwo,2021-04-09
147,mouse,electronics,1381.02,34,46954.68,imo,tolu,2020-07-21
148,desk,furniture,247.26,29,7170.54,ogun,sola,2020-09-29
149,keyboard,electronics,161.39,22,3550.58,imo,taiwo,2020-10-22
150,chair,furniture,266.22,89,23693.58,ibadan,mike,2020-10-05
151,desktops,electronics,1089.16,57,62082.12,abuja,emeka,2020-02-10
152,desk,furniture,1474.38,78,115001.64,ibadan,martins,2020-04-03
153,monitor,electronics,1924.58,74,142418.92,osun,martins,2020-10-02
154,flashdrives,electronics,99.66,97,9667.02,kano,Ini,2021-06-15
155,chair,furniture,1833.82,24,44011.68,osun,mike,2021-05-18
156,mouse,electronics,950.62,53,50382.86,akure,josh,2020-04-17
157,keyboard,electronics,673.01,89,59897.89,enugu,taiwo,2021-02-14
158,desktops,electronics,92.66,12,1111.92,akure,taiwo,2020-11-27
159,mouse,electronics,1940.97,52,100930.44,kwara,martins,2021-04-18
160,desk,furniture,127.32,67,8530.44,akure,emeka,2021-05-25
161,chair,furniture,1524.78,27,41169.06,ibadan,dayo,2020-05-14
162,scanner,electronics,887.47,90,79872.3,enugu,moji,2020-01-30
163,flashdrives,electronics,1602.64,91,145840.24,kano,taiwo,2020-01-15
164,desktops,electronics,827.82,29,24006.78,abuja,Ini,2020-04-30
165,keyboard,electronics,1006.78,92,92623.76,ibadan,dayo,2020-10-06
166,desk,furniture,1672.75,61,102037.75,katsina,Ini,2020-05-28
167,desk,furniture,397.41,77,30600.57,kwara,sola,2020-03-12
168,scanner,electronics,1549.9,54,83694.6,akure,dayo,2020-09-30
169,laptop,electronics,580.02,39,22620.78,osun,emeka,2021-05-16
170,keyboard,electronics,904.16,62,56057.92,akure,josh,2021-01-21
171,chair,furniture,1867.05,25,46676.25,abia,abdul,2021-01-27
172,monitor,electronics,1714.91,53,90890.23,lagos,josh,2021-04-29
173,desk,furniture,784.44,85,66677.4,imo,tolu,2020-06-04
174,chair,furniture,1930.35,17,32815.95,kwara,emeka,2020-12-05
175,mouse,electronics,1750.9,57,99801.3,abuja,dayo,2021-04-12
176,laptop,electronics,1450.44,53,76873.32,ogun,sola,2020-03-17
177,chair,furniture,1567.42,34,53292.28,akure,emeka,2021-02-11
178,mouse,electronics,1706.5,87,148465.5,kwara,mike,2020-11-20
179,chair,furniture,1747.32,5,8736.6,osun,moji,2020-08-28
180,scanner,electronics,1994.9,96,191510.4,abuja,mike,2020-04-10
181,mouse,electronics,898.48,89,79964.72,ibadan,martins,2020-02-17
182,printer,electronics,1596.36,38,60661.68,akure,josh,2021-03-17
183,keyboard,electronics,503.51,53,26686.03,osun,tolu,2020-07-03
184,keyboard,electronics,366.64,79,28964.56,kogi,emeka,2020-09-03
185,chair,furniture,1827.4,19,34720.6,katsina,Ini,2020-09-17
186,chair,furniture,525.55,2,1051.1,imo,Ini,2020-10-21
187,desktops,electronics,332.79,57,18969.03,akure,emeka,2020-11-02
188,desk,furniture,1386.82,59,81822.38,ibadan,abdul,2021-01-28
189,chair,furniture,231.17,49,11327.33,osun,josh,2020-10-29
190,scanner,electronics,63.44,85,5392.4,kogi,taiwo,2020-01-09
191,flashdrives,electronics,1732.83,100,173283.0,abia,martins,2021-05-23
192,scanner,electronics,1555.97,30,46679.1,osun,josh,2020-08-12
193,monitor,electronics,1249.36,87,108694.32,imo,tolu,2020-05-20
194,mouse,electronics,1808.74,83,150125.42,lagos,taiwo,2021-03-27
195,laptop,electronics,1167.56,94,109750.64,kano,moji,2020-10-29
196,printer,electronics,1500.01,23,34500.23,katsina,sola,2021-01-09
197,desktops,electronics,1013.55,35,35474.25,kano,taiwo,2021-05-08
198,scanner,electronics,1498.19,44,65920.36,imo,moji,2021-04-24
199,mouse,electronics,298.7,29,8662.3,ogun,tolu,2021-02-10
200,desktops,electronics,744.23,51,37955.73,lagos,taiwo,2020-05-06
201,chair,furniture,749.8,96,71980.8,ogun,taiwo,2021-01-25
202,printer,electronics,234.53,30,7035.9,enugu,martins,2020-12-01
203,flashdrives,electronics,458.31,9,4124.79,ogun,Ini,2020-11-05
204,desk,furniture,251.02,6,1506.12,lagos,taiwo,2021-05-19
205,mouse,electronics,212.44,69,14658.36,kano,mike,2021-04-09
206,printer,electronics,1347.56,96,129365.76,abia,dayo,2021-03-05
207,flashdrives,electronics,1489.69,20,29793.8,kogi,tolu,2020-04-11
208,chair,furniture,1238.99,36,44603.64,lagos,josh,2020-08-10
209,chair,furniture,900.5,31,27915.5,akure,moji,2021-01-11
210,desktops,electronics,1805.36,83,149844.88,akure,martins,2021-02-11
211,scanner,electronics,395.82,16,6333.12,enugu,moji,2020-08-05
212,flashdrives,electronics,1942.76,7,13599.32,imo,josh,2020-09-06
213,keyboard,electronics,1578.22,27,42611.94,abuja,dayo,2020-07-31
214,flashdrives,electronics,447.58,30,13427.4,akure,sola,2020-01-03
215,scanner,electronics,1719.64,19,32673.16,kano,dayo,2020-09-13
216,keyboard,electronics,237.65,4,950.6,kano,martins,2021-01-01
217,monitor,electronics,1185.93,3,3557.79,kano,taiwo,2020-02-23
218,keyboard,electronics,1488.6,68,101224.8,abuja,moji,2021-05-02
219,chair,furniture,1560.47,66,102991.02,osun,moji,2021-04-07
220,desktops,electronics,458.67,79,36234.93,lagos,tolu,2021-06-17
221,scanner,electronics,926.92,4,3707.68,lagos,Ini,2021-02-15
222,desk,furniture,1378.47,63,86843.61,abia,Ini,2020-03-16
223,mouse,electronics,657.78,19,12497.82,abuja,sola,2020-10-08
224,flashdrives,electronics,1273.49,71,90417.79,abia,josh,2021-01-25
225,flashdrives,electronics,1070.5,59,63159.5,kwara,emeka,2021-03-16
226,mouse,electronics,1590.33,15,23854.95,ogun,tolu,2020-08-08
227,desk,furniture,914.08,30,27422.4,kogi,josh,2021-04-09
228,desk,furniture,843.66,13,10967.58,akure,mike,2020-11-16
229,scanner,electronics,761.12,20,15222.4,ogun,Ini,2020-03-09
230,mouse,electronics,1666.91,12,20002.92,kogi,moji,2021-01-16
231,keyboard,electronics,1121.61,76,85242.36,kwara,dayo,2020-12-03
232,mouse,electronics,833.4,86,71672.4,imo,mike,2020-02-22
233,scanner,electronics,1208.81,46,55605.26,abuja,emeka,2021-06-03
234,monitor,electronics,326.37,62,20234.94,katsina,moji,2020-12-24
235,desktops,electronics,747.77,98,73281.46,ibadan,emeka,2020-08-19
236,desk,furniture,1693.41,99,167647.59,osun,emeka,2020-01-27
237,flashdrives,electronics,1859.59,89,165503.51,ibadan,martins,2020-07-03
238,scanner,electronics,1411.34,40,56453.6,akure,josh,2020-01-07
239,keyboard,electronics,1742.33,73,127190.09,ogun,mike,2020-03-12
240,keyboard,electronics,1487.12,4,5948.48,abuja,dayo,2020-08-08
241,desk,furniture,851.27,44,37455.88,kano,josh,2020-11-15
242,printer,electronics,1558.13,73,113743.49,osun,moji,2020-02-23
243,keyboard,electronics,331.67,80,26533.6,lagos,tolu,2020-03-24
244,scanner,electronics,897.36,55,49354.8,enugu,emeka,2021-03-28
245,desk,furniture,560.87,97,54404.39,kwara,moji,2020-12-19
246,desk,furniture,239.56,87,20841.72,ogun,emeka,2021-05-13
247,desktops,electronics,1340.92,6,8045.52,katsina,mike,2020-02-26
248,laptop,electronics,424.76,28,11893.28,imo,sola,2020-09-18
249,scanner,electronics,669.68,1,669.68,enugu,mike,2020-06-28
250,keyboard,electronics,772.81,91,70325.71,katsina,dayo,2020-12-28
251,mouse,electronics,806.2,95,76589.0,lagos,mike,2020-01-20
252,chair,furniture,1843.9,41,75599.9,osun,mike,2021-02-18
253,desk,furniture,593.24,52,30848.48,lagos,josh,2020-06-24
254,flashdrives,electronics,930.99,89,82858.11,akure,moji,2021-03-23
255,mouse,electronics,501.77,76,38134.52,kogi,dayo,2020-03-21
256,desk,furniture,1743.64,96,167389.44,akure,abdul,2020-12-07
257,keyboard,electronics,171.23,82,14040.86,abuja,dayo,2021-06-06
258,monitor,electronics,1813.73,45,81617.85,akure,tolu,2020-05-31
259,monitor,electronics,223.55,33,7377.15,katsina,sola,2020-06-05
260,mouse,electronics,370.75,99,36704.25,ogun,Ini,2021-04-20
261,flashdrives,electronics,1524.56,58,88424.48,ogun,emeka,2020-11-26
262,printer,electronics,318.9,9,2870.1,enugu,Ini,2020-11-06
263,scanner,electronics,1191.01,46,54786.46,kwara,moji,2020-11-13
264,chair,furniture,914.79,8,7318.32,akure,taiwo,2020-03-19
265,mouse,electronics,1237.72,65,80451.8,kogi,Ini,2020-02-12
266,chair,furniture,1819.92,74,134674.08,ogun,abdul,2020-11-25
267,flashdrives,electronics,961.75,20,19235.0,lagos,Ini,2020-04-15
268,printer,electronics,1965.12,11,21616.32,kwara,tolu,2020-06-25
269,laptop,electronics,510.53,57,29100.21,enugu,dayo,2021-06-19
270,flashdrives,electronics,334.32,48,16047.36,ibadan,mike,2021-02-22
271,printer,electronics,1364.22,7,9549.54,imo,tolu,2020-12-08
272,mouse,electronics,672.79,72,48440.88,ogun,mike,2020-10-17
273,scanner,electronics,1452.99,85,123504.15,osun,sola,2020-12-07
274,mouse,electronics,1173.82,19,22302.58,akure,taiwo,2021-02-05
275,keyboard,electronics,1198.18,11,13179.98,ibadan,dayo,2021-01-20
276,printer,electronics,1630.11,86,140189.46,abia,tolu,2021-06-23
277,mouse,electronics,1299.13,55,71452.15,kwara,josh,2020-01-19
278,printer,electronics,631.55,28,17683.4,akure,Ini,2020-07-15
279,monitor,electronics,1999.95,20,39999.0,abuja,taiwo,2020-04-13
280,desktops,electronics,1546.33,95,146901.35,kwara,martins,2020-12-10
281,flashdrives,electronics,279.48,49,13694.52,kano,sola,2020-07-04
282,flashdrives,electronics,1621.91,22,35682.02,abia,Ini,2020-02-14
283,desk,furniture,741.31,93,68941.83,katsina,Ini,2020-10-18
284,chair,furniture,483.33,31,14983.23,ibadan,Ini,2020-07-17
285,printer,electronics,1363.05,74,100865.7,enugu,Ini,2020-10-15
286,desk,furniture,1015.76,54,54851.04,kano,abdul,2020-05-21
287,scanner,electronics,123.32,62,7645.84,akure,dayo,2020-04-15
288,desktops,electronics,1705.31,37,63096.47,abuja,sola,2020-10-06
289,chair,furniture,1812.51,19,34437.69,kogi,moji,2020-08-15
290,chair,furniture,1771.57,4,7086.28,kogi,martins,2021-02-09
291,desktops,electronics,760.44,50,38022.0,abuja,josh,2020-08-17
292,laptop,electronics,651.0,13,8463.0,abia,tolu,2020-12-09
293,keyboard,electronics,292.45,37,10820.65,enugu,sola,2021-04-25
294,chair,furniture,1238.39,11,13622.29,lagos,taiwo,2020-08-08
295,keyboard,electronics,1106.63,94,104023.22,osun,dayo,2021-03-09
296,mouse,electronics,1556.82,31,48261.42,ibadan,moji,2020-02-18
297,monitor,electronics,851.25,80,68100.0,enugu,moji,2020-04-23
298,chair,furniture,1201.54,3,3604.62,ogun,dayo,2020-09-04
299,keyboard,electronics,596.72,1,596.72,osun,josh,2020-09-03
300,flashdrives,electronics,844.8,86,72652.8,ogun,moji,2021-06-20
301,printer,electronics,154.01,68,10472.68,kwara,dayo,2021-06-03
302,desktops,electronics,60.26,61,3675.86,lagos,tolu,2021-01-31
303,printer,electronics,522.23,3,1566.69,akure,moji,2020-12-19
304,monitor,electronics,1471.22,81,119168.82,abuja,emeka,2020-12-06
305,keyboard,electronics,107.78,70,7544.6,akure,tolu,2020-06-28
306,chair,furniture,1962.02,62,121645.24,ogun,sola,2020-05-18
307,mouse,electronics,1437.77,59,84828.43,lagos,taiwo,2020-07-25
308,laptop,electronics,1586.4,6,9518.4,akure,taiwo,2021-06-11
309,desk,furniture,1978.46,70,138492.2,enugu,taiwo,2020-02-07
310,monitor,electronics,586.5,100,58650.0,lagos,tolu,2020-12-05
311,scanner,electronics,266.46,48,12790.08,kogi,mike,2021-03-26
312,desk,furniture,691.29,24,16590.96,enugu,Ini,2021-01-11
313,desktops,electronics,548.11,11,6029.21,abia,mike,2020-03-21
314,desk,furniture,1212.86,24,29108.64,kwara,taiwo,2020-11-24
315,mouse,electronics,178.54,85,15175.9,ibadan,taiwo,2021-04-01
316,flashdrives,electronics,1440.97,22,31701.34,abia,Ini,2020-12-25
317,chair,furniture,103.86,46,4777.56,osun,mike,2020-10-08
318,laptop,electronics,168.58,82,13823.56,kogi,josh,2021-06-09
319,keyboard,electronics,1906.52,19,36223.88,osun,tolu,2021-03-24
320,laptop,electronics,269.94,31,8368.14,imo,tolu,2021-01-10
321,printer,electronics,778.05,73,56797.65,lagos,emeka,2020-06-06
322,chair,furniture,1898.67,48,91136.16,enugu,moji,2020-05-20
323,desktops,electronics,746.56,41,30608.96,ogun,taiwo,2020-09-12
324,mouse,electronics,71.31,24,1711.44,enugu,dayo,2021-01-31
325,desktops,electronics,253.17,100,25317.0,ibadan,Ini,2020-08-07
326,flashdrives,electronics,585.44,63,36882.72,katsina,moji,2020-05-18
327,mouse,electronics,915.04,92,84183.68,enugu,moji,2020-11-23
328,printer,electronics,1424.89,71,101167.19,kwara,taiwo,2020-11-03
329,keyboard,electronics,1429.38,90,128644.2,ogun,sola,2021-01-05
330,desktops,electronics,464.0,26,12064.0,imo,sola,2020-08-30
331,chair,furniture,72.04,71,5114.84,osun,josh,2021-04-23
332,desktops,electronics,276.95,12,3323.4,abuja,taiwo,2021-02-11
333,chair,furniture,1060.88,99,105027.12,kogi,emeka,2020-03-16
334,keyboard,electronics,1945.31,83,161460.73,abuja,Ini,2021-04-22
335,desktops,electronics,702.14,100,70214.0,kwara,tolu,2020-07-05
336,keyboard,electronics,876.58,8,7012.64,abuja,dayo,2020-06-05
337,scanner,electronics,346.02,42,14532.84,abia,abdul,2020-12-20
338,desktops,electronics,1791.95,11,19711.45,ibadan,abdul,2020-10-08
339,keyboard,electronics,1257.54,79,99345.66,kwara,moji,2021-05-29
340,keyboard,electronics,1191.78,75,89383.5,kano,sola,2020-12-11
341,flashdrives,electronics,101.56,4,406.24,abuja,martins,2020-09-28
342,monitor,electronics,1538.58,54,83083.32,osun,tolu,2020-02-01
343,chair,furniture,1780.21,70,124614.7,ibadan,tolu,2020-11-05
344,chair,furniture,504.86,88,44427.68,kogi,taiwo,2021-04-09
345,mouse,electronics,1383.45,21,29052.45,enugu,mike,2021-05-10
346,chair,furniture,423.97,78,33069.66,kano,josh,2020-11-22
347,printer,electronics,1951.24,17,33171.08,imo,josh,2021-06-11
348,desktops,electronics,230.24,31,7137.44,enugu,moji,2020-09-30
349,chair,furniture,510.88,13,6641.44,lagos,taiwo,2021-01-28
350,flashdrives,electronics,847.91,21,17806.11,akure,emeka,2020-11-16
351,monitor,electronics,1530.98,64,97982.72,kwara,Ini,2021-05-25
352,scanner,electronics,1004.79,12,12057.48,kogi,dayo,2021-04-13
353,monitor,electronics,445.99,46,20515.54,lagos,martins,2020-10-15
354,chair,furniture,1203.09,84,101059.56,ogun,Ini,2020-10-19
355,desktops,electronics,36.19,14,506.66,kogi,sola,2020-09-27
356,printer,electronics,1532.44,47,72024.68,lagos,mike,2020-02-22
357,flashdrives,electronics,1132.4,47,53222.8,kwara,taiwo,2020-03-16
358,desk,furniture,1018.43,98,99806.14,kwara,taiwo,2020-05-01
359,keyboard,electronics,1950.66,51,99483.66,akure,josh,2021-01-09
360,keyboard,electronics,414.13,66,27332.58,kogi,dayo,2020-02-11
361,laptop,electronics,97.05,92,8928.6,akure,Ini,2021-06-15
362,chair,furniture,314.9,66,20783.4,kano,josh,2020-11-22
363,keyboard,electronics,798.05,79,63045.95,abia,taiwo,2020-12-10
364,desktops,electronics,1660.01,69,114540.69,enugu,emeka,2020-11-02
365,chair,furniture,1635.18,48,78488.64,akure,tolu,2020-04-22
366,desk,furniture,1175.73,93,109342.89,abia,tolu,2020-01-28
367,flashdrives,electronics,959.69,84,80613.96,imo,emeka,2020-08-21
368,laptop,electronics,1175.38,22,25858.36,kwara,tolu,2021-01-24
369,keyboard,electronics,1646.89,32,52700.48,lagos,emeka,2020-04-22
370,monitor,electronics,57.5,41,2357.5,kogi,sola,2021-02-26
371,monitor,electronics,832.55,100,83255.0,osun,Ini,2020-03-04
372,keyboard,electronics,1046.99,72,75383.28,akure,tolu,2021-05-04
373,desktops,electronics,766.11,23,17620.53,enugu,dayo,2020-12-16
374,desktops,electronics,721.49,99,71427.51,abia,tolu,2020-09-27
375,flashdrives,electronics,978.68,32,31317.76,ibadan,dayo,2020-11-01
376,monitor,electronics,1884.14,39,73481.46,imo,taiwo,2020-07-31
377,chair,furniture,647.74,45,29148.3,kwara,taiwo,2020-10-21
378,mouse,electronics,1155.48,70,80883.6,kogi,mike,2020-12-19
379,keyboard,electronics,595.1,37,22018.7,abia,moji,2020-12-20
380,chair,furniture,1318.82,96,126606.72,enugu,abdul,2020-07-25
381,desktops,electronics,556.84,72,40092.48,abia,taiwo,2020-05-20
382,mouse,electronics,1239.04,76,94167.04,katsina,abdul,2020-02-21
383,desktops,electronics,466.83,30,14004.9,lagos,moji,2021-02-27
384,printer,electronics,1440.37,13,18724.81,ogun,sola,2020-01-06
385,desktops,electronics,1956.26,21,41081.46,kogi,tolu,2021-05-02
386,chair,furniture,1308.07,97,126882.79,ibadan,josh,2020-10-19
387,laptop,electronics,1817.72,12,21812.64,ogun,emeka,2020-08-25
388,desktops,electronics,1482.6,5,7413.0,kano,mike,2020-06-29
389,laptop,electronics,1994.4,51,101714.4,imo,Ini,2020-07-09
390,scanner,electronics,1755.95,2,3511.9,ibadan,emeka,2020-04-19
391,printer,electronics,583.43,83,48424.69,kwara,dayo,2021-05-20
392,keyboard,electronics,1705.1,60,102306.0,ibadan,abdul,2020-04-25
393,printer,electronics,341.74,59,20162.66,ogun,taiwo,2020-07-09
394,laptop,electronics,1478.5,38,56183.0,osun,tolu,2020-07-16
395,keyboard,electronics,1229.69,82,100834.58,kogi,mike,2021-06-11
396,printer,electronics,191.74,86,16489.64,abuja,sola,2020-05-23
397,chair,furniture,660.73,32,21143.36,lagos,taiwo,2021-01-27
398,monitor,electronics,904.54,35,31658.9,akure,taiwo,2020-01-12
399,scanner,electronics,1314.29,89,116971.81,katsina,martins,2020-05-01
400,chair,furniture,627.48,52,32628.96,ogun,dayo,2020-11-14
401,mouse,electronics,1284.65,38,48816.7,akure,emeka,2020-08-14
402,monitor,electronics,1915.57,62,118765.34,kano,Ini,2021-01-17
403,desk,furniture,1409.84,61,86000.24,imo,dayo,2020-08-11
404,monitor,electronics,1367.08,77,105265.16,imo,moji,2021-06-22
405,chair,furniture,1065.78,47,50091.66,abuja,emeka,2020-04-24
406,laptop,electronics,1660.97,65,107963.05,katsina,emeka,2020-06-02
407,keyboard,electronics,669.67,67,44867.89,enugu,moji,2020-07-29
408,flashdrives,electronics,987.88,66,65200.08,enugu,martins,2021-04-09
409,keyboard,electronics,1036.23,59,61137.57,osun,martins,2021-04-18
410,scanner,electronics,1452.09,51,74056.59,ibadan,martins,2020-08-11
411,flashdrives,electronics,164.6,55,9053.0,akure,moji,2020-03-02
412,mouse,electronics,1972.55,61,120325.55,lagos,taiwo,2021-02-22
413,keyboard,electronics,1542.56,99,152713.44,ogun,tolu,2021-03-06
414,printer,electronics,1985.86,49,97307.14,enugu,mike,2021-01-19
415,mouse,electronics,1371.81,85,116603.85,kwara,sola,2020-12-22
416,mouse,electronics,373.38,69,25763.22,kogi,dayo,2020-05-10
417,monitor,electronics,1672.95,97,162276.15,lagos,taiwo,2021-04-19
418,desktops,electronics,859.77,49,42128.73,katsina,abdul,2021-04-16
419,printer,electronics,327.14,25,8178.5,abia,moji,2020-02-02
420,desk,furniture,1237.55,3,3712.65,katsina,abdul,2020-03-09
421,mouse,electronics,1196.01,58,69368.58,osun,tolu,2020-02-19
422,monitor,electronics,1486.27,52,77286.04,enugu,abdul,2020-08-10
423,laptop,electronics,297.47,38,11303.86,katsina,emeka,2020-11-22
424,flashdrives,electronics,1203.88,87,104737.56,akure,abdul,2020-11-05
425,keyboard,electronics,1971.68,67,132102.56,katsina,mike,2020-11-03
426,scanner,electronics,140.7,76,10693.2,abia,sola,2021-03-13
427,desktops,electronics,1001.33,45,45059.85,ogun,tolu,2021-01-25
428,desktops,electronics,651.09,54,35158.86,kogi,sola,2020-11-03
429,desk,furniture,384.08,69,26501.52,enugu,abdul,2020-08-18
430,scanner,electronics,1717.93,19,32640.67,imo,Ini,2020-02-29
431,desktops,electronics,837.1,54,45203.4,kwara,dayo,2020-05-17
432,desk,furniture,500.86,27,13523.22,akure,tolu,2020-03-21
433,chair,furniture,1697.32,12,20367.84,kwara,abdul,2020-02-22
434,scanner,electronics,766.79,78,59809.62,osun,martins,2020-03-15
435,monitor,electronics,1613.21,76,122603.96,abia,tolu,2020-08-10
436,chair,furniture,433.6,43,18644.8,ibadan,martins,2020-08-04
437,monitor,electronics,1924.91,16,30798.56,abia,Ini,2020-09-05
438,flashdrives,electronics,1413.46,51,72086.46,katsina,dayo,2020-11-25
439,scanner,electronics,773.71,69,53385.99,ogun,josh,2020-11-11
440,scanner,electronics,732.1,64,46854.4,enugu,moji,2021-04-25
441,printer,electronics,1830.37,48,87857.76,akure,mike,2020-02-16
442,flashdrives,electronics,1730.89,95,164434.55,kano,martins,2020-09-24
443,desktops,electronics,1870.82,75,140311.5,abia,mike,2020-10-29
444,keyboard,electronics,408.46,30,12253.8,kogi,emeka,2020-09-08
445,chair,furniture,1110.27,88,97703.76,akure,taiwo,2021-05-15
446,chair,furniture,932.44,94,87649.36,imo,josh,2020-06-22
447,keyboard,electronics,1446.22,63,91111.86,kano,dayo,2020-03-01
448,desktops,electronics,86.97,10,869.7,ogun,martins,2020-01-07
449,desk,furniture,292.23,81,23670.63,katsina,moji,2020-06-03
450,laptop,electronics,453.06,59,26730.54,akure,martins,2021-05-09
451,chair,furniture,51.15,69,3529.35,kwara,mike,2020-01-13
452,laptop,electronics,1068.25,36,38457.0,kwara,taiwo,2020-01-18
453,desktops,electronics,1630.05,87,141814.35,kogi,sola,2020-04-19
454,mouse,electronics,1058.28,31,32806.68,katsina,emeka,2021-06-23
455,scanner,electronics,1634.12,35,57194.2,imo,mike,2020-03-21
456,printer,electronics,1919.41,59,113245.19,osun,abdul,2020-08-19
457,scanner,electronics,1374.4,11,15118.4,ogun,tolu,2020-02-02
458,mouse,electronics,822.45,49,40300.05,kwara,Ini,2020-02-27
459,laptop,electronics,1411.63,11,15527.93,enugu,mike,2020-12-05
460,flashdrives,electronics,1955.11,13,25416.43,kwara,martins,2020-08-23
461,monitor,electronics,1804.52,89,160602.28,osun,Ini,2020-10-04
462,laptop,electronics,1849.84,88,162785.92,ibadan,dayo,2020-02-03
463,keyboard,electronics,1858.96,41,76217.36,lagos,abdul,2020-05-27
464,desk,furniture,1859.17,39,72507.63,kano,emeka,2020-09-03
465,flashdrives,electronics,1672.61,50,83630.5,ogun,dayo,2020-12-05
466,desk,furniture,1516.11,18,27289.98,imo,moji,2021-05-27
467,printer,electronics,126.32,56,7073.92,katsina,moji,2020-12-14
468,flashdrives,electronics,1542.63,77,118782.51,kogi,josh,2020-01-31
469,scanner,electronics,1571.43,58,91142.94,enugu,abdul,2020-12-30
470,desktops,electronics,1883.46,56,105473.76,kano,tolu,2021-01-24
471,mouse,electronics,1548.89,38,58857.82,imo,abdul,2020-03-16
472,mouse,electronics,550.58,49,26978.42,abia,tolu,2020-06-06
473,desk,furniture,647.02,14,9058.28,abuja,martins,2020-11-11
474,chair,furniture,732.64,35,25642.4,abuja,sola,2020-03-30
475,keyboard,electronics,873.34,72,62880.48,kwara,dayo,2021-02-21
476,mouse,electronics,72.0,46,3312.0,kwara,moji,2020-11-28
477,desk,furniture,44.43,53,2354.79,kogi,moji,2020-09-05
478,flashdrives,electronics,1051.79,88,92557.52,kogi,sola,2020-05-22
479,scanner,electronics,616.24,64,39439.36,kano,moji,2020-06-20
480,desk,furniture,566.4,39,22089.6,enugu,moji,2021-01-04
481,scanner,electronics,1889.56,93,175729.08,ogun,Ini,2020-07-19
482,chair,furniture,231.81,39,9040.59,lagos,mike,2020-12-06
483,flashdrives,electronics,772.18,43,33203.74,enugu,josh,2021-03-16
484,flashdrives,electronics,289.53,42,12160.26,osun,abdul,2021-05-05
485,printer,electronics,371.72,51,18957.72,akure,taiwo,2021-05-17
486,flashdrives,electronics,1568.31,42,65869.02,kogi,taiwo,2021-02-06
487,printer,electronics,245.5,73,17921.5,katsina,emeka,2020-07-03
488,desktops,electronics,73.29,94,6889.26,enugu,abdul,2021-03-24
489,scanner,electronics,1665.94,9,14993.46,imo,mike,2021-05-26
490,keyboard,electronics,1274.01,31,39494.31,ibadan,tolu,2020-06-06
491,desk,furniture,1582.37,10,15823.7,enugu,emeka,2021-05-05
492,flashdrives,electronics,813.59,65,52883.35,abia,mike,2020-02-07
493,printer,electronics,1409.24,69,97237.56,osun,tolu,2020-03-28
494,mouse,electronics,1542.53,85,131115.05,ogun,josh,2020-06-19
495,flashdrives,electronics,107.71,83,8939.93,ogun,tolu,2021-02-13
496,printer,electronics,1932.12,56,108198.72,abuja,martins,2020-04-10
497,scanner,electronics,459.56,96,44117.76,kwara,dayo,2020-08-14
498,chair,furniture,760.76,60,45645.6,imo,tolu,2021-05-27
499,keyboard,electronics,703.04,4,2812.16,enugu,moji,2020-10-29
500,desk,furniture,1842.68,11,20269.48,abuja,sola,2020-12-22
501,scanner,electronics,699.27,27,18880.29,kwara,Ini,2020-12-22
502,chair,furniture,213.29,93,19835.97,abia,Ini,2020-11-22
503,mouse,electronics,614.52,91,55921.32,abuja,martins,2020-12-17
504,mouse,electronics,1360.74,22,29936.28,abia,abdul,2021-06-12
505,keyboard,electronics,1112.78,43,47849.54,kwara,mike,2021-04-18
506,monitor,electronics,1599.56,81,129564.36,kano,sola,2021-03-18
507,desk,furniture,77.8,79,6146.2,katsina,Ini,2021-03-15
508,desk,furniture,28.81,28,806.68,katsina,taiwo,2020-03-05
509,flashdrives,electronics,221.47,69,15281.43,kano,josh,2020-11-29
510,monitor,electronics,925.95,34,31482.3,ogun,Ini,2021-06-24
511,printer,electronics,1202.0,79,94958.0,kogi,emeka,2020-04-26
512,printer,electronics,716.93,59,42298.87,osun,sola,2020-10-31
513,flashdrives,electronics,1188.53,87,103402.11,kano,josh,2020-04-30
514,monitor,electronics,624.65,24,14991.6,akure,sola,2021-06-07
515,desk,furniture,848.11,18,15265.98,osun,mike,2021-03-09
516,keyboard,electronics,983.61,69,67869.09,abia,tolu,2020-06-26
517,desktops,electronics,350.39,37,12964.43,kano,sola,2020-11-18
518,chair,furniture,1246.43,46,57335.78,lagos,Ini,2020-05-19
519,monitor,electronics,1634.13,72,117657.36,kwara,tolu,2021-05-21
520,desk,furniture,1375.7,54,74287.8,abia,Ini,2021-05-15
521,keyboard,electronics,183.69,4,734.76,imo,abdul,2020-10-26
522,laptop,electronics,564.21,69,38930.49,ibadan,sola,2021-04-13
523,flashdrives,electronics,1490.19,99,147528.81,enugu,dayo,2021-06-07
524,mouse,electronics,1153.97,35,40388.95,imo,dayo,2021-01-10
525,desktops,electronics,1648.77,6,9892.62,imo,Ini,2020-08-11
526,desk,furniture,222.78,84,18713.52,imo,abdul,2020-10-31
527,laptop,electronics,910.47,45,40971.15,abuja,Ini,2020-04-30
528,monitor,electronics,435.56,95,41378.2,osun,josh,2021-03-14
529,keyboard,electronics,1239.98,27,33479.46,katsina,martins,2020-12-25
530,desktops,electronics,576.55,69,39781.95,kano,josh,2020-10-26
531,scanner,electronics,1154.02,66,76165.32,ogun,moji,2020-05-18
532,desk,furniture,1839.16,36,66209.76,ogun,sola,2020-05-15
533,monitor,electronics,309.56,42,13001.52,katsina,tolu,2021-02-06
534,chair,furniture,301.5,81,24421.5,ibadan,tolu,2021-02-28
535,desk,furniture,914.94,82,75025.08,imo,moji,2021-02-16
536,desktops,electronics,1504.61,89,133910.29,akure,Ini,2021-05-14
537,printer,electronics,1172.27,100,117227.0,abia,moji,2021-04-14
538,printer,electronics,1703.21,69,117521.49,kogi,abdul,2021-03-15
539,monitor,electronics,999.54,42,41980.68,ibadan,josh,2020-05-13
540,flashdrives,electronics,1707.8,44,75143.2,ogun,martins,2020-02-17
541,mouse,electronics,1259.84,59,74330.56,lagos,moji,2020-06-10
542,chair,furniture,923.91,55,50815.05,katsina,sola,2020-11-05
543,keyboard,electronics,1751.36,36,63048.96,abuja,tolu,2021-01-04
544,scanner,electronics,183.19,86,15754.34,ogun,sola,2020-02-23
545,desk,furniture,1258.7,93,117059.1,abia,abdul,2021-03-15
546,mouse,electronics,1413.32,1,1413.32,katsina,Ini,2020-03-20
547,keyboard,electronics,1195.49,67,80097.83,ogun,Ini,2020-01-10
548,laptop,electronics,1397.28,16,22356.48,kogi,sola,2021-05-04
549,mouse,electronics,473.31,12,5679.72,abia,moji,2020-04-15
550,printer,electronics,747.77,39,29163.03,kano,mike,2020-05-16
551,keyboard,electronics,155.45,73,11347.85,lagos,emeka,2020-06-17
552,chair,furniture,715.35,28,20029.8,ogun,sola,2021-02-25
553,flashdrives,electronics,1379.4,28,38623.2,abuja,moji,2020-05-23
554,mouse,electronics,1187.36,50,59368.0,akure,mike,2020-11-18
555,keyboard,electronics,510.62,83,42381.46,abuja,abdul,2020-10-18
556,laptop,electronics,1698.83,85,144400.55,ibadan,abdul,2021-06-14
557,flashdrives,electronics,1028.85,96,98769.6,kogi,taiwo,2020-02-25
558,monitor,electronics,999.88,15,14998.2,katsina,Ini,2020-03-13
559,desktops,electronics,1779.67,2,3559.34,akure,josh,2020-05-15
560,desk,furniture,1724.41,73,125881.93,kogi,josh,2020-06-25
561,chair,furniture,1909.82,99,189072.18,abuja,martins,2020-03-10
562,laptop,electronics,539.13,6,3234.78,lagos,mike,2021-06-02
563,scanner,electronics,1264.57,65,82197.05,imo,mike,2021-03-09
564,desk,furniture,183.21,69,12641.49,kwara,emeka,2020-06-05
565,scanner,electronics,185.52,11,2040.72,kwara,abdul,2020-06-08
566,desktops,electronics,666.97,76,50689.72,ogun,tolu,2020-03-08
567,scanner,electronics,1403.38,94,131917.72,katsina,martins,2020-09-07
568,mouse,electronics,1850.76,15,27761.4,enugu,emeka,2020-02-26
569,scanner,electronics,1338.84,85,113801.4,abia,sola,2020-05-02
570,laptop,electronics,1421.64,90,127947.6,lagos,sola,2021-05-23
571,printer,electronics,1055.55,93,98166.15,ibadan,sola,2021-01-15
572,keyboard,electronics,1504.56,35,52659.6,abia,moji,2020-01-31
573,printer,electronics,1618.07,35,56632.45,kwara,moji,2020-09-26
574,flashdrives,electronics,1262.52,64,80801.28,enugu,dayo,2021-01-03
575,laptop,electronics,1009.23,73,73673.79,kano,josh,2020-06-10
576,scanner,electronics,1551.19,74,114788.06,ogun,moji,2020-08-21
577,desktops,electronics,25.09,2,50.18,katsina,martins,2021-04-28
578,printer,electronics,778.3,20,15566.0,kano,martins,2021-03-05
579,monitor,electronics,657.17,54,35487.18,abia,josh,2020-10-04
580,mouse,electronics,1151.64,16,18426.24,kwara,tolu,2020-02-23
581,keyboard,electronics,461.91,67,30947.97,lagos,mike,2020-03-11
582,chair,furniture,1734.74,100,173474.0,ibadan,josh,2020-03-29
583,desktops,electronics,924.36,48,44369.28,katsina,taiwo,2020-11-07
584,flashdrives,electronics,500.32,48,24015.36,osun,Ini,2020-07-19
585,desktops,electronics,1525.75,32,48824.0,kano,martins,2021-02-23
586,laptop,electronics,481.34,45,21660.3,ogun,martins,2020-12-09
587,laptop,electronics,1522.68,49,74611.32,abia,taiwo,2020-04-16
588,monitor,electronics,1069.03,31,33139.93,kogi,Ini,2020-03-02
589,keyboard,electronics,1429.07,12,17148.84,lagos,abdul,2021-06-16
590,desk,furniture,1407.68,48,67568.64,enugu,moji,2020-04-07
591,desktops,electronics,284.36,51,14502.36,abuja,emeka,2020-03-04
592,desk,furniture,1331.64,17,22637.88,katsina,taiwo,2020-09-24
593,printer,electronics,1853.56,51,94531.56,abia,josh,2020-11-21
594,chair,furniture,558.47,10,5584.7,katsina,sola,2020-04-21
595,keyboard,electronics,229.2,58,13293.6,enugu,josh,2021-02-20
596,mouse,electronics,1081.13,99,107031.87,katsina,Ini,2020-11-11
597,chair,furniture,544.72,16,8715.52,abuja,sola,2020-11-07
598,flashdrives,electronics,99.85,42,4193.7,kano,moji,2020-09-11
599,printer,electronics,804.56,7,5631.92,ogun,taiwo,2020-09-23
600,keyboard,electronics,81.54,52,4240.08,enugu,dayo,2020-09-12
601,mouse,electronics,934.85,18,16827.3,abuja,martins,2020-03-04
602,monitor,electronics,278.82,52,14498.64,akure,tolu,2020-03-27
603,flashdrives,electronics,1180.52,10,11805.2,lagos,moji,2020-07-21
604,chair,furniture,1622.41,12,19468.92,imo,josh,2020-05-05
605,laptop,electronics,1885.72,7,13200.04,kano,emeka,2021-03-19
606,desk,furniture,1002.33,49,49114.17,ogun,mike,2020-06-25
607,printer,electronics,445.14,24,10683.36,ibadan,taiwo,2021-04-01
608,keyboard,electronics,88.61,80,7088.8,osun,abdul,2020-10-29
609,chair,furniture,835.74,71,59337.54,enugu,martins,2020-03-30
610,scanner,electronics,778.37,54,42031.98,katsina,tolu,2021-06-22
611,monitor,electronics,1268.89,70,88822.3,imo,martins,2021-01-26
612,printer,electronics,969.78,63,61096.14,akure,emeka,2021-05-29
613,printer,electronics,788.99,24,18935.76,lagos,josh,2020-08-12
614,laptop,electronics,1793.61,100,179361.0,ibadan,martins,2021-04-28
615,desktops,electronics,727.72,75,54579.0,katsina,sola,2020-04-12
616,monitor,electronics,1320.59,35,46220.65,kwara,martins,2020-08-12
617,flashdrives,electronics,1696.08,50,84804.0,akure,sola,2020-06-29
618,monitor,electronics,1193.19,95,113353.05,abia,josh,2020-01-29
619,printer,electronics,1896.17,73,138420.41,kano,emeka,2020-07-11
620,chair,furniture,1093.41,23,25148.43,enugu,martins,2020-04-02
621,laptop,electronics,480.59,29,13937.11,lagos,dayo,2021-05-04
622,laptop,electronics,676.83,79,53469.57,katsina,sola,2020-12-14
623,keyboard,electronics,1839.19,42,77245.98,lagos,martins,2020-05-31
624,flashdrives,electronics,1415.3,19,26890.7,imo,moji,2021-06-22
625,printer,electronics,1921.91,48,92251.68,abia,tolu,2021-02-09
626,flashdrives,electronics,220.04,39,8581.56,akure,sola,2020-06-10
627,desk,furniture,1587.85,63,100034.55,ogun,josh,2020-06-27
628,desktops,electronics,1393.25,79,110066.75,imo,josh,2020-08-16
629,flashdrives,electronics,1632.62,49,79998.38,ibadan,taiwo,2020-05-10
630,keyboard,electronics,1463.09,90,131678.1,osun,mike,2020-02-03
631,keyboard,electronics,1212.73,79,95805.67,katsina,tolu,2020-04-16
632,chair,furniture,298.47,96,28653.12,abuja,abdul,2020-12-21
633,printer,electronics,352.42,12,4229.04,abia,tolu,2020-12-09
634,chair,furniture,42.56,27,1149.12,katsina,moji,2020-12-24
635,scanner,electronics,1578.3,93,146781.9,lagos,martins,2021-01-30
636,chair,furniture,1470.52,22,32351.44,kogi,Ini,2021-01-22
637,printer,electronics,1101.13,13,14314.69,enugu,emeka,2020-08-18
638,keyboard,electronics,913.55,5,4567.75,ibadan,martins,2020-11-22
639,scanner,electronics,1904.29,10,19042.9,akure,sola,2021-01-19
640,keyboard,electronics,1469.33,71,104322.43,abuja,josh,2021-05-09
641,laptop,electronics,874.02,84,73417.68,kano,emeka,2021-03-20
642,keyboard,electronics,126.04,43,5419.72,katsina,abdul,2021-02-23
643,desktops,electronics,1449.64,94,136266.16,kwara,taiwo,2020-10-15
644,scanner,electronics,490.35,7,3432.45,kogi,emeka,2021-05-17
645,keyboard,electronics,127.92,1,127.92,kogi,moji,2020-10-28
646,flashdrives,electronics,971.05,13,12623.65,lagos,abdul,2020-06-23
647,scanner,electronics,1954.57,61,119228.77,abuja,taiwo,2021-02-11
648,chair,furniture,988.41,85,84014.85,ibadan,moji,2021-01-31
649,keyboard,electronics,754.62,49,36976.38,akure,sola,2021-04-01
650,laptop,electronics,541.33,60,32479.8,ibadan,abdul,2020-10-02
651,flashdrives,electronics,142.05,97,13778.85,abia,tolu,2020-04-09
652,mouse,electronics,1342.92,70,94004.4,kogi,emeka,2020-08-20
653,desktops,electronics,140.75,50,7037.5,kwara,mike,2021-05-01
654,flashdrives,electronics,1765.67,61,107705.87,ibadan,moji,2021-02-08
655,laptop,electronics,1014.16,67,67948.72,imo,emeka,2020-05-30
656,mouse,electronics,1899.52,58,110172.16,kano,sola,2020-08-04
657,monitor,electronics,269.85,55,14841.75,abuja,tolu,2021-03-21
658,monitor,electronics,1994.59,81,161561.79,kano,emeka,2020-09-21
659,printer,electronics,1823.39,9,16410.51,abuja,mike,2021-02-10
660,desktops,electronics,665.73,36,23966.28,kwara,Ini,2020-01-13
661,flashdrives,electronics,1183.4,54,63903.6,abuja,mike,2020-06-02
662,keyboard,electronics,1141.86,75,85639.5,imo,moji,2020-04-18
663,flashdrives,electronics,1563.5,37,57849.5,kwara,josh,2021-02-24
664,scanner,electronics,778.43,63,49041.09,osun,emeka,2021-04-29
665,laptop,electronics,360.96,52,18769.92,kano,emeka,2021-02-15
666,laptop,electronics,803.67,43,34557.81,abia,abdul,2020-02-20
667,chair,furniture,1843.25,48,88476.0,lagos,josh,2020-11-06
668,scanner,electronics,575.09,63,36230.67,abia,tolu,2020-04-10
669,monitor,electronics,286.08,96,27463.68,enugu,josh,2020-10-02
670,desk,furniture,1217.86,12,14614.32,katsina,Ini,2020-08-04
671,desk,furniture,1487.07,98,145732.86,kwara,josh,2020-02-27
672,desktops,electronics,1587.15,9,14284.35,ibadan,dayo,2021-02-17
673,keyboard,electronics,1565.42,68,106448.56,osun,martins,2020-06-26
674,monitor,electronics,1752.86,26,45574.36,lagos,abdul,2020-02-03
675,chair,furniture,120.11,47,5645.17,abia,abdul,2020-10-07
676,printer,electronics,1650.54,65,107285.1,kogi,tolu,2020-05-06
677,laptop,electronics,499.04,63,31439.52,osun,Ini,2020-06-30
678,chair,furniture,1182.02,45,53190.9,akure,sola,2020-09-21
679,mouse,electronics,584.44,50,29222.0,lagos,sola,2020-08-07
680,monitor,electronics,1301.81,87,113257.47,katsina,taiwo,2021-02-23
681,desktops,electronics,59.7,100,5970.0,imo,tolu,2020-01-10
682,chair,furniture,1824.8,83,151458.4,kano,emeka,2020-01-09
683,monitor,electronics,519.73,40,20789.2,abia,tolu,2020-10-08
684,desk,furniture,1793.06,45,80687.7,enugu,taiwo,2020-08-11
685,chair,furniture,618.25,67,41422.75,osun,mike,2020-04-14
686,laptop,electronics,1032.8,85,87788.0,akure,dayo,2020-10-16
687,scanner,electronics,1375.14,62,85258.68,abuja,josh,2020-10-10
688,printer,electronics,1725.75,34,58675.5,ogun,tolu,2020-11-01
689,monitor,electronics,316.86,98,31052.28,katsina,martins,2021-02-17
690,printer,electronics,1367.9,93,127214.7,lagos,tolu,2021-05-24
691,scanner,electronics,533.66,54,28817.64,kogi,mike,2020-02-06
692,flashdrives,electronics,1421.98,74,105226.52,katsina,josh,2020-08-15
693,desktops,electronics,1283.86,61,78315.46,ogun,josh,2021-06-03
694,scanner,electronics,1693.93,85,143984.05,kwara,sola,2020-10-27
695,mouse,electronics,952.15,95,90454.25,ibadan,dayo,2020-07-06
696,printer,electronics,1315.78,29,38157.62,akure,abdul,2020-11-10
697,desk,furniture,1580.42,43,67958.06,akure,taiwo,2020-10-28
698,chair,furniture,1705.4,61,104029.4,lagos,tolu,2020-03-13
699,chair,furniture,1781.06,65,115768.9,abuja,tolu,2021-01-25
700,desktops,electronics,610.74,7,4275.18,kano,sola,2020-07-24
701,printer,electronics,830.2,73,60604.6,enugu,sola,2020-11-19
702,keyboard,electronics,1562.3,63,98424.9,akure,tolu,2020-06-30
703,printer,electronics,1276.31,1,1276.31,enugu,taiwo,2020-08-02
704,keyboard,electronics,1161.03,21,24381.63,enugu,moji,2020-05-12
705,flashdrives,electronics,878.75,55,48331.25,kogi,mike,2021-05-03
706,desk,furniture,29.24,69,2017.56,katsina,josh,2020-01-15
707,printer,electronics,1518.56,68,103262.08,katsina,martins,2020-01-05
708,monitor,electronics,468.01,45,21060.45,ibadan,sola,2020-04-15
709,desk,furniture,1016.61,40,40664.4,kano,moji,2020-02-16
710,scanner,electronics,1897.96,59,111979.64,abia,dayo,2021-06-20
711,printer,electronics,878.66,88,77322.08,kano,josh,2021-05-16
712,printer,electronics,1505.23,22,33115.06,imo,mike,2020-01-20
713,monitor,electronics,464.16,17,7890.72,katsina,martins,2021-05-31
714,keyboard,electronics,263.86,92,24275.12,ogun,martins,2021-01-19
715,scanner,electronics,1547.07,80,123765.6,lagos,emeka,2020-02-19
716,mouse,electronics,1314.06,3,3942.18,lagos,moji,2021-03-02
717,chair,furniture,772.9,71,54875.9,ibadan,Ini,2020-06-05
718,monitor,electronics,1396.48,81,113114.88,lagos,taiwo,2021-03-06
719,mouse,electronics,1331.72,35,46610.2,osun,emeka,2020-05-20
720,desk,furniture,1664.69,14,23305.66,kwara,emeka,2020-04-30
721,scanner,electronics,245.74,14,3440.36,enugu,abdul,2020-07-23
722,scanner,electronics,1666.37,26,43325.62,akure,mike,2020-10-29
723,keyboard,electronics,98.02,64,6273.28,katsina,Ini,2020-12-04
724,monitor,electronics,25.42,86,2186.12,abuja,moji,2021-05-20
725,keyboard,electronics,1899.9,100,189990.0,kwara,moji,2020-04-13
726,scanner,electronics,1295.79,59,76451.61,ibadan,taiwo,2021-04-20
727,laptop,electronics,217.62,23,5005.26,lagos,taiwo,2021-01-03
728,printer,electronics,863.47,15,12952.05,abuja,martins,2020-01-10
729,keyboard,electronics,1333.44,22,29335.68,akure,josh,2021-03-24
730,flashdrives,electronics,551.25,94,51817.5,abuja,josh,2020-12-16
731,keyboard,electronics,245.39,52,12760.28,enugu,taiwo,2021-01-29
732,chair,furniture,1603.8,84,134719.2,imo,sola,2020-04-25
733,keyboard,electronics,1398.42,8,11187.36,kano,moji,2021-03-02
734,flashdrives,electronics,975.7,73,71226.1,ogun,Ini,2020-07-04
735,flashdrives,electronics,771.91,46,35507.86,osun,martins,2020-05-13
736,chair,furniture,1842.39,15,27635.85,kogi,Ini,2020-02-17
737,mouse,electronics,537.99,41,22057.59,lagos,tolu,2021-06-21
738,flashdrives,electronics,1453.07,29,42139.03,ogun,josh,2021-06-15
739,desktops,electronics,1382.72,80,110617.6,abuja,mike,2020-09-11
740,chair,furniture,704.58,87,61298.46,ogun,mike,2020-06-01
741,desktops,electronics,1786.28,79,141116.12,lagos,martins,2020-06-09
742,desktops,electronics,1700.71,64,108845.44,kano,moji,2021-05-18
743,printer,electronics,496.97,36,17890.92,lagos,dayo,2020-08-16
744,desktops,electronics,1293.77,52,67276.04,katsina,moji,2021-04-15
745,chair,furniture,1606.5,58,93177.0,abuja,Ini,2021-04-02
746,printer,electronics,255.04,64,16322.56,abia,tolu,2020-01-19
747,mouse,electronics,818.81,5,4094.05,kwara,dayo,2020-01-01
748,mouse,electronics,1587.73,80,127018.4,ogun,taiwo,2021-06-04
749,desktops,electronics,429.57,86,36943.02,enugu,josh,2021-01-07
750,laptop,electronics,1636.85,59,96574.15,akure,dayo,2021-04-29
751,printer,electronics,1437.51,15,21562.65,abuja,tolu,2020-08-15
752,laptop,electronics,695.89,82,57062.98,imo,taiwo,2021-06-18
753,printer,electronics,1410.15,6,8460.9,kano,Ini,2020-05-23
754,desk,furniture,231.78,79,18310.62,katsina,abdul,2020-05-03
755,desk,furniture,446.87,25,11171.75,abia,josh,2020-04-20
756,desk,furniture,112.07,82,9189.74,ogun,emeka,2020-05-06
757,chair,furniture,925.63,76,70347.88,kwara,sola,2021-05-25
758,laptop,electronics,1070.12,7,7490.84,kwara,mike,2021-05-09
759,desktops,electronics,1566.54,23,36030.42,abia,emeka,2020-06-26
760,keyboard,electronics,225.04,85,19128.4,osun,emeka,2020-11-25
761,desktops,electronics,1765.15,54,95318.1,osun,abdul,2020-10-07
762,desk,furniture,1927.92,38,73260.96,enugu,sola,2020-05-21
763,desk,furniture,1213.0,96,116448.0,kwara,taiwo,2020-11-17
764,desktops,electronics,1272.51,26,33085.26,katsina,emeka,2020-10-24
765,printer,electronics,1843.96,17,31347.32,abia,tolu,2020-07-01
766,desktops,electronics,1094.13,82,89718.66,akure,moji,2020-12-26
767,desktops,electronics,971.13,74,71863.62,ogun,mike,2020-10-19
768,desk,furniture,1620.44,67,108569.48,abuja,martins,2021-01-25
769,keyboard,electronics,125.07,8,1000.56,katsina,taiwo,2020-06-13
770,scanner,electronics,1373.11,19,26089.09,lagos,taiwo,2020-07-27
771,desktops,electronics,83.97,58,4870.26,abuja,emeka,2020-08-17
772,desktops,electronics,790.0,66,52140.0,imo,taiwo,2020-02-18
773,desk,furniture,787.36,88,69287.68,akure,dayo,2020-02-25
774,laptop,electronics,1492.47,26,38804.22,osun,Ini,2020-08-18
775,printer,electronics,1515.11,70,106057.7,abia,emeka,2020-07-20
776,monitor,electronics,602.47,23,13856.81,ogun,moji,2020-07-10
777,keyboard,electronics,1475.46,16,23607.36,kogi,martins,2021-03-14
778,scanner,electronics,1122.07,17,19075.19,kano,emeka,2020-09-18
779,laptop,electronics,674.51,91,61380.41,kano,martins,2020-06-06
780,printer,electronics,1201.82,100,120182.0,ogun,emeka,2020-11-04
781,chair,furniture,1584.02,71,112465.42,akure,moji,2020-11-21
782,desktops,electronics,455.52,24,10932.48,kwara,moji,2021-06-01
783,keyboard,electronics,843.54,69,58204.26,kogi,moji,2020-12-23
784,monitor,electronics,1769.13,85,150376.05,akure,josh,2021-01-04
785,scanner,electronics,452.52,97,43894.44,osun,dayo,2021-05-01
786,desktops,electronics,1650.9,84,138675.6,lagos,moji,2020-12-20
787,chair,furniture,495.89,83,41158.87,osun,emeka,2020-09-06
788,laptop,electronics,1371.45,42,57600.9,kogi,moji,2021-01-30
789,scanner,electronics,1089.67,37,40317.79,lagos,dayo,2021-01-18
790,desktops,electronics,1609.58,58,93355.64,enugu,martins,2020-10-30
791,monitor,electronics,654.22,11,7196.42,abuja,sola,2020-01-08
792,mouse,electronics,437.35,81,35425.35,imo,abdul,2021-03-10
793,mouse,electronics,427.05,90,38434.5,abia,mike,2020-03-14
794,keyboard,electronics,67.03,92,6166.76,akure,martins,2020-03-30
795,mouse,electronics,127.45,33,4205.85,kwara,moji,2020-08-21
796,scanner,electronics,827.11,58,47972.38,ogun,mike,2021-03-19
797,printer,electronics,53.44,87,4649.28,abuja,dayo,2020-01-07
798,flashdrives,electronics,145.21,96,13940.16,osun,martins,2020-03-15
799,printer,electronics,1857.53,14,26005.42,ibadan,tolu,2020-11-04
800,flashdrives,electronics,191.28,98,18745.44,enugu,mike,2021-02-08
801,laptop,electronics,958.5,69,66136.5,katsina,sola,2021-02-04
802,desktops,electronics,604.06,82,49532.92,kano,taiwo,2021-01-17
803,laptop,electronics,1115.98,72,80350.56,kano,moji,2020-02-12
804,laptop,electronics,1153.98,51,58852.98,kwara,dayo,2020-03-28
805,scanner,electronics,435.9,95,41410.5,abia,josh,2020-08-04
806,desk,furniture,1813.14,66,119667.24,kano,sola,2020-07-07
807,monitor,electronics,1241.43,33,40967.19,katsina,moji,2020-07-04
808,flashdrives,electronics,1707.46,97,165623.62,kwara,Ini,2020-03-15
809,scanner,electronics,1349.94,33,44548.02,abuja,abdul,2021-05-13
810,printer,electronics,727.13,86,62533.18,ogun,abdul,2020-04-12
811,scanner,electronics,1246.64,25,31166.0,akure,Ini,2021-04-06
812,printer,electronics,1240.36,40,49614.4,abia,emeka,2020-06-05
813,flashdrives,electronics,1142.39,41,46837.99,kogi,sola,2020-01-05
814,printer,electronics,507.43,29,14715.47,abia,tolu,2021-03-22
815,scanner,electronics,1683.42,18,30301.56,ogun,josh,2021-05-06
816,chair,furniture,901.81,100,90181.0,ibadan,Ini,2020-04-21
817,keyboard,electronics,1298.19,11,14280.09,ibadan,sola,2020-07-20
818,scanner,electronics,1472.42,81,119266.02,abuja,moji,2020-01-20
819,desktops,electronics,1270.62,75,95296.5,osun,mike,2020-08-05
820,laptop,electronics,1112.16,70,77851.2,kwara,Ini,2020-06-01
821,printer,electronics,797.15,99,78917.85,osun,taiwo,2020-05-17
822,chair,furniture,1012.22,12,12146.64,kogi,josh,2021-05-29
823,laptop,electronics,1332.1,79,105235.9,ogun,sola,2021-06-10
824,keyboard,electronics,903.52,23,20780.96,osun,emeka,2020-05-29
825,chair,furniture,1879.57,6,11277.42,katsina,Ini,2020-08-25
826,mouse,electronics,543.43,30,16302.9,lagos,tolu,2020-07-30
827,desktops,electronics,1817.3,47,85413.1,kogi,Ini,2021-04-10
828,laptop,electronics,99.01,84,8316.84,akure,moji,2021-06-17
829,scanner,electronics,1673.05,34,56883.7,osun,dayo,2020-06-27
830,desk,furniture,1314.28,47,61771.16,osun,tolu,2020-03-20
831,desktops,electronics,518.14,29,15026.06,kwara,mike,2020-12-27
832,printer,electronics,983.99,62,61007.38,osun,martins,2021-05-28
833,keyboard,electronics,891.0,30,26730.0,abuja,dayo,2020-10-14
834,monitor,electronics,317.48,21,6667.08,akure,emeka,2020-05-01
835,monitor,electronics,840.94,43,36160.42,abia,moji,2021-05-08
836,chair,furniture,968.46,76,73602.96,kano,tolu,2021-02-24
837,laptop,electronics,502.47,17,8541.99,osun,emeka,2020-06-13
838,keyboard,electronics,1266.49,6,7598.94,osun,sola,2020-02-27
839,keyboard,electronics,531.35,24,12752.4,kwara,mike,2020-01-20
840,scanner,electronics,1895.56,28,53075.68,enugu,emeka,2021-04-27
841,chair,furniture,357.72,53,18959.16,osun,sola,2020-07-05
842,flashdrives,electronics,1326.1,34,45087.4,kano,tolu,2020-12-16
843,chair,furniture,1201.14,9,10810.26,katsina,mike,2021-01-29
844,keyboard,electronics,234.97,26,6109.22,kwara,dayo,2021-03-05
845,keyboard,electronics,1218.91,23,28034.93,enugu,emeka,2020-02-09
846,desktops,electronics,1016.59,16,16265.44,abuja,Ini,2020-05-13
847,flashdrives,electronics,1087.79,1,1087.79,imo,tolu,2021-03-17
848,desktops,electronics,852.95,6,5117.7,abia,dayo,2021-03-15
849,monitor,electronics,1878.07,62,116440.34,imo,mike,2020-12-24
850,flashdrives,electronics,1613.15,98,158088.7,abia,emeka,2020-04-10
851,desk,furniture,285.09,62,17675.58,imo,abdul,2020-03-26
852,scanner,electronics,1204.62,70,84323.4,kogi,taiwo,2020-07-12
853,laptop,electronics,1424.11,1,1424.11,osun,dayo,2020-04-30
854,desktops,electronics,34.24,84,2876.16,katsina,josh,2021-02-22
855,printer,electronics,231.03,55,12706.65,ogun,emeka,2020-09-16
856,scanner,electronics,1712.85,55,94206.75,osun,josh,2020-10-09
857,desk,furniture,1514.84,53,80286.52,kwara,dayo,2021-05-09
858,keyboard,electronics,753.02,72,54217.44,enugu,taiwo,2020-11-10
859,flashdrives,electronics,701.83,91,63866.53,kogi,sola,2020-05-01
860,monitor,electronics,904.26,90,81383.4,kano,moji,2020-08-07
861,desktops,electronics,813.11,44,35776.84,imo,dayo,2020-02-23
862,keyboard,electronics,790.43,82,64815.26,lagos,moji,2020-05-28
863,chair,furniture,1853.21,56,103779.76,abuja,moji,2020-09-26
864,monitor,electronics,754.25,78,58831.5,lagos,mike,2021-02-14
865,flashdrives,electronics,1319.23,37,48811.51,abia,emeka,2020-02-28
866,keyboard,electronics,1287.78,57,73403.46,lagos,abdul,2021-06-14
867,scanner,electronics,405.6,77,31231.2,kwara,dayo,2020-08-25
868,flashdrives,electronics,355.58,5,1777.9,akure,abdul,2020-01-01
869,keyboard,electronics,191.95,36,6910.2,imo,mike,2020-12-27
870,desk,furniture,822.79,26,21392.54,kwara,martins,2020-03-11
871,mouse,electronics,1108.19,93,103061.67,kwara,emeka,2020-12-22
872,printer,electronics,1927.31,36,69383.16,katsina,emeka,2020-07-18
873,chair,furniture,1860.83,74,137701.42,lagos,taiwo,2020-06-28
874,desk,furniture,1022.35,72,73609.2,abuja,dayo,2020-10-28
875,printer,electronics,1895.09,66,125075.94,ibadan,dayo,2020-09-13
876,chair,furniture,1932.79,73,141093.67,enugu,abdul,2020-12-13
877,chair,furniture,1369.56,76,104086.56,lagos,Ini,2020-04-29
878,scanner,electronics,153.76,82,12608.32,imo,abdul,2020-08-23
879,printer,electronics,836.6,46,38483.6,kwara,dayo,2020-01-10
880,scanner,electronics,511.55,12,6138.6,kogi,tolu,2020-12-16
881,mouse,electronics,1118.01,23,25714.23,enugu,josh,2020-12-28
882,monitor,electronics,1790.75,35,62676.25,kano,tolu,2020-07-13
883,chair,furniture,1479.48,31,45863.88,abia,abdul,2020-09-28
884,monitor,electronics,473.83,32,15162.56,osun,josh,2020-06-08
885,mouse,electronics,257.36,11,2830.96,ogun,tolu,2021-05-19
886,flashdrives,electronics,33.11,70,2317.7,lagos,Ini,2021-01-15
887,flashdrives,electronics,644.53,74,47695.22,ibadan,Ini,2020-07-06
888,desktops,electronics,574.93,29,16672.97,imo,emeka,2020-05-11
889,laptop,electronics,1060.96,55,58352.8,enugu,dayo,2020-02-03
890,desktops,electronics,707.63,88,62271.44,imo,sola,2021-04-13
891,mouse,electronics,1402.52,59,82748.68,akure,martins,2020-01-13
892,monitor,electronics,771.27,13,10026.51,akure,josh,2020-09-22
893,keyboard,electronics,1106.16,31,34290.96,ibadan,Ini,2020-12-17
894,printer,electronics,384.15,55,21128.25,katsina,mike,2021-01-16
895,printer,electronics,1711.57,36,61616.52,enugu,sola,2020-05-14
896,flashdrives,electronics,1378.3,13,17917.9,abia,taiwo,2020-08-29
897,desktops,electronics,875.79,49,42913.71,katsina,sola,2020-06-02
898,chair,furniture,1615.22,23,37150.06,kogi,Ini,2020-05-17
899,desktops,electronics,1077.29,41,44168.89,imo,Ini,2020-11-03
900,scanner,electronics,1133.03,73,82711.19,lagos,mike,2020-04-11
901,keyboard,electronics,138.87,33,4582.71,enugu,tolu,2020-04-08
902,chair,furniture,1494.29,34,50805.86,akure,josh,2020-09-20
903,printer,electronics,59.27,16,948.32,akure,tolu,2020-07-22
904,flashdrives,electronics,1160.27,84,97462.68,kwara,sola,2020-10-18
905,printer,electronics,663.68,66,43802.88,enugu,Ini,2020-03-21
906,desk,furniture,1235.05,60,74103.0,ogun,sola,2020-06-20
907,printer,electronics,855.2,79,67560.8,osun,mike,2020-03-14
908,mouse,electronics,340.76,30,10222.8,akure,josh,2020-10-25
909,scanner,electronics,1218.66,51,62151.66,ibadan,Ini,2021-01-06
910,flashdrives,electronics,1051.45,58,60984.1,kogi,sola,2020-07-07
911,laptop,electronics,267.58,31,8294.98,ogun,taiwo,2020-03-22
912,monitor,electronics,350.48,14,4906.72,abuja,moji,2021-04-29
913,desktops,electronics,126.57,99,12530.43,kogi,dayo,2020-03-26
914,mouse,electronics,539.66,20,10793.2,abuja,tolu,2021-02-03
915,scanner,electronics,474.12,95,45041.4,ibadan,Ini,2020-05-09
916,keyboard,electronics,1062.95,22,23384.9,lagos,martins,2020-12-31
917,printer,electronics,1731.2,60,103872.0,kwara,taiwo,2021-03-31
918,keyboard,electronics,1939.69,90,174572.1,kwara,sola,2021-04-12
919,flashdrives,electronics,881.26,82,72263.32,ogun,dayo,2020-11-13
920,printer,electronics,973.67,30,29210.1,imo,moji,2021-03-28
921,scanner,electronics,744.25,34,25304.5,kano,taiwo,2020-01-11
922,laptop,electronics,1056.17,98,103504.66,kano,josh,2020-10-20
923,chair,furniture,1079.5,89,96075.5,enugu,Ini,2020-11-02
924,laptop,electronics,1536.42,38,58383.96,osun,abdul,2020-01-08
925,desktops,electronics,759.81,53,40269.93,kwara,mike,2021-02-08
926,monitor,electronics,343.27,95,32610.65,ogun,mike,2021-01-22
927,monitor,electronics,540.7,55,29738.5,ogun,abdul,2021-06-13
928,flashdrives,electronics,1619.0,88,142472.0,ibadan,taiwo,2020-10-02
929,desk,furniture,392.24,9,3530.16,kano,sola,2020-10-23
930,mouse,electronics,1281.05,80,102484.0,enugu,taiwo,2021-05-18
931,monitor,electronics,654.87,20,13097.4,lagos,dayo,2020-01-23
932,keyboard,electronics,1945.22,37,71973.14,ibadan,sola,2021-03-24
933,laptop,electronics,480.96,20,9619.2,lagos,Ini,2020-08-10
934,printer,electronics,852.08,64,54533.12,akure,Ini,2020-02-02
935,printer,electronics,178.84,97,17347.48,kano,martins,2020-09-29
936,desk,furniture,161.34,61,9841.74,kano,abdul,2020-09-13
937,desk,furniture,1659.94,16,26559.04,imo,abdul,2021-01-29
938,chair,furniture,509.38,5,2546.9,katsina,Ini,2020-04-06
939,desktops,electronics,1338.7,27,36144.9,enugu,mike,2020-11-15
940,printer,electronics,334.05,94,31400.7,lagos,dayo,2021-06-17
941,mouse,electronics,521.56,82,42767.92,ibadan,abdul,2021-01-04
942,laptop,electronics,1730.04,28,48441.12,abuja,abdul,2021-03-20
943,printer,electronics,49.83,36,1793.88,osun,moji,2021-02-09
944,monitor,electronics,37.68,6,226.08,osun,Ini,2020-06-07
945,printer,electronics,1546.18,32,49477.76,kano,Ini,2020-04-03
946,flashdrives,electronics,690.08,98,67627.84,ogun,martins,2020-03-02
947,printer,electronics,1296.26,90,116663.4,kwara,moji,2020-05-08
948,chair,furniture,480.7,72,34610.4,imo,tolu,2020-12-21
949,chair,furniture,1471.71,3,4415.13,abia,mike,2021-01-01
950,keyboard,electronics,516.38,6,3098.28,enugu,Ini,2020-10-28
951,desktops,electronics,1400.13,25,35003.25,osun,sola,2020-12-22
952,printer,electronics,1470.16,36,52925.76,osun,dayo,2020-06-13
953,mouse,electronics,1071.65,58,62155.7,ibadan,taiwo,2021-01-10
954,chair,furniture,21.43,82,1757.26,kwara,mike,2020-07-08
955,laptop,electronics,1247.07,47,58612.29,imo,emeka,2020-09-01
956,printer,electronics,1447.59,85,123045.15,kwara,mike,2020-07-13
957,desktops,electronics,1372.78,99,135905.22,kwara,sola,2020-10-16
958,printer,electronics,831.41,42,34919.22,abuja,moji,2021-06-19
959,mouse,electronics,106.68,17,1813.56,kano,martins,2020-07-25
960,mouse,electronics,981.03,13,12753.39,lagos,emeka,2021-02-01
961,chair,furniture,1061.13,90,95501.7,osun,taiwo,2020-02-20
962,printer,electronics,457.03,92,42046.76,abuja,martins,2020-08-01
963,chair,furniture,1858.24,11,20440.64,enugu,tolu,2020-03-03
964,printer,electronics,1124.88,54,60743.52,akure,martins,2020-09-29
965,desktops,electronics,100.49,10,1004.9,ibadan,moji,2020-08-09
966,desktops,electronics,212.3,93,19743.9,katsina,dayo,2021-01-29
967,monitor,electronics,402.38,85,34202.3,katsina,emeka,2020-07-02
968,desktops,electronics,1503.4,54,81183.6,abia,moji,2021-01-01
969,chair,furniture,1411.05,55,77607.75,abuja,sola,2020-07-03
970,desktops,electronics,815.08,44,35863.52,ogun,sola,2021-03-29
971,printer,electronics,1806.92,71,128291.32,akure,josh,2021-02-26
972,desk,furniture,1655.79,42,69543.18,osun,abdul,2020-08-07
973,desk,furniture,1536.1,96,147465.6,ibadan,josh,2021-04-08
974,chair,furniture,1920.45,1,1920.45,abia,martins,2020-10-18
975,flashdrives,electronics,52.28,18,941.04,ibadan,martins,2020-11-03
976,monitor,electronics,445.35,41,18259.35,lagos,taiwo,2021-06-07
977,desktops,electronics,1149.92,74,85094.08,kano,moji,2020-02-08
978,chair,furniture,724.2,18,13035.6,ibadan,josh,2020-09-12
979,monitor,electronics,527.36,39,20567.04,abuja,emeka,2021-02-13
980,flashdrives,electronics,1837.41,94,172716.54,abuja,josh,2021-05-09
981,keyboard,electronics,986.79,89,87824.31,abia,emeka,2020-04-07
982,flashdrives,electronics,1291.66,5,6458.3,abia,emeka,2021-01-25
983,mouse,electronics,1564.64,99,154899.36,akure,josh,2021-03-20
984,desk,furniture,1861.89,16,29790.24,imo,abdul,2020-01-12
985,desk,furniture,127.17,68,8647.56,lagos,josh,2020-06-02
986,printer,electronics,1014.76,29,29428.04,kano,martins,2021-02-06
987,chair,furniture,1510.62,74,111785.88,kwara,moji,2020-08-15
988,desk,furniture,593.77,51,30282.27,kano,sola,2020-12-10
989,mouse,electronics,962.19,96,92370.24,lagos,dayo,2021-02-12
990,scanner,electronics,188.46,65,12249.9,kogi,sola,2020-05-18
991,chair,furniture,1127.41,63,71026.83,kogi,tolu,2020-07-19
992,desktops,electronics,1239.67,95,117768.65,kwara,abdul,2020-09-05
993,mouse,electronics,547.19,56,30642.64,akure,tolu,2020-04-01
994,mouse,electronics,1350.06,55,74253.3,akure,josh,2020-07-14
995,printer,electronics,702.16,84,58981.44,lagos,taiwo,2020-06-22
996,printer,electronics,1240.12,57,70686.84,osun,sola,2021-03-27
997,laptop,electronics,1849.94,30,55498.2,katsina,tolu,2021-01-17
998,keyboard,electronics,1520.31,11,16723.41,abuja,martins,2020-09-05
999,flashdrives,electronics,1854.92,37,68632.04,lagos,josh,2020-04-23
1000,scanner,electronics,911.12,3,2733.36,akure,abdul,2020-08-04
1001,monitor,electronics,1101.92,97,106886.24,ibadan,dayo,2021-05-09
1002,flashdrives,electronics,1465.25,19,27839.75,abia,tolu,2020-01-19
1003,desk,furniture,1174.35,85,99819.75,kwara,martins,2020-09-18
1004,keyboard,electronics,139.02,26,3614.52,imo,emeka,2020-10-04
1005,laptop,electronics,940.62,2,1881.24,abuja,mike,2020-10-04
1006,printer,electronics,1731.28,3,5193.84,ibadan,tolu,2021-01-30
1007,monitor,electronics,1959.99,66,129359.34,abia,moji,2020-11-19
1008,chair,furniture,1736.21,69,119798.49,abuja,sola,2020-07-22
1009,desktops,electronics,1934.25,72,139266.0,abia,martins,2020-02-10
1010,monitor,electronics,1846.09,40,73843.6,akure,Ini,2021-02-06
1011,keyboard,electronics,56.38,88,4961.44,akure,josh,2020-11-05
1012,monitor,electronics,1992.07,65,129484.55,ibadan,martins,2020-09-20
1013,desk,furniture,1783.0,4,7132.0,kwara,taiwo,2020-08-18
1014,keyboard,electronics,696.74,51,35533.74,ogun,sola,2020-03-30
1015,desk,furniture,1051.02,87,91438.74,osun,tolu,2020-08-20
1016,desk,furniture,495.91,20,9918.2,kogi,taiwo,2020-12-03
1017,chair,furniture,1093.62,27,29527.74,ogun,sola,2020-07-26
1018,keyboard,electronics,631.82,91,57495.62,kwara,sola,2021-03-16
1019,keyboard,electronics,1319.34,73,96311.82,kano,josh,2020-03-10
1020,desktops,electronics,1075.26,93,99999.18,abuja,sola,2020-11-21
1021,keyboard,electronics,1459.62,98,143042.76,akure,mike,2021-02-25
1022,scanner,electronics,897.15,82,73566.3,abia,taiwo,2020-06-04
1023,monitor,electronics,231.41,24,5553.84,lagos,emeka,2020-09-30
1024,flashdrives,electronics,1142.75,30,34282.5,osun,abdul,2020-08-24
1025,laptop,electronics,731.34,89,65089.26,imo,Ini,2020-05-17
1026,desktops,electronics,1695.35,61,103416.35,abia,tolu,2021-01-17
1027,keyboard,electronics,1707.22,63,107554.86,enugu,sola,2020-06-16
1028,monitor,electronics,468.02,53,24805.06,imo,martins,2020-10-03
1029,desk,furniture,460.66,86,39616.76,katsina,abdul,2020-03-08
1030,keyboard,electronics,1855.66,57,105772.62,osun,Ini,2020-11-28
1031,chair,furniture,1777.42,55,97758.1,kogi,martins,2021-01-24
1032,printer,electronics,800.42,96,76840.32,osun,emeka,2021-06-21
1033,laptop,electronics,1050.89,58,60951.62,enugu,martins,2020-09-08
1034,desktops,electronics,1084.98,95,103073.1,lagos,dayo,2021-01-31
1035,desktops,electronics,1535.02,7,10745.14,katsina,taiwo,2021-03-26
1036,desk,furniture,1771.11,100,177111.0,ibadan,Ini,2020-06-19
1037,desk,furniture,602.95,7,4220.65,abia,dayo,2020-05-25
1038,chair,furniture,1663.19,58,96465.02,abuja,dayo,2020-04-25
1039,keyboard,electronics,1561.89,90,140570.1,kwara,sola,2021-02-06
1040,desk,furniture,660.45,4,2641.8,kano,Ini,2020-07-25
1041,chair,furniture,198.56,42,8339.52,abia,tolu,2020-06-16
1042,mouse,electronics,200.56,91,18250.96,enugu,tolu,2021-01-06
1043,mouse,electronics,1057.16,50,52858.0,abia,dayo,2020-06-12
1044,desk,furniture,1109.68,6,6658.08,imo,sola,2020-12-09
1045,flashdrives,electronics,1745.18,20,34903.6,kano,sola,2020-07-02
1046,laptop,electronics,850.77,40,34030.8,abia,Ini,2020-10-22
1047,keyboard,electronics,252.76,17,4296.92,katsina,martins,2020-09-16
1048,laptop,electronics,928.11,64,59399.04,kwara,martins,2021-05-20
1049,monitor,electronics,449.41,85,38199.85,enugu,Ini,2021-02-23
1050,chair,furniture,177.22,77,13645.94,lagos,abdul,2020-10-11
1051,flashdrives,electronics,1264.7,27,34146.9,lagos,sola,2020-05-31
1052,laptop,electronics,1313.49,5,6567.45,kano,martins,2020-11-01
1053,printer,electronics,1842.36,7,12896.52,abuja,mike,2020-07-01
1054,keyboard,electronics,1350.74,79,106708.46,ogun,emeka,2020-06-30
1055,chair,furniture,1503.68,47,70672.96,lagos,moji,2020-11-02
1056,printer,electronics,749.77,49,36738.73,abuja,mike,2020-03-07
1057,scanner,electronics,952.22,16,15235.52,abia,taiwo,2020-12-03
1058,desktops,electronics,839.24,27,22659.48,abia,abdul,2020-02-29
1059,mouse,electronics,1151.31,81,93256.11,kwara,moji,2021-05-10
1060,flashdrives,electronics,1869.11,91,170089.01,ibadan,mike,2020-11-20
1061,scanner,electronics,1060.27,80,84821.6,akure,sola,2021-05-23
1062,desktops,electronics,1463.79,64,93682.56,enugu,sola,2020-08-26
1063,scanner,electronics,1958.93,1,1958.93,abuja,martins,2021-04-21
1064,mouse,electronics,1480.19,27,39965.13,imo,emeka,2021-02-28
1065,desk,furniture,110.07,45,4953.15,kwara,tolu,2020-08-05
1066,laptop,electronics,1288.42,89,114669.38,ibadan,taiwo,2020-03-10
1067,scanner,electronics,614.56,71,43633.76,akure,martins,2020-04-26
1068,printer,electronics,695.9,93,64718.7,osun,emeka,2020-01-30
1069,keyboard,electronics,404.15,44,17782.6,ogun,Ini,2021-04-30
1070,laptop,electronics,1298.39,62,80500.18,kano,tolu,2021-04-16
1071,desktops,electronics,1793.94,60,107636.4,imo,mike,2020-02-27
1072,desktops,electronics,612.7,93,56981.1,ogun,josh,2020-01-20
1073,monitor,electronics,1163.25,43,50019.75,imo,josh,2020-03-08
1074,keyboard,electronics,575.31,4,2301.24,akure,mike,2020-06-18
1075,flashdrives,electronics,1219.26,24,29262.24,osun,moji,2020-11-11
1076,printer,electronics,1425.48,35,49891.8,kogi,moji,2021-05-23
1077,monitor,electronics,755.74,39,29473.86,katsina,dayo,2020-11-05
1078,keyboard,electronics,242.22,5,1211.1,imo,abdul,2020-04-04
1079,chair,furniture,1021.87,62,63355.94,kwara,sola,2020-07-13
1080,printer,electronics,1848.8,94,173787.2,kwara,taiwo,2020-12-01
1081,keyboard,electronics,1543.57,13,20066.41,kwara,tolu,2020-05-15
1082,monitor,electronics,1454.65,59,85824.35,kogi,dayo,2020-04-28
1083,laptop,electronics,635.74,6,3814.44,ogun,emeka,2020-03-30
1084,printer,electronics,944.41,6,5666.46,abuja,dayo,2020-11-15
1085,laptop,electronics,1163.57,40,46542.8,ogun,abdul,2020-11-24
1086,monitor,electronics,401.24,36,14444.64,kwara,josh,2021-03-27
1087,mouse,electronics,559.86,21,11757.06,ibadan,moji,2020-01-16
1088,flashdrives,electronics,1128.06,14,15792.84,katsina,dayo,2020-12-24
1089,desktops,electronics,650.6,19,12361.4,abia,taiwo,2020-09-07
1090,keyboard,electronics,161.06,79,12723.74,akure,dayo,2021-03-30
1091,laptop,electronics,277.55,61,16930.55,ogun,martins,2020-04-18
1092,desk,furniture,126.52,55,6958.6,kogi,sola,2021-04-01
1093,flashdrives,electronics,724.14,43,31138.02,katsina,tolu,2020-03-21
1094,chair,furniture,1144.22,12,13730.64,imo,Ini,2020-04-09
1095,chair,furniture,634.58,83,52670.14,abia,Ini,2021-04-26
1096,monitor,electronics,1895.95,19,36023.05,osun,taiwo,2021-01-07
1097,desk,furniture,383.04,86,32941.44,akure,josh,2021-04-09
1098,chair,furniture,79.92,61,4875.12,abuja,josh,2021-05-05
1099,chair,furniture,1694.62,37,62700.94,imo,josh,2020-05-10
1100,desktops,electronics,223.81,92,20590.52,imo,moji,2020-11-29
1101,desktops,electronics,1305.91,39,50930.49,kwara,Ini,2021-02-14
1102,flashdrives,electronics,838.61,80,67088.8,katsina,dayo,2020-06-11
1103,chair,furniture,779.96,44,34318.24,katsina,emeka,2021-03-17
1104,desk,furniture,1143.08,44,50295.52,kwara,abdul,2020-06-26
1105,mouse,electronics,1483.95,92,136523.4,osun,Ini,2020-04-27
1106,flashdrives,electronics,1200.23,42,50409.66,kwara,moji,2021-03-31
1107,keyboard,electronics,629.91,52,32755.32,abuja,emeka,2020-04-21
1108,flashdrives,electronics,1547.26,49,75815.74,akure,Ini,2020-03-03
1109,mouse,electronics,450.87,18,8115.66,osun,tolu,2020-01-01
1110,keyboard,electronics,1328.55,58,77055.9,kwara,taiwo,2021-02-03
1111,flashdrives,electronics,1164.3,26,30271.8,katsina,tolu,2020-11-20
1112,scanner,electronics,1149.15,87,99976.05,ibadan,mike,2020-12-18
1113,mouse,electronics,1173.8,79,92730.2,kwara,mike,2020-05-10
1114,scanner,electronics,143.57,71,10193.47,lagos,martins,2021-01-02
1115,mouse,electronics,1725.27,4,6901.08,katsina,mike,2021-02-07
1116,printer,electronics,1429.31,52,74324.12,kogi,mike,2020-08-04
1117,keyboard,electronics,960.25,25,24006.25,kwara,mike,2021-01-03
1118,desk,furniture,325.45,86,27988.7,kano,sola,2020-01-12
1119,mouse,electronics,1303.81,19,24772.39,abia,Ini,2021-03-23
1120,keyboard,electronics,187.63,83,15573.29,imo,mike,2021-04-11
1121,flashdrives,electronics,1862.02,80,148961.6,kano,Ini,2021-06-05
1122,desk,furniture,1113.06,58,64557.48,kogi,josh,2020-08-19
1123,keyboard,electronics,861.05,1,861.05,osun,Ini,2020-08-30
1124,desktops,electronics,553.12,70,38718.4,osun,josh,2020-02-04
1125,laptop,electronics,1144.94,91,104189.54,akure,moji,2021-05-08
1126,mouse,electronics,301.33,94,28325.02,kwara,taiwo,2021-04-21
1127,desktops,electronics,174.9,79,13817.1,abuja,abdul,2021-04-28
1128,mouse,electronics,1374.47,70,96212.9,imo,emeka,2020-11-15
1129,flashdrives,electronics,124.49,44,5477.56,kwara,martins,2021-04-25
1130,chair,furniture,1035.07,61,63139.27,osun,josh,2021-03-07
1131,printer,electronics,1921.95,38,73034.1,ibadan,sola,2020-02-06
1132,flashdrives,electronics,1503.86,94,141362.84,imo,emeka,2020-09-23
1133,laptop,electronics,1266.01,75,94950.75,kano,emeka,2020-02-22
1134,scanner,electronics,1621.61,80,129728.8,lagos,taiwo,2021-05-11
1135,mouse,electronics,271.11,10,2711.1,imo,taiwo,2020-09-15
1136,keyboard,electronics,1239.28,36,44614.08,ibadan,martins,2020-04-24
1137,flashdrives,electronics,365.74,76,27796.24,abia,sola,2021-04-02
1138,printer,electronics,1619.52,34,55063.68,imo,abdul,2021-05-11
1139,keyboard,electronics,1602.76,5,8013.8,akure,moji,2020-05-28
1140,flashdrives,electronics,1869.2,20,37384.0,enugu,mike,2021-01-27
1141,monitor,electronics,1328.12,93,123515.16,ogun,sola,2020-08-03
1142,flashdrives,electronics,1474.03,45,66331.35,lagos,tolu,2020-09-27
1143,mouse,electronics,124.0,60,7440.0,kogi,Ini,2020-11-04
1144,chair,furniture,1497.38,97,145245.86,kwara,abdul,2021-01-23
1145,desk,furniture,959.69,19,18234.11,kwara,mike,2020-01-13
1146,scanner,electronics,1855.9,58,107642.2,kogi,tolu,2020-11-19
1147,desktops,electronics,1372.1,6,8232.6,abuja,dayo,2020-12-28
1148,desk,furniture,1228.76,84,103215.84,ibadan,josh,2020-10-03
1149,scanner,electronics,1608.59,33,53083.47,ogun,emeka,2021-02-04
1150,chair,furniture,1550.84,96,148880.64,katsina,tolu,2020-07-18
1151,desktops,electronics,688.07,89,61238.23,kano,josh,2020-01-11
1152,laptop,electronics,1666.75,2,3333.5,kogi,moji,2021-06-21
1153,mouse,electronics,1377.29,45,61978.05,katsina,taiwo,2020-09-14
1154,monitor,electronics,87.4,80,6992.0,abuja,martins,2020-08-10
1155,flashdrives,electronics,1283.4,91,116789.4,abuja,moji,2020-05-13
1156,desk,furniture,1319.66,83,109531.78,osun,sola,2020-04-23
1157,keyboard,electronics,521.6,60,31296.0,ogun,moji,2021-04-09
1158,scanner,electronics,1543.33,89,137356.37,ogun,josh,2020-09-20
1159,keyboard,electronics,1565.85,36,56370.6,imo,martins,2021-01-26
1160,desk,furniture,678.66,8,5429.28,ibadan,taiwo,2020-07-01
1161,chair,furniture,157.41,26,4092.66,osun,mike,2020-07-01
1162,chair,furniture,234.69,70,16428.3,imo,mike,2020-08-11
1163,flashdrives,electronics,1293.81,57,73747.17,abia,taiwo,2020-04-15
1164,laptop,electronics,164.38,74,12164.12,abia,taiwo,2021-04-01
1165,laptop,electronics,1795.09,20,35901.8,ogun,tolu,2020-01-01
1166,laptop,electronics,1335.92,35,46757.2,kano,josh,2021-02-04
1167,flashdrives,electronics,27.33,91,2487.03,imo,Ini,2021-05-04
1168,desk,furniture,819.75,94,77056.5,imo,moji,2020-08-19
1169,laptop,electronics,781.16,89,69523.24,imo,Ini,2020-05-04
1170,flashdrives,electronics,1079.9,46,49675.4,akure,tolu,2020-11-06
1171,desk,furniture,129.29,83,10731.07,abuja,josh,2020-12-14
1172,mouse,electronics,1685.54,98,165182.92,imo,taiwo,2020-07-26
1173,keyboard,electronics,1117.86,50,55893.0,ogun,abdul,2020-11-02
1174,desk,furniture,1794.99,81,145394.19,abia,josh,2021-05-13
1175,mouse,electronics,1772.72,57,101045.04,abia,abdul,2020-05-23
1176,laptop,electronics,402.32,93,37415.76,osun,abdul,2021-05-15
1177,desk,furniture,144.73,70,10131.1,ogun,taiwo,2021-05-26
1178,desktops,electronics,1930.61,58,111975.38,lagos,martins,2020-12-13
1179,laptop,electronics,688.68,93,64047.24,lagos,mike,2020-05-01
1180,monitor,electronics,1618.07,86,139154.02,kwara,Ini,2020-06-01
1181,flashdrives,electronics,481.31,10,4813.1,lagos,sola,2021-05-15
1182,laptop,electronics,953.01,80,76240.8,lagos,abdul,2020-05-13
1183,laptop,electronics,361.05,7,2527.35,ibadan,moji,2021-04-12
1184,flashdrives,electronics,357.96,76,27204.96,abuja,moji,2020-04-26
1185,chair,furniture,1198.06,79,94646.74,katsina,moji,2020-07-26
1186,desk,furniture,687.94,95,65354.3,ogun,mike,2020-11-28
1187,mouse,electronics,1952.19,74,144462.06,kwara,sola,2020-11-25
1188,monitor,electronics,1533.17,76,116520.92,kano,josh,2020-03-05
1189,mouse,electronics,562.31,97,54544.07,kogi,sola,2021-01-13
1190,desktops,electronics,346.71,32,11094.72,osun,martins,2020-05-16
1191,mouse,electronics,1586.28,81,128488.68,osun,mike,2020-06-10
1192,laptop,electronics,1761.66,11,19378.26,lagos,martins,2020-07-02
1193,mouse,electronics,1419.35,76,107870.6,ibadan,mike,2021-05-02
1194,keyboard,electronics,428.2,82,35112.4,ibadan,dayo,2021-04-06
1195,desk,furniture,493.72,23,11355.56,osun,martins,2020-07-03
1196,chair,furniture,1231.86,12,14782.32,ogun,taiwo,2020-12-22
1197,desk,furniture,29.05,31,900.55,katsina,moji,2020-04-07
1198,flashdrives,electronics,736.56,98,72182.88,kwara,dayo,2020-08-12
1199,chair,furniture,1545.26,85,131347.1,katsina,taiwo,2020-02-24
1200,monitor,electronics,243.1,20,4862.0,ogun,Ini,2021-05-24
1201,keyboard,electronics,336.32,6,2017.92,lagos,tolu,2021-01-07
1202,scanner,electronics,434.99,33,14354.67,akure,emeka,2021-04-09
1203,laptop,electronics,226.75,7,1587.25,kwara,sola,2020-06-10
1204,laptop,electronics,980.42,15,14706.3,abuja,abdul,2021-03-31
1205,flashdrives,electronics,1167.93,54,63068.22,katsina,tolu,2020-11-29
1206,monitor,electronics,1562.37,42,65619.54,katsina,moji,2020-08-30
1207,desk,furniture,1742.37,49,85376.13,katsina,moji,2021-04-27
1208,flashdrives,electronics,979.13,56,54831.28,kano,abdul,2021-04-10
1209,keyboard,electronics,786.91,18,14164.38,enugu,abdul,2021-01-02
1210,scanner,electronics,420.38,17,7146.46,lagos,emeka,2020-03-02
1211,scanner,electronics,290.27,60,17416.2,enugu,mike,2020-06-24
1212,printer,electronics,455.31,38,17301.78,osun,sola,2020-06-23
1213,flashdrives,electronics,1940.87,30,58226.1,abuja,mike,2021-06-18
1214,chair,furniture,1727.15,28,48360.2,osun,Ini,2021-04-18
1215,scanner,electronics,48.72,55,2679.6,abia,abdul,2020-09-10
1216,printer,electronics,879.81,29,25514.49,osun,sola,2020-01-06
1217,desk,furniture,1960.76,6,11764.56,enugu,dayo,2020-02-04
1218,desk,furniture,1071.62,62,66440.44,imo,moji,2021-04-08
1219,chair,furniture,496.21,72,35727.12,imo,martins,2021-02-20
1220,monitor,electronics,282.77,38,10745.26,katsina,tolu,2020-04-02
1221,laptop,electronics,969.97,40,38798.8,kano,Ini,2020-01-25
1222,chair,furniture,938.25,18,16888.5,abia,mike,2020-07-08
1223,printer,electronics,1261.09,91,114759.19,ogun,martins,2020-03-13
1224,desk,furniture,1789.0,43,76927.0,kwara,martins,2020-10-30
1225,desk,furniture,1510.72,90,135964.8,osun,dayo,2020-07-31
1226,mouse,electronics,1248.5,43,53685.5,abia,martins,2021-06-11
1227,printer,electronics,1778.2,15,26673.0,kogi,josh,2021-04-21
1228,flashdrives,electronics,100.93,47,4743.71,kano,tolu,2020-03-09
1229,desktops,electronics,1424.49,27,38461.23,kano,josh,2020-09-01
1230,desktops,electronics,244.84,62,15180.08,abia,emeka,2020-08-02
1231,monitor,electronics,654.52,35,22908.2,kwara,tolu,2021-03-09
1232,scanner,electronics,127.83,48,6135.84,akure,Ini,2021-05-12
1233,desktops,electronics,1062.83,16,17005.28,enugu,dayo,2020-10-26
1234,chair,furniture,1249.48,87,108704.76,abia,moji,2020-07-11
1235,chair,furniture,192.87,51,9836.37,kano,taiwo,2020-03-19
1236,mouse,electronics,346.24,15,5193.6,abia,sola,2021-05-23
1237,keyboard,electronics,1752.49,67,117416.83,ogun,martins,2020-10-27
1238,desk,furniture,1939.76,70,135783.2,kano,Ini,2020-12-21
1239,desk,furniture,898.84,83,74603.72,lagos,taiwo,2020-07-12
1240,mouse,electronics,63.63,30,1908.9,kwara,tolu,2020-12-09
1241,desk,furniture,1165.84,84,97930.56,ogun,josh,2021-05-12
1242,flashdrives,electronics,1338.39,68,91010.52,kwara,Ini,2021-04-13
1243,scanner,electronics,1143.16,40,45726.4,kano,taiwo,2020-08-20
1244,chair,furniture,756.37,37,27985.69,imo,martins,2020-05-31
1245,printer,electronics,583.08,22,12827.76,osun,sola,2020-10-19
1246,keyboard,electronics,1946.95,91,177172.45,abia,tolu,2020-06-06
1247,keyboard,electronics,491.05,6,2946.3,akure,emeka,2020-05-09
1248,chair,furniture,535.61,24,12854.64,katsina,dayo,2020-02-05
1249,printer,electronics,1956.48,19,37173.12,akure,Ini,2020-06-15
1250,desktops,electronics,617.09,4,2468.36,kogi,Ini,2020-05-28
1251,chair,furniture,1857.07,20,37141.4,lagos,dayo,2021-06-03
1252,printer,electronics,1301.54,38,49458.52,enugu,taiwo,2020-05-30
1253,flashdrives,electronics,1462.52,57,83363.64,akure,moji,2021-05-05
1254,laptop,electronics,296.06,71,21020.26,abuja,taiwo,2020-01-26
1255,desk,furniture,1242.69,29,36038.01,enugu,josh,2020-04-04
1256,printer,electronics,128.97,83,10704.51,katsina,emeka,2021-06-23
1257,monitor,electronics,1566.94,99,155127.06,ibadan,abdul,2020-01-24
1258,mouse,electronics,1086.06,58,62991.48,ogun,tolu,2020-03-30
1259,desktops,electronics,800.96,63,50460.48,akure,emeka,2021-06-07
1260,laptop,electronics,1818.72,47,85479.84,kogi,sola,2021-03-13
1261,printer,electronics,784.5,2,1569.0,ibadan,josh,2020-12-25
1262,scanner,electronics,1955.5,72,140796.0,abuja,abdul,2021-03-30
1263,desk,furniture,1611.3,37,59618.1,kano,mike,2021-02-28
1264,keyboard,electronics,1674.31,77,128921.87,abuja,sola,2020-07-31
1265,scanner,electronics,959.73,68,65261.64,akure,moji,2021-01-19
1266,mouse,electronics,33.11,82,2715.02,ibadan,mike,2020-06-28
1267,desktops,electronics,935.0,73,68255.0,imo,sola,2020-07-23
1268,keyboard,electronics,1667.92,38,63380.96,kwara,Ini,2020-02-13
1269,scanner,electronics,1672.48,39,65226.72,enugu,dayo,2021-04-19
1270,monitor,electronics,73.14,1,73.14,kano,taiwo,2020-11-03
1271,chair,furniture,265.87,86,22864.82,ibadan,mike,2020-07-02
1272,chair,furniture,1815.45,83,150682.35,katsina,martins,2020-05-02
1273,scanner,electronics,996.24,9,8966.16,osun,josh,2021-05-07
1274,flashdrives,electronics,883.42,34,30036.28,ogun,tolu,2021-05-02
1275,mouse,electronics,758.94,94,71340.36,osun,martins,2020-09-22
1276,keyboard,electronics,1171.68,19,22261.92,akure,Ini,2020-05-18
1277,printer,electronics,343.35,35,12017.25,akure,mike,2020-12-30
1278,laptop,electronics,593.92,68,40386.56,ogun,moji,2021-06-10
1279,monitor,electronics,1537.56,24,36901.44,imo,moji,2020-06-20
1280,desktops,electronics,658.76,41,27009.16,ogun,taiwo,2020-10-04
1281,printer,electronics,209.75,75,15731.25,akure,sola,2020-01-14
1282,keyboard,electronics,1045.98,48,50207.04,imo,Ini,2021-02-25
1283,printer,electronics,1843.4,21,38711.4,abuja,abdul,2020-06-07
1284,desktops,electronics,457.8,25,11445.0,imo,dayo,2021-06-22
1285,desktops,electronics,1430.84,90,128775.6,imo,moji,2021-03-03
1286,chair,furniture,1833.74,15,27506.1,kano,martins,2021-05-06
1287,printer,electronics,636.92,47,29935.24,kano,Ini,2021-06-19
1288,printer,electronics,360.97,39,14077.83,lagos,moji,2020-08-15
1289,keyboard,electronics,1716.49,19,32613.31,abia,abdul,2020-11-10
1290,keyboard,electronics,435.49,11,4790.39,kogi,moji,2020-03-20
1291,laptop,electronics,1553.89,97,150727.33,kogi,martins,2020-07-20
1292,mouse,electronics,84.93,85,7219.05,kwara,emeka,2020-03-01
1293,chair,furniture,255.47,33,8430.51,lagos,moji,2020-11-04
1294,laptop,electronics,1514.01,16,24224.16,osun,abdul,2020-07-23
1295,keyboard,electronics,1347.79,4,5391.16,abuja,sola,2020-10-11
1296,flashdrives,electronics,708.72,21,14883.12,kwara,emeka,2020-09-04
1297,desktops,electronics,1149.07,13,14937.91,osun,martins,2020-08-10
1298,monitor,electronics,1929.24,22,42443.28,imo,dayo,2020-01-05
1299,mouse,electronics,1849.98,65,120248.7,abia,Ini,2021-01-10
1300,flashdrives,electronics,386.55,87,33629.85,abuja,sola,2020-12-29
1301,desk,furniture,859.7,66,56740.2,katsina,mike,2020-04-25
1302,printer,electronics,264.76,15,3971.4,kwara,sola,2021-05-22
1303,printer,electronics,1415.37,72,101906.64,abia,martins,2020-03-25
1304,printer,electronics,997.55,50,49877.5,ibadan,Ini,2020-11-15
1305,chair,furniture,467.23,53,24763.19,ibadan,mike,2020-07-12
1306,mouse,electronics,1791.61,61,109288.21,ogun,josh,2020-07-02
1307,laptop,electronics,1997.47,63,125840.61,ogun,moji,2021-02-09
1308,chair,furniture,1054.87,87,91773.69,abuja,moji,2020-05-26
1309,desk,furniture,813.24,76,61806.24,abuja,sola,2020-03-07
1310,printer,electronics,1950.91,44,85840.04,katsina,emeka,2021-02-17
1311,mouse,electronics,481.08,55,26459.4,abia,Ini,2020-10-12
1312,flashdrives,electronics,1195.43,97,115956.71,imo,tolu,2021-02-13
1313,printer,electronics,962.14,78,75046.92,kogi,Ini,2021-06-07
1314,scanner,electronics,311.8,59,18396.2,abuja,moji,2020-09-13
1315,chair,furniture,1004.6,81,81372.6,kano,martins,2020-04-11
1316,laptop,electronics,1664.02,64,106497.28,ogun,martins,2020-07-02
1317,desk,furniture,1217.08,42,51117.36,kano,taiwo,2020-04-08
1318,mouse,electronics,1328.94,67,89038.98,imo,Ini,2021-04-22
1319,monitor,electronics,601.25,64,38480.0,enugu,dayo,2020-09-24
1320,desktops,electronics,700.36,70,49025.2,kwara,martins,2020-02-02
1321,desk,furniture,1762.65,16,28202.4,kogi,Ini,2020-11-18
1322,desk,furniture,896.26,5,4481.3,lagos,sola,2020-11-06
1323,keyboard,electronics,993.13,18,17876.34,ibadan,mike,2021-05-14
1324,mouse,electronics,1146.33,63,72218.79,ogun,dayo,2021-04-26
1325,chair,furniture,1133.27,21,23798.67,kwara,martins,2021-02-04
1326,scanner,electronics,999.49,49,48975.01,osun,tolu,2020-12-27
1327,scanner,electronics,654.56,4,2618.24,osun,martins,2020-05-11
1328,printer,electronics,710.78,95,67524.1,osun,martins,2020-12-15
1329,desk,furniture,212.75,45,9573.75,akure,mike,2020-12-25
1330,laptop,electronics,1329.26,32,42536.32,katsina,tolu,2020-11-15
1331,flashdrives,electronics,188.18,89,16748.02,abuja,taiwo,2020-04-27
1332,printer,electronics,356.16,69,24575.04,akure,martins,2021-04-16
1333,desk,furniture,1144.74,54,61815.96,ibadan,martins,2021-04-25
1334,flashdrives,electronics,64.03,41,2625.23,kogi,emeka,2021-02-03
1335,printer,electronics,1153.63,63,72678.69,abuja,tolu,2020-07-29
1336,printer,electronics,1003.53,98,98345.94,ogun,josh,2020-06-19
1337,flashdrives,electronics,613.05,56,34330.8,katsina,Ini,2020-03-18
1338,desktops,electronics,443.88,34,15091.92,lagos,taiwo,2021-02-15
1339,monitor,electronics,1256.65,12,15079.8,abia,emeka,2020-04-07
1340,flashdrives,electronics,686.94,9,6182.46,osun,dayo,2021-05-01
1341,desk,furniture,435.28,10,4352.8,ogun,taiwo,2021-05-31
1342,scanner,electronics,877.16,70,61401.2,akure,abdul,2021-02-28
1343,desk,furniture,517.5,66,34155.0,enugu,tolu,2020-07-03
1344,laptop,electronics,1263.13,67,84629.71,kano,emeka,2021-05-26
1345,monitor,electronics,1328.4,96,127526.4,enugu,taiwo,2021-03-20
1346,flashdrives,electronics,1458.7,8,11669.6,kwara,abdul,2021-01-08
1347,chair,furniture,312.53,20,6250.6,abia,tolu,2020-11-03
1348,desk,furniture,832.32,9,7490.88,ogun,abdul,2021-02-26
1349,scanner,electronics,1650.95,83,137028.85,kano,taiwo,2020-08-29
1350,desk,furniture,492.2,20,9844.0,katsina,martins,2020-09-08
1351,scanner,electronics,939.04,72,67610.88,kogi,mike,2020-02-07
1352,monitor,electronics,335.53,18,6039.54,lagos,taiwo,2020-10-11
1353,desktops,electronics,368.45,6,2210.7,abia,Ini,2020-01-21
1354,laptop,electronics,1721.98,11,18941.78,akure,emeka,2020-11-01
1355,mouse,electronics,1803.14,53,95566.42,akure,tolu,2020-04-02
1356,desk,furniture,1887.46,93,175533.78,kano,abdul,2020-04-24
1357,flashdrives,electronics,1474.27,16,23588.32,kwara,tolu,2021-06-21
1358,scanner,electronics,1002.97,12,12035.64,katsina,emeka,2020-05-05
1359,printer,electronics,671.99,75,50399.25,abia,mike,2020-08-29
1360,desk,furniture,451.66,14,6323.24,kano,abdul,2020-10-08
1361,chair,furniture,828.58,76,62972.08,lagos,Ini,2021-01-18
1362,mouse,electronics,646.65,55,35565.75,enugu,tolu,2020-09-09
1363,scanner,electronics,1761.28,19,33464.32,akure,Ini,2021-01-11
1364,scanner,electronics,61.73,78,4814.94,lagos,tolu,2020-02-25
1365,monitor,electronics,520.91,50,26045.5,ibadan,tolu,2021-01-06
1366,mouse,electronics,1079.12,31,33452.72,enugu,mike,2020-01-09
1367,desk,furniture,1856.46,33,61263.18,ibadan,moji,2020-08-29
1368,scanner,electronics,436.57,21,9167.97,enugu,tolu,2020-11-20
1369,desk,furniture,1582.85,36,56982.6,abuja,Ini,2021-04-27
1370,desk,furniture,1854.46,43,79741.78,abia,mike,2020-04-12
1371,keyboard,electronics,1402.99,65,91194.35,abuja,josh,2021-03-06
1372,flashdrives,electronics,1463.88,71,103935.48,abia,josh,2021-04-09
1373,laptop,electronics,1528.71,83,126882.93,ogun,sola,2021-03-30
1374,keyboard,electronics,26.09,26,678.34,ogun,taiwo,2020-11-17
1375,flashdrives,electronics,182.82,21,3839.22,katsina,dayo,2020-05-13
1376,flashdrives,electronics,1377.79,41,56489.39,enugu,Ini,2020-05-16
1377,scanner,electronics,363.49,76,27625.24,akure,taiwo,2020-07-22
1378,mouse,electronics,840.7,24,20176.8,kogi,mike,2020-08-17
1379,laptop,electronics,1897.26,72,136602.72,ogun,emeka,2020-08-22
1380,mouse,electronics,1948.77,26,50668.02,ibadan,sola,2020-02-20
1381,desk,furniture,1243.65,77,95761.05,ibadan,sola,2020-04-01
1382,printer,electronics,356.84,73,26049.32,abuja,martins,2021-06-22
1383,desk,furniture,1551.25,59,91523.75,ogun,Ini,2020-05-01
1384,monitor,electronics,1432.86,25,35821.5,imo,taiwo,2020-10-21
1385,chair,furniture,776.51,56,43484.56,katsina,emeka,2020-08-08
1386,scanner,electronics,1458.88,25,36472.0,kogi,sola,2021-02-22
1387,keyboard,electronics,76.97,34,2616.98,katsina,emeka,2021-04-06
1388,monitor,electronics,751.88,88,66165.44,ogun,Ini,2020-03-28
1389,laptop,electronics,948.39,42,39832.38,abia,mike,2020-08-05
1390,desk,furniture,1422.74,95,135160.3,osun,taiwo,2020-03-15
1391,mouse,electronics,1122.86,7,7860.02,akure,abdul,2021-04-27
1392,printer,electronics,1993.54,86,171444.44,imo,emeka,2020-02-16
1393,laptop,electronics,522.24,80,41779.2,kogi,taiwo,2021-02-08
1394,printer,electronics,281.83,72,20291.76,lagos,emeka,2020-07-02
1395,scanner,electronics,356.34,64,22805.76,akure,Ini,2020-05-15
1396,mouse,electronics,648.29,68,44083.72,kogi,sola,2020-09-23
1397,mouse,electronics,640.27,17,10884.59,enugu,taiwo,2021-01-04
1398,desk,furniture,580.19,34,19726.46,osun,taiwo,2021-06-13
1399,printer,electronics,882.84,22,19422.48,akure,Ini,2020-06-03
1400,desktops,electronics,1709.01,85,145265.85,ogun,Ini,2020-02-24
1401,monitor,electronics,314.27,30,9428.1,kano,martins,2021-04-26
1402,scanner,electronics,343.84,60,20630.4,kogi,moji,2021-05-21
1403,laptop,electronics,894.21,91,81373.11,kwara,Ini,2021-04-13
1404,chair,furniture,242.73,93,22573.89,kano,moji,2020-12-23
1405,mouse,electronics,423.39,37,15665.43,kano,sola,2021-06-04
1406,scanner,electronics,1135.23,85,96494.55,osun,abdul,2020-01-05
1407,desktops,electronics,1538.36,24,36920.64,kogi,moji,2020-09-09
1408,chair,furniture,1360.28,43,58492.04,lagos,taiwo,2020-05-04
1409,desk,furniture,759.65,14,10635.1,akure,sola,2020-01-30
1410,mouse,electronics,931.26,91,84744.66,ogun,Ini,2021-04-09
1411,scanner,electronics,1196.52,1,1196.52,akure,martins,2021-04-08
1412,printer,electronics,1895.89,94,178213.66,imo,emeka,2020-05-12
1413,monitor,electronics,1729.29,83,143531.07,ibadan,josh,2020-02-26
1414,mouse,electronics,1103.37,78,86062.86,kogi,moji,2021-02-12
1415,scanner,electronics,372.46,99,36873.54,kogi,moji,2020-01-22
1416,monitor,electronics,342.62,100,34262.0,kogi,taiwo,2020-06-06
1417,mouse,electronics,611.12,56,34222.72,abia,taiwo,2020-05-14
1418,printer,electronics,1337.73,48,64211.04,kwara,abdul,2021-05-16
1419,chair,furniture,1773.12,61,108160.32,ibadan,emeka,2021-03-09
1420,mouse,electronics,1517.85,48,72856.8,osun,sola,2021-03-20
1421,desk,furniture,204.04,66,13466.64,akure,Ini,2020-08-17
1422,keyboard,electronics,1862.72,68,126664.96,ogun,tolu,2021-06-21
1423,mouse,electronics,595.59,56,33353.04,abuja,Ini,2020-11-03
1424,keyboard,electronics,1968.69,88,173244.72,ibadan,abdul,2021-06-19
1425,desk,furniture,605.05,7,4235.35,kwara,moji,2020-02-16
1426,desktops,electronics,233.11,55,12821.05,kogi,moji,2021-04-20
1427,flashdrives,electronics,1629.39,46,74951.94,ibadan,emeka,2020-03-24
1428,desktops,electronics,52.21,95,4959.95,ogun,Ini,2020-07-02
1429,keyboard,electronics,1688.96,6,10133.76,abuja,mike,2020-10-31
1430,printer,electronics,1182.67,59,69777.53,imo,tolu,2021-04-05
1431,flashdrives,electronics,1619.51,44,71258.44,imo,sola,2020-08-04
1432,keyboard,electronics,174.88,78,13640.64,ibadan,tolu,2020-04-18
1433,desk,furniture,1078.06,1,1078.06,kogi,moji,2020-01-14
1434,keyboard,electronics,1318.49,59,77790.91,abia,mike,2021-05-13
1435,scanner,electronics,1244.63,79,98325.77,akure,tolu,2021-02-08
1436,scanner,electronics,193.52,18,3483.36,lagos,abdul,2020-04-24
1437,laptop,electronics,1398.14,25,34953.5,lagos,abdul,2021-05-07
1438,keyboard,electronics,1306.48,56,73162.88,ogun,dayo,2020-07-14
1439,mouse,electronics,615.82,60,36949.2,kano,Ini,2021-03-08
1440,laptop,electronics,250.59,20,5011.8,abia,Ini,2021-05-11
1441,chair,furniture,58.86,58,3413.88,osun,abdul,2020-07-25
1442,scanner,electronics,1147.47,51,58520.97,lagos,josh,2020-01-09
1443,mouse,electronics,1268.21,92,116675.32,kogi,mike,2021-05-22
1444,flashdrives,electronics,1199.76,71,85182.96,ibadan,martins,2021-05-14
1445,desk,furniture,982.48,76,74668.48,abia,emeka,2021-05-14
1446,monitor,electronics,1434.29,68,97531.72,lagos,mike,2020-11-19
1447,desktops,electronics,145.75,83,12097.25,kogi,Ini,2020-04-29
1448,chair,furniture,1252.94,83,103994.02,akure,Ini,2021-03-22
1449,laptop,electronics,339.44,93,31567.92,katsina,Ini,2020-12-18
1450,chair,furniture,479.56,29,13907.24,osun,tolu,2020-12-13
1451,flashdrives,electronics,1709.84,92,157305.28,ogun,Ini,2020-05-14
1452,scanner,electronics,1451.53,50,72576.5,kogi,tolu,2021-01-03
1453,chair,furniture,1603.52,21,33673.92,osun,abdul,2020-10-16
1454,mouse,electronics,1340.77,17,22793.09,kano,abdul,2020-06-09
1455,flashdrives,electronics,994.53,54,53704.62,enugu,taiwo,2020-08-28
1456,monitor,electronics,1122.52,3,3367.56,akure,taiwo,2020-12-31
1457,keyboard,electronics,365.94,65,23786.1,lagos,moji,2020-12-11
1458,desk,furniture,245.66,30,7369.8,abuja,dayo,2020-08-17
1459,chair,furniture,530.49,44,23341.56,imo,josh,2020-02-17
1460,desktops,electronics,549.63,20,10992.6,abia,dayo,2020-04-16
1461,laptop,electronics,1854.73,57,105719.61,imo,Ini,2020-04-23
1462,mouse,electronics,1567.67,79,123845.93,imo,moji,2020-02-12
1463,desktops,electronics,228.71,81,18525.51,abuja,abdul,2021-01-05
1464,keyboard,electronics,1462.13,91,133053.83,enugu,dayo,2021-05-25
1465,mouse,electronics,325.51,47,15298.97,akure,sola,2020-05-05
1466,monitor,electronics,889.43,54,48029.22,imo,martins,2020-09-08
1467,chair,furniture,695.81,65,45227.65,kano,moji,2020-09-29
1468,printer,electronics,1436.1,54,77549.4,akure,tolu,2020-09-08
1469,keyboard,electronics,1511.35,68,102771.8,kogi,abdul,2020-05-21
1470,desk,furniture,838.55,53,44443.15,enugu,dayo,2021-01-05
1471,laptop,electronics,896.31,99,88734.69,lagos,dayo,2020-03-12
1472,mouse,electronics,689.84,52,35871.68,imo,sola,2021-03-20
1473,laptop,electronics,798.67,5,3993.35,ogun,tolu,2020-06-03
1474,flashdrives,electronics,134.46,81,10891.26,abia,tolu,2021-06-16
1475,scanner,electronics,850.22,88,74819.36,abia,dayo,2020-11-07
1476,printer,electronics,1820.28,2,3640.56,ibadan,dayo,2020-05-30
1477,desk,furniture,903.45,27,24393.15,kwara,emeka,2021-03-28
1478,printer,electronics,1777.6,84,149318.4,kogi,abdul,2020-11-04
1479,mouse,electronics,93.2,43,4007.6,kogi,sola,2021-06-16
1480,desktops,electronics,582.18,12,6986.16,kwara,dayo,2020-11-15
1481,desktops,electronics,694.6,82,56957.2,kano,martins,2020-01-29
1482,desktops,electronics,1193.16,31,36987.96,imo,taiwo,2021-03-08
1483,desktops,electronics,238.67,8,1909.36,akure,taiwo,2021-06-03
1484,printer,electronics,265.15,97,25719.55,ogun,moji,2021-04-04
1485,scanner,electronics,1153.42,1,1153.42,enugu,josh,2020-08-29
1486,flashdrives,electronics,1139.88,81,92330.28,ogun,dayo,2020-08-27
1487,printer,electronics,612.42,86,52668.12,imo,emeka,2020-05-23
1488,desk,furniture,1048.94,32,33566.08,abuja,josh,2021-06-12
1489,flashdrives,electronics,401.26,100,40126.0,akure,Ini,2020-04-10
1490,keyboard,electronics,1429.05,53,75739.65,abuja,moji,2020-03-04
1491,desk,furniture,1779.25,61,108534.25,katsina,Ini,2020-03-20
1492,printer,electronics,1360.11,52,70725.72,osun,dayo,2021-06-15
1493,desk,furniture,1746.59,75,130994.25,enugu,tolu,2021-03-09
1494,chair,furniture,1384.26,63,87208.38,abia,mike,2020-06-15
1495,keyboard,electronics,1021.46,63,64351.98,abia,Ini,2020-05-12
1496,desktops,electronics,1729.28,16,27668.48,abia,abdul,2021-04-11
1497,chair,furniture,84.56,21,1775.76,kwara,josh,2020-05-01
1498,flashdrives,electronics,1707.59,15,25613.85,abuja,josh,2020-10-23
1499,laptop,electronics,1055.1,16,16881.6,akure,taiwo,2021-01-18
1500,scanner,electronics,602.08,4,2408.32,imo,sola,2020-05-25
1501,flashdrives,electronics,855.08,40,34203.2,ibadan,abdul,2020-07-06
1502,chair,furniture,24.13,71,1713.23,akure,moji,2020-02-15
1503,desk,furniture,972.73,40,38909.2,osun,Ini,2020-12-11
1504,desk,furniture,960.95,93,89368.35,osun,sola,2020-05-21
1505,desktops,electronics,1280.19,98,125458.62,enugu,tolu,2021-04-04
1506,keyboard,electronics,1735.36,42,72885.12,abuja,emeka,2021-02-23
1507,desk,furniture,480.99,51,24530.49,akure,dayo,2020-02-16
1508,chair,furniture,1477.11,83,122600.13,abuja,sola,2020-01-26
1509,flashdrives,electronics,1267.62,99,125494.38,abia,taiwo,2020-05-06
1510,desktops,electronics,188.6,80,15088.0,kwara,emeka,2020-02-24
1511,flashdrives,electronics,1053.07,97,102147.79,enugu,dayo,2020-01-20
1512,mouse,electronics,1323.34,69,91310.46,kano,martins,2020-10-08
1513,monitor,electronics,505.67,91,46015.97,osun,Ini,2020-03-27
1514,desktops,electronics,1221.57,52,63521.64,osun,martins,2021-05-18
1515,laptop,electronics,693.11,24,16634.64,kogi,martins,2021-06-24
1516,printer,electronics,776.38,12,9316.56,abuja,moji,2020-06-21
1517,scanner,electronics,305.19,33,10071.27,imo,moji,2020-06-06
1518,scanner,electronics,1905.29,87,165760.23,kano,martins,2020-11-29
1519,keyboard,electronics,73.8,8,590.4,ibadan,mike,2020-04-11
1520,printer,electronics,302.07,42,12686.94,ibadan,mike,2020-05-03
1521,laptop,electronics,421.07,97,40843.79,osun,emeka,2020-08-30
1522,chair,furniture,1027.07,65,66759.55,kogi,moji,2020-10-02
1523,laptop,electronics,650.31,71,46172.01,kogi,moji,2021-05-10
1524,laptop,electronics,826.84,30,24805.2,lagos,taiwo,2020-04-13
1525,monitor,electronics,1530.7,84,128578.8,imo,sola,2020-11-07
1526,flashdrives,electronics,825.36,11,9078.96,ogun,dayo,2020-07-27
1527,keyboard,electronics,759.14,22,16701.08,imo,abdul,2021-03-09
1528,desktops,electronics,914.45,1,914.45,enugu,emeka,2020-10-23
1529,keyboard,electronics,21.08,62,1306.96,ibadan,emeka,2020-09-13
1530,desk,furniture,1998.5,81,161878.5,katsina,emeka,2021-06-06
1531,scanner,electronics,110.06,95,10455.7,kwara,emeka,2020-03-12
1532,scanner,electronics,197.64,90,17787.6,abuja,sola,2020-10-13
1533,desk,furniture,437.48,65,28436.2,imo,josh,2020-12-16
1534,scanner,electronics,1959.69,91,178331.79,enugu,taiwo,2020-09-08
1535,printer,electronics,696.43,59,41089.37,osun,josh,2020-01-17
1536,keyboard,electronics,1299.96,1,1299.96,osun,Ini,2020-01-05
1537,laptop,electronics,1351.96,53,71653.88,kwara,Ini,2021-02-06
1538,desktops,electronics,180.67,84,15176.28,ogun,moji,2020-02-01
1539,chair,furniture,1351.05,46,62148.3,kogi,emeka,2021-01-01
1540,desk,furniture,370.83,99,36712.17,imo,martins,2020-05-07
1541,chair,furniture,753.55,25,18838.75,enugu,martins,2020-08-14
1542,laptop,electronics,1521.67,88,133906.96,abia,josh,2020-07-15
1543,mouse,electronics,1636.24,81,132535.44,ibadan,abdul,2020-08-27
1544,chair,furniture,1935.25,5,9676.25,ibadan,Ini,2020-08-02
1545,laptop,electronics,408.25,82,33476.5,kogi,moji,2020-10-11
1546,flashdrives,electronics,1010.64,22,22234.08,kwara,abdul,2020-06-28
1547,mouse,electronics,1184.57,96,113718.72,abuja,sola,2020-09-22
1548,flashdrives,electronics,1713.85,67,114827.95,abia,taiwo,2020-07-15
1549,laptop,electronics,1984.06,89,176581.34,ogun,dayo,2020-09-15
1550,desktops,electronics,1768.54,1,1768.54,kogi,tolu,2020-02-23
1551,printer,electronics,876.45,53,46451.85,ibadan,moji,2021-06-14
1552,chair,furniture,1001.24,67,67083.08,imo,martins,2020-08-17
1553,laptop,electronics,570.31,54,30796.74,kwara,Ini,2020-11-19
1554,laptop,electronics,795.88,43,34222.84,abuja,emeka,2020-01-26
1555,monitor,electronics,1956.63,55,107614.65,abuja,abdul,2020-07-20
1556,keyboard,electronics,671.86,9,6046.74,ogun,tolu,2020-04-09
1557,laptop,electronics,970.33,4,3881.32,osun,tolu,2020-12-08
1558,scanner,electronics,509.36,61,31070.96,katsina,josh,2020-02-25
1559,printer,electronics,1048.96,31,32517.76,abuja,emeka,2021-03-25
1560,mouse,electronics,1258.19,75,94364.25,abuja,moji,2020-03-03
1561,laptop,electronics,767.24,89,68284.36,abuja,sola,2020-03-04
1562,chair,furniture,128.48,79,10149.92,ogun,mike,2020-03-08
1563,mouse,electronics,1361.58,72,98033.76,lagos,taiwo,2021-01-25
1564,desk,furniture,209.74,97,20344.78,kogi,abdul,2020-01-11
1565,chair,furniture,780.16,55,42908.8,osun,emeka,2020-04-13
1566,printer,electronics,1308.82,87,113867.34,imo,martins,2021-04-09
1567,desktops,electronics,669.82,25,16745.5,abuja,moji,2020-01-13
1568,flashdrives,electronics,1432.33,76,108857.08,imo,abdul,2020-05-09
1569,desktops,electronics,527.45,54,28482.3,enugu,emeka,2021-03-31
1570,keyboard,electronics,501.44,6,3008.64,lagos,sola,2020-11-15
1571,flashdrives,electronics,882.98,84,74170.32,imo,josh,2020-11-14
1572,flashdrives,electronics,1772.74,100,177274.0,kano,sola,2021-04-25
1573,scanner,electronics,1214.59,38,46154.42,akure,martins,2021-06-14
1574,flashdrives,electronics,1322.2,19,25121.8,lagos,abdul,2021-06-03
1575,desktops,electronics,1720.23,55,94612.65,akure,abdul,2020-07-24
1576,monitor,electronics,1574.82,44,69292.08,katsina,tolu,2021-05-02
1577,chair,furniture,1207.53,43,51923.79,osun,emeka,2020-12-09
1578,flashdrives,electronics,613.27,43,26370.61,kano,moji,2021-04-10
1579,laptop,electronics,1001.94,1,1001.94,ogun,abdul,2020-08-23
1580,chair,furniture,1255.36,31,38916.16,enugu,josh,2021-01-19
1581,monitor,electronics,812.62,1,812.62,akure,martins,2020-03-16
1582,printer,electronics,79.43,15,1191.45,kano,taiwo,2021-03-26
1583,monitor,electronics,1270.04,98,124463.92,akure,martins,2020-01-31
1584,monitor,electronics,411.69,23,9468.87,katsina,taiwo,2020-06-27
1585,printer,electronics,1698.12,32,54339.84,kano,abdul,2020-01-23
1586,keyboard,electronics,1688.91,13,21955.83,lagos,tolu,2020-05-20
1587,desk,furniture,1316.64,15,19749.6,akure,abdul,2020-11-08
1588,chair,furniture,495.5,48,23784.0,ogun,sola,2021-06-23
1589,flashdrives,electronics,1765.69,92,162443.48,abuja,moji,2020-05-27
1590,keyboard,electronics,1593.9,25,39847.5,kwara,mike,2021-01-18
1591,printer,electronics,1207.11,82,98983.02,katsina,martins,2020-07-12
1592,desktops,electronics,602.48,20,12049.6,akure,abdul,2020-02-24
1593,scanner,electronics,1748.25,66,115384.5,osun,Ini,2020-08-02
1594,mouse,electronics,1573.64,85,133759.4,osun,moji,2020-06-20
1595,desktops,electronics,788.47,83,65443.01,imo,dayo,2021-01-18
1596,chair,furniture,1047.41,23,24090.43,akure,josh,2021-06-22
1597,chair,furniture,1436.99,64,91967.36,enugu,taiwo,2021-02-14
1598,flashdrives,electronics,1306.48,27,35274.96,katsina,abdul,2021-04-07
1599,monitor,electronics,803.88,40,32155.2,kogi,mike,2020-06-09
1600,printer,electronics,523.97,11,5763.67,kano,moji,2020-10-29
1601,chair,furniture,1047.27,30,31418.1,osun,martins,2021-04-21
1602,desktops,electronics,1249.83,55,68740.65,enugu,Ini,2021-03-18
1603,desk,furniture,747.67,64,47850.88,akure,taiwo,2021-01-26
1604,laptop,electronics,375.54,30,11266.2,ibadan,tolu,2020-03-18
1605,printer,electronics,1804.92,38,68586.96,kwara,dayo,2020-03-21
1606,scanner,electronics,1854.68,13,24110.84,abuja,moji,2021-01-03
1607,laptop,electronics,1101.13,43,47348.59,katsina,tolu,2020-12-03
1608,scanner,electronics,619.38,99,61318.62,ogun,taiwo,2020-07-14
1609,flashdrives,electronics,1996.03,97,193614.91,abia,dayo,2020-09-24
1610,laptop,electronics,1544.75,37,57155.75,akure,mike,2021-02-19
1611,flashdrives,electronics,1520.46,2,3040.92,enugu,tolu,2021-06-08
1612,keyboard,electronics,1733.62,30,52008.6,katsina,abdul,2021-04-30
1613,monitor,electronics,1041.33,71,73934.43,imo,Ini,2021-04-17
1614,printer,electronics,1587.99,41,65107.59,katsina,mike,2021-03-03
1615,monitor,electronics,888.59,72,63978.48,lagos,josh,2020-05-22
1616,flashdrives,electronics,1750.03,40,70001.2,abia,martins,2021-05-26
1617,printer,electronics,692.85,54,37413.9,kogi,tolu,2021-02-17
1618,desktops,electronics,613.28,76,46609.28,lagos,emeka,2020-02-02
1619,keyboard,electronics,324.31,43,13945.33,osun,tolu,2021-02-04
1620,desk,furniture,424.33,51,21640.83,abuja,dayo,2021-01-30
1621,monitor,electronics,960.06,43,41282.58,osun,Ini,2020-11-07
1622,mouse,electronics,359.42,87,31269.54,kwara,sola,2020-02-02
1623,flashdrives,electronics,987.45,24,23698.8,katsina,moji,2021-01-30
1624,scanner,electronics,427.67,38,16251.46,ogun,dayo,2020-03-12
1625,chair,furniture,133.76,67,8961.92,lagos,sola,2020-11-30
1626,desk,furniture,794.39,15,11915.85,kano,dayo,2021-03-04
1627,chair,furniture,1491.42,50,74571.0,katsina,sola,2020-07-29
1628,scanner,electronics,875.76,91,79694.16,ogun,Ini,2020-06-11
1629,flashdrives,electronics,1158.68,40,46347.2,osun,abdul,2021-05-29
1630,chair,furniture,565.37,1,565.37,kano,Ini,2020-03-06
1631,desk,furniture,1217.6,32,38963.2,kwara,josh,2021-05-17
1632,chair,furniture,936.14,6,5616.84,abia,moji,2020-10-21
1633,chair,furniture,706.63,92,65009.96,imo,taiwo,2021-02-04
1634,flashdrives,electronics,1650.39,23,37958.97,kogi,abdul,2020-07-02
1635,flashdrives,electronics,1471.82,59,86837.38,kogi,tolu,2020-07-06
1636,flashdrives,electronics,209.16,90,18824.4,lagos,abdul,2020-06-10
1637,scanner,electronics,1767.46,69,121954.74,ibadan,tolu,2020-03-09
1638,monitor,electronics,1819.3,53,96422.9,imo,dayo,2020-05-04
1639,printer,electronics,171.54,14,2401.56,kwara,josh,2021-02-23
1640,chair,furniture,346.38,27,9352.26,kwara,martins,2021-04-18
1641,laptop,electronics,164.93,89,14678.77,ogun,Ini,2021-01-25
1642,printer,electronics,1497.0,25,37425.0,kogi,martins,2020-01-11
1643,scanner,electronics,247.07,18,4447.26,akure,tolu,2021-04-20
1644,chair,furniture,933.49,11,10268.39,kwara,tolu,2020-09-05
1645,chair,furniture,297.71,36,10717.56,kano,sola,2020-01-19
1646,flashdrives,electronics,219.02,38,8322.76,abuja,dayo,2021-02-04
1647,keyboard,electronics,173.62,98,17014.76,lagos,tolu,2020-10-06
1648,keyboard,electronics,892.5,23,20527.5,katsina,martins,2020-08-09
1649,chair,furniture,1399.55,82,114763.1,imo,dayo,2020-04-15
1650,desk,furniture,1386.89,57,79052.73,lagos,emeka,2020-01-05
1651,laptop,electronics,1549.37,99,153387.63,katsina,abdul,2021-01-18
1652,monitor,electronics,415.97,3,1247.91,kogi,martins,2020-01-15
1653,printer,electronics,1644.64,88,144728.32,ogun,moji,2020-08-13
1654,mouse,electronics,1597.91,86,137420.26,kano,sola,2020-02-15
1655,desk,furniture,1034.75,42,43459.5,akure,dayo,2020-07-13
1656,flashdrives,electronics,430.1,70,30107.0,kogi,mike,2020-05-03
1657,monitor,electronics,443.28,46,20390.88,akure,sola,2020-01-16
1658,desk,furniture,1314.91,2,2629.82,kogi,abdul,2021-04-14
1659,monitor,electronics,150.71,36,5425.56,ogun,emeka,2021-01-12
1660,laptop,electronics,153.32,28,4292.96,kogi,taiwo,2021-05-26
1661,mouse,electronics,1430.81,73,104449.13,kano,taiwo,2020-04-07
1662,flashdrives,electronics,662.22,81,53639.82,abia,mike,2020-05-16
1663,printer,electronics,367.16,98,35981.68,abia,josh,2021-05-08
1664,mouse,electronics,683.51,78,53313.78,osun,Ini,2021-01-26
1665,desktops,electronics,1288.37,30,38651.1,kwara,emeka,2020-01-14
1666,monitor,electronics,62.0,98,6076.0,abuja,taiwo,2020-08-30
1667,desk,furniture,1519.35,80,121548.0,abuja,martins,2020-05-20
1668,printer,electronics,1007.48,26,26194.48,kano,mike,2020-07-28
1669,laptop,electronics,491.37,93,45697.41,osun,Ini,2020-12-02
1670,keyboard,electronics,570.69,83,47367.27,imo,martins,2021-06-17
1671,desk,furniture,1303.13,37,48215.81,imo,martins,2020-08-22
1672,printer,electronics,698.6,27,18862.2,kwara,martins,2020-09-11
1673,monitor,electronics,1223.97,49,59974.53,kwara,josh,2020-07-06
1674,chair,furniture,1266.97,9,11402.73,enugu,moji,2020-07-16
1675,laptop,electronics,1276.05,19,24244.95,katsina,sola,2020-04-03
1676,keyboard,electronics,1193.41,27,32222.07,katsina,dayo,2020-03-21
1677,desk,furniture,1455.48,40,58219.2,kano,abdul,2020-09-07
1678,desk,furniture,369.34,32,11818.88,ibadan,taiwo,2021-04-04
1679,monitor,electronics,558.28,62,34613.36,abuja,josh,2021-02-11
1680,desk,furniture,352.18,57,20074.26,kogi,dayo,2021-03-19
1681,keyboard,electronics,1642.82,62,101854.84,lagos,mike,2021-03-13
1682,mouse,electronics,1522.54,39,59379.06,osun,dayo,2020-06-05
1683,desktops,electronics,1458.76,33,48139.08,kogi,Ini,2020-11-09
1684,chair,furniture,580.79,72,41816.88,osun,Ini,2020-03-14
1685,printer,electronics,290.58,61,17725.38,katsina,sola,2020-07-13
1686,laptop,electronics,45.41,65,2951.65,abia,josh,2021-05-18
1687,desk,furniture,1852.87,51,94496.37,abia,josh,2021-01-28
1688,chair,furniture,629.47,76,47839.72,abuja,mike,2020-02-09
1689,mouse,electronics,781.96,73,57083.08,kano,abdul,2021-03-22
1690,scanner,electronics,1547.12,97,150070.64,abia,josh,2021-06-05
1691,chair,furniture,1277.26,48,61308.48,abia,martins,2021-01-29
1692,desk,furniture,1476.62,32,47251.84,enugu,martins,2021-01-05
1693,laptop,electronics,1400.99,83,116282.17,kano,taiwo,2021-04-11
1694,keyboard,electronics,523.49,78,40832.22,osun,tolu,2020-06-14
1695,laptop,electronics,251.13,12,3013.56,ogun,mike,2021-02-11
1696,flashdrives,electronics,1948.81,11,21436.91,kwara,abdul,2021-03-09
1697,keyboard,electronics,1662.9,33,54875.7,abia,taiwo,2021-05-27
1698,desktops,electronics,1323.8,49,64866.2,osun,taiwo,2021-02-25
1699,mouse,electronics,236.36,74,17490.64,imo,josh,2020-05-26
1700,scanner,electronics,1502.49,96,144239.04,kogi,taiwo,2020-01-07
1701,keyboard,electronics,1636.45,1,1636.45,abuja,moji,2021-03-03
1702,desktops,electronics,845.35,37,31277.95,abia,mike,2020-06-23
1703,keyboard,electronics,761.81,91,69324.71,kano,abdul,2021-05-13
1704,keyboard,electronics,1015.18,15,15227.7,enugu,emeka,2020-08-05
1705,keyboard,electronics,417.86,96,40114.56,kano,abdul,2020-09-22
1706,desk,furniture,892.65,80,71412.0,abuja,tolu,2020-06-19
1707,mouse,electronics,600.39,49,29419.11,abuja,taiwo,2020-03-06
1708,printer,electronics,78.74,31,2440.94,enugu,Ini,2020-04-13
1709,laptop,electronics,140.89,97,13666.33,lagos,tolu,2020-02-12
1710,mouse,electronics,437.92,1,437.92,kogi,emeka,2021-06-16
1711,scanner,electronics,1865.61,61,113802.21,imo,josh,2021-03-15
1712,printer,electronics,754.15,44,33182.6,akure,abdul,2021-01-04
1713,desk,furniture,769.3,8,6154.4,akure,josh,2020-04-12
1714,laptop,electronics,924.7,90,83223.0,kogi,sola,2020-01-27
1715,flashdrives,electronics,263.33,68,17906.44,ibadan,abdul,2021-01-12
1716,chair,furniture,1244.34,85,105768.9,enugu,dayo,2021-02-27
1717,monitor,electronics,26.2,82,2148.4,akure,martins,2021-01-03
1718,laptop,electronics,1939.8,95,184281.0,akure,tolu,2021-03-30
1719,monitor,electronics,1221.39,52,63512.28,abia,emeka,2020-03-24
1720,printer,electronics,867.27,61,52903.47,ogun,moji,2021-01-29
1721,scanner,electronics,1222.2,92,112442.4,kano,dayo,2021-05-31
1722,laptop,electronics,273.17,12,3278.04,ibadan,tolu,2021-04-23
1723,keyboard,electronics,1794.89,15,26923.35,enugu,tolu,2020-09-03
1724,monitor,electronics,439.05,97,42587.85,ogun,moji,2020-04-18
1725,desk,furniture,1986.86,4,7947.44,kano,josh,2021-01-27
1726,scanner,electronics,456.34,33,15059.22,ogun,Ini,2020-05-06
1727,keyboard,electronics,1847.02,82,151455.64,abia,Ini,2020-04-02
1728,printer,electronics,1746.44,74,129236.56,imo,emeka,2020-03-07
1729,printer,electronics,766.48,92,70516.16,abia,mike,2021-03-23
1730,monitor,electronics,462.63,15,6939.45,ibadan,moji,2020-04-24
1731,mouse,electronics,693.67,76,52718.92,katsina,moji,2021-01-11
1732,keyboard,electronics,1709.59,49,83769.91,osun,martins,2020-11-14
1733,laptop,electronics,1188.32,25,29708.0,kogi,mike,2020-11-23
1734,printer,electronics,1599.09,17,27184.53,kwara,tolu,2020-08-15
1735,mouse,electronics,802.72,69,55387.68,enugu,josh,2020-05-28
1736,scanner,electronics,1677.69,64,107372.16,ogun,Ini,2020-05-30
1737,flashdrives,electronics,581.12,96,55787.52,ogun,martins,2020-11-23
1738,scanner,electronics,1014.71,89,90309.19,abuja,taiwo,2021-05-04
1739,monitor,electronics,1000.15,91,91013.65,kogi,martins,2020-12-07
1740,keyboard,electronics,1659.21,27,44798.67,abia,abdul,2020-02-23
1741,keyboard,electronics,1716.42,94,161343.48,kogi,taiwo,2020-06-12
1742,laptop,electronics,1104.93,44,48616.92,kogi,tolu,2021-04-29
1743,printer,electronics,1520.27,51,77533.77,abuja,dayo,2020-10-16
1744,scanner,electronics,1398.83,25,34970.75,abia,dayo,2021-02-07
1745,mouse,electronics,279.18,97,27080.46,imo,emeka,2020-02-25
1746,scanner,electronics,925.91,21,19444.11,osun,sola,2021-03-28
1747,chair,furniture,596.34,19,11330.46,katsina,abdul,2020-07-19
1748,laptop,electronics,737.21,74,54553.54,abuja,tolu,2020-05-31
1749,desk,furniture,1901.79,55,104598.45,ogun,sola,2020-02-27
1750,mouse,electronics,724.06,61,44167.66,kano,martins,2020-04-30
1751,desktops,electronics,1307.19,76,99346.44,kogi,sola,2021-02-17
1752,monitor,electronics,87.31,31,2706.61,kogi,Ini,2020-11-05
1753,flashdrives,electronics,1910.02,84,160441.68,abia,mike,2020-04-01
1754,chair,furniture,1732.49,84,145529.16,kogi,taiwo,2021-03-31
1755,printer,electronics,42.97,15,644.55,abuja,moji,2021-05-15
1756,desktops,electronics,465.37,76,35368.12,osun,emeka,2021-05-06
1757,scanner,electronics,1393.58,13,18116.54,imo,emeka,2020-07-04
1758,desk,furniture,978.7,83,81232.1,abia,mike,2020-11-01
1759,flashdrives,electronics,267.97,42,11254.74,abuja,dayo,2020-07-08
1760,desk,furniture,1629.48,3,4888.44,kogi,dayo,2021-05-15
1761,mouse,electronics,1047.42,75,78556.5,kwara,tolu,2020-05-07
1762,monitor,electronics,1932.05,16,30912.8,kano,emeka,2020-07-03
1763,laptop,electronics,1118.35,41,45852.35,abuja,martins,2020-05-11
1764,flashdrives,electronics,428.34,21,8995.14,abuja,dayo,2020-09-19
1765,laptop,electronics,187.53,16,3000.48,kwara,taiwo,2021-01-07
1766,desktops,electronics,359.77,85,30580.45,lagos,abdul,2020-11-03
1767,laptop,electronics,1893.5,67,126864.5,imo,taiwo,2021-03-31
1768,keyboard,electronics,1162.6,89,103471.4,akure,dayo,2020-12-26
1769,flashdrives,electronics,1085.65,27,29312.55,abia,moji,2020-02-15
1770,monitor,electronics,92.73,19,1761.87,ibadan,abdul,2020-05-17
1771,flashdrives,electronics,1113.1,76,84595.6,akure,taiwo,2020-05-11
1772,flashdrives,electronics,855.59,71,60746.89,ibadan,taiwo,2021-01-25
1773,keyboard,electronics,812.12,11,8933.32,ibadan,tolu,2021-03-11
1774,keyboard,electronics,1081.09,10,10810.9,ogun,taiwo,2020-07-16
1775,printer,electronics,1136.01,83,94288.83,kwara,emeka,2020-06-16
1776,desk,furniture,1646.7,41,67514.7,imo,mike,2021-01-23
1777,laptop,electronics,1928.76,32,61720.32,abuja,taiwo,2020-05-07
1778,desktops,electronics,237.78,71,16882.38,kogi,moji,2020-12-03
1779,mouse,electronics,738.38,43,31750.34,imo,taiwo,2020-05-29
1780,monitor,electronics,561.82,13,7303.66,kogi,abdul,2021-01-22
1781,mouse,electronics,1569.81,16,25116.96,kano,dayo,2020-11-09
1782,flashdrives,electronics,1646.26,63,103714.38,abuja,dayo,2020-12-23
1783,flashdrives,electronics,1733.49,71,123077.79,ibadan,emeka,2020-04-11
1784,laptop,electronics,358.08,97,34733.76,kogi,sola,2020-12-19
1785,desktops,electronics,1112.31,52,57840.12,enugu,emeka,2020-05-10
1786,scanner,electronics,38.8,66,2560.8,abia,sola,2020-05-09
1787,keyboard,electronics,770.03,95,73152.85,ibadan,martins,2021-01-14
1788,monitor,electronics,1362.87,54,73594.98,abia,Ini,2020-07-06
1789,chair,furniture,1972.77,60,118366.2,kwara,taiwo,2020-10-09
1790,desk,furniture,1050.78,92,96671.76,katsina,taiwo,2020-03-30
1791,scanner,electronics,824.9,41,33820.9,abuja,tolu,2020-03-22
1792,mouse,electronics,1465.31,12,17583.72,kano,emeka,2020-02-28
1793,mouse,electronics,1491.95,71,105928.45,enugu,martins,2021-03-10
1794,desktops,electronics,1866.23,18,33592.14,enugu,Ini,2021-06-11
1795,desktops,electronics,1401.81,52,72894.12,lagos,emeka,2020-07-13
1796,laptop,electronics,1434.04,90,129063.6,kwara,josh,2020-09-07
1797,desktops,electronics,1374.47,6,8246.82,osun,Ini,2020-06-21
1798,desktops,electronics,1809.52,23,41618.96,abuja,josh,2020-05-16
1799,desktops,electronics,719.52,7,5036.64,kogi,Ini,2021-01-23
1800,keyboard,electronics,759.1,15,11386.5,akure,tolu,2020-09-12
1801,desktops,electronics,1704.54,16,27272.64,ibadan,taiwo,2021-05-09
1802,scanner,electronics,544.21,1,544.21,abia,tolu,2021-02-07
1803,monitor,electronics,1847.65,83,153354.95,kwara,martins,2021-04-19
1804,flashdrives,electronics,1699.74,8,13597.92,akure,martins,2021-04-16
1805,printer,electronics,610.73,14,8550.22,lagos,josh,2020-07-09
1806,desk,furniture,721.97,13,9385.61,kogi,Ini,2020-07-21
1807,mouse,electronics,1067.61,20,21352.2,kogi,moji,2021-05-14
1808,laptop,electronics,328.15,85,27892.75,ibadan,abdul,2021-04-26
1809,desk,furniture,761.13,47,35773.11,kogi,sola,2020-10-02
1810,mouse,electronics,1978.95,85,168210.75,enugu,sola,2020-05-23
1811,printer,electronics,1499.24,1,1499.24,akure,abdul,2020-04-23
1812,monitor,electronics,584.1,18,10513.8,kogi,mike,2020-12-05
1813,laptop,electronics,337.42,26,8772.92,enugu,tolu,2020-09-29
1814,mouse,electronics,853.77,71,60617.67,enugu,tolu,2020-05-10
1815,printer,electronics,1507.16,100,150716.0,kogi,dayo,2021-02-02
1816,keyboard,electronics,237.27,14,3321.78,imo,martins,2020-05-09
1817,keyboard,electronics,701.36,2,1402.72,imo,tolu,2020-08-30
1818,laptop,electronics,1363.05,44,59974.2,kogi,emeka,2020-01-09
1819,desk,furniture,970.78,37,35918.86,enugu,moji,2021-03-15
1820,monitor,electronics,1242.87,94,116829.78,kwara,sola,2020-09-12
1821,scanner,electronics,1538.12,34,52296.08,abia,abdul,2021-03-15
1822,monitor,electronics,958.31,14,13416.34,abia,dayo,2020-07-04
1823,monitor,electronics,1985.25,76,150879.0,ogun,tolu,2020-06-01
1824,monitor,electronics,258.51,52,13442.52,lagos,taiwo,2020-07-15
1825,keyboard,electronics,864.08,79,68262.32,katsina,moji,2020-02-22
1826,desk,furniture,826.45,40,33058.0,abia,tolu,2020-08-24
1827,monitor,electronics,685.63,62,42509.06,lagos,dayo,2021-03-13
1828,laptop,electronics,622.49,35,21787.15,akure,taiwo,2020-12-25
1829,desk,furniture,509.0,7,3563.0,kano,martins,2020-01-01
1830,laptop,electronics,1327.65,42,55761.3,katsina,taiwo,2021-04-28
1831,scanner,electronics,1818.79,13,23644.27,kogi,sola,2020-09-15
1832,chair,furniture,739.89,39,28855.71,abuja,moji,2020-01-14
1833,desktops,electronics,1545.52,17,26273.84,akure,josh,2021-01-05
1834,flashdrives,electronics,1067.15,48,51223.2,katsina,tolu,2020-10-09
1835,monitor,electronics,1176.97,12,14123.64,abuja,sola,2020-05-03
1836,laptop,electronics,1181.39,84,99236.76,katsina,abdul,2021-04-01
1837,mouse,electronics,168.26,70,11778.2,osun,josh,2020-11-04
1838,chair,furniture,1979.5,26,51467.0,kwara,sola,2020-02-14
1839,keyboard,electronics,399.58,71,28370.18,abia,taiwo,2020-12-21
1840,printer,electronics,907.99,92,83535.08,abuja,mike,2020-03-10
1841,chair,furniture,849.63,65,55225.95,imo,martins,2020-06-19
1842,flashdrives,electronics,562.81,17,9567.77,ibadan,martins,2020-03-03
1843,monitor,electronics,1486.62,51,75817.62,enugu,tolu,2021-06-09
1844,mouse,electronics,347.73,97,33729.81,kwara,mike,2021-02-03
1845,desk,furniture,1222.29,27,33001.83,kano,martins,2020-06-12
1846,flashdrives,electronics,451.26,90,40613.4,lagos,dayo,2021-04-11
1847,desktops,electronics,1421.35,68,96651.8,ibadan,taiwo,2020-08-13
1848,scanner,electronics,1422.34,71,100986.14,abuja,sola,2020-08-17
1849,laptop,electronics,1076.46,38,40905.48,lagos,tolu,2020-05-31
1850,scanner,electronics,1855.95,35,64958.25,imo,martins,2020-09-11
1851,monitor,electronics,1078.5,1,1078.5,ogun,josh,2021-01-12
1852,printer,electronics,184.83,91,16819.53,kwara,taiwo,2020-05-16
1853,desk,furniture,1798.7,38,68350.6,akure,martins,2020-01-11
1854,printer,electronics,454.17,36,16350.12,kano,taiwo,2020-01-17
1855,desktops,electronics,1321.49,100,132149.0,imo,emeka,2020-04-18
1856,desk,furniture,1892.4,33,62449.2,ogun,tolu,2020-07-30
1857,chair,furniture,456.87,35,15990.45,katsina,emeka,2021-02-08
1858,keyboard,electronics,903.19,94,84899.86,abia,mike,2021-01-12
1859,keyboard,electronics,1806.29,12,21675.48,enugu,sola,2021-04-15
1860,keyboard,electronics,1634.88,23,37602.24,katsina,emeka,2021-05-17
1861,keyboard,electronics,1302.18,3,3906.54,ibadan,sola,2020-06-30
1862,desk,furniture,1380.99,25,34524.75,abuja,sola,2020-03-14
1863,desk,furniture,505.6,83,41964.8,kogi,moji,2021-06-23
1864,keyboard,electronics,1458.99,2,2917.98,osun,moji,2021-01-21
1865,desk,furniture,61.02,2,122.04,imo,tolu,2020-02-14
1866,keyboard,electronics,511.72,11,5628.92,ibadan,sola,2020-01-14
1867,laptop,electronics,1916.08,14,26825.12,kwara,josh,2020-03-28
1868,monitor,electronics,295.68,98,28976.64,osun,Ini,2020-06-16
1869,scanner,electronics,676.88,20,13537.6,katsina,martins,2020-09-30
1870,desktops,electronics,263.69,6,1582.14,abuja,dayo,2020-10-30
1871,mouse,electronics,1032.85,54,55773.9,kano,martins,2020-08-17
1872,laptop,electronics,468.82,50,23441.0,kano,josh,2020-10-20
1873,monitor,electronics,1844.95,88,162355.6,kogi,tolu,2020-04-25
1874,chair,furniture,355.73,15,5335.95,katsina,moji,2020-10-15
1875,printer,electronics,171.05,43,7355.15,abuja,josh,2020-03-27
1876,laptop,electronics,1216.92,23,27989.16,kogi,dayo,2020-12-08
1877,flashdrives,electronics,379.1,55,20850.5,kano,tolu,2020-11-04
1878,flashdrives,electronics,1638.77,45,73744.65,abuja,taiwo,2021-05-26
1879,printer,electronics,1867.11,92,171774.12,imo,moji,2020-01-03
1880,keyboard,electronics,1560.01,19,29640.19,akure,sola,2021-02-03
1881,chair,furniture,1448.26,62,89792.12,abuja,moji,2021-03-13
1882,scanner,electronics,306.44,42,12870.48,kano,sola,2021-01-29
1883,printer,electronics,652.25,55,35873.75,enugu,mike,2020-12-07
1884,keyboard,electronics,1608.24,84,135092.16,katsina,mike,2021-03-04
1885,desktops,electronics,1004.26,69,69293.94,enugu,dayo,2020-08-23
1886,desk,furniture,185.56,92,17071.52,kogi,dayo,2020-08-12
1887,mouse,electronics,485.68,1,485.68,katsina,martins,2021-01-06
1888,desktops,electronics,958.37,18,17250.66,abuja,martins,2020-12-23
1889,printer,electronics,1700.53,100,170053.0,kano,taiwo,2021-04-16
1890,keyboard,electronics,1673.8,71,118839.8,kogi,abdul,2020-08-03
1891,monitor,electronics,130.61,18,2350.98,abuja,sola,2021-01-21
1892,laptop,electronics,1398.32,55,76907.6,akure,martins,2020-04-18
1893,flashdrives,electronics,166.07,77,12787.39,kano,martins,2020-05-30
1894,printer,electronics,299.73,32,9591.36,abuja,martins,2021-03-02
1895,keyboard,electronics,1535.53,61,93667.33,abia,sola,2021-06-24
1896,scanner,electronics,950.97,93,88440.21,akure,Ini,2020-01-14
1897,scanner,electronics,240.31,8,1922.48,ogun,martins,2020-06-26
1898,desktops,electronics,337.49,51,17211.99,kogi,tolu,2021-04-10
1899,desktops,electronics,1428.59,34,48572.06,osun,dayo,2020-11-09
1900,monitor,electronics,858.87,21,18036.27,ibadan,moji,2021-06-18
1901,desk,furniture,1956.29,17,33256.93,abia,abdul,2021-02-14
1902,flashdrives,electronics,130.87,51,6674.37,kano,dayo,2020-03-20
1903,chair,furniture,965.28,84,81083.52,ogun,mike,2021-01-24
1904,keyboard,electronics,128.25,48,6156.0,ogun,mike,2020-07-18
1905,scanner,electronics,234.63,10,2346.3,akure,emeka,2020-12-09
1906,laptop,electronics,494.27,21,10379.67,kwara,moji,2020-03-07
1907,monitor,electronics,1202.28,97,116621.16,ibadan,abdul,2020-07-25
1908,laptop,electronics,495.86,11,5454.46,osun,emeka,2020-02-15
1909,flashdrives,electronics,1973.26,62,122342.12,lagos,martins,2020-11-18
1910,mouse,electronics,1888.15,2,3776.3,akure,taiwo,2021-02-11
1911,desktops,electronics,405.87,97,39369.39,kogi,josh,2020-05-12
1912,mouse,electronics,676.01,95,64220.95,kwara,moji,2021-05-29
1913,keyboard,electronics,66.9,49,3278.1,enugu,emeka,2020-02-08
1914,scanner,electronics,339.22,88,29851.36,enugu,moji,2020-04-05
1915,monitor,electronics,1771.12,88,155858.56,ogun,sola,2020-06-13
1916,desktops,electronics,1042.28,94,97974.32,osun,tolu,2021-06-19
1917,printer,electronics,906.01,17,15402.17,akure,taiwo,2021-01-03
1918,flashdrives,electronics,1714.79,56,96028.24,lagos,tolu,2021-01-31
1919,monitor,electronics,433.46,79,34243.34,osun,moji,2020-06-05
1920,flashdrives,electronics,1263.02,64,80833.28,abuja,martins,2020-05-26
1921,scanner,electronics,1103.33,12,13239.96,enugu,moji,2021-04-10
1922,printer,electronics,356.04,38,13529.52,kano,moji,2020-10-13
1923,flashdrives,electronics,739.39,12,8872.68,abuja,sola,2021-04-16
1924,scanner,electronics,1972.56,33,65094.48,imo,Ini,2020-05-23
1925,mouse,electronics,1943.93,63,122467.59,lagos,josh,2020-10-20
1926,desk,furniture,829.89,80,66391.2,ogun,sola,2021-03-27
1927,printer,electronics,1034.71,80,82776.8,akure,josh,2020-03-26
1928,desk,furniture,1021.77,34,34740.18,ogun,martins,2020-02-28
1929,monitor,electronics,1405.5,72,101196.0,lagos,sola,2020-04-17
1930,scanner,electronics,764.13,73,55781.49,kogi,moji,2020-08-16
1931,desk,furniture,1750.83,86,150571.38,abuja,josh,2021-04-22
1932,chair,furniture,1292.12,60,77527.2,abuja,moji,2020-07-03
1933,mouse,electronics,1836.57,51,93665.07,imo,mike,2020-07-23
1934,desk,furniture,670.87,41,27505.67,akure,emeka,2021-05-12
1935,monitor,electronics,1410.54,61,86042.94,abuja,taiwo,2021-04-10
1936,laptop,electronics,1099.26,61,67054.86,kano,tolu,2020-08-06
1937,printer,electronics,1145.05,77,88168.85,imo,mike,2020-03-04
1938,printer,electronics,1583.33,61,96583.13,katsina,martins,2020-08-04
1939,laptop,electronics,1906.24,88,167749.12,kogi,taiwo,2020-09-15
1940,keyboard,electronics,185.51,9,1669.59,ibadan,mike,2020-03-24
1941,scanner,electronics,1750.08,58,101504.64,kogi,dayo,2020-08-07
1942,scanner,electronics,384.48,7,2691.36,abuja,mike,2020-12-16
1943,scanner,electronics,345.78,45,15560.1,kogi,Ini,2021-05-01
1944,desktops,electronics,1383.88,21,29061.48,abia,mike,2020-12-29
1945,flashdrives,electronics,790.49,2,1580.98,kwara,emeka,2020-07-22
1946,mouse,electronics,1450.99,75,108824.25,osun,sola,2020-11-27
1947,printer,electronics,48.09,59,2837.31,kano,Ini,2020-11-20
1948,mouse,electronics,1588.19,87,138172.53,kogi,taiwo,2021-06-17
1949,laptop,electronics,1976.71,17,33604.07,ogun,Ini,2020-04-09
1950,laptop,electronics,452.87,25,11321.75,kogi,dayo,2020-06-19
1951,flashdrives,electronics,767.56,45,34540.2,katsina,abdul,2020-01-15
1952,printer,electronics,1631.28,3,4893.84,ibadan,taiwo,2021-05-29
1953,mouse,electronics,1404.65,84,117990.6,enugu,mike,2021-02-24
1954,printer,electronics,717.38,70,50216.6,kogi,dayo,2020-12-09
1955,mouse,electronics,1854.17,59,109396.03,kogi,josh,2020-06-30
1956,desktops,electronics,1197.89,70,83852.3,kogi,mike,2020-10-18
1957,desk,furniture,1275.53,90,114797.7,osun,moji,2020-03-30
1958,mouse,electronics,197.48,3,592.44,osun,mike,2020-04-16
1959,chair,furniture,1504.89,80,120391.2,kwara,moji,2021-03-30
1960,desktops,electronics,1170.84,5,5854.2,ogun,taiwo,2021-03-06
1961,monitor,electronics,461.3,59,27216.7,kwara,mike,2020-04-27
1962,monitor,electronics,1715.56,16,27448.96,akure,Ini,2021-02-26
1963,desk,furniture,35.06,48,1682.88,imo,abdul,2021-06-03
1964,scanner,electronics,549.87,85,46738.95,ibadan,taiwo,2021-02-28
1965,monitor,electronics,28.23,54,1524.42,lagos,martins,2020-01-27
1966,keyboard,electronics,1585.21,67,106209.07,abia,emeka,2020-11-21
1967,printer,electronics,357.41,74,26448.34,kogi,abdul,2021-02-04
1968,monitor,electronics,1240.21,51,63250.71,lagos,emeka,2021-03-15
1969,keyboard,electronics,1880.0,50,94000.0,abia,sola,2021-02-16
1970,printer,electronics,1044.21,56,58475.76,katsina,moji,2020-05-09
1971,desktops,electronics,254.38,74,18824.12,imo,mike,2020-09-23
1972,desktops,electronics,334.93,42,14067.06,katsina,moji,2020-04-05
1973,laptop,electronics,886.09,81,71773.29,imo,emeka,2020-06-05
1974,laptop,electronics,1243.84,70,87068.8,abuja,emeka,2021-01-26
1975,laptop,electronics,1489.83,17,25327.11,enugu,tolu,2021-01-01
1976,keyboard,electronics,494.65,29,14344.85,ibadan,abdul,2020-09-08
1977,desk,furniture,1545.38,85,131357.3,lagos,taiwo,2020-03-25
1978,keyboard,electronics,1262.33,82,103511.06,osun,moji,2020-04-23
1979,chair,furniture,1855.85,16,29693.6,abuja,sola,2020-10-16
1980,scanner,electronics,1791.32,12,21495.84,abuja,Ini,2021-01-05
1981,monitor,electronics,793.78,63,50008.14,imo,martins,2021-02-27
1982,mouse,electronics,983.3,81,79647.3,abuja,abdul,2021-03-05
1983,desk,furniture,1781.63,82,146093.66,enugu,sola,2020-07-03
1984,scanner,electronics,40.08,23,921.84,ogun,emeka,2020-02-02
1985,mouse,electronics,1952.31,45,87853.95,enugu,emeka,2020-01-06
1986,keyboard,electronics,1053.06,33,34750.98,abuja,abdul,2020-01-31
1987,desktops,electronics,65.62,66,4330.92,imo,sola,2020-08-09
1988,printer,electronics,247.28,28,6923.84,lagos,josh,2020-05-21
1989,monitor,electronics,185.22,89,16484.58,kano,taiwo,2020-10-07
1990,chair,furniture,414.49,12,4973.88,akure,dayo,2020-10-28
1991,chair,furniture,1495.49,64,95711.36,kogi,dayo,2021-02-13
1992,monitor,electronics,515.18,26,13394.68,ogun,taiwo,2021-02-06
1993,mouse,electronics,1175.62,99,116386.38,osun,taiwo,2020-06-18
1994,monitor,electronics,1908.45,63,120232.35,kogi,Ini,2021-03-09
1995,flashdrives,electronics,1499.22,41,61468.02,osun,moji,2021-01-27
1996,desk,furniture,415.45,46,19110.7,akure,tolu,2020-03-06
1997,chair,furniture,351.15,5,1755.75,kwara,taiwo,2021-02-23
1998,scanner,electronics,1215.69,83,100902.27,kwara,josh,2021-02-11
1999,laptop,electronics,247.01,42,10374.42,kogi,sola,2021-01-01
2000,monitor,electronics,163.83,85,13925.55,akure,josh,2020-05-28
2001,printer,electronics,262.16,41,10748.56,abia,martins,2020-12-02
2002,monitor,electronics,941.45,42,39540.9,katsina,dayo,2020-03-08
2003,desk,furniture,581.56,28,16283.68,kwara,abdul,2020-04-15
2004,desktops,electronics,570.54,78,44502.12,imo,tolu,2020-03-17
2005,flashdrives,electronics,1787.47,54,96523.38,ogun,mike,2020-11-21
2006,printer,electronics,412.34,7,2886.38,imo,Ini,2021-05-25
2007,laptop,electronics,1980.71,54,106958.34,abuja,moji,2021-04-08
2008,keyboard,electronics,1210.83,76,92023.08,kogi,abdul,2020-01-22
2009,scanner,electronics,55.32,74,4093.68,lagos,Ini,2020-10-18
2010,keyboard,electronics,1686.45,52,87695.4,lagos,dayo,2021-06-24
2011,laptop,electronics,688.03,3,2064.09,abuja,Ini,2020-04-07
2012,desk,furniture,1452.04,36,52273.44,akure,josh,2021-02-13
2013,mouse,electronics,1121.77,41,45992.57,enugu,emeka,2020-02-18
2014,desk,furniture,610.92,59,36044.28,enugu,tolu,2020-05-04
2015,printer,electronics,1876.65,14,26273.1,lagos,abdul,2020-02-18
2016,laptop,electronics,294.69,42,12376.98,abia,mike,2020-08-19
2017,keyboard,electronics,194.27,93,18067.11,imo,josh,2020-01-06
2018,laptop,electronics,534.18,6,3205.08,abuja,martins,2020-11-07
2019,mouse,electronics,542.18,89,48254.02,osun,mike,2020-10-03
2020,keyboard,electronics,1851.22,75,138841.5,enugu,moji,2020-05-09
2021,printer,electronics,1726.55,97,167475.35,osun,mike,2021-04-02
2022,mouse,electronics,1053.09,31,32645.79,osun,Ini,2021-05-16
2023,scanner,electronics,657.38,94,61793.72,enugu,abdul,2020-04-04
2024,scanner,electronics,1537.08,92,141411.36,abuja,josh,2020-09-05
2025,monitor,electronics,1396.03,10,13960.3,enugu,martins,2020-08-05
2026,laptop,electronics,1347.59,60,80855.4,kogi,abdul,2021-05-14
2027,mouse,electronics,694.09,76,52750.84,imo,dayo,2021-06-10
2028,printer,electronics,1525.77,40,61030.8,abia,Ini,2020-06-06
2029,desktops,electronics,229.21,17,3896.57,katsina,josh,2021-01-29
2030,chair,furniture,1738.36,66,114731.76,katsina,mike,2020-07-11
2031,mouse,electronics,570.12,22,12542.64,ogun,taiwo,2020-04-14
2032,keyboard,electronics,932.69,14,13057.66,abia,moji,2020-09-03
2033,laptop,electronics,1790.31,24,42967.44,ibadan,martins,2021-05-02
2034,desktops,electronics,916.23,34,31151.82,abuja,dayo,2020-03-27
2035,printer,electronics,874.32,20,17486.4,kogi,dayo,2021-03-17
2036,desktops,electronics,680.8,57,38805.6,ibadan,josh,2020-04-10
2037,laptop,electronics,1304.27,94,122601.38,kogi,abdul,2020-10-28
2038,monitor,electronics,817.33,77,62934.41,ibadan,dayo,2021-05-20
2039,desktops,electronics,878.46,88,77304.48,lagos,tolu,2020-09-11
2040,mouse,electronics,454.77,7,3183.39,lagos,emeka,2020-09-29
2041,monitor,electronics,150.38,13,1954.94,ibadan,abdul,2021-02-18
2042,desk,furniture,797.91,29,23139.39,abia,taiwo,2021-05-22
2043,monitor,electronics,358.64,27,9683.28,akure,tolu,2020-10-21
2044,flashdrives,electronics,590.2,1,590.2,abuja,sola,2021-05-30
2045,flashdrives,electronics,963.98,40,38559.2,abia,abdul,2020-06-23
2046,printer,electronics,1369.26,22,30123.72,kano,josh,2021-04-11
2047,keyboard,electronics,1925.24,86,165570.64,enugu,mike,2020-12-08
2048,laptop,electronics,371.48,34,12630.32,abuja,sola,2020-01-10
2049,flashdrives,electronics,717.24,61,43751.64,osun,martins,2021-05-15
2050,monitor,electronics,955.69,6,5734.14,lagos,emeka,2020-10-24
2051,monitor,electronics,1060.03,22,23320.66,imo,sola,2020-04-06
2052,mouse,electronics,623.11,95,59195.45,akure,Ini,2021-05-17
2053,printer,electronics,1979.79,33,65333.07,ogun,Ini,2020-09-16
2054,printer,electronics,928.33,46,42703.18,ibadan,josh,2021-06-14
2055,flashdrives,electronics,979.02,35,34265.7,ogun,dayo,2020-01-22
2056,keyboard,electronics,1957.7,29,56773.3,ogun,sola,2020-12-31
2057,chair,furniture,81.19,74,6008.06,abia,mike,2021-01-03
2058,monitor,electronics,1493.84,25,37346.0,kogi,tolu,2020-04-20
2059,scanner,electronics,1756.75,87,152837.25,kwara,Ini,2021-06-23
2060,keyboard,electronics,545.31,87,47441.97,akure,josh,2021-02-04
2061,flashdrives,electronics,846.24,36,30464.64,ibadan,abdul,2020-02-12
2062,flashdrives,electronics,1049.75,44,46189.0,osun,moji,2021-03-19
2063,chair,furniture,1141.99,45,51389.55,ibadan,moji,2020-01-09
2064,chair,furniture,1855.92,19,35262.48,enugu,tolu,2020-06-02
2065,desktops,electronics,1934.01,80,154720.8,kwara,tolu,2020-06-15
2066,scanner,electronics,983.91,9,8855.19,imo,taiwo,2020-01-16
2067,chair,furniture,101.09,37,3740.33,osun,moji,2020-02-24
2068,chair,furniture,625.53,56,35029.68,akure,tolu,2020-01-01
2069,laptop,electronics,517.84,45,23302.8,ibadan,dayo,2020-06-07
2070,mouse,electronics,1432.13,19,27210.47,abia,abdul,2021-03-18
2071,flashdrives,electronics,1838.15,38,69849.7,katsina,martins,2021-04-29
2072,printer,electronics,512.48,87,44585.76,ogun,mike,2021-03-08
2073,desk,furniture,1934.48,13,25148.24,ibadan,taiwo,2020-11-14
2074,keyboard,electronics,1136.54,87,98878.98,akure,emeka,2020-05-22
2075,monitor,electronics,515.04,54,27812.16,kwara,abdul,2020-11-04
2076,scanner,electronics,189.48,73,13832.04,ogun,Ini,2020-07-06
2077,desk,furniture,1569.16,56,87872.96,abuja,sola,2021-06-23
2078,chair,furniture,1394.38,65,90634.7,ogun,josh,2021-04-24
2079,printer,electronics,866.78,54,46806.12,kogi,Ini,2020-01-29
2080,desktops,electronics,72.32,99,7159.68,kogi,moji,2020-05-23
2081,flashdrives,electronics,1815.56,32,58097.92,osun,dayo,2021-01-17
2082,keyboard,electronics,1249.36,73,91203.28,ibadan,martins,2021-02-06
2083,keyboard,electronics,817.83,1,817.83,enugu,dayo,2021-04-16
2084,laptop,electronics,187.63,35,6567.05,ogun,moji,2020-12-07
2085,flashdrives,electronics,212.85,38,8088.3,osun,Ini,2020-12-05
2086,laptop,electronics,260.46,75,19534.5,ogun,dayo,2020-02-24
2087,monitor,electronics,1042.2,72,75038.4,abia,Ini,2020-05-19
2088,monitor,electronics,1792.2,82,146960.4,kano,taiwo,2020-11-14
2089,laptop,electronics,1615.12,80,129209.6,abia,abdul,2020-04-27
2090,mouse,electronics,20.07,78,1565.46,abuja,dayo,2020-04-09
2091,monitor,electronics,424.5,61,25894.5,lagos,dayo,2021-03-30
2092,desk,furniture,130.19,16,2083.04,ibadan,mike,2021-05-10
2093,keyboard,electronics,1644.14,70,115089.8,ibadan,emeka,2021-03-25
2094,flashdrives,electronics,263.93,19,5014.67,ogun,martins,2020-07-08
2095,keyboard,electronics,1640.73,85,139462.05,katsina,sola,2021-06-07
2096,desktops,electronics,416.7,62,25835.4,ibadan,taiwo,2020-04-12
2097,flashdrives,electronics,996.07,86,85662.02,ibadan,mike,2021-01-30
2098,mouse,electronics,938.65,55,51625.75,kano,martins,2020-10-17
2099,chair,furniture,257.85,50,12892.5,lagos,emeka,2020-11-06
2100,laptop,electronics,1297.32,85,110272.2,osun,Ini,2020-02-13
2101,printer,electronics,1926.34,60,115580.4,abia,Ini,2020-10-10
2102,laptop,electronics,1963.87,46,90338.02,kwara,dayo,2020-08-03
2103,printer,electronics,1807.05,68,122879.4,kogi,dayo,2020-03-05
2104,keyboard,electronics,1318.72,46,60661.12,ogun,emeka,2020-12-13
2105,chair,furniture,1436.06,18,25849.08,ibadan,tolu,2020-11-06
2106,desk,furniture,155.06,83,12869.98,enugu,mike,2021-04-28
2107,flashdrives,electronics,1324.76,74,98032.24,abia,dayo,2021-06-22
2108,scanner,electronics,276.26,42,11602.92,osun,emeka,2020-12-22
2109,flashdrives,electronics,1242.6,52,64615.2,abuja,martins,2020-01-31
2110,keyboard,electronics,478.77,86,41174.22,abuja,Ini,2021-05-02
2111,printer,electronics,1524.62,99,150937.38,imo,abdul,2020-04-17
2112,keyboard,electronics,1461.76,50,73088.0,imo,mike,2020-03-06
2113,laptop,electronics,1231.57,15,18473.55,lagos,moji,2021-03-28
2114,printer,electronics,1220.94,4,4883.76,kano,josh,2020-04-20
2115,chair,furniture,767.71,82,62952.22,osun,dayo,2020-07-23
2116,monitor,electronics,519.94,57,29636.58,ogun,taiwo,2020-08-18
2117,monitor,electronics,1489.46,56,83409.76,kwara,abdul,2020-03-29
2118,flashdrives,electronics,68.0,86,5848.0,abuja,abdul,2020-02-04
2119,keyboard,electronics,1788.72,47,84069.84,imo,mike,2020-03-14
2120,printer,electronics,386.9,94,36368.6,abia,tolu,2021-06-24
2121,chair,furniture,396.47,27,10704.69,osun,Ini,2021-05-27
2122,printer,electronics,725.84,72,52260.48,kano,moji,2021-03-25
2123,desk,furniture,1258.43,10,12584.3,osun,moji,2020-05-10
2124,desktops,electronics,610.49,16,9767.84,enugu,abdul,2020-02-22
2125,flashdrives,electronics,1090.27,3,3270.81,katsina,taiwo,2020-09-14
2126,desk,furniture,1412.48,9,12712.32,kano,taiwo,2020-03-17
2127,desktops,electronics,1159.2,67,77666.4,osun,dayo,2020-11-15
2128,desk,furniture,1244.92,70,87144.4,abia,moji,2021-04-27
2129,scanner,electronics,1313.4,5,6567.0,akure,mike,2020-09-24
2130,monitor,electronics,682.39,98,66874.22,lagos,sola,2020-07-28
2131,desktops,electronics,1637.19,43,70399.17,imo,tolu,2020-03-04
2132,monitor,electronics,997.24,73,72798.52,osun,martins,2020-12-20
2133,mouse,electronics,1900.82,77,146363.14,abia,emeka,2020-03-23
2134,desktops,electronics,967.97,17,16455.49,ibadan,martins,2020-04-16
2135,laptop,electronics,1003.26,29,29094.54,ogun,josh,2021-03-17
2136,chair,furniture,620.77,30,18623.1,lagos,martins,2020-01-27
2137,monitor,electronics,1077.69,49,52806.81,ogun,tolu,2020-01-19
2138,desktops,electronics,974.7,50,48735.0,imo,mike,2020-05-08
2139,desk,furniture,1408.65,71,100014.15,kano,moji,2021-03-24
2140,mouse,electronics,1796.35,48,86224.8,akure,abdul,2020-12-17
2141,desk,furniture,1837.78,31,56971.18,katsina,moji,2020-01-11
2142,monitor,electronics,837.87,97,81273.39,imo,dayo,2020-02-16
2143,laptop,electronics,1749.05,32,55969.6,lagos,moji,2020-02-28
2144,keyboard,electronics,888.34,37,32868.58,lagos,josh,2020-12-24
2145,flashdrives,electronics,1317.31,32,42153.92,ibadan,sola,2021-02-11
2146,chair,furniture,1322.01,85,112370.85,abuja,moji,2020-09-13
2147,desktops,electronics,427.6,91,38911.6,abia,josh,2020-08-13
2148,chair,furniture,1432.01,47,67304.47,imo,dayo,2020-10-26
2149,monitor,electronics,1063.15,35,37210.25,akure,dayo,2021-05-30
2150,mouse,electronics,126.92,53,6726.76,abia,emeka,2021-05-12
2151,scanner,electronics,175.32,18,3155.76,kwara,abdul,2020-11-08
2152,desktops,electronics,437.32,48,20991.36,abia,sola,2020-02-06
2153,monitor,electronics,1402.72,84,117828.48,imo,Ini,2020-04-26
2154,laptop,electronics,1007.84,5,5039.2,ibadan,taiwo,2021-01-28
2155,scanner,electronics,1657.81,11,18235.91,lagos,taiwo,2021-01-28
2156,chair,furniture,57.32,49,2808.68,kogi,Ini,2020-02-15
2157,monitor,electronics,427.35,24,10256.4,ogun,mike,2020-02-23
2158,scanner,electronics,81.99,98,8035.02,akure,martins,2020-12-10
2159,scanner,electronics,1624.28,76,123445.28,katsina,martins,2020-12-15
2160,flashdrives,electronics,879.47,55,48370.85,imo,martins,2020-04-21
2161,desktops,electronics,788.46,93,73326.78,ogun,taiwo,2021-04-19
2162,desk,furniture,1153.75,73,84223.75,imo,dayo,2020-09-23
2163,keyboard,electronics,1921.4,60,115284.0,abia,abdul,2020-05-15
2164,laptop,electronics,575.79,88,50669.52,ibadan,moji,2020-09-12
2165,desktops,electronics,605.73,74,44824.02,kogi,martins,2020-10-07
2166,printer,electronics,552.12,33,18219.96,imo,tolu,2020-01-13
2167,mouse,electronics,627.65,85,53350.25,akure,taiwo,2020-07-02
2168,chair,furniture,936.19,57,53362.83,lagos,Ini,2020-02-07
2169,printer,electronics,970.81,72,69898.32,katsina,mike,2020-02-29
2170,flashdrives,electronics,1878.89,36,67640.04,osun,dayo,2020-11-17
2171,mouse,electronics,892.07,34,30330.38,imo,taiwo,2020-09-22
2172,chair,furniture,271.9,81,22023.9,kano,sola,2020-02-20
2173,monitor,electronics,246.6,5,1233.0,kano,tolu,2021-06-02
2174,chair,furniture,1168.18,6,7009.08,kwara,abdul,2020-03-03
2175,scanner,electronics,1951.06,3,5853.18,ogun,josh,2020-02-15
2176,flashdrives,electronics,484.7,14,6785.8,abuja,dayo,2021-03-30
2177,mouse,electronics,1031.85,31,31987.35,katsina,josh,2021-01-15
2178,desk,furniture,161.36,55,8874.8,ibadan,sola,2020-01-26
2179,printer,electronics,1221.79,47,57424.13,akure,mike,2021-01-18
2180,chair,furniture,1886.11,38,71672.18,osun,martins,2020-06-13
2181,printer,electronics,108.33,20,2166.6,osun,martins,2020-04-18
2182,flashdrives,electronics,438.73,41,17987.93,kwara,dayo,2020-12-18
2183,monitor,electronics,770.1,75,57757.5,lagos,tolu,2020-06-02
2184,desk,furniture,1529.97,84,128517.48,abuja,moji,2020-08-17
2185,flashdrives,electronics,1016.92,74,75252.08,ogun,dayo,2021-03-04
2186,desktops,electronics,1471.43,68,100057.24,imo,martins,2021-04-28
2187,desktops,electronics,1050.27,41,43061.07,ibadan,abdul,2020-10-27
2188,monitor,electronics,670.8,99,66409.2,akure,abdul,2021-04-11
2189,printer,electronics,1501.41,15,22521.15,abia,abdul,2021-03-31
2190,desk,furniture,736.52,46,33879.92,kwara,dayo,2020-03-19
2191,printer,electronics,1313.59,78,102460.02,katsina,Ini,2021-03-04
2192,monitor,electronics,1147.3,17,19504.1,kwara,abdul,2021-02-21
2193,flashdrives,electronics,1338.49,78,104402.22,ibadan,taiwo,2020-12-15
2194,printer,electronics,253.57,53,13439.21,kogi,dayo,2020-05-31
2195,flashdrives,electronics,998.52,99,98853.48,katsina,sola,2021-04-09
2196,laptop,electronics,350.21,54,18911.34,ibadan,dayo,2021-04-26
2197,mouse,electronics,270.27,5,1351.35,kogi,martins,2020-06-19
2198,mouse,electronics,282.11,68,19183.48,kogi,mike,2020-12-28
2199,keyboard,electronics,816.59,72,58794.48,katsina,taiwo,2020-05-01
2200,printer,electronics,1796.9,44,79063.6,osun,emeka,2020-04-20
2201,laptop,electronics,166.03,46,7637.38,enugu,mike,2021-04-05
2202,desk,furniture,592.8,62,36753.6,abia,sola,2020-07-06
2203,flashdrives,electronics,1834.36,66,121067.76,abuja,sola,2020-01-08
2204,flashdrives,electronics,1194.24,87,103898.88,ogun,Ini,2021-01-23
2205,printer,electronics,888.4,66,58634.4,abia,emeka,2020-10-13
2206,mouse,electronics,479.88,64,30712.32,akure,martins,2021-06-14
2207,desktops,electronics,1168.06,55,64243.3,ibadan,josh,2021-01-28
2208,printer,electronics,1519.45,19,28869.55,lagos,abdul,2021-03-16
2209,desktops,electronics,570.95,79,45105.05,akure,moji,2020-12-21
2210,scanner,electronics,347.87,37,12871.19,ibadan,Ini,2021-03-25
2211,monitor,electronics,1772.99,37,65600.63,ibadan,emeka,2020-04-18
2212,monitor,electronics,1339.54,19,25451.26,abuja,abdul,2021-06-04
2213,keyboard,electronics,74.15,6,444.9,kwara,dayo,2020-07-18
2214,laptop,electronics,986.96,4,3947.84,akure,abdul,2020-10-15
2215,flashdrives,electronics,864.48,57,49275.36,kwara,sola,2021-04-09
2216,scanner,electronics,1837.63,92,169061.96,abia,moji,2021-03-31
2217,desk,furniture,996.65,12,11959.8,kano,taiwo,2020-04-29
2218,printer,electronics,1611.21,96,154676.16,imo,abdul,2020-03-17
2219,printer,electronics,330.32,43,14203.76,ibadan,Ini,2021-06-09
2220,mouse,electronics,1419.48,41,58198.68,lagos,mike,2020-04-12
2221,desktops,electronics,648.7,72,46706.4,ogun,tolu,2020-02-06
2222,laptop,electronics,506.91,76,38525.16,kogi,abdul,2020-07-19
2223,scanner,electronics,950.83,63,59902.29,kano,Ini,2020-10-16
2224,keyboard,electronics,413.17,12,4958.04,kwara,abdul,2020-01-04
2225,desk,furniture,153.18,72,11028.96,osun,abdul,2020-07-01
2226,laptop,electronics,847.96,34,28830.64,osun,mike,2020-08-28
2227,printer,electronics,978.78,85,83196.3,kano,taiwo,2020-08-25
2228,scanner,electronics,1342.59,63,84583.17,imo,tolu,2021-02-05
2229,flashdrives,electronics,727.11,62,45080.82,ibadan,moji,2020-08-12
2230,mouse,electronics,1926.58,97,186878.26,imo,taiwo,2021-03-05
2231,chair,furniture,664.29,85,56464.65,kogi,moji,2020-06-29
2232,chair,furniture,1913.5,85,162647.5,abuja,josh,2021-02-11
2233,keyboard,electronics,1551.89,62,96217.18,imo,Ini,2021-02-25
2234,monitor,electronics,77.35,35,2707.25,kwara,abdul,2021-02-22
2235,laptop,electronics,1133.27,42,47597.34,ibadan,tolu,2020-11-21
2236,desk,furniture,794.93,57,45311.01,kogi,mike,2020-09-23
2237,laptop,electronics,551.27,94,51819.38,katsina,josh,2020-02-16
2238,scanner,electronics,906.32,29,26283.28,osun,sola,2020-07-30
2239,mouse,electronics,1896.8,79,149847.2,osun,josh,2020-05-12
2240,flashdrives,electronics,1088.74,93,101252.82,lagos,mike,2020-04-02
2241,printer,electronics,1826.21,99,180794.79,imo,dayo,2020-03-05
2242,laptop,electronics,1046.93,47,49205.71,kwara,abdul,2020-06-09
2243,desktops,electronics,803.14,92,73888.88,katsina,taiwo,2020-06-14
2244,printer,electronics,676.37,28,18938.36,kwara,abdul,2020-01-14
2245,laptop,electronics,1694.05,97,164322.85,kwara,moji,2021-05-28
2246,desk,furniture,1586.86,6,9521.16,kano,taiwo,2020-11-04
2247,laptop,electronics,475.41,99,47065.59,abia,abdul,2020-02-04
2248,scanner,electronics,1504.83,49,73736.67,ogun,mike,2020-05-14
2249,scanner,electronics,1726.73,10,17267.3,abuja,dayo,2021-03-01
2250,laptop,electronics,49.19,70,3443.3,osun,sola,2020-04-07
2251,flashdrives,electronics,1589.39,25,39734.75,osun,taiwo,2020-11-27
2252,desk,furniture,1034.46,3,3103.38,ibadan,taiwo,2021-04-14
2253,monitor,electronics,217.36,84,18258.24,osun,Ini,2021-01-20
2254,scanner,electronics,870.48,29,25243.92,kogi,dayo,2020-10-12
2255,chair,furniture,583.16,90,52484.4,kwara,dayo,2020-09-07
2256,desk,furniture,54.08,64,3461.12,abia,mike,2021-01-16
2257,desktops,electronics,1434.87,58,83222.46,katsina,emeka,2020-01-26
2258,desk,furniture,1546.99,58,89725.42,akure,Ini,2020-04-21
2259,scanner,electronics,678.22,81,54935.82,abuja,moji,2020-06-22
2260,monitor,electronics,1732.36,63,109138.68,osun,abdul,2020-03-26
2261,keyboard,electronics,818.33,61,49918.13,kwara,emeka,2020-08-26
2262,laptop,electronics,1539.47,33,50802.51,kogi,taiwo,2020-12-11
2263,keyboard,electronics,92.29,89,8213.81,osun,emeka,2021-02-20
2264,laptop,electronics,550.93,27,14875.11,imo,dayo,2021-05-15
2265,desktops,electronics,1009.63,84,84808.92,katsina,josh,2021-04-17
2266,chair,furniture,1038.57,95,98664.15,abia,moji,2020-04-17
2267,desk,furniture,1404.53,49,68821.97,kano,martins,2020-06-14
2268,desktops,electronics,1501.33,22,33029.26,katsina,Ini,2020-04-26
2269,laptop,electronics,1773.3,64,113491.2,kano,tolu,2021-06-21
2270,chair,furniture,296.93,71,21082.03,kogi,mike,2020-01-10
2271,scanner,electronics,252.81,38,9606.78,abia,tolu,2020-10-04
2272,desktops,electronics,658.32,48,31599.36,osun,tolu,2020-06-18
2273,keyboard,electronics,594.59,88,52323.92,katsina,emeka,2021-01-15
2274,desktops,electronics,1216.95,61,74233.95,enugu,abdul,2020-12-04
2275,keyboard,electronics,345.19,92,31757.48,enugu,martins,2020-11-21
2276,desk,furniture,374.87,61,22867.07,abuja,martins,2020-11-15
2277,monitor,electronics,414.55,13,5389.15,kwara,Ini,2020-12-04
2278,mouse,electronics,140.99,60,8459.4,osun,sola,2020-03-09
2279,printer,electronics,1279.96,29,37118.84,akure,tolu,2020-01-15
2280,monitor,electronics,563.67,55,31001.85,osun,taiwo,2021-01-11
2281,flashdrives,electronics,1538.64,33,50775.12,kwara,dayo,2020-07-26
2282,mouse,electronics,1193.43,14,16708.02,abia,abdul,2020-10-13
2283,keyboard,electronics,540.62,14,7568.68,kano,dayo,2021-01-27
2284,printer,electronics,1159.8,76,88144.8,osun,taiwo,2021-04-29
2285,monitor,electronics,352.84,30,10585.2,katsina,moji,2020-05-30
2286,keyboard,electronics,346.34,1,346.34,akure,moji,2020-02-23
2287,keyboard,electronics,1033.18,57,58891.26,kogi,tolu,2021-04-28
2288,printer,electronics,619.07,98,60668.86,abuja,abdul,2021-02-06
2289,desk,furniture,1552.36,91,141264.76,enugu,josh,2020-11-15
2290,desktops,electronics,647.6,11,7123.6,osun,abdul,2020-06-19
2291,scanner,electronics,1428.47,56,79994.32,kwara,Ini,2021-05-16
2292,scanner,electronics,1377.03,72,99146.16,kogi,tolu,2020-12-22
2293,keyboard,electronics,70.09,47,3294.23,enugu,tolu,2020-12-20
2294,desk,furniture,443.28,72,31916.16,katsina,mike,2021-01-18
2295,keyboard,electronics,1867.72,2,3735.44,katsina,Ini,2021-01-04
2296,desktops,electronics,405.88,76,30846.88,ibadan,josh,2020-04-06
2297,printer,electronics,1833.3,65,119164.5,lagos,emeka,2020-10-06
2298,laptop,electronics,1301.49,83,108023.67,enugu,mike,2020-02-14
2299,scanner,electronics,562.86,8,4502.88,osun,martins,2021-04-27
2300,flashdrives,electronics,1271.84,63,80125.92,kano,Ini,2020-04-16
2301,laptop,electronics,751.68,79,59382.72,abia,sola,2020-06-30
2302,keyboard,electronics,183.99,16,2943.84,lagos,Ini,2020-03-04
2303,printer,electronics,213.0,70,14910.0,ibadan,abdul,2020-01-18
2304,printer,electronics,1677.8,41,68789.8,abia,sola,2021-01-10
2305,desktops,electronics,48.06,86,4133.16,kogi,mike,2020-03-03
2306,mouse,electronics,402.02,98,39397.96,kwara,sola,2020-09-30
2307,mouse,electronics,361.72,6,2170.32,ibadan,emeka,2020-07-22
2308,desktops,electronics,830.32,82,68086.24,abia,martins,2020-11-14
2309,scanner,electronics,1129.91,16,18078.56,akure,Ini,2020-03-29
2310,flashdrives,electronics,1861.94,12,22343.28,abuja,moji,2020-07-05
2311,mouse,electronics,387.6,76,29457.6,ogun,martins,2020-06-22
2312,laptop,electronics,450.7,48,21633.6,enugu,moji,2020-09-09
2313,scanner,electronics,1677.87,83,139263.21,katsina,sola,2020-11-13
2314,laptop,electronics,771.03,37,28528.11,kano,taiwo,2020-05-23
2315,flashdrives,electronics,644.77,29,18698.33,katsina,taiwo,2020-07-23
2316,keyboard,electronics,1958.97,34,66604.98,abia,Ini,2020-09-27
2317,mouse,electronics,989.97,75,74247.75,akure,josh,2021-06-19
2318,chair,furniture,1662.41,88,146292.08,kano,martins,2021-01-29
2319,keyboard,electronics,1085.14,27,29298.78,abia,mike,2020-12-21
2320,scanner,electronics,430.74,90,38766.6,kwara,dayo,2020-10-02
2321,mouse,electronics,1036.28,27,27979.56,ibadan,abdul,2021-04-23
2322,scanner,electronics,82.27,15,1234.05,kwara,tolu,2020-07-09
2323,chair,furniture,296.83,76,22559.08,akure,josh,2021-01-21
2324,flashdrives,electronics,1804.52,42,75789.84,abia,moji,2021-01-02
2325,laptop,electronics,334.33,61,20394.13,akure,josh,2020-04-12
2326,keyboard,electronics,1828.03,40,73121.2,kano,Ini,2020-07-09
2327,laptop,electronics,889.24,79,70249.96,enugu,emeka,2021-03-21
2328,desk,furniture,957.67,32,30645.44,ibadan,josh,2020-12-11
2329,chair,furniture,1363.54,39,53178.06,lagos,abdul,2021-06-03
2330,mouse,electronics,853.55,100,85355.0,ibadan,emeka,2021-02-14
2331,flashdrives,electronics,76.54,66,5051.64,kano,taiwo,2021-06-20
2332,monitor,electronics,1903.96,73,138989.08,imo,sola,2020-05-13
2333,printer,electronics,1581.37,7,11069.59,abuja,taiwo,2020-05-24
2334,printer,electronics,928.25,22,20421.5,enugu,martins,2020-05-31
2335,monitor,electronics,1768.25,39,68961.75,ibadan,moji,2020-07-08
2336,monitor,electronics,1718.37,56,96228.72,abuja,abdul,2020-06-06
2337,desktops,electronics,1694.42,48,81332.16,lagos,Ini,2020-06-12
2338,printer,electronics,217.83,71,15465.93,ogun,mike,2020-08-05
2339,chair,furniture,1343.5,60,80610.0,abia,abdul,2020-04-08
2340,desk,furniture,274.43,98,26894.14,kano,mike,2020-11-30
2341,scanner,electronics,1643.19,94,154459.86,kogi,emeka,2021-02-07
2342,desktops,electronics,161.88,63,10198.44,ogun,emeka,2020-01-28
2343,monitor,electronics,1773.46,23,40789.58,imo,abdul,2021-01-12
2344,printer,electronics,692.9,1,692.9,osun,emeka,2021-02-11
2345,mouse,electronics,1298.24,18,23368.32,enugu,abdul,2020-02-15
2346,monitor,electronics,617.84,12,7414.08,akure,mike,2020-07-03
2347,desk,furniture,318.48,40,12739.2,kogi,tolu,2021-05-07
2348,laptop,electronics,536.82,54,28988.28,kano,sola,2021-02-11
2349,desktops,electronics,1671.78,60,100306.8,imo,moji,2020-12-20
2350,mouse,electronics,1318.62,52,68568.24,imo,martins,2020-06-13
2351,printer,electronics,274.9,65,17868.5,kogi,tolu,2021-04-10
2352,laptop,electronics,982.56,86,84500.16,kogi,mike,2020-02-25
2353,scanner,electronics,861.46,95,81838.7,ogun,moji,2021-04-06
2354,desktops,electronics,758.19,61,46249.59,abia,josh,2021-01-08
2355,mouse,electronics,1575.28,55,86640.4,kwara,mike,2020-03-22
2356,keyboard,electronics,33.77,91,3073.07,osun,taiwo,2020-07-21
2357,desktops,electronics,1629.41,94,153164.54,enugu,mike,2020-02-19
2358,chair,furniture,577.79,16,9244.64,enugu,Ini,2021-01-10
2359,laptop,electronics,1780.55,88,156688.4,akure,taiwo,2021-03-11
2360,printer,electronics,1356.49,99,134292.51,lagos,dayo,2020-09-30
2361,keyboard,electronics,600.61,54,32432.94,lagos,Ini,2020-11-28
2362,scanner,electronics,1279.25,77,98502.25,abuja,josh,2020-02-07
2363,desktops,electronics,1482.59,32,47442.88,kano,moji,2020-04-06
2364,keyboard,electronics,1459.04,82,119641.28,enugu,mike,2020-10-08
2365,printer,electronics,1944.27,89,173040.03,osun,abdul,2021-06-20
2366,flashdrives,electronics,927.67,10,9276.7,akure,josh,2020-02-09
2367,keyboard,electronics,1226.52,93,114066.36,ogun,moji,2021-01-26
2368,desktops,electronics,1960.93,11,21570.23,akure,tolu,2020-11-05
2369,desk,furniture,813.46,24,19523.04,abia,taiwo,2020-03-22
2370,desk,furniture,1931.02,25,48275.5,osun,taiwo,2020-11-06
2371,flashdrives,electronics,1037.8,32,33209.6,abia,martins,2021-01-18
2372,flashdrives,electronics,956.38,98,93725.24,kogi,taiwo,2020-07-09
2373,scanner,electronics,1013.09,6,6078.54,osun,mike,2020-07-04
2374,scanner,electronics,559.91,53,29675.23,katsina,martins,2021-02-28
2375,keyboard,electronics,564.04,60,33842.4,osun,tolu,2020-11-21
2376,mouse,electronics,458.22,3,1374.66,abia,josh,2020-08-14
2377,mouse,electronics,1230.54,94,115670.76,abia,emeka,2021-04-16
2378,flashdrives,electronics,853.11,77,65689.47,akure,dayo,2021-02-02
2379,chair,furniture,1861.15,2,3722.3,akure,josh,2020-11-23
2380,printer,electronics,1648.8,20,32976.0,enugu,Ini,2020-08-03
2381,desktops,electronics,1401.5,87,121930.5,kogi,taiwo,2021-02-16
2382,laptop,electronics,1328.18,74,98285.32,abuja,tolu,2021-05-13
2383,desktops,electronics,1970.2,11,21672.2,katsina,dayo,2021-01-13
2384,scanner,electronics,597.81,41,24510.21,enugu,tolu,2021-04-23
2385,laptop,electronics,328.68,75,24651.0,kano,emeka,2020-12-26
2386,flashdrives,electronics,874.43,98,85694.14,lagos,taiwo,2021-05-17
2387,monitor,electronics,763.06,69,52651.14,kano,mike,2020-05-06
2388,mouse,electronics,803.58,28,22500.24,abuja,emeka,2020-10-23
2389,keyboard,electronics,1732.49,99,171516.51,imo,mike,2021-02-22
2390,printer,electronics,1507.54,54,81407.16,osun,taiwo,2020-11-23
2391,printer,electronics,1267.95,86,109043.7,ogun,tolu,2020-11-21
2392,desktops,electronics,1080.54,51,55107.54,katsina,mike,2021-05-21
2393,chair,furniture,586.84,58,34036.72,kano,sola,2021-02-13
2394,scanner,electronics,26.61,43,1144.23,imo,Ini,2020-06-25
2395,mouse,electronics,779.04,84,65439.36,kogi,mike,2021-02-24
2396,monitor,electronics,1280.11,80,102408.8,katsina,sola,2021-05-30
2397,mouse,electronics,1207.14,94,113471.16,kogi,martins,2020-11-28
2398,flashdrives,electronics,514.88,73,37586.24,ogun,Ini,2020-04-03
2399,printer,electronics,64.98,77,5003.46,imo,tolu,2021-02-02
2400,desktops,electronics,1032.44,25,25811.0,kano,Ini,2021-01-12
2401,monitor,electronics,366.92,92,33756.64,katsina,josh,2020-05-15
2402,scanner,electronics,148.33,4,593.32,katsina,emeka,2021-04-17
2403,chair,furniture,505.19,78,39404.82,enugu,abdul,2020-06-30
2404,chair,furniture,1010.43,15,15156.45,imo,emeka,2020-12-05
2405,keyboard,electronics,504.83,93,46949.19,abuja,martins,2020-02-03
2406,desk,furniture,1736.78,61,105943.58,kogi,moji,2021-03-03
2407,scanner,electronics,1769.05,69,122064.45,abuja,emeka,2020-01-25
2408,chair,furniture,972.0,93,90396.0,lagos,taiwo,2021-02-11
2409,laptop,electronics,739.48,92,68032.16,kwara,tolu,2021-03-26
2410,desk,furniture,1579.1,14,22107.4,kano,taiwo,2020-04-24
2411,keyboard,electronics,745.6,85,63376.0,akure,sola,2020-09-05
2412,chair,furniture,435.97,13,5667.61,akure,tolu,2020-03-16
2413,chair,furniture,1800.41,63,113425.83,imo,abdul,2020-09-23
2414,printer,electronics,604.68,57,34466.76,akure,Ini,2020-09-21
2415,flashdrives,electronics,565.09,5,2825.45,imo,sola,2020-05-31
2416,desktops,electronics,591.09,29,17141.61,akure,emeka,2021-01-06
2417,scanner,electronics,627.19,92,57701.48,kano,emeka,2020-11-08
2418,chair,furniture,1431.9,87,124575.3,ibadan,sola,2020-05-11
2419,keyboard,electronics,1222.75,50,61137.5,ibadan,tolu,2020-08-21
2420,laptop,electronics,1704.82,75,127861.5,ibadan,sola,2020-01-13
2421,scanner,electronics,741.04,66,48908.64,abia,dayo,2021-02-19
2422,chair,furniture,1244.55,22,27380.1,akure,tolu,2020-06-08
2423,flashdrives,electronics,1708.17,41,70034.97,kwara,josh,2021-01-22
2424,chair,furniture,1303.79,68,88657.72,enugu,sola,2021-05-10
2425,desk,furniture,48.18,9,433.62,akure,abdul,2020-11-12
2426,monitor,electronics,464.13,36,16708.68,osun,moji,2020-07-20
2427,printer,electronics,1007.6,73,73554.8,ogun,martins,2021-06-20
2428,monitor,electronics,1487.93,47,69932.71,ogun,martins,2021-02-12
2429,mouse,electronics,1905.02,65,123826.3,abuja,taiwo,2020-03-22
2430,laptop,electronics,904.33,67,60590.11,katsina,abdul,2020-09-19
2431,keyboard,electronics,1385.6,84,116390.4,katsina,abdul,2021-04-12
2432,keyboard,electronics,99.66,78,7773.48,ibadan,dayo,2020-10-11
2433,mouse,electronics,1491.36,94,140187.84,abuja,sola,2021-06-19
2434,scanner,electronics,140.51,30,4215.3,katsina,emeka,2021-05-03
2435,chair,furniture,214.58,7,1502.06,akure,tolu,2020-03-15
2436,monitor,electronics,967.03,57,55120.71,abuja,Ini,2020-07-21
2437,mouse,electronics,1093.89,28,30628.92,osun,Ini,2020-11-03
2438,flashdrives,electronics,39.01,56,2184.56,abuja,Ini,2020-07-18
2439,flashdrives,electronics,1615.42,79,127618.18,imo,Ini,2020-01-01
2440,scanner,electronics,1514.03,77,116580.31,ibadan,Ini,2020-06-29
2441,printer,electronics,1024.44,66,67613.04,ibadan,tolu,2020-11-02
2442,scanner,electronics,1737.18,32,55589.76,akure,taiwo,2021-05-30
2443,scanner,electronics,1259.33,15,18889.95,imo,sola,2021-05-14
2444,laptop,electronics,652.03,66,43033.98,enugu,Ini,2020-06-16
2445,keyboard,electronics,149.81,56,8389.36,ogun,taiwo,2020-04-06
2446,chair,furniture,698.01,88,61424.88,kwara,sola,2020-07-17
2447,mouse,electronics,1530.45,28,42852.6,ibadan,dayo,2020-11-08
2448,printer,electronics,1537.51,61,93788.11,abuja,tolu,2020-11-03
2449,flashdrives,electronics,436.38,87,37965.06,kano,josh,2020-06-09
2450,monitor,electronics,1537.47,22,33824.34,kano,emeka,2020-06-09
2451,printer,electronics,1914.28,61,116771.08,ogun,emeka,2021-03-02
2452,scanner,electronics,472.87,34,16077.58,enugu,taiwo,2021-01-14
2453,keyboard,electronics,626.34,94,58875.96,akure,josh,2021-04-05
2454,scanner,electronics,862.09,51,43966.59,imo,mike,2020-01-06
2455,desk,furniture,129.51,53,6864.03,akure,tolu,2020-05-23
2456,chair,furniture,1538.76,3,4616.28,abia,abdul,2020-08-01
2457,scanner,electronics,603.7,48,28977.6,lagos,josh,2021-03-13
2458,desk,furniture,664.86,72,47869.92,abia,abdul,2020-08-08
2459,flashdrives,electronics,1015.83,36,36569.88,abuja,moji,2020-09-05
2460,keyboard,electronics,664.46,62,41196.52,abia,emeka,2021-04-26
2461,laptop,electronics,1566.83,50,78341.5,abia,Ini,2020-09-12
2462,scanner,electronics,1974.12,76,150033.12,kogi,martins,2020-04-13
2463,laptop,electronics,1286.46,36,46312.56,kwara,josh,2021-03-24
2464,scanner,electronics,239.84,18,4317.12,abia,moji,2020-11-28
2465,desk,furniture,1652.14,20,33042.8,osun,taiwo,2020-07-23
2466,desktops,electronics,194.25,32,6216.0,akure,emeka,2020-09-23
2467,desktops,electronics,1071.43,38,40714.34,abia,martins,2020-05-23
2468,mouse,electronics,1744.04,90,156963.6,abia,josh,2021-01-04
2469,chair,furniture,1499.6,28,41988.8,kano,josh,2021-04-24
2470,monitor,electronics,932.39,43,40092.77,katsina,tolu,2020-09-22
2471,scanner,electronics,1215.16,3,3645.48,kano,moji,2021-02-24
2472,desk,furniture,804.69,63,50695.47,imo,martins,2020-03-02
2473,desktops,electronics,759.48,73,55442.04,kogi,martins,2021-05-31
2474,printer,electronics,1584.47,63,99821.61,ibadan,emeka,2020-12-07
2475,mouse,electronics,1474.18,73,107615.14,abuja,dayo,2020-04-25
2476,desktops,electronics,333.28,66,21996.48,abuja,emeka,2021-04-24
2477,flashdrives,electronics,1307.34,25,32683.5,imo,moji,2021-03-17
2478,scanner,electronics,942.12,95,89501.4,kano,tolu,2020-12-04
2479,mouse,electronics,379.71,74,28098.54,akure,Ini,2021-06-24
2480,desk,furniture,1781.01,52,92612.52,osun,taiwo,2020-01-07
2481,flashdrives,electronics,1659.88,3,4979.64,lagos,abdul,2020-11-26
2482,desk,furniture,317.98,29,9221.42,osun,tolu,2020-11-30
2483,desktops,electronics,926.35,86,79666.1,katsina,emeka,2020-12-29
2484,flashdrives,electronics,322.16,99,31893.84,kano,abdul,2020-11-11
2485,keyboard,electronics,219.78,69,15164.82,osun,martins,2020-05-10
2486,desktops,electronics,710.07,9,6390.63,akure,josh,2020-08-23
2487,monitor,electronics,419.37,21,8806.77,kogi,taiwo,2020-08-26
2488,monitor,electronics,1549.24,4,6196.96,kano,Ini,2020-05-06
2489,desk,furniture,70.34,96,6752.64,abia,abdul,2021-01-24
2490,laptop,electronics,904.69,52,47043.88,katsina,abdul,2021-01-24
2491,flashdrives,electronics,1632.71,12,19592.52,kano,dayo,2021-06-12
2492,mouse,electronics,342.51,27,9247.77,abuja,Ini,2021-01-01
2493,printer,electronics,841.95,27,22732.65,abuja,dayo,2021-01-03
2494,chair,furniture,525.46,15,7881.9,enugu,martins,2020-01-08
2495,desk,furniture,1610.76,52,83759.52,abuja,josh,2021-01-04
2496,scanner,electronics,1676.34,56,93875.04,ogun,taiwo,2020-08-22
2497,mouse,electronics,1307.86,50,65393.0,enugu,martins,2020-10-08
2498,printer,electronics,109.83,32,3514.56,kano,emeka,2020-01-10
2499,keyboard,electronics,1046.87,18,18843.66,abia,Ini,2020-02-09
2500,laptop,electronics,1200.48,27,32412.96,abia,tolu,2020-10-27
2501,printer,electronics,1242.76,21,26097.96,kogi,sola,2020-06-27
2502,desktops,electronics,1931.29,95,183472.55,imo,tolu,2020-07-04
2503,printer,electronics,1760.57,15,26408.55,imo,sola,2020-01-31
2504,chair,furniture,424.07,52,22051.64,ogun,josh,2020-09-28
2505,flashdrives,electronics,655.72,4,2622.88,akure,martins,2021-04-26
2506,laptop,electronics,1475.2,19,28028.8,kogi,martins,2021-01-21
2507,flashdrives,electronics,1450.59,22,31912.98,kano,moji,2020-01-16
2508,printer,electronics,1796.43,12,21557.16,kogi,moji,2020-04-25
2509,chair,furniture,939.58,54,50737.32,kwara,Ini,2020-05-17
2510,flashdrives,electronics,1622.66,1,1622.66,ibadan,Ini,2021-04-25
2511,scanner,electronics,273.83,85,23275.55,kwara,josh,2020-04-08
2512,chair,furniture,995.75,74,73685.5,katsina,sola,2020-08-12
2513,desktops,electronics,277.02,19,5263.38,katsina,tolu,2020-03-25
2514,mouse,electronics,1440.19,37,53287.03,osun,moji,2020-09-12
2515,monitor,electronics,516.33,94,48535.02,ogun,taiwo,2020-12-02
2516,chair,furniture,1343.35,67,90004.45,kwara,emeka,2020-09-30
2517,keyboard,electronics,669.33,48,32127.84,ogun,sola,2020-02-05
2518,desk,furniture,1271.12,26,33049.12,kano,martins,2020-05-26
2519,laptop,electronics,1674.05,31,51895.55,kano,mike,2020-11-26
2520,laptop,electronics,1152.73,62,71469.26,akure,abdul,2021-02-19
2521,chair,furniture,1985.54,59,117146.86,osun,taiwo,2021-03-26
2522,mouse,electronics,1495.02,84,125581.68,imo,dayo,2020-12-11
2523,printer,electronics,1993.44,24,47842.56,ibadan,josh,2021-05-14
2524,desktops,electronics,923.51,13,12005.63,ogun,josh,2021-06-15
2525,scanner,electronics,144.97,47,6813.59,kogi,tolu,2020-01-27
2526,desktops,electronics,269.93,30,8097.9,enugu,moji,2020-05-03
2527,desktops,electronics,1431.14,17,24329.38,akure,taiwo,2021-04-08
2528,desk,furniture,1115.53,11,12270.83,kwara,sola,2021-02-11
2529,desktops,electronics,405.86,88,35715.68,katsina,martins,2020-07-22
2530,printer,electronics,1060.64,100,106064.0,kano,emeka,2021-06-21
2531,laptop,electronics,1604.51,47,75411.97,kwara,abdul,2020-06-19
2532,printer,electronics,334.32,88,29420.16,kano,tolu,2020-08-19
2533,keyboard,electronics,1090.83,79,86175.57,kogi,abdul,2020-10-12
2534,laptop,electronics,1918.93,52,99784.36,ibadan,mike,2021-06-18
2535,desk,furniture,1789.61,60,107376.6,akure,sola,2020-11-03
2536,laptop,electronics,168.24,91,15309.84,kwara,tolu,2020-11-15
2537,monitor,electronics,1847.64,79,145963.56,osun,moji,2020-03-01
2538,desk,furniture,297.8,62,18463.6,kano,abdul,2021-02-04
2539,keyboard,electronics,1299.25,51,66261.75,osun,abdul,2020-09-11
2540,printer,electronics,159.65,36,5747.4,kano,mike,2020-05-06
2541,flashdrives,electronics,1889.8,20,37796.0,katsina,Ini,2020-05-25
2542,scanner,electronics,1525.96,2,3051.92,ogun,moji,2021-06-17
2543,scanner,electronics,1058.0,99,104742.0,ogun,emeka,2021-04-27
2544,monitor,electronics,1327.63,39,51777.57,abuja,dayo,2021-04-10
2545,keyboard,electronics,159.4,97,15461.8,abia,josh,2020-10-05
2546,laptop,electronics,775.37,33,25587.21,abuja,tolu,2021-04-22
2547,desk,furniture,1178.26,91,107221.66,abia,Ini,2020-10-25
2548,monitor,electronics,1055.22,12,12662.64,abia,emeka,2021-01-06
2549,monitor,electronics,1741.34,86,149755.24,enugu,mike,2021-03-07
2550,laptop,electronics,1283.36,99,127052.64,ibadan,taiwo,2020-09-14
2551,desktops,electronics,671.08,86,57712.88,ibadan,josh,2020-03-26
2552,laptop,electronics,220.24,63,13875.12,katsina,emeka,2021-05-21
2553,monitor,electronics,1190.35,86,102370.1,ibadan,moji,2021-05-14
2554,desktops,electronics,1221.15,73,89143.95,kogi,emeka,2021-06-15
2555,desk,furniture,103.36,14,1447.04,osun,tolu,2020-04-10
2556,flashdrives,electronics,207.93,98,20377.14,katsina,josh,2021-03-07
2557,desk,furniture,1442.21,6,8653.26,akure,tolu,2021-03-26
2558,chair,furniture,1155.22,67,77399.74,lagos,mike,2021-03-18
2559,laptop,electronics,447.76,24,10746.24,lagos,tolu,2020-12-02
2560,mouse,electronics,598.71,53,31731.63,imo,martins,2021-04-12
2561,scanner,electronics,730.01,88,64240.88,akure,josh,2020-09-11
2562,scanner,electronics,903.09,7,6321.63,akure,Ini,2020-09-26
2563,keyboard,electronics,434.57,99,43022.43,kwara,tolu,2020-11-25
2564,desk,furniture,1511.57,100,151157.0,kano,Ini,2020-04-01
2565,printer,electronics,716.57,69,49443.33,abia,abdul,2020-11-20
2566,scanner,electronics,220.57,93,20513.01,abuja,tolu,2021-02-19
2567,printer,electronics,1251.16,82,102595.12,kano,mike,2020-07-26
2568,scanner,electronics,1714.83,63,108034.29,akure,josh,2021-03-24
2569,printer,electronics,1514.45,22,33317.9,akure,martins,2020-04-24
2570,monitor,electronics,1172.06,65,76183.9,abia,tolu,2020-10-30
2571,desktops,electronics,1085.74,51,55372.74,osun,moji,2020-07-22
2572,mouse,electronics,199.27,77,15343.79,ogun,mike,2020-09-26
2573,keyboard,electronics,1437.46,69,99184.74,akure,mike,2020-05-16
2574,desk,furniture,225.18,95,21392.1,imo,taiwo,2020-03-25
2575,printer,electronics,1998.89,57,113936.73,lagos,abdul,2020-06-07
2576,scanner,electronics,72.19,29,2093.51,abia,abdul,2020-09-08
2577,monitor,electronics,891.9,28,24973.2,kano,martins,2020-10-30
2578,monitor,electronics,1929.89,79,152461.31,enugu,Ini,2021-02-28
2579,desktops,electronics,1111.43,73,81134.39,katsina,mike,2020-07-09
2580,desktops,electronics,1170.17,81,94783.77,osun,mike,2020-09-24
2581,printer,electronics,1610.78,34,54766.52,kogi,josh,2021-01-08
2582,monitor,electronics,653.91,46,30079.86,abuja,sola,2020-11-25
2583,monitor,electronics,1595.2,75,119640.0,kano,moji,2021-06-03
2584,chair,furniture,1080.01,14,15120.14,imo,emeka,2020-08-21
2585,printer,electronics,1440.78,83,119584.74,kwara,abdul,2021-04-21
2586,scanner,electronics,1157.03,7,8099.21,enugu,emeka,2021-03-24
2587,chair,furniture,1190.3,9,10712.7,kano,martins,2021-04-04
2588,desktops,electronics,1307.55,45,58839.75,enugu,sola,2020-03-06
2589,printer,electronics,149.52,93,13905.36,ibadan,emeka,2020-09-15
2590,laptop,electronics,1432.95,63,90275.85,kogi,sola,2021-02-09
2591,monitor,electronics,1330.37,40,53214.8,kwara,tolu,2020-11-07
2592,printer,electronics,480.48,66,31711.68,kogi,sola,2020-11-18
2593,laptop,electronics,1942.36,7,13596.52,abia,josh,2020-05-02
2594,mouse,electronics,1235.42,68,84008.56,kogi,sola,2020-07-18
2595,monitor,electronics,1959.97,100,195997.0,imo,sola,2020-07-04
2596,laptop,electronics,1305.83,64,83573.12,abia,moji,2020-12-05
2597,mouse,electronics,206.44,52,10734.88,osun,tolu,2021-01-31
2598,desk,furniture,774.96,61,47272.56,kano,josh,2020-07-06
2599,mouse,electronics,636.17,23,14631.91,abia,mike,2020-09-15
2600,chair,furniture,199.65,34,6788.1,kogi,abdul,2020-08-20
2601,printer,electronics,1971.56,82,161667.92,abuja,josh,2021-04-07
2602,mouse,electronics,1057.26,3,3171.78,osun,martins,2020-03-01
2603,printer,electronics,209.07,1,209.07,kwara,martins,2020-01-05
2604,printer,electronics,781.81,4,3127.24,imo,emeka,2021-01-18
2605,mouse,electronics,1912.31,25,47807.75,ogun,emeka,2021-05-25
2606,keyboard,electronics,1079.72,45,48587.4,abuja,tolu,2020-06-07
2607,flashdrives,electronics,760.85,23,17499.55,enugu,sola,2021-06-03
2608,keyboard,electronics,1632.44,57,93049.08,lagos,emeka,2020-02-09
2609,desktops,electronics,1778.7,16,28459.2,imo,taiwo,2020-10-25
2610,mouse,electronics,711.13,24,17067.12,osun,dayo,2020-06-20
2611,mouse,electronics,1005.35,78,78417.3,kano,emeka,2020-12-11
2612,chair,furniture,1858.64,71,131963.44,kogi,Ini,2020-04-29
2613,desktops,electronics,149.62,32,4787.84,akure,sola,2020-09-02
2614,chair,furniture,392.91,52,20431.32,lagos,josh,2020-03-01
2615,chair,furniture,1625.6,85,138176.0,abia,emeka,2020-04-11
2616,desktops,electronics,200.09,84,16807.56,akure,dayo,2021-06-18
2617,desk,furniture,1518.71,83,126052.93,katsina,taiwo,2020-11-24
2618,keyboard,electronics,906.85,26,23578.1,ibadan,tolu,2021-03-12
2619,desk,furniture,881.57,11,9697.27,enugu,martins,2021-05-18
2620,mouse,electronics,656.6,62,40709.2,osun,mike,2020-11-09
2621,chair,furniture,1984.73,99,196488.27,ibadan,tolu,2020-02-26
2622,desktops,electronics,1665.89,25,41647.25,abuja,taiwo,2020-06-26
2623,printer,electronics,1483.73,69,102377.37,lagos,martins,2020-11-06
2624,desk,furniture,392.71,69,27096.99,lagos,tolu,2021-03-20
2625,desktops,electronics,1057.49,23,24322.27,kwara,josh,2020-02-15
2626,monitor,electronics,215.33,24,5167.92,katsina,josh,2020-03-15
2627,monitor,electronics,1000.64,74,74047.36,ogun,emeka,2020-01-16
2628,laptop,electronics,1845.73,27,49834.71,abia,moji,2020-10-24
2629,laptop,electronics,1810.7,85,153909.5,akure,sola,2021-02-03
2630,monitor,electronics,756.13,52,39318.76,lagos,sola,2020-05-25
2631,flashdrives,electronics,507.42,86,43638.12,ibadan,mike,2020-11-13
2632,monitor,electronics,1881.74,84,158066.16,abia,taiwo,2021-02-23
2633,laptop,electronics,843.46,53,44703.38,kogi,taiwo,2020-07-13
2634,chair,furniture,521.78,2,1043.56,ogun,mike,2020-02-12
2635,chair,furniture,275.2,89,24492.8,katsina,moji,2020-04-27
2636,mouse,electronics,334.67,63,21084.21,abuja,sola,2020-12-01
2637,keyboard,electronics,1888.14,33,62308.62,ogun,mike,2020-10-18
2638,desktops,electronics,587.15,73,42861.95,ibadan,moji,2020-05-02
2639,desk,furniture,1649.3,26,42881.8,abuja,dayo,2021-05-24
2640,monitor,electronics,271.69,5,1358.45,enugu,Ini,2020-04-21
2641,mouse,electronics,472.72,50,23636.0,kano,moji,2020-03-10
2642,monitor,electronics,883.18,48,42392.64,enugu,sola,2021-03-28
2643,flashdrives,electronics,1542.87,85,131143.95,kwara,abdul,2020-08-03
2644,printer,electronics,106.64,2,213.28,kano,josh,2020-09-13
2645,keyboard,electronics,713.23,26,18543.98,ogun,martins,2021-02-04
2646,desk,furniture,323.13,38,12278.94,kwara,moji,2020-08-18
2647,keyboard,electronics,1261.88,43,54260.84,ogun,Ini,2020-01-26
2648,chair,furniture,157.38,32,5036.16,osun,dayo,2020-10-21
2649,desktops,electronics,338.97,71,24066.87,akure,martins,2020-04-24
2650,mouse,electronics,831.65,69,57383.85,lagos,emeka,2020-06-22
2651,printer,electronics,753.34,19,14313.46,abuja,tolu,2020-08-27
2652,laptop,electronics,774.8,73,56560.4,lagos,mike,2020-05-02
2653,monitor,electronics,1529.11,5,7645.55,osun,dayo,2020-03-16
2654,laptop,electronics,1304.75,61,79589.75,osun,tolu,2021-01-30
2655,scanner,electronics,1377.51,50,68875.5,enugu,abdul,2021-05-17
2656,flashdrives,electronics,515.08,82,42236.56,enugu,Ini,2020-06-05
2657,chair,furniture,1082.18,47,50862.46,katsina,sola,2020-10-20
2658,keyboard,electronics,1926.82,50,96341.0,ibadan,sola,2021-01-11
2659,laptop,electronics,874.84,39,34118.76,kano,martins,2021-04-15
2660,desk,furniture,1427.16,70,99901.2,katsina,mike,2020-05-08
2661,printer,electronics,432.04,52,22466.08,kogi,mike,2021-04-16
2662,chair,furniture,898.91,50,44945.5,enugu,josh,2020-12-11
2663,printer,electronics,1337.44,18,24073.92,abia,dayo,2020-07-29
2664,monitor,electronics,449.58,25,11239.5,osun,abdul,2021-01-07
2665,chair,furniture,1105.45,98,108334.1,imo,mike,2021-01-18
2666,scanner,electronics,442.76,19,8412.44,enugu,moji,2021-04-08
2667,scanner,electronics,1811.26,100,181126.0,osun,mike,2020-02-22
2668,monitor,electronics,450.01,71,31950.71,kano,tolu,2021-01-28
2669,desktops,electronics,874.93,57,49871.01,lagos,abdul,2021-01-30
2670,flashdrives,electronics,1340.65,35,46922.75,abia,tolu,2020-06-08
2671,desk,furniture,1158.64,26,30124.64,kano,mike,2020-11-20
2672,chair,furniture,506.48,95,48115.6,kano,Ini,2020-11-19
2673,flashdrives,electronics,1867.38,79,147523.02,kwara,tolu,2020-02-06
2674,mouse,electronics,1578.19,11,17360.09,lagos,martins,2020-02-24
2675,printer,electronics,1708.15,41,70034.15,akure,abdul,2020-06-03
2676,monitor,electronics,628.97,9,5660.73,akure,emeka,2020-11-19
2677,flashdrives,electronics,1810.94,58,105034.52,enugu,josh,2020-06-28
2678,scanner,electronics,620.42,72,44670.24,kano,sola,2020-06-16
2679,desk,furniture,254.51,80,20360.8,kogi,sola,2021-04-25
2680,scanner,electronics,1386.13,32,44356.16,abuja,tolu,2020-05-30
2681,chair,furniture,212.2,6,1273.2,kano,mike,2021-04-29
2682,desk,furniture,964.22,99,95457.78,lagos,emeka,2021-01-06
2683,chair,furniture,1178.08,24,28273.92,enugu,martins,2021-05-18
2684,flashdrives,electronics,700.78,44,30834.32,abuja,josh,2020-03-11
2685,keyboard,electronics,287.19,39,11200.41,ogun,mike,2020-06-02
2686,mouse,electronics,1985.94,86,170790.84,katsina,tolu,2020-11-24
2687,scanner,electronics,1428.59,11,15714.49,akure,emeka,2021-05-21
2688,laptop,electronics,1251.29,76,95098.04,kogi,sola,2021-01-08
2689,scanner,electronics,400.21,36,14407.56,kwara,martins,2021-05-16
2690,printer,electronics,1813.52,7,12694.64,ogun,abdul,2020-11-09
2691,scanner,electronics,908.88,56,50897.28,akure,martins,2020-10-06
2692,chair,furniture,1325.63,43,57002.09,kwara,martins,2020-05-13
2693,flashdrives,electronics,41.14,74,3044.36,lagos,taiwo,2021-01-24
2694,monitor,electronics,1810.98,49,88738.02,kogi,martins,2020-10-03
2695,desk,furniture,684.56,66,45180.96,imo,mike,2021-02-20
2696,printer,electronics,282.03,45,12691.35,abia,taiwo,2020-07-16
2697,chair,furniture,577.65,11,6354.15,enugu,tolu,2020-03-27
2698,printer,electronics,1725.73,15,25885.95,lagos,sola,2020-04-19
2699,monitor,electronics,167.34,48,8032.32,abuja,sola,2020-08-30
2700,mouse,electronics,1730.11,2,3460.22,abia,martins,2020-12-15
2701,flashdrives,electronics,159.36,75,11952.0,ogun,Ini,2020-12-04
2702,mouse,electronics,1232.88,8,9863.04,abia,sola,2020-07-23
2703,mouse,electronics,387.44,92,35644.48,abuja,martins,2021-03-19
2704,monitor,electronics,436.23,92,40133.16,abuja,mike,2020-11-24
2705,desktops,electronics,401.42,26,10436.92,abia,Ini,2020-07-09
2706,chair,furniture,590.37,87,51362.19,osun,martins,2021-03-29
2707,keyboard,electronics,1025.02,11,11275.22,kano,abdul,2020-09-26
2708,keyboard,electronics,1758.79,74,130150.46,katsina,moji,2020-03-18
2709,monitor,electronics,390.36,42,16395.12,imo,abdul,2020-06-15
2710,desk,furniture,1277.89,76,97119.64,ibadan,emeka,2021-02-26
2711,desktops,electronics,1288.38,28,36074.64,kogi,taiwo,2020-12-19
2712,monitor,electronics,1070.49,84,89921.16,ogun,taiwo,2020-10-15
2713,keyboard,electronics,148.01,9,1332.09,enugu,josh,2020-03-02
2714,flashdrives,electronics,1516.19,56,84906.64,abuja,tolu,2021-04-01
2715,laptop,electronics,1954.79,87,170066.73,abuja,josh,2021-01-05
2716,flashdrives,electronics,1362.83,9,12265.47,osun,taiwo,2020-11-22
2717,chair,furniture,729.06,62,45201.72,akure,Ini,2020-11-03
2718,chair,furniture,640.68,96,61505.28,katsina,abdul,2020-06-23
2719,laptop,electronics,1387.91,53,73559.23,enugu,Ini,2020-11-28
2720,desk,furniture,937.98,60,56278.8,enugu,sola,2020-05-25
2721,desk,furniture,850.8,4,3403.2,kano,josh,2021-01-25
2722,keyboard,electronics,810.85,2,1621.7,kogi,tolu,2020-06-25
2723,keyboard,electronics,1194.02,24,28656.48,katsina,moji,2020-01-17
2724,desk,furniture,955.13,35,33429.55,akure,abdul,2020-01-23
2725,chair,furniture,796.62,39,31068.18,kwara,taiwo,2020-08-21
2726,monitor,electronics,983.34,93,91450.62,enugu,mike,2021-03-21
2727,keyboard,electronics,984.94,86,84704.84,lagos,josh,2020-04-18
2728,mouse,electronics,1906.84,91,173522.44,enugu,emeka,2020-10-23
2729,keyboard,electronics,485.6,64,31078.4,imo,abdul,2021-03-02
2730,chair,furniture,45.68,40,1827.2,ogun,sola,2020-12-12
2731,scanner,electronics,1374.43,55,75593.65,osun,moji,2020-05-12
2732,desktops,electronics,578.16,93,53768.88,akure,sola,2021-01-13
2733,flashdrives,electronics,1941.45,9,17473.05,lagos,Ini,2021-01-13
2734,desk,furniture,507.3,42,21306.6,abia,abdul,2020-11-16
2735,chair,furniture,1577.88,72,113607.36,akure,emeka,2020-12-05
2736,monitor,electronics,1805.67,42,75838.14,imo,tolu,2020-08-22
2737,flashdrives,electronics,1226.59,32,39250.88,enugu,emeka,2021-04-26
2738,laptop,electronics,640.65,13,8328.45,kogi,sola,2020-11-25
2739,mouse,electronics,1067.89,60,64073.4,osun,taiwo,2020-03-09
2740,chair,furniture,791.36,25,19784.0,imo,taiwo,2020-05-26
2741,printer,electronics,1698.59,8,13588.72,enugu,abdul,2020-08-16
2742,laptop,electronics,667.88,80,53430.4,enugu,dayo,2020-05-29
2743,scanner,electronics,1914.2,63,120594.6,akure,emeka,2020-07-23
2744,monitor,electronics,1916.3,77,147555.1,osun,moji,2020-10-29
2745,laptop,electronics,1476.28,25,36907.0,kwara,dayo,2020-10-16
2746,monitor,electronics,1585.6,55,87208.0,abia,martins,2020-11-01
2747,scanner,electronics,424.4,38,16127.2,lagos,martins,2021-03-07
2748,mouse,electronics,749.89,100,74989.0,kano,Ini,2021-01-26
2749,desktops,electronics,330.82,57,18856.74,imo,josh,2020-04-20
2750,scanner,electronics,922.77,26,23992.02,abia,emeka,2021-04-09
2751,scanner,electronics,342.54,17,5823.18,akure,martins,2020-05-06
2752,laptop,electronics,1738.12,71,123406.52,enugu,josh,2020-05-25
2753,printer,electronics,1666.97,49,81681.53,kwara,martins,2021-03-20
2754,printer,electronics,803.16,42,33732.72,osun,martins,2020-10-16
2755,printer,electronics,1139.92,73,83214.16,lagos,dayo,2020-02-27
2756,keyboard,electronics,1003.42,9,9030.78,kano,sola,2020-04-14
2757,desktops,electronics,343.5,92,31602.0,katsina,moji,2021-01-03
2758,printer,electronics,689.55,53,36546.15,akure,moji,2021-05-19
2759,desk,furniture,1099.32,68,74753.76,kogi,tolu,2021-02-09
2760,keyboard,electronics,1105.23,12,13262.76,katsina,Ini,2020-06-11
2761,mouse,electronics,1530.27,34,52029.18,katsina,abdul,2020-02-27
2762,desktops,electronics,67.97,83,5641.51,abia,abdul,2021-05-05
2763,laptop,electronics,103.51,98,10143.98,katsina,sola,2020-05-20
2764,desktops,electronics,652.53,50,32626.5,imo,tolu,2021-02-09
2765,laptop,electronics,1030.29,38,39151.02,enugu,martins,2021-02-28
2766,desktops,electronics,154.56,26,4018.56,osun,martins,2020-08-01
2767,monitor,electronics,1173.82,1,1173.82,akure,moji,2021-01-11
2768,desktops,electronics,1799.19,22,39582.18,kogi,abdul,2020-06-04
2769,desktops,electronics,34.55,81,2798.55,abia,emeka,2020-10-15
2770,scanner,electronics,1121.4,66,74012.4,kogi,sola,2020-07-25
2771,flashdrives,electronics,527.43,26,13713.18,akure,taiwo,2021-02-06
2772,mouse,electronics,1307.92,58,75859.36,lagos,Ini,2021-06-08
2773,desk,furniture,425.09,15,6376.35,lagos,mike,2020-04-19
2774,monitor,electronics,416.28,73,30388.44,abia,taiwo,2020-08-07
2775,flashdrives,electronics,1639.36,47,77049.92,enugu,martins,2020-08-23
2776,flashdrives,electronics,1782.61,33,58826.13,katsina,dayo,2020-01-25
2777,scanner,electronics,44.47,24,1067.28,akure,abdul,2021-05-26
2778,desk,furniture,1445.54,59,85286.86,kogi,emeka,2020-06-18
2779,chair,furniture,970.75,77,74747.75,ibadan,tolu,2020-09-11
2780,mouse,electronics,1240.41,1,1240.41,lagos,emeka,2020-02-21
2781,laptop,electronics,1894.64,1,1894.64,ibadan,Ini,2021-01-25
2782,flashdrives,electronics,1923.19,13,25001.47,lagos,josh,2020-08-08
2783,monitor,electronics,1942.46,95,184533.7,akure,moji,2020-10-13
2784,desk,furniture,1314.18,39,51253.02,imo,martins,2020-05-02
2785,scanner,electronics,300.84,59,17749.56,imo,abdul,2020-05-03
2786,laptop,electronics,1762.98,61,107541.78,kano,martins,2020-04-25
2787,mouse,electronics,1455.12,59,85852.08,osun,dayo,2020-10-06
2788,scanner,electronics,64.67,73,4720.91,enugu,moji,2020-06-05
2789,monitor,electronics,149.01,87,12963.87,kogi,martins,2020-02-08
2790,chair,furniture,876.33,60,52579.8,kogi,sola,2020-01-14
2791,flashdrives,electronics,1796.87,85,152733.95,abuja,taiwo,2020-10-15
2792,chair,furniture,421.34,35,14746.9,lagos,tolu,2020-10-05
2793,monitor,electronics,484.94,58,28126.52,imo,martins,2020-02-15
2794,flashdrives,electronics,1674.08,56,93748.48,kwara,Ini,2020-08-25
2795,laptop,electronics,587.3,12,7047.6,osun,josh,2021-04-12
2796,chair,furniture,1098.29,48,52717.92,ogun,josh,2020-05-29
2797,printer,electronics,1475.69,45,66406.05,kogi,sola,2021-02-15
2798,printer,electronics,945.62,45,42552.9,imo,taiwo,2020-05-31
2799,chair,furniture,1357.91,53,71969.23,akure,mike,2020-03-29
2800,flashdrives,electronics,521.34,18,9384.12,akure,josh,2021-04-22
2801,chair,furniture,1512.33,88,133085.04,kano,martins,2020-12-17
2802,desktops,electronics,1838.23,81,148896.63,kano,emeka,2020-12-15
2803,desktops,electronics,1272.74,96,122183.04,kano,emeka,2020-05-22
2804,monitor,electronics,1652.88,51,84296.88,abuja,mike,2020-04-24
2805,desktops,electronics,1097.11,67,73506.37,abuja,emeka,2020-01-05
2806,scanner,electronics,1870.32,86,160847.52,kano,abdul,2020-12-08
2807,chair,furniture,251.5,94,23641.0,imo,josh,2021-02-08
2808,desktops,electronics,1320.65,51,67353.15,katsina,emeka,2020-12-25
2809,desk,furniture,1381.85,14,19345.9,katsina,tolu,2021-04-09
2810,keyboard,electronics,1672.01,97,162184.97,katsina,martins,2021-05-31
2811,mouse,electronics,1000.5,10,10005.0,abia,taiwo,2020-09-04
2812,desk,furniture,619.66,27,16730.82,kwara,tolu,2020-04-08
2813,monitor,electronics,66.54,4,266.16,ibadan,moji,2020-07-31
2814,keyboard,electronics,1658.76,88,145970.88,abuja,moji,2020-09-16
2815,chair,furniture,1903.01,55,104665.55,akure,tolu,2021-02-16
2816,laptop,electronics,1401.68,39,54665.52,akure,mike,2021-01-18
2817,monitor,electronics,621.5,80,49720.0,osun,Ini,2020-02-12
2818,chair,furniture,1954.49,64,125087.36,akure,josh,2020-02-01
2819,scanner,electronics,1407.25,50,70362.5,imo,dayo,2020-04-10
2820,desk,furniture,1383.41,80,110672.8,akure,tolu,2021-05-17
2821,laptop,electronics,772.34,63,48657.42,imo,moji,2021-05-01
2822,scanner,electronics,1096.6,11,12062.6,katsina,tolu,2020-04-06
2823,chair,furniture,772.11,44,33972.84,katsina,emeka,2021-04-25
2824,laptop,electronics,659.29,71,46809.59,imo,Ini,2020-08-09
2825,flashdrives,electronics,833.0,2,1666.0,ogun,sola,2020-01-29
2826,desktops,electronics,899.97,65,58498.05,kano,Ini,2020-10-08
2827,flashdrives,electronics,788.59,69,54412.71,ogun,martins,2020-09-16
2828,flashdrives,electronics,252.98,67,16949.66,enugu,sola,2021-04-07
2829,scanner,electronics,1710.04,6,10260.24,ibadan,emeka,2020-12-05
2830,desk,furniture,237.16,20,4743.2,abuja,abdul,2021-05-08
2831,chair,furniture,513.1,50,25655.0,imo,tolu,2020-06-29
2832,desk,furniture,106.87,24,2564.88,katsina,josh,2021-05-20
2833,monitor,electronics,1433.38,90,129004.2,abuja,moji,2020-06-17
2834,keyboard,electronics,281.36,78,21946.08,osun,martins,2021-03-24
2835,chair,furniture,746.02,90,67141.8,kogi,martins,2021-06-21
2836,printer,electronics,1276.97,14,17877.58,kogi,Ini,2020-02-04
2837,scanner,electronics,883.86,90,79547.4,kogi,moji,2020-03-07
2838,mouse,electronics,540.3,86,46465.8,akure,Ini,2021-02-14
2839,desktops,electronics,1840.16,18,33122.88,abuja,martins,2020-06-14
2840,mouse,electronics,1149.43,86,98850.98,katsina,Ini,2021-01-17
2841,desktops,electronics,540.75,9,4866.75,imo,tolu,2020-07-08
2842,flashdrives,electronics,838.25,72,60354.0,lagos,abdul,2020-07-26
2843,keyboard,electronics,614.68,96,59009.28,abia,mike,2020-01-12
2844,printer,electronics,138.79,2,277.58,abuja,dayo,2020-09-29
2845,flashdrives,electronics,1070.43,39,41746.77,imo,sola,2020-11-23
2846,monitor,electronics,1723.96,28,48270.88,katsina,tolu,2021-05-01
2847,chair,furniture,967.89,13,12582.57,kano,mike,2020-03-13
2848,keyboard,electronics,1340.82,66,88494.12,kano,moji,2021-05-04
2849,desktops,electronics,1979.94,10,19799.4,osun,sola,2020-09-09
2850,desk,furniture,1682.75,47,79089.25,katsina,taiwo,2021-02-20
2851,laptop,electronics,1509.69,6,9058.14,akure,mike,2020-01-29
2852,monitor,electronics,1349.88,48,64794.24,kogi,Ini,2020-08-18
2853,keyboard,electronics,969.14,66,63963.24,kogi,tolu,2020-06-10
2854,monitor,electronics,1205.98,37,44621.26,enugu,moji,2021-03-19
2855,flashdrives,electronics,81.21,9,730.89,kwara,moji,2020-05-29
2856,laptop,electronics,751.65,51,38334.15,ibadan,Ini,2020-12-15
2857,scanner,electronics,1675.92,78,130721.76,akure,taiwo,2021-04-26
2858,desktops,electronics,985.82,97,95624.54,abia,emeka,2020-05-20
2859,chair,furniture,687.41,89,61179.49,enugu,josh,2021-06-13
2860,flashdrives,electronics,1270.1,33,41913.3,ogun,taiwo,2020-10-04
2861,scanner,electronics,1196.98,30,35909.4,akure,josh,2020-09-02
2862,flashdrives,electronics,398.71,40,15948.4,katsina,josh,2021-06-14
2863,desk,furniture,571.47,77,44003.19,kogi,tolu,2020-07-11
2864,flashdrives,electronics,1783.29,18,32099.22,imo,taiwo,2020-07-13
2865,printer,electronics,1430.99,71,101600.29,akure,abdul,2021-04-18
2866,flashdrives,electronics,1049.82,16,16797.12,abia,taiwo,2020-09-09
2867,monitor,electronics,1204.3,82,98752.6,akure,sola,2021-05-23
2868,printer,electronics,506.35,62,31393.7,abia,taiwo,2021-04-15
2869,desktops,electronics,695.97,33,22967.01,osun,moji,2020-09-15
2870,mouse,electronics,1933.7,71,137292.7,kogi,martins,2020-03-09
2871,monitor,electronics,1627.74,33,53715.42,enugu,Ini,2020-10-10
2872,desktops,electronics,1143.56,26,29732.56,ibadan,martins,2021-03-13
2873,chair,furniture,1198.64,61,73117.04,kogi,mike,2020-11-16
2874,mouse,electronics,296.66,16,4746.56,akure,martins,2020-02-12
2875,mouse,electronics,569.16,71,40410.36,kwara,taiwo,2020-05-10
2876,mouse,electronics,1852.98,88,163062.24,kogi,abdul,2020-02-10
2877,flashdrives,electronics,138.56,15,2078.4,akure,emeka,2020-10-10
2878,scanner,electronics,871.01,30,26130.3,katsina,emeka,2020-09-30
2879,desktops,electronics,720.03,31,22320.93,kano,martins,2020-11-20
2880,monitor,electronics,360.25,50,18012.5,katsina,dayo,2020-01-18
2881,keyboard,electronics,200.53,95,19050.35,osun,taiwo,2021-05-12
2882,mouse,electronics,209.45,53,11100.85,katsina,abdul,2021-04-15
2883,flashdrives,electronics,347.97,23,8003.31,katsina,taiwo,2020-04-19
2884,laptop,electronics,492.77,40,19710.8,kogi,emeka,2021-01-30
2885,chair,furniture,442.51,13,5752.63,abuja,mike,2021-03-30
2886,chair,furniture,317.76,50,15888.0,osun,mike,2020-01-24
2887,desktops,electronics,1534.81,27,41439.87,ogun,Ini,2021-03-23
2888,desktops,electronics,697.73,3,2093.19,enugu,dayo,2021-02-01
2889,chair,furniture,1220.98,48,58607.04,kano,moji,2021-01-21
2890,keyboard,electronics,1580.38,27,42670.26,katsina,josh,2020-12-27
2891,desk,furniture,562.8,92,51777.6,ibadan,abdul,2021-01-23
2892,flashdrives,electronics,1757.91,4,7031.64,ogun,emeka,2020-09-06
2893,mouse,electronics,915.45,3,2746.35,kogi,emeka,2020-12-19
2894,printer,electronics,774.32,63,48782.16,kogi,Ini,2021-03-10
2895,mouse,electronics,885.98,45,39869.1,katsina,taiwo,2021-01-10
2896,scanner,electronics,967.49,22,21284.78,katsina,emeka,2021-06-13
2897,flashdrives,electronics,1071.25,26,27852.5,lagos,mike,2021-01-08
2898,laptop,electronics,1526.21,12,18314.52,abia,sola,2020-04-04
2899,flashdrives,electronics,1396.72,7,9777.04,ibadan,moji,2021-06-21
2900,scanner,electronics,917.14,38,34851.32,kano,mike,2020-10-12
2901,keyboard,electronics,473.6,40,18944.0,kano,dayo,2020-03-09
2902,monitor,electronics,1746.18,80,139694.4,lagos,emeka,2020-06-29
2903,scanner,electronics,1104.92,55,60770.6,kano,abdul,2020-01-18
2904,monitor,electronics,1213.22,10,12132.2,abuja,moji,2020-10-02
2905,keyboard,electronics,1077.23,100,107723.0,enugu,dayo,2021-01-12
2906,keyboard,electronics,322.38,24,7737.12,katsina,martins,2020-11-29
2907,keyboard,electronics,1537.37,66,101466.42,lagos,dayo,2021-05-31
2908,laptop,electronics,799.74,22,17594.28,lagos,Ini,2020-06-08
2909,keyboard,electronics,499.01,78,38922.78,akure,emeka,2020-10-12
2910,chair,furniture,506.66,23,11653.18,abia,moji,2020-09-11
2911,keyboard,electronics,1287.47,97,124884.59,lagos,moji,2021-01-21
2912,keyboard,electronics,21.14,59,1247.26,kwara,Ini,2021-02-08
2913,desktops,electronics,1092.11,52,56789.72,kwara,Ini,2021-06-16
2914,printer,electronics,1577.04,74,116700.96,abia,mike,2020-09-14
2915,desktops,electronics,1875.0,22,41250.0,kwara,Ini,2020-05-09
2916,laptop,electronics,429.65,77,33083.05,akure,taiwo,2020-04-28
2917,flashdrives,electronics,1810.25,49,88702.25,kogi,taiwo,2021-01-17
2918,laptop,electronics,642.8,26,16712.8,imo,martins,2020-08-08
2919,desk,furniture,1554.64,97,150800.08,kano,Ini,2020-05-23
2920,scanner,electronics,804.79,19,15291.01,lagos,abdul,2021-03-25
2921,scanner,electronics,983.82,60,59029.2,abia,Ini,2021-01-15
2922,monitor,electronics,937.33,54,50615.82,lagos,abdul,2020-05-29
2923,mouse,electronics,604.93,7,4234.51,akure,Ini,2021-01-30
2924,desk,furniture,174.68,38,6637.84,akure,dayo,2021-05-03
2925,laptop,electronics,1869.27,62,115894.74,abuja,josh,2020-12-05
2926,monitor,electronics,634.48,65,41241.2,kano,martins,2020-04-13
2927,keyboard,electronics,1493.79,72,107552.88,ibadan,martins,2020-01-26
2928,desktops,electronics,453.01,67,30351.67,akure,martins,2021-04-04
2929,desk,furniture,681.4,79,53830.6,enugu,josh,2020-11-30
2930,scanner,electronics,748.58,67,50154.86,osun,moji,2021-03-24
2931,chair,furniture,878.15,66,57957.9,lagos,tolu,2021-06-02
2932,mouse,electronics,1997.32,20,39946.4,kogi,josh,2021-03-26
2933,scanner,electronics,305.02,98,29891.96,katsina,moji,2021-01-28
2934,scanner,electronics,800.91,6,4805.46,lagos,taiwo,2020-01-13
2935,keyboard,electronics,405.1,73,29572.3,katsina,mike,2020-06-04
2936,desk,furniture,1103.17,33,36404.61,katsina,martins,2020-03-08
2937,keyboard,electronics,1720.5,34,58497.0,abia,Ini,2020-03-08
2938,monitor,electronics,947.25,22,20839.5,ogun,Ini,2020-04-26
2939,mouse,electronics,1345.45,44,59199.8,osun,josh,2021-04-25
2940,scanner,electronics,1162.55,71,82541.05,abia,josh,2020-11-30
2941,desktops,electronics,328.08,88,28871.04,abia,emeka,2021-06-16
2942,scanner,electronics,1616.25,100,161625.0,katsina,abdul,2020-01-23
2943,desk,furniture,977.12,43,42016.16,kwara,taiwo,2021-05-25
2944,desk,furniture,121.55,76,9237.8,ibadan,taiwo,2020-04-19
2945,keyboard,electronics,1118.93,29,32448.97,katsina,Ini,2020-06-05
2946,mouse,electronics,1400.82,65,91053.3,akure,mike,2021-02-13
2947,desk,furniture,1141.81,39,44530.59,abuja,abdul,2020-06-15
2948,flashdrives,electronics,972.72,85,82681.2,abuja,josh,2020-02-28
2949,desk,furniture,823.73,56,46128.88,kano,mike,2021-04-29
2950,laptop,electronics,680.9,48,32683.2,abuja,taiwo,2020-08-29
2951,chair,furniture,1760.63,63,110919.69,kogi,emeka,2020-08-07
2952,desk,furniture,871.61,31,27019.91,ibadan,abdul,2020-06-17
2953,printer,electronics,335.2,42,14078.4,osun,mike,2020-03-25
2954,mouse,electronics,182.55,95,17342.25,lagos,sola,2021-03-14
2955,chair,furniture,1795.23,90,161570.7,ogun,sola,2020-02-22
2956,laptop,electronics,952.99,5,4764.95,kano,taiwo,2021-01-10
2957,printer,electronics,1338.8,12,16065.6,lagos,sola,2020-11-13
2958,printer,electronics,217.94,75,16345.5,abuja,martins,2020-01-01
2959,monitor,electronics,1583.29,51,80747.79,enugu,moji,2020-09-30
2960,flashdrives,electronics,597.03,68,40598.04,abuja,emeka,2020-10-18
2961,keyboard,electronics,148.59,78,11590.02,ibadan,sola,2021-06-11
2962,mouse,electronics,1002.9,29,29084.1,abia,taiwo,2020-02-02
2963,desk,furniture,1707.27,86,146825.22,kano,Ini,2021-04-08
2964,printer,electronics,1904.38,40,76175.2,ibadan,tolu,2021-02-14
2965,desk,furniture,1617.79,31,50151.49,imo,taiwo,2020-11-30
2966,monitor,electronics,496.55,20,9931.0,abia,sola,2020-02-07
2967,mouse,electronics,136.32,16,2181.12,kano,moji,2021-04-04
2968,keyboard,electronics,315.67,10,3156.7,ibadan,josh,2020-11-23
2969,flashdrives,electronics,493.72,62,30610.64,kogi,mike,2020-05-05
2970,desktops,electronics,1464.17,39,57102.63,abia,abdul,2021-04-29
2971,laptop,electronics,741.13,51,37797.63,katsina,josh,2020-03-08
2972,laptop,electronics,82.13,33,2710.29,kogi,sola,2021-05-24
2973,chair,furniture,1323.49,51,67497.99,imo,josh,2021-04-05
2974,keyboard,electronics,1635.25,96,156984.0,abia,mike,2020-11-18
2975,flashdrives,electronics,1738.91,24,41733.84,lagos,sola,2020-09-13
2976,desk,furniture,204.57,43,8796.51,kano,martins,2020-05-23
2977,monitor,electronics,1035.31,64,66259.84,ibadan,abdul,2020-07-03
2978,desk,furniture,96.13,2,192.26,ogun,josh,2020-12-17
2979,flashdrives,electronics,758.59,1,758.59,abuja,Ini,2021-05-28
2980,monitor,electronics,437.9,43,18829.7,ogun,tolu,2021-06-01
2981,scanner,electronics,1071.12,68,72836.16,osun,emeka,2020-07-20
2982,desk,furniture,1544.03,94,145138.82,imo,martins,2021-04-10
2983,flashdrives,electronics,1103.3,69,76127.7,imo,Ini,2020-02-15
2984,scanner,electronics,678.56,53,35963.68,osun,tolu,2020-03-05
2985,chair,furniture,1662.51,54,89775.54,enugu,emeka,2020-08-24
2986,printer,electronics,1672.91,29,48514.39,enugu,taiwo,2020-11-03
2987,laptop,electronics,1637.14,86,140794.04,osun,taiwo,2021-02-08
2988,scanner,electronics,28.48,30,854.4,lagos,abdul,2021-04-05
2989,monitor,electronics,806.02,56,45137.12,lagos,moji,2020-10-07
2990,desktops,electronics,1632.56,70,114279.2,kogi,martins,2021-05-28
2991,scanner,electronics,1542.42,85,131105.7,lagos,Ini,2020-08-06
2992,desktops,electronics,1329.35,37,49185.95,imo,moji,2020-08-28
2993,desk,furniture,1130.29,43,48602.47,kano,dayo,2020-07-24
2994,laptop,electronics,1376.47,11,15141.17,akure,tolu,2020-09-08
2995,chair,furniture,60.97,17,1036.49,abia,taiwo,2020-06-22
2996,scanner,electronics,1350.19,54,72910.26,kano,mike,2020-07-27
2997,keyboard,electronics,735.63,98,72091.74,ibadan,taiwo,2020-03-11
2998,mouse,electronics,1965.97,16,31455.52,lagos,abdul,2020-03-08
2999,scanner,electronics,1930.98,15,28964.7,imo,Ini,2020-12-11
3000,mouse,electronics,1010.92,100,101092.0,kwara,Ini,2021-06-07
3001,mouse,electronics,972.86,79,76855.94,ibadan,moji,2020-12-30
3002,mouse,electronics,719.42,50,35971.0,imo,abdul,2020-09-13
3003,laptop,electronics,1823.62,80,145889.6,imo,moji,2020-03-05
3004,keyboard,electronics,308.71,21,6482.91,kwara,dayo,2020-07-17
3005,chair,furniture,1982.4,97,192292.8,ogun,josh,2020-01-31
3006,printer,electronics,1709.94,97,165864.18,kogi,moji,2021-06-08
3007,desk,furniture,440.47,25,11011.75,osun,tolu,2021-05-10
3008,flashdrives,electronics,1500.51,9,13504.59,abia,abdul,2021-05-21
3009,desktops,electronics,1546.26,50,77313.0,akure,tolu,2021-01-12
3010,monitor,electronics,1801.94,5,9009.7,enugu,abdul,2020-01-04
3011,flashdrives,electronics,723.73,86,62240.78,akure,tolu,2020-12-12
3012,desk,furniture,1504.47,1,1504.47,akure,Ini,2020-03-28
3013,keyboard,electronics,1689.18,77,130066.86,kwara,dayo,2020-04-29
3014,flashdrives,electronics,288.83,64,18485.12,kwara,dayo,2020-12-14
3015,mouse,electronics,1257.39,5,6286.95,imo,tolu,2020-11-20
3016,monitor,electronics,637.88,55,35083.4,ibadan,martins,2020-04-19
3017,laptop,electronics,1879.32,86,161621.52,kano,taiwo,2021-01-23
3018,keyboard,electronics,575.72,53,30513.16,abuja,dayo,2021-01-07
3019,mouse,electronics,1006.61,95,95627.95,ibadan,mike,2020-01-24
3020,laptop,electronics,1962.88,42,82440.96,kano,moji,2020-05-20
3021,desktops,electronics,1213.75,13,15778.75,akure,moji,2020-04-07
3022,scanner,electronics,1540.64,41,63166.24,abuja,sola,2020-08-05
3023,flashdrives,electronics,1604.74,30,48142.2,lagos,taiwo,2020-11-14
3024,desktops,electronics,1514.58,11,16660.38,imo,dayo,2020-10-31
3025,desktops,electronics,1322.64,13,17194.32,kogi,martins,2020-11-15
3026,desk,furniture,204.08,43,8775.44,ibadan,martins,2020-05-20
3027,mouse,electronics,206.74,76,15712.24,lagos,moji,2021-05-03
3028,laptop,electronics,949.06,47,44605.82,kogi,dayo,2020-04-19
3029,scanner,electronics,334.44,72,24079.68,imo,abdul,2020-03-24
3030,printer,electronics,353.39,84,29684.76,osun,moji,2020-01-18
3031,chair,furniture,452.47,91,41174.77,kano,sola,2021-06-05
3032,monitor,electronics,1979.5,1,1979.5,ogun,dayo,2020-10-06
3033,flashdrives,electronics,1593.43,100,159343.0,katsina,Ini,2020-08-31
3034,laptop,electronics,870.85,79,68797.15,ogun,mike,2020-07-16
3035,desktops,electronics,599.56,18,10792.08,kogi,emeka,2021-02-25
3036,flashdrives,electronics,589.57,32,18866.24,osun,moji,2021-03-06
3037,scanner,electronics,1303.71,64,83437.44,lagos,moji,2021-02-19
3038,flashdrives,electronics,398.51,33,13150.83,abia,sola,2020-07-07
3039,flashdrives,electronics,257.55,86,22149.3,katsina,sola,2020-02-11
3040,monitor,electronics,1996.33,96,191647.68,lagos,moji,2021-02-08
3041,keyboard,electronics,1931.14,36,69521.04,abuja,emeka,2020-01-03
3042,monitor,electronics,1440.13,90,129611.7,lagos,mike,2020-04-19
3043,printer,electronics,428.54,19,8142.26,kano,tolu,2020-05-06
3044,printer,electronics,663.72,53,35177.16,kogi,tolu,2021-06-15
3045,scanner,electronics,897.96,26,23346.96,ogun,sola,2020-07-30
3046,desk,furniture,719.29,86,61858.94,ogun,abdul,2021-05-16
3047,chair,furniture,1899.3,56,106360.8,lagos,taiwo,2020-01-04
3048,desk,furniture,937.89,8,7503.12,imo,martins,2021-04-14
3049,desktops,electronics,592.36,53,31395.08,abuja,taiwo,2020-05-24
3050,scanner,electronics,573.07,55,31518.85,imo,martins,2021-04-29
3051,desktops,electronics,149.28,59,8807.52,akure,taiwo,2020-08-17
3052,chair,furniture,417.83,36,15041.88,enugu,mike,2020-10-03
3053,keyboard,electronics,971.09,57,55352.13,kano,martins,2020-08-28
3054,chair,furniture,781.47,71,55484.37,kwara,tolu,2020-05-28
3055,mouse,electronics,550.0,48,26400.0,kwara,taiwo,2020-04-11
3056,scanner,electronics,1726.76,67,115692.92,imo,taiwo,2021-02-17
3057,laptop,electronics,144.68,14,2025.52,katsina,taiwo,2020-09-15
3058,monitor,electronics,1520.32,86,130747.52,kwara,emeka,2020-07-06
3059,chair,furniture,1955.35,1,1955.35,kano,martins,2020-12-01
3060,desktops,electronics,851.06,44,37446.64,lagos,Ini,2020-07-17
3061,keyboard,electronics,234.76,40,9390.4,abia,mike,2020-09-14
3062,scanner,electronics,1180.66,81,95633.46,kogi,tolu,2020-12-31
3063,mouse,electronics,772.24,80,61779.2,katsina,abdul,2020-11-28
3064,laptop,electronics,1718.44,46,79048.24,enugu,abdul,2020-12-07
3065,chair,furniture,470.6,72,33883.2,lagos,moji,2020-04-15
3066,flashdrives,electronics,1793.93,30,53817.9,kogi,martins,2020-07-28
3067,chair,furniture,836.47,95,79464.65,abuja,moji,2021-03-27
3068,keyboard,electronics,457.05,28,12797.4,katsina,josh,2020-04-09
3069,laptop,electronics,527.78,76,40111.28,kogi,moji,2020-10-14
3070,flashdrives,electronics,1781.81,27,48108.87,abuja,josh,2020-08-30
3071,flashdrives,electronics,255.18,33,8420.94,imo,emeka,2020-09-03
3072,laptop,electronics,962.5,36,34650.0,kwara,sola,2020-01-07
3073,chair,furniture,1637.79,28,45858.12,imo,mike,2020-12-04
3074,mouse,electronics,195.65,75,14673.75,katsina,emeka,2020-10-11
3075,laptop,electronics,865.67,45,38955.15,akure,Ini,2020-06-17
3076,laptop,electronics,1483.02,81,120124.62,osun,martins,2020-10-08
3077,monitor,electronics,360.7,21,7574.7,katsina,martins,2020-07-02
3078,monitor,electronics,1658.01,26,43108.26,kano,taiwo,2021-04-16
3079,laptop,electronics,1330.09,29,38572.61,osun,sola,2020-02-02
3080,mouse,electronics,1456.97,93,135498.21,katsina,josh,2020-11-02
3081,desk,furniture,324.78,9,2923.02,kano,Ini,2021-01-22
3082,laptop,electronics,359.32,5,1796.6,kwara,sola,2021-03-06
3083,mouse,electronics,187.96,21,3947.16,katsina,moji,2020-06-06
3084,desk,furniture,234.71,30,7041.3,abia,sola,2020-09-29
3085,desktops,electronics,1433.17,87,124685.79,kwara,emeka,2020-12-03
3086,chair,furniture,331.65,77,25537.05,kwara,tolu,2020-08-08
3087,chair,furniture,861.27,79,68040.33,imo,Ini,2020-10-12
3088,printer,electronics,535.25,28,14987.0,abia,martins,2020-07-19
3089,desk,furniture,605.16,99,59910.84,kwara,Ini,2020-04-03
3090,flashdrives,electronics,248.39,89,22106.71,kano,martins,2020-08-23
3091,desktops,electronics,1900.13,15,28501.95,kwara,Ini,2021-02-08
3092,flashdrives,electronics,1430.65,18,25751.7,lagos,dayo,2020-07-03
3093,desktops,electronics,1754.08,17,29819.36,katsina,martins,2021-06-04
3094,flashdrives,electronics,1096.47,10,10964.7,katsina,dayo,2020-03-26
3095,printer,electronics,1059.65,12,12715.8,ibadan,taiwo,2020-12-06
3096,desktops,electronics,289.64,23,6661.72,lagos,mike,2021-05-17
3097,monitor,electronics,296.63,29,8602.27,abia,tolu,2020-04-01
3098,desktops,electronics,312.69,57,17823.33,abuja,mike,2020-03-23
3099,printer,electronics,932.58,88,82067.04,ibadan,josh,2020-01-31
3100,laptop,electronics,1535.65,100,153565.0,lagos,tolu,2020-01-25
3101,laptop,electronics,185.59,22,4082.98,imo,tolu,2020-03-24
3102,mouse,electronics,1382.15,62,85693.3,imo,moji,2021-03-25
3103,desktops,electronics,1302.14,8,10417.12,imo,tolu,2020-01-27
3104,keyboard,electronics,1977.04,41,81058.64,kogi,tolu,2020-04-27
3105,desktops,electronics,1298.3,97,125935.1,ibadan,taiwo,2020-06-12
3106,mouse,electronics,1100.63,19,20911.97,osun,tolu,2021-05-03
3107,scanner,electronics,992.46,99,98253.54,abuja,sola,2020-06-28
3108,scanner,electronics,1012.8,6,6076.8,akure,mike,2021-04-25
3109,laptop,electronics,1024.14,60,61448.4,lagos,martins,2020-02-20
3110,laptop,electronics,1330.83,32,42586.56,kogi,josh,2020-12-15
3111,mouse,electronics,735.7,67,49291.9,ibadan,dayo,2020-06-02
3112,desk,furniture,767.89,16,12286.24,katsina,mike,2020-06-01
3113,scanner,electronics,1033.13,42,43391.46,akure,tolu,2020-02-20
3114,printer,electronics,634.05,22,13949.1,imo,emeka,2021-01-19
3115,laptop,electronics,1114.04,6,6684.24,ogun,Ini,2020-02-24
3116,desk,furniture,431.67,53,22878.51,osun,emeka,2021-04-16
3117,flashdrives,electronics,723.05,3,2169.15,imo,emeka,2021-06-22
3118,keyboard,electronics,269.02,8,2152.16,ibadan,martins,2020-05-05
3119,desk,furniture,520.57,68,35398.76,abuja,dayo,2020-01-06
3120,scanner,electronics,1258.65,34,42794.1,ogun,sola,2021-04-30
3121,chair,furniture,1763.3,32,56425.6,kwara,abdul,2021-01-22
3122,monitor,electronics,1066.08,9,9594.72,kogi,taiwo,2020-09-05
3123,keyboard,electronics,1352.54,19,25698.26,abia,mike,2020-10-29
3124,keyboard,electronics,1053.01,83,87399.83,ogun,tolu,2020-11-10
3125,desk,furniture,609.22,3,1827.66,katsina,mike,2020-05-13
3126,printer,electronics,1450.05,68,98603.4,kogi,abdul,2020-04-16
3127,scanner,electronics,1922.33,33,63436.89,abuja,Ini,2020-02-11
3128,desk,furniture,597.42,81,48391.02,kogi,sola,2020-12-29
3129,printer,electronics,1520.16,6,9120.96,kano,mike,2020-08-22
3130,printer,electronics,693.06,88,60989.28,kano,taiwo,2020-07-15
3131,laptop,electronics,1343.96,61,81981.56,kogi,taiwo,2021-02-25
3132,scanner,electronics,1728.91,66,114108.06,osun,dayo,2021-06-01
3133,laptop,electronics,1548.63,94,145571.22,abuja,josh,2020-09-04
3134,desktops,electronics,1400.86,67,93857.62,kano,taiwo,2020-12-05
3135,keyboard,electronics,942.05,90,84784.5,lagos,tolu,2020-12-14
3136,laptop,electronics,593.6,82,48675.2,lagos,taiwo,2020-09-01
3137,monitor,electronics,1834.64,27,49535.28,imo,josh,2020-07-17
3138,desktops,electronics,530.28,41,21741.48,abia,moji,2021-02-08
3139,monitor,electronics,1617.28,14,22641.92,abuja,moji,2021-04-10
3140,desktops,electronics,943.57,16,15097.12,kwara,martins,2020-07-22
3141,monitor,electronics,1194.77,81,96776.37,ogun,abdul,2021-05-19
3142,monitor,electronics,286.72,83,23797.76,akure,abdul,2020-02-10
3143,desk,furniture,1712.53,93,159265.29,abuja,moji,2021-06-01
3144,chair,furniture,1521.63,42,63908.46,kogi,moji,2021-04-17
3145,desktops,electronics,1719.59,100,171959.0,kwara,dayo,2020-01-09
3146,laptop,electronics,1824.79,27,49269.33,lagos,martins,2020-04-19
3147,printer,electronics,1561.69,15,23425.35,kwara,sola,2021-06-20
3148,laptop,electronics,503.88,49,24690.12,akure,Ini,2021-05-24
3149,scanner,electronics,1463.94,77,112723.38,abuja,mike,2020-01-04
3150,flashdrives,electronics,1366.64,51,69698.64,akure,emeka,2020-12-20
3151,keyboard,electronics,1774.05,10,17740.5,ibadan,emeka,2020-03-13
3152,mouse,electronics,1744.27,82,143030.14,imo,emeka,2020-10-20
3153,mouse,electronics,1087.67,29,31542.43,katsina,mike,2021-05-03
3154,printer,electronics,1679.37,76,127632.12,kano,mike,2020-07-18
3155,keyboard,electronics,1633.59,21,34305.39,katsina,emeka,2021-06-01
3156,keyboard,electronics,165.53,58,9600.74,ibadan,josh,2020-12-11
3157,desk,furniture,171.95,33,5674.35,lagos,taiwo,2020-05-13
3158,desktops,electronics,1081.49,96,103823.04,lagos,josh,2020-01-22
3159,printer,electronics,490.54,51,25017.54,kogi,mike,2020-02-17
3160,desktops,electronics,1393.5,15,20902.5,abia,sola,2021-03-12
3161,laptop,electronics,1878.91,25,46972.75,lagos,dayo,2020-07-27
3162,printer,electronics,793.37,78,61882.86,abuja,martins,2021-01-30
3163,keyboard,electronics,1376.12,10,13761.2,akure,abdul,2020-04-12
3164,keyboard,electronics,1539.84,33,50814.72,akure,josh,2020-02-23
3165,desk,furniture,1027.97,24,24671.28,kogi,emeka,2020-04-21
3166,chair,furniture,1260.23,63,79394.49,kogi,dayo,2020-05-26
3167,flashdrives,electronics,437.5,68,29750.0,ibadan,taiwo,2020-02-11
3168,mouse,electronics,499.36,71,35454.56,lagos,dayo,2021-04-03
3169,monitor,electronics,698.37,31,21649.47,enugu,tolu,2020-05-19
3170,desk,furniture,111.32,30,3339.6,ogun,josh,2020-05-07
3171,laptop,electronics,222.9,48,10699.2,enugu,martins,2020-02-18
3172,desktops,electronics,749.12,73,54685.76,osun,moji,2020-10-23
3173,scanner,electronics,1156.69,3,3470.07,abia,Ini,2020-09-18
3174,flashdrives,electronics,1618.5,52,84162.0,imo,emeka,2021-03-06
3175,flashdrives,electronics,1153.98,49,56545.02,imo,tolu,2020-10-30
3176,desktops,electronics,1290.66,98,126484.68,osun,tolu,2021-04-12
3177,mouse,electronics,1780.52,38,67659.76,kano,dayo,2021-01-09
3178,flashdrives,electronics,780.52,73,56977.96,katsina,sola,2020-12-04
3179,flashdrives,electronics,223.83,3,671.49,imo,dayo,2020-11-13
3180,flashdrives,electronics,1245.19,25,31129.75,kano,abdul,2020-04-20
3181,keyboard,electronics,1681.59,29,48766.11,ibadan,sola,2021-03-16
3182,desk,furniture,1136.55,8,9092.4,kogi,emeka,2020-01-24
3183,desktops,electronics,956.5,51,48781.5,ogun,moji,2021-04-13
3184,desk,furniture,1945.24,4,7780.96,ogun,Ini,2020-06-27
3185,monitor,electronics,632.81,93,58851.33,katsina,dayo,2020-08-13
3186,printer,electronics,1346.89,78,105057.42,akure,tolu,2020-09-06
3187,desktops,electronics,294.28,72,21188.16,imo,martins,2020-10-18
3188,laptop,electronics,1796.56,53,95217.68,ogun,moji,2020-05-25
3189,flashdrives,electronics,1227.81,44,54023.64,lagos,dayo,2020-05-30
3190,desk,furniture,1189.21,46,54703.66,kwara,tolu,2020-05-30
3191,desk,furniture,1328.62,12,15943.44,imo,dayo,2021-01-26
3192,flashdrives,electronics,769.03,53,40758.59,ogun,moji,2020-08-09
3193,laptop,electronics,1132.35,55,62279.25,abuja,tolu,2020-05-29
3194,monitor,electronics,1618.32,41,66351.12,osun,josh,2020-05-03
3195,scanner,electronics,1689.75,100,168975.0,ibadan,mike,2020-06-01
3196,monitor,electronics,1183.47,99,117163.53,ibadan,dayo,2020-10-05
3197,laptop,electronics,1712.18,22,37667.96,enugu,abdul,2020-01-02
3198,laptop,electronics,1342.08,66,88577.28,kogi,emeka,2021-02-04
3199,desk,furniture,143.96,8,1151.68,abuja,mike,2021-05-30
3200,monitor,electronics,168.61,86,14500.46,katsina,emeka,2020-12-08
3201,laptop,electronics,114.87,9,1033.83,kogi,dayo,2020-02-27
3202,flashdrives,electronics,1303.6,11,14339.6,ibadan,tolu,2020-03-15
3203,printer,electronics,127.56,53,6760.68,imo,sola,2021-06-18
3204,monitor,electronics,1746.24,57,99535.68,ogun,mike,2020-05-27
3205,laptop,electronics,1465.35,29,42495.15,ogun,taiwo,2020-10-03
3206,laptop,electronics,1793.52,57,102230.64,enugu,emeka,2020-10-15
3207,desk,furniture,341.38,92,31406.96,enugu,sola,2021-02-16
3208,desk,furniture,1349.36,77,103900.72,kano,josh,2020-01-20
3209,desktops,electronics,1601.36,96,153730.56,enugu,tolu,2021-04-30
3210,desk,furniture,1847.72,21,38802.12,osun,emeka,2020-03-09
3211,scanner,electronics,65.02,68,4421.36,ogun,dayo,2020-09-26
3212,mouse,electronics,1941.19,26,50470.94,katsina,Ini,2020-08-25
3213,mouse,electronics,1875.74,41,76905.34,akure,sola,2020-07-26
3214,printer,electronics,1833.32,52,95332.64,abuja,Ini,2020-03-22
3215,chair,furniture,41.07,22,903.54,ogun,moji,2020-03-21
3216,flashdrives,electronics,343.5,49,16831.5,abuja,abdul,2021-03-08
3217,monitor,electronics,1653.83,86,142229.38,akure,sola,2021-04-23
3218,chair,furniture,1101.3,45,49558.5,kogi,moji,2020-07-13
3219,monitor,electronics,906.03,86,77918.58,kwara,taiwo,2020-11-10
3220,scanner,electronics,1193.26,93,110973.18,kano,emeka,2020-11-26
3221,laptop,electronics,298.89,51,15243.39,ibadan,dayo,2020-02-14
3222,mouse,electronics,873.7,37,32326.9,lagos,abdul,2021-04-07
3223,monitor,electronics,1370.46,14,19186.44,kogi,Ini,2020-04-20
3224,keyboard,electronics,1811.98,95,172138.1,imo,Ini,2021-06-09
3225,keyboard,electronics,1832.04,10,18320.4,lagos,sola,2020-04-04
3226,chair,furniture,1790.65,76,136089.4,kwara,sola,2020-04-14
3227,monitor,electronics,536.97,54,28996.38,kano,emeka,2020-12-14
3228,chair,furniture,1573.1,88,138432.8,osun,Ini,2020-08-27
3229,desk,furniture,1735.84,30,52075.2,kwara,abdul,2020-04-27
3230,desktops,electronics,370.89,88,32638.32,akure,mike,2020-01-30
3231,printer,electronics,473.24,97,45904.28,enugu,martins,2021-05-19
3232,flashdrives,electronics,1098.3,82,90060.6,kogi,mike,2020-05-01
3233,chair,furniture,967.08,8,7736.64,kogi,Ini,2020-08-29
3234,desk,furniture,1046.19,19,19877.61,imo,martins,2021-01-08
3235,laptop,electronics,764.71,19,14529.49,abuja,tolu,2020-06-24
3236,keyboard,electronics,463.34,45,20850.3,akure,tolu,2020-06-12
3237,mouse,electronics,1984.46,87,172648.02,ogun,josh,2020-01-16
3238,printer,electronics,1087.37,58,63067.46,abuja,tolu,2020-09-28
3239,desk,furniture,1147.47,94,107862.18,abuja,dayo,2020-06-27
3240,mouse,electronics,1963.77,18,35347.86,akure,emeka,2021-02-11
3241,chair,furniture,1514.83,6,9088.98,kwara,emeka,2020-10-01
3242,monitor,electronics,871.32,78,67962.96,kwara,taiwo,2020-01-17
3243,keyboard,electronics,271.21,5,1356.05,akure,martins,2020-08-23
3244,desktops,electronics,877.64,93,81620.52,osun,taiwo,2021-06-03
3245,scanner,electronics,1303.77,39,50847.03,osun,josh,2021-06-08
3246,desktops,electronics,1266.44,83,105114.52,abuja,taiwo,2020-12-21
3247,chair,furniture,1259.61,65,81874.65,enugu,martins,2021-03-27
3248,mouse,electronics,726.74,23,16715.02,katsina,dayo,2021-02-15
3249,chair,furniture,793.18,26,20622.68,kwara,tolu,2020-07-10
3250,laptop,electronics,1869.13,58,108409.54,ibadan,mike,2020-03-20
3251,flashdrives,electronics,145.69,81,11800.89,ogun,Ini,2021-05-21
3252,flashdrives,electronics,1073.75,50,53687.5,kwara,sola,2021-03-22
3253,desktops,electronics,1004.51,20,20090.2,kano,josh,2021-06-12
3254,flashdrives,electronics,408.38,96,39204.48,lagos,tolu,2020-11-21
3255,desktops,electronics,21.3,83,1767.9,kano,tolu,2020-08-31
3256,printer,electronics,122.71,35,4294.85,lagos,tolu,2021-01-04
3257,desk,furniture,774.26,80,61940.8,akure,tolu,2021-04-12
3258,flashdrives,electronics,95.87,87,8340.69,abuja,sola,2020-10-13
3259,desktops,electronics,368.3,96,35356.8,akure,josh,2020-10-01
3260,scanner,electronics,381.46,68,25939.28,kogi,Ini,2021-02-07
3261,monitor,electronics,297.9,79,23534.1,ibadan,sola,2020-09-09
3262,keyboard,electronics,1373.38,95,130471.1,osun,taiwo,2021-02-04
3263,monitor,electronics,1735.26,25,43381.5,kwara,emeka,2020-04-15
3264,printer,electronics,821.7,34,27937.8,abuja,tolu,2020-12-01
3265,keyboard,electronics,1075.42,44,47318.48,abia,Ini,2020-07-01
3266,printer,electronics,790.37,74,58487.38,kano,mike,2020-08-14
3267,monitor,electronics,699.78,78,54582.84,imo,tolu,2021-01-13
3268,mouse,electronics,462.64,65,30071.6,abuja,dayo,2021-02-04
3269,printer,electronics,744.29,83,61776.07,enugu,dayo,2020-09-26
3270,desk,furniture,1900.16,72,136811.52,akure,martins,2020-11-24
3271,chair,furniture,1550.55,37,57370.35,ibadan,abdul,2020-01-08
3272,monitor,electronics,627.11,80,50168.8,abuja,tolu,2021-06-08
3273,flashdrives,electronics,167.53,15,2512.95,enugu,emeka,2021-05-10
3274,keyboard,electronics,112.84,67,7560.28,abia,josh,2020-08-29
3275,scanner,electronics,1591.03,12,19092.36,akure,abdul,2021-02-07
3276,scanner,electronics,194.65,38,7396.7,enugu,moji,2020-11-30
3277,printer,electronics,420.55,28,11775.4,abia,sola,2021-01-09
3278,flashdrives,electronics,1774.48,54,95821.92,enugu,dayo,2020-04-09
3279,monitor,electronics,1601.63,58,92894.54,akure,martins,2020-01-17
3280,flashdrives,electronics,546.19,20,10923.8,abia,tolu,2020-04-21
3281,scanner,electronics,1901.77,12,22821.24,lagos,josh,2020-06-30
3282,chair,furniture,778.21,68,52918.28,abuja,emeka,2021-06-20
3283,chair,furniture,1131.74,78,88275.72,abia,sola,2021-05-04
3284,laptop,electronics,557.93,17,9484.81,katsina,dayo,2021-06-23
3285,desktops,electronics,1715.78,45,77210.1,kogi,sola,2020-05-20
3286,printer,electronics,1123.67,100,112367.0,kogi,mike,2020-02-29
3287,printer,electronics,1730.79,75,129809.25,kwara,mike,2021-04-05
3288,desktops,electronics,895.56,39,34926.84,kano,sola,2021-05-19
3289,printer,electronics,1030.21,95,97869.95,ogun,taiwo,2020-12-13
3290,flashdrives,electronics,855.49,47,40208.03,imo,josh,2020-10-21
3291,keyboard,electronics,1014.02,39,39546.78,osun,moji,2020-03-25
3292,desk,furniture,1971.06,4,7884.24,kano,martins,2020-02-10
3293,laptop,electronics,328.77,40,13150.8,akure,tolu,2020-08-23
3294,flashdrives,electronics,1301.73,30,39051.9,abuja,abdul,2020-05-14
3295,mouse,electronics,1602.64,41,65708.24,abuja,abdul,2020-01-06
3296,printer,electronics,693.06,5,3465.3,kwara,abdul,2021-03-11
3297,desktops,electronics,1481.55,88,130376.4,abuja,taiwo,2020-11-06
3298,scanner,electronics,1705.22,68,115954.96,osun,mike,2021-01-30
3299,flashdrives,electronics,1247.53,92,114772.76,enugu,sola,2021-05-26
3300,monitor,electronics,857.68,82,70329.76,imo,Ini,2020-10-26
3301,desk,furniture,316.42,1,316.42,kano,josh,2021-06-11
3302,keyboard,electronics,1840.1,37,68083.7,katsina,moji,2021-06-22
3303,monitor,electronics,1614.66,23,37137.18,abia,dayo,2020-04-18
3304,keyboard,electronics,397.04,9,3573.36,kano,abdul,2020-05-26
3305,laptop,electronics,1261.29,80,100903.2,abuja,martins,2021-01-21
3306,laptop,electronics,1773.25,67,118807.75,katsina,mike,2020-09-25
3307,chair,furniture,337.1,92,31013.2,kwara,Ini,2020-12-19
3308,laptop,electronics,1074.38,99,106363.62,enugu,mike,2021-06-15
3309,mouse,electronics,1337.01,23,30751.23,imo,sola,2020-12-24
3310,chair,furniture,939.24,34,31934.16,abia,josh,2020-09-29
3311,chair,furniture,288.62,20,5772.4,osun,martins,2020-11-29
3312,keyboard,electronics,1244.85,66,82160.1,imo,tolu,2021-04-09
3313,desk,furniture,1801.31,71,127893.01,katsina,moji,2021-02-05
3314,laptop,electronics,1107.76,24,26586.24,abia,Ini,2020-05-03
3315,chair,furniture,367.59,59,21687.81,ogun,abdul,2020-07-22
3316,chair,furniture,1578.68,94,148395.92,katsina,emeka,2020-07-09
3317,laptop,electronics,665.13,23,15297.99,kano,emeka,2020-08-07
3318,desk,furniture,1765.49,13,22951.37,abia,mike,2020-11-30
3319,flashdrives,electronics,169.22,39,6599.58,katsina,dayo,2020-05-27
3320,monitor,electronics,1795.48,42,75410.16,ogun,josh,2020-09-07
3321,flashdrives,electronics,1714.28,70,119999.6,katsina,josh,2020-11-11
3322,scanner,electronics,847.39,63,53385.57,abia,tolu,2021-04-19
3323,chair,furniture,453.35,51,23120.85,ibadan,abdul,2020-01-21
3324,flashdrives,electronics,678.6,33,22393.8,osun,Ini,2020-04-29
3325,keyboard,electronics,1788.68,78,139517.04,osun,Ini,2020-01-03
3326,keyboard,electronics,1150.67,57,65588.19,abuja,sola,2020-02-26
3327,printer,electronics,508.05,77,39119.85,enugu,dayo,2021-05-24
3328,mouse,electronics,444.19,91,40421.29,akure,sola,2021-06-15
3329,monitor,electronics,278.72,4,1114.88,imo,tolu,2020-04-10
3330,keyboard,electronics,1590.6,51,81120.6,abia,martins,2020-07-11
3331,keyboard,electronics,94.56,6,567.36,ibadan,dayo,2021-05-15
3332,flashdrives,electronics,1625.45,88,143039.6,enugu,dayo,2021-05-30
3333,desktops,electronics,1729.97,57,98608.29,akure,tolu,2020-08-03
3334,printer,electronics,1341.35,46,61702.1,kano,abdul,2021-02-07
3335,laptop,electronics,1601.41,97,155336.77,imo,martins,2020-07-25
3336,laptop,electronics,570.7,39,22257.3,katsina,mike,2020-03-24
3337,flashdrives,electronics,1713.27,74,126781.98,akure,moji,2021-04-16
3338,mouse,electronics,706.84,21,14843.64,katsina,emeka,2020-04-05
3339,laptop,electronics,1562.31,83,129671.73,osun,sola,2020-12-22
3340,laptop,electronics,203.1,26,5280.6,enugu,taiwo,2021-06-07
3341,monitor,electronics,132.24,26,3438.24,lagos,emeka,2021-03-01
3342,chair,furniture,183.64,88,16160.32,osun,Ini,2020-04-05
3343,flashdrives,electronics,1935.48,19,36774.12,kogi,martins,2020-06-03
3344,keyboard,electronics,248.81,21,5225.01,abuja,tolu,2021-04-16
3345,desk,furniture,943.77,85,80220.45,kano,martins,2020-04-27
3346,flashdrives,electronics,1547.33,87,134617.71,abuja,moji,2020-04-25
3347,desk,furniture,817.34,17,13894.78,kano,martins,2020-05-03
3348,flashdrives,electronics,1448.91,58,84036.78,kano,josh,2021-03-24
3349,monitor,electronics,411.94,80,32955.2,abia,abdul,2020-02-07
3350,scanner,electronics,1152.33,56,64530.48,kogi,josh,2020-08-01
3351,desktops,electronics,46.55,23,1070.65,enugu,tolu,2020-11-04
3352,desktops,electronics,225.19,98,22068.62,imo,taiwo,2020-06-29
3353,mouse,electronics,198.4,3,595.2,imo,dayo,2021-02-08
3354,desktops,electronics,298.41,44,13130.04,lagos,emeka,2020-11-30
3355,keyboard,electronics,317.25,37,11738.25,kogi,sola,2020-01-18
3356,flashdrives,electronics,403.43,47,18961.21,akure,mike,2020-03-08
3357,laptop,electronics,1614.62,28,45209.36,abia,tolu,2020-12-19
3358,keyboard,electronics,1562.85,75,117213.75,enugu,martins,2020-04-09
3359,monitor,electronics,1938.39,16,31014.24,kano,taiwo,2020-07-14
3360,desk,furniture,1871.63,71,132885.73,akure,dayo,2021-01-10
3361,desk,furniture,627.75,17,10671.75,katsina,martins,2020-09-22
3362,mouse,electronics,1778.44,100,177844.0,kano,martins,2020-05-24
3363,chair,furniture,1861.77,55,102397.35,abuja,josh,2020-06-14
3364,chair,furniture,477.0,64,30528.0,ibadan,martins,2020-06-19
3365,flashdrives,electronics,1246.46,57,71048.22,abia,moji,2021-03-17
3366,desk,furniture,1726.69,3,5180.07,kogi,abdul,2020-05-13
3367,keyboard,electronics,1722.82,68,117151.76,ogun,moji,2020-12-16
3368,printer,electronics,536.9,21,11274.9,ogun,tolu,2020-01-08
3369,monitor,electronics,1408.38,37,52110.06,lagos,abdul,2020-03-01
3370,mouse,electronics,53.38,47,2508.86,kogi,Ini,2021-04-07
3371,printer,electronics,857.91,40,34316.4,osun,moji,2021-01-14
3372,chair,furniture,1188.44,100,118844.0,akure,josh,2020-10-18
3373,desk,furniture,1690.14,32,54084.48,ibadan,Ini,2020-04-18
3374,keyboard,electronics,1676.81,33,55334.73,enugu,mike,2020-01-03
3375,mouse,electronics,107.36,8,858.88,imo,moji,2021-06-10
3376,mouse,electronics,96.69,4,386.76,imo,mike,2020-08-23
3377,mouse,electronics,909.67,36,32748.12,imo,moji,2021-05-15
3378,keyboard,electronics,859.13,6,5154.78,kwara,martins,2021-06-13
3379,mouse,electronics,1628.43,86,140044.98,akure,Ini,2020-04-19
3380,keyboard,electronics,1193.64,93,111008.52,abuja,josh,2020-03-03
3381,chair,furniture,187.18,66,12353.88,lagos,mike,2021-04-08
3382,mouse,electronics,508.08,60,30484.8,abia,abdul,2020-12-06
3383,mouse,electronics,1938.18,37,71712.66,akure,dayo,2020-10-09
3384,chair,furniture,614.47,52,31952.44,kano,moji,2020-07-20
3385,laptop,electronics,54.51,56,3052.56,kano,josh,2021-06-24
3386,printer,electronics,904.7,91,82327.7,kogi,emeka,2020-09-16
3387,chair,furniture,78.77,16,1260.32,kwara,martins,2020-12-07
3388,monitor,electronics,1999.52,100,199952.0,katsina,emeka,2021-02-16
3389,keyboard,electronics,1648.72,57,93977.04,ibadan,mike,2021-02-07
3390,desk,furniture,1649.92,11,18149.12,akure,emeka,2020-03-06
3391,desktops,electronics,496.28,18,8933.04,abia,Ini,2020-01-20
3392,laptop,electronics,134.01,35,4690.35,kogi,mike,2021-03-11
3393,mouse,electronics,634.99,43,27304.57,ogun,emeka,2020-01-26
3394,mouse,electronics,1594.3,7,11160.1,enugu,emeka,2021-05-12
3395,chair,furniture,266.16,33,8783.28,lagos,martins,2020-09-25
3396,flashdrives,electronics,487.18,99,48230.82,kwara,moji,2020-10-03
3397,flashdrives,electronics,25.99,32,831.68,ogun,moji,2020-11-20
3398,keyboard,electronics,103.75,79,8196.25,osun,dayo,2020-02-08
3399,flashdrives,electronics,609.31,77,46916.87,enugu,mike,2021-05-19
3400,monitor,electronics,1303.09,26,33880.34,enugu,emeka,2021-03-25
3401,mouse,electronics,1631.06,49,79921.94,osun,dayo,2020-10-26
3402,mouse,electronics,833.56,49,40844.44,abuja,sola,2020-08-09
3403,chair,furniture,587.58,7,4113.06,enugu,Ini,2020-09-29
3404,monitor,electronics,481.93,23,11084.39,imo,josh,2021-03-23
3405,keyboard,electronics,437.65,89,38950.85,kwara,tolu,2020-10-23
3406,flashdrives,electronics,1145.56,15,17183.4,osun,Ini,2020-01-16
3407,mouse,electronics,1428.74,34,48577.16,kano,mike,2020-05-22
3408,laptop,electronics,444.4,7,3110.8,kwara,Ini,2020-06-24
3409,mouse,electronics,196.27,8,1570.16,kano,tolu,2020-01-29
3410,scanner,electronics,208.25,70,14577.5,imo,moji,2020-08-28
3411,printer,electronics,1375.01,97,133375.97,osun,emeka,2021-06-09
3412,flashdrives,electronics,1018.82,100,101882.0,osun,Ini,2020-05-30
3413,mouse,electronics,185.33,57,10563.81,lagos,dayo,2021-05-30
3414,flashdrives,electronics,1929.87,85,164038.95,kwara,martins,2020-03-13
3415,desktops,electronics,1857.59,34,63158.06,ibadan,dayo,2020-05-21
3416,keyboard,electronics,1520.51,58,88189.58,akure,dayo,2021-06-09
3417,monitor,electronics,1150.75,57,65592.75,kwara,josh,2021-03-24
3418,laptop,electronics,1087.42,8,8699.36,imo,martins,2020-09-22
3419,desktops,electronics,112.71,61,6875.31,akure,Ini,2020-04-05
3420,keyboard,electronics,1687.4,49,82682.6,osun,moji,2020-11-02
3421,flashdrives,electronics,818.39,98,80202.22,ogun,tolu,2020-03-27
3422,keyboard,electronics,1031.58,64,66021.12,ogun,emeka,2020-10-03
3423,keyboard,electronics,1207.81,55,66429.55,kwara,dayo,2020-06-03
3424,chair,furniture,1457.89,51,74352.39,osun,tolu,2021-05-03
3425,laptop,electronics,548.93,76,41718.68,akure,abdul,2020-04-30
3426,scanner,electronics,1811.35,12,21736.2,imo,emeka,2021-03-09
3427,mouse,electronics,722.13,6,4332.78,enugu,dayo,2020-09-11
3428,keyboard,electronics,985.26,87,85717.62,imo,dayo,2020-08-17
3429,printer,electronics,1451.27,46,66758.42,abuja,Ini,2021-02-11
3430,keyboard,electronics,599.84,6,3599.04,osun,mike,2020-10-16
3431,flashdrives,electronics,765.1,70,53557.0,katsina,taiwo,2021-03-15
3432,laptop,electronics,545.98,66,36034.68,ibadan,sola,2020-03-07
3433,chair,furniture,43.0,72,3096.0,akure,moji,2021-01-30
3434,keyboard,electronics,336.42,46,15475.32,osun,abdul,2021-02-20
3435,scanner,electronics,1094.39,17,18604.63,lagos,dayo,2020-08-15
3436,scanner,electronics,1078.55,69,74419.95,abia,dayo,2020-08-21
3437,flashdrives,electronics,101.35,56,5675.6,kano,taiwo,2021-02-08
3438,chair,furniture,319.65,97,31006.05,kwara,Ini,2020-03-10
3439,desk,furniture,63.67,9,573.03,abuja,taiwo,2020-03-16
3440,monitor,electronics,1997.45,15,29961.75,osun,abdul,2021-01-01
3441,flashdrives,electronics,1287.39,21,27035.19,katsina,mike,2020-04-20
3442,monitor,electronics,442.42,93,41145.06,kogi,martins,2020-12-15
3443,keyboard,electronics,1962.4,6,11774.4,ibadan,josh,2021-06-07
3444,mouse,electronics,813.2,100,81320.0,abia,martins,2020-06-18
3445,printer,electronics,1814.73,36,65330.28,imo,taiwo,2021-05-22
3446,keyboard,electronics,539.12,79,42590.48,abuja,mike,2020-11-21
3447,laptop,electronics,1748.62,90,157375.8,ibadan,taiwo,2020-01-29
3448,flashdrives,electronics,844.45,9,7600.05,enugu,Ini,2020-03-07
3449,desktops,electronics,271.02,34,9214.68,osun,dayo,2020-02-12
3450,desktops,electronics,1091.26,94,102578.44,lagos,mike,2021-04-17
3451,desktops,electronics,308.01,35,10780.35,abuja,Ini,2020-10-04
3452,desk,furniture,1043.6,14,14610.4,imo,abdul,2020-11-30
3453,flashdrives,electronics,385.72,51,19671.72,ogun,mike,2020-09-28
3454,desktops,electronics,855.93,85,72754.05,kwara,emeka,2020-09-11
3455,flashdrives,electronics,803.74,80,64299.2,kwara,Ini,2020-11-15
3456,desktops,electronics,774.7,40,30988.0,abia,moji,2020-12-01
3457,printer,electronics,1184.94,41,48582.54,imo,tolu,2020-02-20
3458,mouse,electronics,265.75,18,4783.5,abia,emeka,2020-07-03
3459,laptop,electronics,1692.74,100,169274.0,enugu,josh,2020-09-09
3460,desk,furniture,1780.52,6,10683.12,akure,moji,2020-03-13
3461,chair,furniture,175.64,88,15456.32,abia,martins,2020-08-20
3462,flashdrives,electronics,1084.88,99,107403.12,kwara,mike,2020-07-31
3463,desk,furniture,642.49,53,34051.97,abia,tolu,2020-05-08
3464,mouse,electronics,1039.04,34,35327.36,akure,josh,2020-02-27
3465,desk,furniture,981.31,7,6869.17,lagos,emeka,2020-11-04
3466,keyboard,electronics,611.45,75,45858.75,ibadan,sola,2020-02-18
3467,scanner,electronics,1842.61,49,90287.89,ogun,taiwo,2021-03-21
3468,desk,furniture,1005.06,7,7035.42,akure,mike,2020-09-25
3469,keyboard,electronics,48.42,40,1936.8,akure,mike,2021-01-07
3470,chair,furniture,1517.41,44,66766.04,kwara,martins,2021-04-06
3471,scanner,electronics,1540.65,29,44678.85,katsina,dayo,2020-01-30
3472,desk,furniture,279.09,48,13396.32,ibadan,mike,2021-01-25
3473,keyboard,electronics,1711.49,24,41075.76,imo,mike,2020-12-10
3474,scanner,electronics,127.3,51,6492.3,ogun,josh,2020-12-21
3475,monitor,electronics,1852.2,2,3704.4,abia,tolu,2021-03-11
3476,keyboard,electronics,1714.04,16,27424.64,kano,sola,2020-10-28
3477,keyboard,electronics,1927.29,58,111782.82,kogi,Ini,2021-04-30
3478,scanner,electronics,814.45,98,79816.1,akure,emeka,2020-03-09
3479,desk,furniture,74.94,11,824.34,kano,taiwo,2020-04-12
3480,mouse,electronics,757.57,65,49242.05,ibadan,dayo,2021-06-13
3481,desk,furniture,1986.88,1,1986.88,imo,dayo,2020-01-16
3482,mouse,electronics,959.68,67,64298.56,kogi,Ini,2021-05-21
3483,desktops,electronics,273.15,11,3004.65,kano,emeka,2021-01-01
3484,chair,furniture,1862.84,2,3725.68,imo,taiwo,2021-04-01
3485,keyboard,electronics,1988.55,53,105393.15,imo,taiwo,2020-06-17
3486,desk,furniture,170.76,94,16051.44,abuja,sola,2020-02-24
3487,monitor,electronics,1066.95,30,32008.5,abia,Ini,2020-12-16
3488,monitor,electronics,871.57,90,78441.3,osun,mike,2020-02-19
3489,chair,furniture,1117.13,82,91604.66,kano,josh,2020-09-28
3490,desktops,electronics,366.16,17,6224.72,abuja,tolu,2020-08-26
3491,desktops,electronics,662.11,33,21849.63,akure,taiwo,2020-02-18
3492,laptop,electronics,1358.12,55,74696.6,ibadan,taiwo,2021-01-11
3493,scanner,electronics,1311.37,44,57700.28,abia,sola,2020-07-20
3494,mouse,electronics,240.58,25,6014.5,kano,Ini,2020-10-19
3495,desktops,electronics,1237.26,95,117539.7,abia,Ini,2020-03-27
3496,chair,furniture,888.01,100,88801.0,kogi,abdul,2020-09-05
3497,scanner,electronics,1297.23,87,112859.01,abia,sola,2021-05-16
3498,keyboard,electronics,80.8,72,5817.6,kwara,mike,2020-06-22
3499,mouse,electronics,1797.52,46,82685.92,abia,martins,2020-03-03
3500,mouse,electronics,1221.35,50,61067.5,katsina,martins,2020-09-18
3501,printer,electronics,1435.22,25,35880.5,lagos,mike,2020-08-23
3502,printer,electronics,1443.99,65,93859.35,kano,taiwo,2020-08-22
3503,printer,electronics,1698.59,40,67943.6,lagos,martins,2020-04-16
3504,desktops,electronics,156.86,51,7999.86,enugu,Ini,2021-06-01
3505,scanner,electronics,1038.09,9,9342.81,kogi,josh,2020-06-25
3506,scanner,electronics,523.12,86,44988.32,akure,taiwo,2020-09-25
3507,desk,furniture,125.9,69,8687.1,katsina,dayo,2021-01-05
3508,mouse,electronics,960.72,80,76857.6,katsina,Ini,2020-04-19
3509,laptop,electronics,1290.74,84,108422.16,imo,tolu,2020-11-24
3510,monitor,electronics,1294.43,16,20710.88,kano,dayo,2021-04-12
3511,desktops,electronics,1034.73,33,34146.09,kwara,mike,2021-03-11
3512,flashdrives,electronics,1064.83,100,106483.0,kano,emeka,2020-03-03
3513,scanner,electronics,1986.55,41,81448.55,enugu,emeka,2020-05-16
3514,chair,furniture,227.22,58,13178.76,ogun,sola,2020-09-16
3515,desk,furniture,480.45,12,5765.4,abia,emeka,2021-01-25
3516,scanner,electronics,366.56,17,6231.52,katsina,dayo,2020-08-19
3517,flashdrives,electronics,910.07,67,60974.69,katsina,abdul,2020-04-15
3518,keyboard,electronics,1952.06,83,162020.98,ogun,dayo,2021-05-26
3519,laptop,electronics,795.96,21,16715.16,osun,abdul,2020-06-25
3520,desktops,electronics,1736.53,7,12155.71,abia,emeka,2020-08-05
3521,keyboard,electronics,308.5,6,1851.0,abuja,martins,2020-07-08
3522,monitor,electronics,367.94,1,367.94,lagos,moji,2021-06-18
3523,desk,furniture,933.39,49,45736.11,abuja,martins,2020-01-31
3524,desktops,electronics,1685.72,77,129800.44,ogun,dayo,2021-05-07
3525,desk,furniture,260.97,71,18528.87,abuja,taiwo,2020-07-12
3526,printer,electronics,779.76,12,9357.12,ibadan,martins,2020-08-28
3527,desktops,electronics,592.94,41,24310.54,ogun,abdul,2020-03-28
3528,flashdrives,electronics,1030.46,7,7213.22,imo,Ini,2020-10-09
3529,desk,furniture,1570.42,99,155471.58,kwara,tolu,2020-05-21
3530,monitor,electronics,643.43,53,34101.79,osun,josh,2020-04-10
3531,laptop,electronics,27.23,94,2559.62,imo,martins,2021-04-13
3532,desk,furniture,1833.68,1,1833.68,akure,taiwo,2020-12-03
3533,flashdrives,electronics,770.8,10,7708.0,akure,martins,2020-02-17
3534,desk,furniture,877.04,86,75425.44,kogi,mike,2020-10-02
3535,mouse,electronics,166.17,83,13792.11,kogi,josh,2020-11-02
3536,mouse,electronics,1423.74,91,129560.34,katsina,taiwo,2020-01-02
3537,chair,furniture,1092.47,13,14202.11,kogi,emeka,2020-10-02
3538,flashdrives,electronics,949.48,67,63615.16,osun,martins,2021-01-11
3539,desktops,electronics,1525.21,56,85411.76,kogi,dayo,2020-07-26
3540,scanner,electronics,1116.84,49,54725.16,kwara,emeka,2021-02-18
3541,keyboard,electronics,789.06,59,46554.54,imo,martins,2021-06-24
3542,monitor,electronics,1089.07,72,78413.04,kwara,dayo,2020-05-01
3543,chair,furniture,1067.69,88,93956.72,ogun,tolu,2021-05-11
3544,flashdrives,electronics,163.84,4,655.36,akure,emeka,2021-03-15
3545,keyboard,electronics,738.78,10,7387.8,osun,Ini,2021-01-21
3546,laptop,electronics,1392.56,31,43169.36,kano,martins,2020-03-30
3547,keyboard,electronics,874.59,90,78713.1,imo,josh,2021-04-10
3548,desktops,electronics,1163.08,24,27913.92,kogi,martins,2020-11-05
3549,mouse,electronics,1115.53,1,1115.53,imo,emeka,2021-01-12
3550,keyboard,electronics,1882.68,60,112960.8,akure,josh,2021-06-06
3551,printer,electronics,1943.6,16,31097.6,enugu,Ini,2021-04-12
3552,scanner,electronics,1418.01,86,121948.86,abia,sola,2021-05-14
3553,scanner,electronics,782.49,24,18779.76,imo,moji,2020-04-08
3554,desktops,electronics,1352.49,83,112256.67,kwara,sola,2020-10-14
3555,mouse,electronics,1224.93,76,93094.68,kogi,sola,2021-03-22
3556,scanner,electronics,370.51,19,7039.69,osun,Ini,2020-12-08
3557,desktops,electronics,1183.52,58,68644.16,lagos,taiwo,2021-01-10
3558,scanner,electronics,1834.17,14,25678.38,kwara,josh,2020-10-27
3559,printer,electronics,982.49,6,5894.94,akure,mike,2021-06-01
3560,keyboard,electronics,25.71,74,1902.54,kano,sola,2021-01-10
3561,chair,furniture,1664.4,91,151460.4,osun,martins,2020-02-20
3562,mouse,electronics,1271.59,29,36876.11,abia,josh,2021-02-23
3563,scanner,electronics,1902.27,59,112233.93,kano,abdul,2020-05-19
3564,scanner,electronics,1698.28,61,103595.08,kano,dayo,2020-06-15
3565,desktops,electronics,1229.83,93,114374.19,imo,taiwo,2020-01-06
3566,laptop,electronics,196.14,67,13141.38,ogun,dayo,2020-07-06
3567,keyboard,electronics,1383.92,92,127320.64,enugu,abdul,2020-04-02
3568,keyboard,electronics,1987.5,10,19875.0,kogi,dayo,2021-01-17
3569,laptop,electronics,973.31,8,7786.48,imo,josh,2020-03-01
3570,mouse,electronics,250.01,48,12000.48,lagos,emeka,2020-07-01
3571,chair,furniture,1774.1,14,24837.4,ogun,moji,2020-11-18
3572,keyboard,electronics,866.26,96,83160.96,lagos,josh,2020-08-20
3573,chair,furniture,125.42,73,9155.66,kano,abdul,2020-02-14
3574,laptop,electronics,935.5,56,52388.0,osun,josh,2020-01-16
3575,laptop,electronics,1914.82,33,63189.06,abia,tolu,2020-03-29
3576,desktops,electronics,1156.52,40,46260.8,kwara,josh,2020-10-27
3577,monitor,electronics,1625.24,19,30879.56,imo,emeka,2021-06-18
3578,chair,furniture,838.14,72,60346.08,osun,abdul,2021-02-26
3579,printer,electronics,280.38,33,9252.54,ibadan,Ini,2020-04-28
3580,desk,furniture,1675.94,12,20111.28,osun,dayo,2020-05-24
3581,chair,furniture,420.33,40,16813.2,imo,dayo,2020-03-25
3582,monitor,electronics,1805.36,93,167898.48,imo,moji,2020-02-06
3583,scanner,electronics,677.93,20,13558.6,akure,dayo,2021-02-16
3584,monitor,electronics,1375.51,9,12379.59,enugu,taiwo,2020-08-06
3585,printer,electronics,886.94,68,60311.92,imo,abdul,2020-12-11
3586,keyboard,electronics,852.94,8,6823.52,kogi,taiwo,2021-03-21
3587,laptop,electronics,1495.76,58,86754.08,katsina,emeka,2020-08-12
3588,scanner,electronics,1784.17,70,124891.9,kwara,abdul,2020-11-06
3589,keyboard,electronics,649.48,30,19484.4,kogi,tolu,2020-11-01
3590,desk,furniture,1831.71,70,128219.7,lagos,josh,2020-12-08
3591,laptop,electronics,902.12,57,51420.84,ibadan,martins,2021-02-06
3592,printer,electronics,908.99,43,39086.57,akure,moji,2021-01-07
3593,desk,furniture,335.72,73,24507.56,kano,martins,2020-02-04
3594,desktops,electronics,1875.1,99,185634.9,akure,moji,2020-02-13
3595,chair,furniture,1265.31,40,50612.4,abia,martins,2020-04-14
3596,monitor,electronics,217.47,11,2392.17,abuja,Ini,2021-06-03
3597,desk,furniture,207.61,88,18269.68,lagos,sola,2020-12-02
3598,scanner,electronics,1414.24,57,80611.68,ogun,mike,2020-02-25
3599,keyboard,electronics,353.02,4,1412.08,kogi,emeka,2021-01-14
3600,monitor,electronics,643.95,35,22538.25,abia,moji,2020-06-30
3601,laptop,electronics,1788.08,86,153774.88,kano,sola,2021-03-24
3602,printer,electronics,1574.17,73,114914.41,akure,martins,2020-01-11
3603,keyboard,electronics,1722.66,98,168820.68,imo,martins,2020-03-21
3604,printer,electronics,239.77,28,6713.56,abia,sola,2020-12-21
3605,flashdrives,electronics,534.07,82,43793.74,osun,josh,2020-02-02
3606,chair,furniture,579.39,64,37080.96,abuja,Ini,2020-07-14
3607,keyboard,electronics,938.12,71,66606.52,lagos,josh,2021-01-09
3608,laptop,electronics,1828.64,86,157263.04,imo,moji,2020-02-19
3609,laptop,electronics,1965.48,37,72722.76,ogun,emeka,2020-08-09
3610,scanner,electronics,1550.27,2,3100.54,katsina,emeka,2020-05-01
3611,laptop,electronics,569.32,17,9678.44,lagos,abdul,2021-03-14
3612,laptop,electronics,1022.83,90,92054.7,imo,taiwo,2020-03-06
3613,mouse,electronics,1094.67,81,88668.27,osun,moji,2020-08-14
3614,printer,electronics,1763.39,79,139307.81,kano,dayo,2021-01-02
3615,printer,electronics,1524.73,32,48791.36,akure,tolu,2020-12-14
3616,keyboard,electronics,110.5,50,5525.0,abuja,martins,2020-03-01
3617,desk,furniture,1928.23,73,140760.79,osun,martins,2020-01-20
3618,desk,furniture,1150.96,71,81718.16,lagos,moji,2021-01-31
3619,chair,furniture,965.45,6,5792.7,imo,abdul,2021-05-05
3620,desktops,electronics,548.77,88,48291.76,kano,abdul,2020-07-17
3621,flashdrives,electronics,1699.59,40,67983.6,osun,josh,2020-08-18
3622,laptop,electronics,25.5,63,1606.5,enugu,mike,2020-06-09
3623,printer,electronics,669.62,28,18749.36,kano,tolu,2020-12-22
3624,laptop,electronics,164.3,28,4600.4,kogi,josh,2020-09-18
3625,keyboard,electronics,1799.71,24,43193.04,ibadan,moji,2021-04-15
3626,desktops,electronics,524.45,75,39333.75,lagos,tolu,2020-07-10
3627,flashdrives,electronics,1410.86,20,28217.2,katsina,abdul,2020-11-11
3628,printer,electronics,1714.9,9,15434.1,lagos,martins,2020-02-10
3629,desk,furniture,1681.08,6,10086.48,akure,abdul,2020-01-06
3630,desktops,electronics,1120.46,53,59384.38,kwara,taiwo,2020-09-05
3631,laptop,electronics,319.9,15,4798.5,abuja,mike,2021-02-06
3632,chair,furniture,455.49,18,8198.82,osun,martins,2020-10-15
3633,printer,electronics,1916.22,59,113056.98,akure,emeka,2021-04-06
3634,printer,electronics,1717.28,24,41214.72,abuja,sola,2021-03-09
3635,scanner,electronics,351.62,6,2109.72,katsina,abdul,2021-03-05
3636,keyboard,electronics,1598.73,89,142286.97,kano,Ini,2021-01-13
3637,printer,electronics,1050.91,10,10509.1,ibadan,Ini,2021-04-19
3638,laptop,electronics,1395.91,17,23730.47,lagos,Ini,2020-04-27
3639,mouse,electronics,1606.28,21,33731.88,katsina,dayo,2020-01-07
3640,keyboard,electronics,394.31,90,35487.9,kano,moji,2020-06-24
3641,mouse,electronics,718.09,68,48830.12,imo,moji,2021-06-18
3642,flashdrives,electronics,1821.52,93,169401.36,lagos,tolu,2021-01-09
3643,flashdrives,electronics,207.04,14,2898.56,imo,moji,2021-05-30
3644,desk,furniture,438.64,48,21054.72,akure,dayo,2020-03-24
3645,flashdrives,electronics,1763.83,73,128759.59,abia,Ini,2021-04-26
3646,keyboard,electronics,1413.88,13,18380.44,kogi,dayo,2021-06-13
3647,laptop,electronics,1423.48,97,138077.56,imo,josh,2020-08-30
3648,chair,furniture,1079.26,90,97133.4,osun,abdul,2020-03-09
3649,desktops,electronics,1958.6,78,152770.8,kano,dayo,2021-05-06
3650,keyboard,electronics,1611.34,36,58008.24,akure,taiwo,2020-02-24
3651,mouse,electronics,1990.95,18,35837.1,kano,Ini,2020-06-15
3652,laptop,electronics,126.87,71,9007.77,katsina,emeka,2020-10-28
3653,desktops,electronics,272.37,30,8171.1,kano,tolu,2020-06-08
3654,laptop,electronics,518.88,36,18679.68,ibadan,Ini,2020-10-12
3655,monitor,electronics,1467.66,96,140895.36,kwara,moji,2020-03-08
3656,desk,furniture,1948.4,47,91574.8,osun,emeka,2020-07-19
3657,laptop,electronics,1352.79,95,128515.05,ogun,martins,2020-05-10
3658,laptop,electronics,1275.41,7,8927.87,ibadan,sola,2020-08-12
3659,keyboard,electronics,278.56,57,15877.92,enugu,josh,2020-05-10
3660,mouse,electronics,502.52,92,46231.84,katsina,martins,2020-05-13
3661,desktops,electronics,205.2,43,8823.6,lagos,mike,2020-09-16
3662,desk,furniture,410.14,88,36092.32,lagos,josh,2020-08-24
3663,chair,furniture,924.7,46,42536.2,kogi,emeka,2020-04-08
3664,flashdrives,electronics,1083.79,17,18424.43,imo,moji,2020-01-24
3665,keyboard,electronics,1981.52,12,23778.24,kogi,tolu,2020-03-16
3666,chair,furniture,611.11,78,47666.58,lagos,sola,2020-08-11
3667,mouse,electronics,1889.34,4,7557.36,ibadan,abdul,2020-10-09
3668,mouse,electronics,1247.78,51,63636.78,kano,sola,2020-03-24
3669,monitor,electronics,1878.99,54,101465.46,enugu,martins,2021-05-28
3670,laptop,electronics,746.45,72,53744.4,akure,mike,2021-02-06
3671,chair,furniture,1909.01,6,11454.06,kogi,abdul,2021-02-07
3672,keyboard,electronics,186.54,66,12311.64,imo,mike,2021-01-05
3673,printer,electronics,139.68,75,10476.0,ibadan,taiwo,2020-11-03
3674,laptop,electronics,893.13,56,50015.28,kogi,abdul,2020-11-09
3675,flashdrives,electronics,1545.02,92,142141.84,katsina,emeka,2021-03-02
3676,printer,electronics,36.9,83,3062.7,osun,mike,2020-06-20
3677,chair,furniture,395.75,22,8706.5,kogi,sola,2021-03-20
3678,mouse,electronics,195.15,19,3707.85,ibadan,abdul,2021-02-24
3679,keyboard,electronics,1840.88,95,174883.6,akure,tolu,2020-11-24
3680,scanner,electronics,1353.54,13,17596.02,ogun,dayo,2021-06-09
3681,laptop,electronics,1076.93,64,68923.52,osun,tolu,2020-04-10
3682,flashdrives,electronics,1862.0,19,35378.0,ogun,abdul,2020-11-14
3683,mouse,electronics,1322.87,74,97892.38,ogun,mike,2020-09-26
3684,monitor,electronics,418.01,44,18392.44,imo,abdul,2020-05-17
3685,scanner,electronics,1895.52,24,45492.48,akure,tolu,2020-02-28
3686,printer,electronics,1072.62,29,31105.98,katsina,taiwo,2020-07-26
3687,laptop,electronics,1621.66,31,50271.46,abuja,moji,2021-01-09
3688,desktops,electronics,1009.03,4,4036.12,akure,taiwo,2021-01-13
3689,chair,furniture,1561.16,50,78058.0,abia,emeka,2020-10-02
3690,chair,furniture,675.03,59,39826.77,kogi,emeka,2020-10-01
3691,printer,electronics,1895.04,47,89066.88,katsina,mike,2021-01-14
3692,flashdrives,electronics,954.93,35,33422.55,kogi,mike,2021-05-29
3693,desk,furniture,1925.3,9,17327.7,kogi,abdul,2020-10-14
3694,keyboard,electronics,176.58,44,7769.52,ibadan,josh,2020-01-23
3695,desktops,electronics,1401.53,2,2803.06,osun,josh,2020-11-09
3696,desktops,electronics,193.33,44,8506.52,kano,mike,2020-05-26
3697,printer,electronics,1577.32,48,75711.36,osun,mike,2021-02-10
3698,scanner,electronics,1691.59,24,40598.16,abuja,abdul,2020-01-14
3699,chair,furniture,1742.83,36,62741.88,kano,abdul,2021-01-11
3700,flashdrives,electronics,1974.85,35,69119.75,kano,mike,2020-05-05
3701,scanner,electronics,124.23,86,10683.78,ibadan,tolu,2020-07-19
3702,monitor,electronics,1589.42,21,33377.82,kogi,moji,2020-11-04
3703,printer,electronics,1774.54,28,49687.12,abia,martins,2021-04-08
3704,flashdrives,electronics,837.05,85,71149.25,imo,Ini,2020-08-19
3705,mouse,electronics,1922.88,88,169213.44,lagos,martins,2020-05-04
3706,chair,furniture,1881.49,46,86548.54,kano,sola,2020-05-03
3707,mouse,electronics,749.35,71,53203.85,enugu,moji,2020-10-14
3708,printer,electronics,329.71,47,15496.37,ogun,taiwo,2020-06-29
3709,desk,furniture,1780.58,65,115737.7,imo,Ini,2020-09-22
3710,scanner,electronics,1691.4,84,142077.6,ogun,Ini,2020-02-19
3711,mouse,electronics,1004.5,83,83373.5,kano,tolu,2020-01-26
3712,desktops,electronics,833.63,44,36679.72,abia,sola,2020-08-15
3713,chair,furniture,936.34,17,15917.78,osun,mike,2021-02-13
3714,printer,electronics,825.34,25,20633.5,enugu,martins,2020-04-24
3715,scanner,electronics,1823.83,83,151377.89,lagos,tolu,2020-12-31
3716,keyboard,electronics,1631.07,69,112543.83,abuja,martins,2021-01-11
3717,printer,electronics,1305.17,85,110939.45,lagos,martins,2020-01-26
3718,keyboard,electronics,978.01,88,86064.88,kano,sola,2020-03-08
3719,scanner,electronics,388.89,60,23333.4,ogun,abdul,2020-05-02
3720,desk,furniture,72.41,39,2823.99,katsina,emeka,2020-05-06
3721,monitor,electronics,1530.87,68,104099.16,imo,tolu,2020-03-29
3722,chair,furniture,1987.04,5,9935.2,katsina,moji,2020-07-21
3723,desk,furniture,1252.42,45,56358.9,abia,sola,2021-06-14
3724,desk,furniture,368.5,93,34270.5,lagos,emeka,2020-07-09
3725,flashdrives,electronics,1457.98,63,91852.74,imo,abdul,2020-12-18
3726,keyboard,electronics,1443.89,79,114067.31,akure,tolu,2020-08-06
3727,monitor,electronics,313.75,20,6275.0,ogun,Ini,2020-08-20
3728,flashdrives,electronics,396.41,67,26559.47,osun,emeka,2020-06-27
3729,laptop,electronics,588.91,61,35923.51,abia,abdul,2020-12-28
3730,monitor,electronics,275.82,55,15170.1,kogi,moji,2021-06-03
3731,printer,electronics,1944.55,61,118617.55,kogi,moji,2020-02-20
3732,desktops,electronics,1952.72,6,11716.32,kwara,sola,2021-02-02
3733,flashdrives,electronics,1005.71,16,16091.36,imo,dayo,2020-06-11
3734,monitor,electronics,774.64,13,10070.32,lagos,Ini,2020-05-07
3735,keyboard,electronics,804.92,46,37026.32,ogun,dayo,2020-08-15
3736,desktops,electronics,1361.99,81,110321.19,kano,moji,2021-05-19
3737,desk,furniture,1847.62,98,181066.76,ibadan,dayo,2020-09-21
3738,desk,furniture,967.38,42,40629.96,enugu,taiwo,2020-05-14
3739,keyboard,electronics,435.44,28,12192.32,abia,sola,2020-05-25
3740,keyboard,electronics,1840.89,66,121498.74,lagos,tolu,2020-04-18
3741,flashdrives,electronics,598.23,20,11964.6,akure,dayo,2020-06-06
3742,keyboard,electronics,373.7,46,17190.2,kogi,martins,2021-01-21
3743,keyboard,electronics,1645.68,80,131654.4,akure,abdul,2021-01-15
3744,laptop,electronics,1802.43,32,57677.76,ogun,Ini,2020-09-07
3745,mouse,electronics,1713.07,15,25696.05,kwara,martins,2020-10-05
3746,desk,furniture,1373.67,63,86541.21,ibadan,moji,2020-08-29
3747,laptop,electronics,981.42,41,40238.22,katsina,dayo,2020-11-08
3748,mouse,electronics,1313.34,42,55160.28,kano,martins,2020-03-14
3749,monitor,electronics,1554.04,23,35742.92,kogi,tolu,2020-02-28
3750,desktops,electronics,1573.4,85,133739.0,kogi,abdul,2021-04-29
3751,printer,electronics,784.51,41,32164.91,abia,taiwo,2021-05-02
3752,laptop,electronics,735.83,33,24282.39,osun,moji,2020-06-27
3753,mouse,electronics,749.21,55,41206.55,abia,taiwo,2020-03-14
3754,mouse,electronics,1141.13,87,99278.31,akure,josh,2021-03-14
3755,scanner,electronics,53.48,86,4599.28,abuja,emeka,2021-01-19
3756,flashdrives,electronics,1969.84,76,149707.84,akure,Ini,2021-05-23
3757,printer,electronics,1613.61,8,12908.88,enugu,martins,2020-05-20
3758,laptop,electronics,522.17,56,29241.52,kano,tolu,2020-01-16
3759,mouse,electronics,1253.04,84,105255.36,enugu,moji,2020-05-19
3760,mouse,electronics,316.35,10,3163.5,katsina,emeka,2020-09-06
3761,desk,furniture,1813.76,80,145100.8,kogi,Ini,2021-04-09
3762,desk,furniture,91.94,67,6159.98,enugu,abdul,2020-03-16
3763,keyboard,electronics,864.2,62,53580.4,katsina,moji,2020-07-08
3764,keyboard,electronics,886.94,50,44347.0,ogun,martins,2021-04-16
3765,printer,electronics,1397.0,68,94996.0,kwara,emeka,2021-05-01
3766,desktops,electronics,852.31,31,26421.61,ogun,abdul,2020-11-12
3767,monitor,electronics,248.27,12,2979.24,ogun,mike,2020-12-02
3768,scanner,electronics,392.98,66,25936.68,ogun,emeka,2020-12-08
3769,keyboard,electronics,481.69,19,9152.11,lagos,sola,2020-05-03
3770,flashdrives,electronics,157.12,4,628.48,imo,josh,2021-05-12
3771,desk,furniture,559.13,37,20687.81,osun,tolu,2021-04-12
3772,scanner,electronics,970.28,92,89265.76,lagos,martins,2020-05-23
3773,desk,furniture,1936.98,60,116218.8,kogi,taiwo,2020-11-12
3774,desktops,electronics,1337.45,56,74897.2,enugu,mike,2020-10-31
3775,flashdrives,electronics,906.7,58,52588.6,ibadan,moji,2021-03-05
3776,monitor,electronics,783.6,45,35262.0,kogi,martins,2020-09-20
3777,printer,electronics,85.39,53,4525.67,katsina,josh,2020-11-18
3778,monitor,electronics,951.11,5,4755.55,osun,mike,2020-10-05
3779,flashdrives,electronics,864.72,24,20753.28,enugu,Ini,2020-03-21
3780,mouse,electronics,1767.81,73,129050.13,ogun,josh,2020-05-20
3781,flashdrives,electronics,1397.97,29,40541.13,akure,abdul,2020-02-20
3782,printer,electronics,1195.26,93,111159.18,lagos,sola,2021-01-11
3783,printer,electronics,238.04,68,16186.72,kano,Ini,2021-02-27
3784,monitor,electronics,864.6,31,26802.6,abuja,josh,2020-10-23
3785,desktops,electronics,1249.11,72,89935.92,osun,josh,2021-02-06
3786,printer,electronics,1846.75,53,97877.75,ogun,mike,2020-09-10
3787,scanner,electronics,1945.3,97,188694.1,ibadan,taiwo,2020-08-14
3788,scanner,electronics,1423.89,10,14238.9,imo,taiwo,2020-05-04
3789,desk,furniture,1147.38,78,89495.64,osun,abdul,2020-09-05
3790,scanner,electronics,566.06,58,32831.48,ibadan,abdul,2020-10-03
3791,desk,furniture,542.31,68,36877.08,imo,tolu,2020-06-24
3792,keyboard,electronics,464.57,76,35307.32,akure,dayo,2021-03-06
3793,keyboard,electronics,1218.77,62,75563.74,abia,abdul,2021-06-18
3794,flashdrives,electronics,1719.1,35,60168.5,abuja,abdul,2020-06-10
3795,mouse,electronics,1935.33,98,189662.34,osun,Ini,2020-05-12
3796,laptop,electronics,1388.72,15,20830.8,enugu,martins,2021-05-05
3797,printer,electronics,616.69,67,41318.23,akure,abdul,2020-10-20
3798,desk,furniture,753.68,61,45974.48,imo,emeka,2020-05-15
3799,keyboard,electronics,93.84,2,187.68,lagos,taiwo,2020-10-11
3800,flashdrives,electronics,877.02,39,34203.78,kogi,moji,2020-05-31
3801,flashdrives,electronics,462.42,7,3236.94,lagos,sola,2020-12-30
3802,mouse,electronics,289.99,15,4349.85,katsina,Ini,2020-12-07
3803,desk,furniture,1731.35,68,117731.8,abia,emeka,2021-02-05
3804,monitor,electronics,674.92,44,29696.48,ogun,tolu,2021-04-27
3805,laptop,electronics,1119.65,56,62700.4,imo,moji,2020-08-11
3806,mouse,electronics,536.96,47,25237.12,kwara,taiwo,2020-07-12
3807,scanner,electronics,1397.61,51,71278.11,kogi,abdul,2020-03-27
3808,mouse,electronics,461.19,70,32283.3,kwara,josh,2020-02-19
3809,monitor,electronics,607.31,24,14575.44,katsina,mike,2020-06-10
3810,keyboard,electronics,86.3,32,2761.6,katsina,taiwo,2021-04-13
3811,scanner,electronics,382.56,53,20275.68,katsina,tolu,2020-04-20
3812,laptop,electronics,616.49,85,52401.65,enugu,emeka,2021-03-01
3813,desktops,electronics,1488.07,87,129462.09,imo,tolu,2021-02-09
3814,desktops,electronics,1665.77,5,8328.85,kwara,tolu,2020-11-17
3815,keyboard,electronics,1146.78,36,41284.08,kogi,emeka,2020-02-21
3816,keyboard,electronics,1774.52,84,149059.68,abuja,tolu,2021-05-13
3817,chair,furniture,1780.75,9,16026.75,enugu,taiwo,2020-07-11
3818,laptop,electronics,618.15,41,25344.15,lagos,sola,2020-08-21
3819,desktops,electronics,1592.0,47,74824.0,lagos,sola,2020-06-14
3820,desktops,electronics,1226.81,36,44165.16,kogi,mike,2020-12-12
3821,keyboard,electronics,907.94,44,39949.36,abia,sola,2020-07-22
3822,monitor,electronics,284.28,20,5685.6,osun,abdul,2020-01-10
3823,keyboard,electronics,52.16,43,2242.88,kogi,emeka,2020-04-20
3824,monitor,electronics,424.73,2,849.46,katsina,martins,2020-08-12
3825,monitor,electronics,522.21,60,31332.6,enugu,moji,2020-05-05
3826,desk,furniture,1570.96,47,73835.12,lagos,Ini,2021-03-13
3827,keyboard,electronics,1556.29,79,122946.91,osun,josh,2020-11-18
3828,monitor,electronics,1799.32,8,14394.56,kano,taiwo,2021-01-14
3829,monitor,electronics,130.98,23,3012.54,katsina,emeka,2020-09-21
3830,chair,furniture,357.84,4,1431.36,katsina,taiwo,2020-05-14
3831,laptop,electronics,271.57,38,10319.66,enugu,moji,2020-01-17
3832,mouse,electronics,919.35,21,19306.35,kano,tolu,2020-05-15
3833,scanner,electronics,123.2,48,5913.6,lagos,Ini,2021-02-27
3834,scanner,electronics,1327.9,70,92953.0,enugu,moji,2021-05-02
3835,chair,furniture,655.81,34,22297.54,kogi,moji,2020-07-06
3836,scanner,electronics,119.09,47,5597.23,ogun,dayo,2020-08-20
3837,desktops,electronics,1747.35,57,99598.95,kano,tolu,2021-04-25
3838,keyboard,electronics,692.17,9,6229.53,kano,sola,2020-11-20
3839,flashdrives,electronics,99.4,75,7455.0,imo,josh,2021-01-29
3840,desk,furniture,1521.33,37,56289.21,abia,taiwo,2021-06-03
3841,keyboard,electronics,1895.37,63,119408.31,katsina,tolu,2020-07-11
3842,chair,furniture,1155.34,10,11553.4,imo,sola,2020-04-12
3843,keyboard,electronics,187.38,7,1311.66,abuja,dayo,2021-04-13
3844,desktops,electronics,103.09,90,9278.1,akure,dayo,2021-03-01
3845,flashdrives,electronics,118.99,10,1189.9,enugu,martins,2021-05-11
3846,scanner,electronics,1393.3,81,112857.3,katsina,emeka,2020-06-03
3847,printer,electronics,225.07,80,18005.6,osun,taiwo,2020-12-29
3848,keyboard,electronics,1204.39,95,114417.05,imo,moji,2021-05-20
3849,mouse,electronics,361.87,19,6875.53,enugu,mike,2020-09-17
3850,monitor,electronics,456.22,59,26916.98,kano,sola,2020-01-22
3851,printer,electronics,1717.17,20,34343.4,kano,moji,2021-01-19
3852,keyboard,electronics,766.23,42,32181.66,ogun,taiwo,2021-01-26
3853,monitor,electronics,1819.37,95,172840.15,abia,martins,2020-07-19
3854,monitor,electronics,1952.8,38,74206.4,ibadan,Ini,2020-01-19
3855,scanner,electronics,1014.36,67,67962.12,enugu,dayo,2020-12-04
3856,laptop,electronics,556.51,3,1669.53,imo,sola,2020-01-11
3857,printer,electronics,1235.42,49,60535.58,imo,dayo,2020-12-23
3858,mouse,electronics,1231.91,41,50508.31,katsina,tolu,2021-04-03
3859,chair,furniture,529.61,90,47664.9,kano,mike,2021-03-13
3860,monitor,electronics,336.72,77,25927.44,abia,josh,2021-02-28
3861,monitor,electronics,550.65,58,31937.7,enugu,Ini,2020-11-22
3862,keyboard,electronics,336.84,46,15494.64,osun,sola,2020-01-18
3863,desk,furniture,179.5,52,9334.0,akure,dayo,2020-03-26
3864,keyboard,electronics,1622.85,18,29211.3,lagos,tolu,2021-01-12
3865,flashdrives,electronics,1455.75,21,30570.75,kano,emeka,2020-10-19
3866,mouse,electronics,161.25,99,15963.75,kogi,abdul,2020-02-13
3867,keyboard,electronics,1191.0,41,48831.0,imo,tolu,2021-02-15
3868,monitor,electronics,883.07,60,52984.2,ogun,sola,2021-02-22
3869,keyboard,electronics,1656.8,93,154082.4,ibadan,tolu,2020-07-03
3870,laptop,electronics,874.3,10,8743.0,akure,tolu,2020-09-22
3871,flashdrives,electronics,1038.46,83,86192.18,ogun,dayo,2020-12-13
3872,mouse,electronics,405.17,93,37680.81,abuja,abdul,2020-02-11
3873,laptop,electronics,559.77,69,38624.13,katsina,sola,2020-03-06
3874,mouse,electronics,370.02,20,7400.4,abuja,sola,2020-03-19
3875,printer,electronics,1503.38,66,99223.08,ogun,moji,2021-01-16
3876,desktops,electronics,324.23,56,18156.88,kwara,mike,2021-05-26
3877,desk,furniture,609.95,2,1219.9,abuja,emeka,2020-04-22
3878,desktops,electronics,666.9,72,48016.8,kwara,martins,2021-02-02
3879,scanner,electronics,1977.87,97,191853.39,kano,tolu,2020-01-01
3880,laptop,electronics,1593.33,23,36646.59,osun,dayo,2021-05-24
3881,chair,furniture,1283.8,62,79595.6,katsina,josh,2021-06-17
3882,printer,electronics,1556.36,50,77818.0,ogun,mike,2020-10-15
3883,desk,furniture,1502.89,100,150289.0,abia,moji,2021-03-21
3884,keyboard,electronics,451.07,85,38340.95,kano,moji,2020-05-24
3885,desk,furniture,1621.15,23,37286.45,abuja,abdul,2020-07-06
3886,laptop,electronics,625.16,9,5626.44,lagos,taiwo,2020-06-16
3887,flashdrives,electronics,520.81,28,14582.68,imo,moji,2020-10-15
3888,chair,furniture,1876.57,73,136989.61,imo,moji,2020-04-02
3889,chair,furniture,1728.15,58,100232.7,kano,mike,2020-10-11
3890,flashdrives,electronics,1387.5,13,18037.5,ogun,sola,2021-06-10
3891,monitor,electronics,239.57,71,17009.47,lagos,martins,2020-08-12
3892,desk,furniture,856.05,3,2568.15,abia,sola,2020-01-03
3893,laptop,electronics,30.66,26,797.16,abia,sola,2020-12-10
3894,monitor,electronics,1097.06,25,27426.5,abuja,martins,2020-11-25
3895,laptop,electronics,666.74,23,15335.02,ibadan,abdul,2020-08-28
3896,desktops,electronics,1425.37,46,65567.02,kwara,sola,2021-03-03
3897,flashdrives,electronics,358.41,100,35841.0,osun,emeka,2020-03-04
3898,laptop,electronics,913.18,69,63009.42,abia,mike,2020-06-16
3899,chair,furniture,1517.45,32,48558.4,katsina,sola,2020-07-30
3900,desktops,electronics,1226.64,50,61332.0,ogun,abdul,2020-08-07
3901,chair,furniture,826.87,96,79379.52,abuja,dayo,2020-12-10
3902,mouse,electronics,1768.88,70,123821.6,imo,mike,2020-06-30
3903,desk,furniture,920.65,32,29460.8,kogi,dayo,2020-11-08
3904,mouse,electronics,21.62,10,216.2,katsina,sola,2021-06-01
3905,keyboard,electronics,418.23,29,12128.67,abia,emeka,2020-06-05
3906,mouse,electronics,1352.59,66,89270.94,abia,abdul,2020-12-23
3907,keyboard,electronics,932.95,77,71837.15,abia,moji,2021-05-03
3908,printer,electronics,1422.33,98,139388.34,abia,martins,2021-02-19
3909,chair,furniture,996.16,13,12950.08,ogun,martins,2021-03-08
3910,printer,electronics,1654.53,22,36399.66,lagos,tolu,2021-06-19
3911,mouse,electronics,1715.48,35,60041.8,katsina,moji,2020-05-10
3912,chair,furniture,1221.26,53,64726.78,abuja,Ini,2021-05-30
3913,mouse,electronics,717.64,76,54540.64,kogi,emeka,2020-09-09
3914,desktops,electronics,1391.7,45,62626.5,ogun,Ini,2020-07-01
3915,laptop,electronics,1981.54,94,186264.76,kano,mike,2021-01-20
3916,printer,electronics,1397.94,52,72692.88,kwara,mike,2020-06-23
3917,flashdrives,electronics,1742.36,74,128934.64,abuja,sola,2020-11-27
3918,chair,furniture,424.2,79,33511.8,kwara,emeka,2020-06-15
3919,printer,electronics,665.78,78,51930.84,ibadan,tolu,2021-03-21
3920,laptop,electronics,1532.71,95,145607.45,ibadan,sola,2020-01-24
3921,chair,furniture,550.87,61,33603.07,kano,emeka,2021-02-25
3922,desk,furniture,1188.73,39,46360.47,abuja,Ini,2021-02-09
3923,chair,furniture,62.76,1,62.76,kwara,emeka,2021-04-13
3924,scanner,electronics,1378.28,64,88209.92,ibadan,dayo,2020-12-26
3925,flashdrives,electronics,1704.2,37,63055.4,kogi,taiwo,2020-03-18
3926,desktops,electronics,403.21,78,31450.38,imo,dayo,2020-11-05
3927,mouse,electronics,833.69,32,26678.08,ibadan,Ini,2021-06-15
3928,printer,electronics,428.39,94,40268.66,osun,dayo,2020-04-19
3929,desk,furniture,600.08,75,45006.0,kwara,martins,2020-09-28
3930,scanner,electronics,645.75,78,50368.5,kano,tolu,2021-06-11
3931,desk,furniture,1754.16,42,73674.72,kano,moji,2020-02-02
3932,keyboard,electronics,808.97,59,47729.23,lagos,mike,2021-02-13
3933,scanner,electronics,1114.7,8,8917.6,lagos,dayo,2020-07-02
3934,scanner,electronics,1078.59,33,35593.47,akure,dayo,2020-04-16
3935,monitor,electronics,21.08,70,1475.6,osun,dayo,2020-07-13
3936,laptop,electronics,673.16,40,26926.4,ogun,dayo,2020-08-30
3937,flashdrives,electronics,1198.11,61,73084.71,ibadan,moji,2020-12-21
3938,desk,furniture,1968.81,31,61033.11,lagos,sola,2021-04-02
3939,printer,electronics,1832.09,7,12824.63,lagos,abdul,2020-02-17
3940,printer,electronics,1446.0,98,141708.0,ogun,mike,2020-04-14
3941,flashdrives,electronics,1779.44,100,177944.0,osun,josh,2020-07-27
3942,laptop,electronics,1824.1,46,83908.6,kogi,taiwo,2020-04-09
3943,desktops,electronics,536.9,73,39193.7,katsina,Ini,2020-10-28
3944,desk,furniture,908.67,7,6360.69,kwara,Ini,2020-01-20
3945,mouse,electronics,1071.02,21,22491.42,kogi,tolu,2020-02-05
3946,laptop,electronics,243.74,97,23642.78,katsina,mike,2021-01-16
3947,mouse,electronics,114.26,35,3999.1,ibadan,taiwo,2020-09-15
3948,keyboard,electronics,1210.88,6,7265.28,kogi,Ini,2020-10-07
3949,printer,electronics,1910.29,72,137540.88,kogi,josh,2020-06-17
3950,scanner,electronics,1881.2,49,92178.8,kano,sola,2020-04-29
3951,printer,electronics,1822.12,79,143947.48,osun,mike,2021-05-04
3952,keyboard,electronics,644.54,55,35449.7,imo,sola,2020-07-07
3953,keyboard,electronics,267.27,2,534.54,akure,abdul,2020-08-08
3954,scanner,electronics,890.36,4,3561.44,ibadan,Ini,2020-11-10
3955,chair,furniture,1803.52,39,70337.28,kwara,taiwo,2020-11-29
3956,printer,electronics,1202.63,77,92602.51,kogi,josh,2020-06-23
3957,mouse,electronics,1699.24,30,50977.2,kwara,abdul,2020-11-16
3958,laptop,electronics,988.42,11,10872.62,kano,taiwo,2020-12-07
3959,printer,electronics,451.96,22,9943.12,abia,emeka,2020-02-27
3960,laptop,electronics,1487.22,51,75848.22,kano,tolu,2020-07-08
3961,mouse,electronics,1862.43,9,16761.87,abia,Ini,2020-08-30
3962,keyboard,electronics,1273.95,60,76437.0,enugu,sola,2021-03-11
3963,scanner,electronics,1081.42,70,75699.4,abia,abdul,2020-12-20
3964,desktops,electronics,655.55,87,57032.85,akure,dayo,2020-11-28
3965,keyboard,electronics,378.27,86,32531.22,ibadan,sola,2020-12-20
3966,keyboard,electronics,1431.35,41,58685.35,abuja,mike,2020-04-28
3967,desktops,electronics,668.83,48,32103.84,osun,moji,2021-04-04
3968,mouse,electronics,128.38,7,898.66,kwara,tolu,2020-02-18
3969,printer,electronics,630.86,12,7570.32,ibadan,Ini,2021-04-10
3970,scanner,electronics,553.11,30,16593.3,imo,josh,2020-08-07
3971,printer,electronics,1549.31,39,60423.09,enugu,dayo,2020-10-29
3972,mouse,electronics,1669.87,60,100192.2,abuja,josh,2020-11-03
3973,flashdrives,electronics,929.74,34,31611.16,ibadan,emeka,2020-07-27
3974,laptop,electronics,680.07,63,42844.41,kwara,dayo,2020-02-01
3975,monitor,electronics,406.57,68,27646.76,katsina,mike,2020-03-26
3976,mouse,electronics,1382.99,31,42872.69,ogun,dayo,2020-07-05
3977,desk,furniture,1873.95,66,123680.7,enugu,dayo,2020-06-28
3978,desktops,electronics,155.27,23,3571.21,enugu,dayo,2021-05-01
3979,monitor,electronics,39.09,72,2814.48,kogi,sola,2020-11-19
3980,mouse,electronics,640.65,16,10250.4,enugu,taiwo,2021-02-22
3981,printer,electronics,1666.83,28,46671.24,akure,abdul,2021-05-09
3982,desktops,electronics,119.01,66,7854.66,osun,moji,2020-12-30
3983,desk,furniture,1377.41,25,34435.25,ibadan,taiwo,2021-01-25
3984,chair,furniture,193.49,62,11996.38,enugu,mike,2020-06-15
3985,flashdrives,electronics,1621.96,76,123268.96,abuja,taiwo,2020-08-17
3986,monitor,electronics,1630.99,18,29357.82,osun,emeka,2020-09-20
3987,desk,furniture,1265.63,56,70875.28,ibadan,josh,2020-02-23
3988,flashdrives,electronics,1183.33,75,88749.75,imo,martins,2020-02-07
3989,mouse,electronics,115.48,77,8891.96,kwara,josh,2021-05-06
3990,monitor,electronics,1163.33,69,80269.77,katsina,tolu,2020-12-14
3991,keyboard,electronics,208.5,11,2293.5,kwara,emeka,2021-02-23
3992,desktops,electronics,595.21,37,22022.77,kano,tolu,2020-10-28
3993,desk,furniture,568.33,66,37509.78,imo,dayo,2020-10-31
3994,flashdrives,electronics,1507.14,86,129614.04,osun,Ini,2021-01-14
3995,chair,furniture,357.98,48,17183.04,imo,Ini,2020-12-02
3996,flashdrives,electronics,710.09,67,47576.03,kano,dayo,2020-04-23
3997,flashdrives,electronics,121.66,19,2311.54,abuja,Ini,2021-04-18
3998,desktops,electronics,1226.22,85,104228.7,ogun,moji,2020-05-20
3999,scanner,electronics,1067.06,25,26676.5,ogun,emeka,2021-04-07
4000,mouse,electronics,935.0,43,40205.0,imo,emeka,2020-11-02
4001,scanner,electronics,1852.37,13,24080.81,imo,taiwo,2020-07-30
4002,desk,furniture,1002.75,21,21057.75,kwara,mike,2021-06-19
4003,mouse,electronics,184.34,93,17143.62,katsina,tolu,2020-01-31
4004,monitor,electronics,1065.76,44,46893.44,imo,mike,2020-04-26
4005,mouse,electronics,1164.68,79,92009.72,enugu,dayo,2020-03-22
4006,scanner,electronics,1891.61,44,83230.84,osun,martins,2020-01-24
4007,flashdrives,electronics,1320.25,93,122783.25,osun,tolu,2020-06-19
4008,mouse,electronics,901.68,74,66724.32,lagos,josh,2020-11-19
4009,keyboard,electronics,1129.34,55,62113.7,kogi,emeka,2020-07-31
4010,monitor,electronics,1649.76,48,79188.48,abuja,tolu,2020-11-16
4011,desktops,electronics,1086.15,3,3258.45,imo,Ini,2020-01-13
4012,printer,electronics,406.41,87,35357.67,kogi,martins,2020-05-04
4013,mouse,electronics,1159.83,75,86987.25,abuja,martins,2020-09-11
4014,desktops,electronics,268.79,74,19890.46,enugu,taiwo,2020-05-17
4015,printer,electronics,712.13,32,22788.16,abia,mike,2020-02-13
4016,flashdrives,electronics,136.96,68,9313.28,akure,dayo,2020-04-13
4017,desktops,electronics,1440.01,6,8640.06,ibadan,josh,2020-03-03
4018,keyboard,electronics,612.69,92,56367.48,enugu,abdul,2021-02-14
4019,mouse,electronics,1813.44,90,163209.6,imo,dayo,2021-05-23
4020,monitor,electronics,770.65,52,40073.8,kano,Ini,2020-03-21
4021,monitor,electronics,1386.61,66,91516.26,abia,emeka,2021-02-14
4022,flashdrives,electronics,505.79,46,23266.34,katsina,emeka,2020-03-02
4023,laptop,electronics,1260.73,70,88251.1,akure,mike,2020-04-02
4024,printer,electronics,1273.08,38,48377.04,enugu,tolu,2020-09-09
4025,mouse,electronics,1308.31,50,65415.5,kogi,abdul,2021-05-14
4026,flashdrives,electronics,388.16,45,17467.2,imo,moji,2020-04-13
4027,desk,furniture,594.55,51,30322.05,ogun,emeka,2020-02-13
4028,keyboard,electronics,1679.87,31,52075.97,enugu,Ini,2020-07-05
4029,chair,furniture,75.78,21,1591.38,kwara,emeka,2021-03-07
4030,desk,furniture,831.52,44,36586.88,katsina,taiwo,2020-06-30
4031,desktops,electronics,182.77,33,6031.41,ibadan,moji,2021-02-26
4032,mouse,electronics,89.22,14,1249.08,osun,Ini,2020-11-27
4033,monitor,electronics,682.83,82,55992.06,ibadan,mike,2020-09-28
4034,laptop,electronics,1951.12,16,31217.92,lagos,abdul,2020-01-02
4035,keyboard,electronics,991.02,28,27748.56,lagos,taiwo,2020-05-26
4036,chair,furniture,851.0,55,46805.0,kano,dayo,2020-04-14
4037,scanner,electronics,1274.84,87,110911.08,ibadan,Ini,2020-04-28
4038,desktops,electronics,1514.86,30,45445.8,osun,josh,2020-08-04
4039,laptop,electronics,1159.18,74,85779.32,imo,martins,2021-03-04
4040,chair,furniture,816.22,89,72643.58,imo,tolu,2020-01-04
4041,flashdrives,electronics,363.93,65,23655.45,kwara,taiwo,2021-06-05
4042,chair,furniture,1535.22,41,62944.02,imo,josh,2020-04-24
4043,monitor,electronics,1665.69,99,164903.31,akure,dayo,2021-04-09
4044,keyboard,electronics,1694.8,16,27116.8,enugu,taiwo,2020-07-20
4045,laptop,electronics,1290.77,55,70992.35,imo,dayo,2020-05-02
4046,mouse,electronics,1519.97,35,53198.95,imo,martins,2020-07-26
4047,scanner,electronics,1895.28,76,144041.28,kwara,dayo,2020-03-07
4048,desktops,electronics,996.97,71,70784.87,enugu,Ini,2021-01-02
4049,desktops,electronics,460.44,30,13813.2,katsina,mike,2020-10-17
4050,chair,furniture,910.02,33,30030.66,abuja,abdul,2020-01-09
4051,flashdrives,electronics,44.66,15,669.9,akure,abdul,2021-06-08
4052,desk,furniture,1939.26,24,46542.24,kwara,sola,2021-02-09
4053,keyboard,electronics,710.39,22,15628.58,lagos,taiwo,2020-03-10
4054,keyboard,electronics,1727.47,30,51824.1,abuja,emeka,2020-02-05
4055,printer,electronics,911.42,18,16405.56,lagos,taiwo,2020-10-13
4056,mouse,electronics,58.97,91,5366.27,abia,Ini,2020-10-05
4057,mouse,electronics,1138.75,21,23913.75,ibadan,josh,2020-09-02
4058,desktops,electronics,1293.63,8,10349.04,osun,Ini,2020-11-12
4059,mouse,electronics,1910.41,19,36297.79,kano,taiwo,2021-04-21
4060,laptop,electronics,1183.02,95,112386.9,kwara,Ini,2020-06-03
4061,desk,furniture,1966.27,74,145503.98,kogi,abdul,2020-07-06
4062,keyboard,electronics,758.92,64,48570.88,ibadan,sola,2020-07-08
4063,scanner,electronics,47.7,89,4245.3,ogun,tolu,2020-08-07
4064,keyboard,electronics,850.05,14,11900.7,kwara,emeka,2020-02-22
4065,laptop,electronics,400.99,49,19648.51,kwara,mike,2020-04-11
4066,desk,furniture,445.92,61,27201.12,lagos,sola,2021-02-12
4067,chair,furniture,1395.03,22,30690.66,lagos,sola,2020-02-05
4068,laptop,electronics,1197.22,100,119722.0,imo,abdul,2021-02-04
4069,desk,furniture,1448.45,9,13036.05,osun,josh,2020-07-20
4070,desk,furniture,1917.7,75,143827.5,lagos,martins,2020-12-13
4071,chair,furniture,962.08,41,39445.28,lagos,martins,2020-04-08
4072,chair,furniture,501.92,43,21582.56,imo,emeka,2020-01-13
4073,laptop,electronics,1601.09,28,44830.52,osun,Ini,2020-04-01
4074,monitor,electronics,1510.22,5,7551.1,ogun,Ini,2020-06-24
4075,keyboard,electronics,205.18,27,5539.86,kwara,mike,2020-02-12
4076,desktops,electronics,955.78,10,9557.8,ogun,mike,2021-05-22
4077,keyboard,electronics,387.56,4,1550.24,imo,taiwo,2020-11-19
4078,scanner,electronics,1492.09,15,22381.35,enugu,moji,2020-06-20
4079,desktops,electronics,1619.33,9,14573.97,enugu,martins,2021-04-10
4080,scanner,electronics,626.66,53,33212.98,lagos,sola,2020-08-18
4081,scanner,electronics,600.41,17,10206.97,kano,josh,2020-05-27
4082,mouse,electronics,1302.93,2,2605.86,kano,josh,2020-07-04
4083,monitor,electronics,1824.51,35,63857.85,imo,moji,2020-05-25
4084,laptop,electronics,1175.02,40,47000.8,abia,Ini,2021-04-30
4085,keyboard,electronics,764.14,3,2292.42,katsina,tolu,2020-07-06
4086,desk,furniture,1290.27,46,59352.42,akure,moji,2020-08-18
4087,keyboard,electronics,951.24,11,10463.64,ogun,Ini,2020-11-03
4088,desktops,electronics,67.73,87,5892.51,kano,taiwo,2020-12-19
4089,printer,electronics,1177.01,45,52965.45,abuja,mike,2020-02-07
4090,keyboard,electronics,229.42,74,16977.08,ogun,moji,2020-11-23
4091,desktops,electronics,1171.26,12,14055.12,kano,mike,2021-02-18
4092,scanner,electronics,1470.36,69,101454.84,kogi,taiwo,2021-05-05
4093,desktops,electronics,867.36,66,57245.76,ogun,mike,2020-05-09
4094,monitor,electronics,937.95,8,7503.6,lagos,dayo,2021-06-22
4095,scanner,electronics,637.68,34,21681.12,lagos,dayo,2020-08-24
4096,chair,furniture,1645.31,72,118462.32,abuja,emeka,2020-04-22
4097,flashdrives,electronics,84.41,38,3207.58,osun,emeka,2020-05-13
4098,mouse,electronics,885.62,6,5313.72,lagos,mike,2020-07-25
4099,desk,furniture,1223.7,94,115027.8,ogun,sola,2020-07-21
4100,printer,electronics,1959.7,36,70549.2,kwara,taiwo,2021-06-06
4101,desk,furniture,555.43,6,3332.58,kwara,sola,2020-04-30
4102,monitor,electronics,1156.69,68,78654.92,kogi,josh,2020-10-07
4103,desk,furniture,391.23,92,35993.16,lagos,sola,2020-03-08
4104,keyboard,electronics,414.62,94,38974.28,enugu,tolu,2020-05-31
4105,laptop,electronics,731.37,43,31448.91,lagos,abdul,2020-08-11
4106,laptop,electronics,140.7,3,422.1,kwara,dayo,2021-01-20
4107,monitor,electronics,1590.69,96,152706.24,abia,mike,2021-04-09
4108,monitor,electronics,1195.61,79,94453.19,lagos,martins,2021-06-12
4109,desktops,electronics,1152.04,100,115204.0,osun,moji,2020-05-04
4110,scanner,electronics,255.84,1,255.84,lagos,emeka,2020-04-04
4111,desk,furniture,1144.08,95,108687.6,ogun,sola,2020-08-28
4112,keyboard,electronics,1377.31,26,35810.06,enugu,emeka,2021-04-15
4113,flashdrives,electronics,108.56,2,217.12,kwara,josh,2020-11-03
4114,desktops,electronics,1978.2,11,21760.2,kwara,mike,2021-05-06
4115,scanner,electronics,789.25,6,4735.5,lagos,martins,2021-06-11
4116,scanner,electronics,1374.91,32,43997.12,kogi,moji,2020-04-09
4117,monitor,electronics,1907.12,11,20978.32,abuja,dayo,2020-03-28
4118,printer,electronics,203.08,78,15840.24,kwara,tolu,2021-01-13
4119,scanner,electronics,672.86,19,12784.34,imo,emeka,2020-11-12
4120,keyboard,electronics,1946.1,25,48652.5,ogun,taiwo,2020-01-13
4121,mouse,electronics,738.78,42,31028.76,imo,abdul,2020-10-11
4122,desk,furniture,834.01,58,48372.58,akure,mike,2020-09-13
4123,scanner,electronics,1172.37,91,106685.67,ibadan,mike,2021-03-18
4124,chair,furniture,313.57,7,2194.99,abuja,martins,2020-05-21
4125,scanner,electronics,1764.84,93,164130.12,lagos,sola,2020-04-03
4126,desktops,electronics,321.37,18,5784.66,ogun,abdul,2021-06-09
4127,chair,furniture,1201.0,99,118899.0,ibadan,martins,2020-06-01
4128,desk,furniture,298.66,68,20308.88,akure,dayo,2020-03-12
4129,chair,furniture,538.92,42,22634.64,kano,Ini,2020-08-20
4130,printer,electronics,1281.6,25,32040.0,kogi,taiwo,2020-06-12
4131,monitor,electronics,701.99,59,41417.41,lagos,martins,2020-10-28
4132,mouse,electronics,335.75,13,4364.75,imo,dayo,2020-05-22
4133,desktops,electronics,1408.41,14,19717.74,kwara,moji,2021-03-04
4134,mouse,electronics,1264.12,81,102393.72,akure,josh,2020-01-19
4135,scanner,electronics,1337.81,51,68228.31,abuja,martins,2020-03-03
4136,chair,furniture,1211.2,29,35124.8,lagos,taiwo,2021-03-12
4137,desk,furniture,66.59,11,732.49,kano,dayo,2020-09-05
4138,desktops,electronics,303.78,12,3645.36,lagos,moji,2020-06-28
4139,monitor,electronics,1967.55,17,33448.35,osun,tolu,2021-03-13
4140,mouse,electronics,714.68,17,12149.56,lagos,tolu,2020-09-27
4141,desktops,electronics,1436.35,2,2872.7,enugu,mike,2021-03-21
4142,printer,electronics,464.29,99,45964.71,abia,taiwo,2020-11-15
4143,desk,furniture,1456.3,40,58252.0,ogun,sola,2020-05-27
4144,chair,furniture,849.54,29,24636.66,ogun,taiwo,2021-01-27
4145,laptop,electronics,232.0,12,2784.0,akure,abdul,2020-01-08
4146,printer,electronics,1008.46,96,96812.16,imo,tolu,2020-07-28
4147,scanner,electronics,993.8,20,19876.0,ibadan,abdul,2020-12-24
4148,desktops,electronics,1922.98,11,21152.78,enugu,mike,2020-06-22
4149,keyboard,electronics,1881.6,97,182515.2,abuja,tolu,2020-05-09
4150,chair,furniture,1342.99,24,32231.76,kogi,Ini,2020-01-04
4151,desktops,electronics,796.13,54,42991.02,abia,mike,2020-12-25
4152,desk,furniture,1906.35,17,32407.95,ibadan,moji,2021-03-28
4153,desk,furniture,1707.56,57,97330.92,kwara,taiwo,2020-10-27
4154,chair,furniture,944.82,11,10393.02,ogun,sola,2020-03-02
4155,monitor,electronics,735.98,5,3679.9,kogi,moji,2021-06-06
4156,scanner,electronics,1011.19,62,62693.78,ibadan,sola,2020-05-08
4157,monitor,electronics,640.15,35,22405.25,imo,abdul,2020-11-10
4158,laptop,electronics,628.33,54,33929.82,abia,mike,2020-06-05
4159,mouse,electronics,318.62,44,14019.28,imo,tolu,2021-03-19
4160,scanner,electronics,1217.11,97,118059.67,akure,sola,2020-12-31
4161,scanner,electronics,1158.17,23,26637.91,lagos,mike,2020-10-10
4162,scanner,electronics,1292.78,12,15513.36,imo,moji,2020-04-13
4163,flashdrives,electronics,996.25,26,25902.5,kwara,dayo,2020-03-23
4164,desktops,electronics,310.57,32,9938.24,lagos,tolu,2021-03-15
4165,monitor,electronics,627.31,44,27601.64,ogun,emeka,2020-10-21
4166,desktops,electronics,1751.37,65,113839.05,imo,sola,2020-03-07
4167,desktops,electronics,1043.3,76,79290.8,imo,mike,2020-01-24
4168,desk,furniture,822.2,100,82220.0,lagos,josh,2020-04-10
4169,mouse,electronics,1986.07,24,47665.68,abuja,sola,2021-01-14
4170,scanner,electronics,408.23,96,39190.08,ibadan,moji,2020-07-09
4171,monitor,electronics,1729.12,16,27665.92,abia,mike,2020-02-22
4172,scanner,electronics,1230.38,68,83665.84,kogi,martins,2020-09-02
4173,chair,furniture,301.71,92,27757.32,abia,tolu,2021-06-01
4174,desk,furniture,124.69,8,997.52,katsina,sola,2020-03-04
4175,monitor,electronics,227.97,58,13222.26,kwara,emeka,2020-02-20
4176,mouse,electronics,197.14,36,7097.04,lagos,martins,2020-08-02
4177,scanner,electronics,1839.59,61,112214.99,abuja,abdul,2020-04-19
4178,chair,furniture,1500.13,76,114009.88,enugu,tolu,2021-02-28
4179,laptop,electronics,1565.74,14,21920.36,ogun,mike,2020-06-08
4180,printer,electronics,1373.81,79,108530.99,imo,martins,2021-06-03
4181,scanner,electronics,215.07,83,17850.81,ibadan,tolu,2021-04-22
4182,desktops,electronics,670.74,47,31524.78,lagos,tolu,2020-05-03
4183,mouse,electronics,427.95,57,24393.15,akure,abdul,2020-12-11
4184,desktops,electronics,347.98,16,5567.68,lagos,Ini,2020-06-19
4185,desktops,electronics,1066.4,57,60784.8,kwara,martins,2021-04-27
4186,keyboard,electronics,1563.19,77,120365.63,imo,martins,2020-08-20
4187,chair,furniture,241.66,54,13049.64,abuja,mike,2020-01-29
4188,desktops,electronics,1386.71,15,20800.65,imo,emeka,2021-04-26
4189,keyboard,electronics,276.96,26,7200.96,ogun,emeka,2021-01-28
4190,scanner,electronics,972.62,100,97262.0,abuja,dayo,2020-07-21
4191,chair,furniture,690.92,30,20727.6,lagos,Ini,2021-03-05
4192,desktops,electronics,1729.32,1,1729.32,kano,taiwo,2020-01-16
4193,desktops,electronics,745.35,46,34286.1,enugu,dayo,2020-02-02
4194,laptop,electronics,356.04,33,11749.32,ogun,taiwo,2020-07-17
4195,keyboard,electronics,442.31,51,22557.81,kano,sola,2020-05-04
4196,desk,furniture,1178.46,50,58923.0,osun,tolu,2021-01-26
4197,desktops,electronics,717.77,59,42348.43,ibadan,mike,2021-04-28
4198,laptop,electronics,790.09,57,45035.13,ogun,tolu,2020-12-31
4199,mouse,electronics,885.12,89,78775.68,abuja,abdul,2021-01-08
4200,keyboard,electronics,197.1,8,1576.8,abia,moji,2021-02-20
4201,scanner,electronics,1650.43,50,82521.5,abuja,martins,2021-05-06
4202,laptop,electronics,450.82,47,21188.54,lagos,tolu,2021-06-19
4203,scanner,electronics,1787.72,21,37542.12,ibadan,abdul,2020-04-25
4204,flashdrives,electronics,1085.62,29,31482.98,osun,sola,2020-10-22
4205,desktops,electronics,1713.45,65,111374.25,abuja,abdul,2020-01-25
4206,laptop,electronics,616.83,14,8635.62,abia,mike,2020-03-17
4207,laptop,electronics,646.46,30,19393.8,lagos,sola,2020-04-13
4208,printer,electronics,1824.95,49,89422.55,enugu,josh,2021-02-01
4209,scanner,electronics,820.47,32,26255.04,katsina,tolu,2020-12-03
4210,monitor,electronics,633.52,12,7602.24,abuja,martins,2020-11-29
4211,laptop,electronics,1643.97,98,161109.06,ibadan,Ini,2021-03-06
4212,scanner,electronics,1542.04,20,30840.8,enugu,dayo,2021-03-10
4213,mouse,electronics,653.71,32,20918.72,kwara,josh,2020-11-24
4214,mouse,electronics,290.9,99,28799.1,abuja,Ini,2021-05-19
4215,printer,electronics,1618.22,18,29127.96,katsina,emeka,2021-01-16
4216,flashdrives,electronics,1005.55,13,13072.15,akure,josh,2020-09-22
4217,keyboard,electronics,765.23,82,62748.86,lagos,tolu,2021-04-17
4218,keyboard,electronics,469.62,50,23481.0,lagos,sola,2020-10-29
4219,scanner,electronics,881.56,95,83748.2,akure,taiwo,2021-03-08
4220,chair,furniture,947.76,5,4738.8,akure,moji,2021-03-28
4221,mouse,electronics,74.09,27,2000.43,lagos,dayo,2021-04-19
4222,mouse,electronics,736.07,34,25026.38,imo,tolu,2021-05-07
4223,desktops,electronics,1989.92,97,193022.24,katsina,Ini,2020-03-03
4224,monitor,electronics,213.45,41,8751.45,ibadan,abdul,2020-01-17
4225,keyboard,electronics,1779.56,38,67623.28,abuja,taiwo,2021-05-30
4226,printer,electronics,1417.24,86,121882.64,kano,mike,2020-02-21
4227,keyboard,electronics,1133.99,43,48761.57,ibadan,mike,2021-06-24
4228,desk,furniture,1962.91,58,113848.78,kano,dayo,2021-06-12
4229,scanner,electronics,1994.12,58,115658.96,kogi,mike,2020-09-13
4230,keyboard,electronics,40.37,84,3391.08,kogi,tolu,2020-07-30
4231,keyboard,electronics,966.9,9,8702.1,abia,abdul,2020-12-12
4232,monitor,electronics,1458.73,52,75853.96,enugu,mike,2020-05-21
4233,printer,electronics,1215.41,28,34031.48,kwara,mike,2021-05-31
4234,chair,furniture,1222.62,53,64798.86,ogun,martins,2020-09-26
4235,desktops,electronics,1838.67,67,123190.89,kogi,emeka,2020-08-27
4236,keyboard,electronics,133.92,43,5758.56,imo,josh,2020-08-28
4237,scanner,electronics,31.93,4,127.72,ogun,dayo,2020-05-28
4238,chair,furniture,416.03,54,22465.62,abia,moji,2020-12-01
4239,flashdrives,electronics,1710.43,55,94073.65,ibadan,martins,2020-11-17
4240,monitor,electronics,1369.99,95,130149.05,akure,mike,2021-04-06
4241,laptop,electronics,1478.76,65,96119.4,osun,Ini,2021-05-26
4242,printer,electronics,701.64,21,14734.44,kogi,moji,2020-01-29
4243,monitor,electronics,1665.72,68,113268.96,ibadan,sola,2020-07-04
4244,chair,furniture,435.91,52,22667.32,abia,sola,2021-04-11
4245,monitor,electronics,376.92,91,34299.72,kano,sola,2020-05-30
4246,chair,furniture,224.51,98,22001.98,abuja,Ini,2021-01-14
4247,chair,furniture,863.33,16,13813.28,enugu,moji,2021-03-09
4248,keyboard,electronics,133.27,38,5064.26,kano,emeka,2021-01-15
4249,mouse,electronics,592.12,71,42040.52,kogi,emeka,2020-08-26
4250,laptop,electronics,762.1,14,10669.4,kogi,emeka,2020-01-09
4251,monitor,electronics,1177.34,23,27078.82,kano,martins,2020-07-03
4252,desk,furniture,1989.91,73,145263.43,imo,dayo,2020-01-15
4253,mouse,electronics,1993.83,35,69784.05,kano,tolu,2021-02-11
4254,scanner,electronics,1001.0,10,10010.0,lagos,mike,2020-01-26
4255,mouse,electronics,912.14,98,89389.72,lagos,abdul,2020-03-23
4256,desk,furniture,1849.22,58,107254.76,imo,martins,2020-12-16
4257,laptop,electronics,1883.9,38,71588.2,osun,abdul,2020-08-01
4258,keyboard,electronics,838.27,59,49457.93,kano,taiwo,2020-10-13
4259,desk,furniture,1163.59,15,17453.85,imo,Ini,2020-06-12
4260,flashdrives,electronics,571.7,57,32586.9,kogi,abdul,2020-01-06
4261,desktops,electronics,460.14,73,33590.22,lagos,mike,2020-11-28
4262,scanner,electronics,140.51,45,6322.95,osun,emeka,2020-11-28
4263,mouse,electronics,1403.78,29,40709.62,abia,emeka,2020-08-18
4264,keyboard,electronics,934.79,21,19630.59,imo,Ini,2020-07-03
4265,desktops,electronics,1725.13,21,36227.73,osun,moji,2021-01-31
4266,monitor,electronics,709.16,7,4964.12,ibadan,emeka,2021-03-15
4267,laptop,electronics,268.37,56,15028.72,abia,mike,2021-04-08
4268,desk,furniture,1298.85,22,28574.7,enugu,sola,2020-11-07
4269,printer,electronics,1954.92,76,148573.92,enugu,taiwo,2021-01-17
4270,laptop,electronics,916.23,1,916.23,kwara,dayo,2021-03-21
4271,scanner,electronics,1635.81,54,88333.74,abia,Ini,2021-01-07
4272,desk,furniture,1696.05,3,5088.15,kano,martins,2020-01-11
4273,mouse,electronics,1138.79,22,25053.38,osun,martins,2020-06-18
4274,keyboard,electronics,1547.86,48,74297.28,imo,taiwo,2020-08-31
4275,flashdrives,electronics,84.5,34,2873.0,kwara,emeka,2020-02-05
4276,flashdrives,electronics,465.84,21,9782.64,akure,abdul,2020-09-10
4277,monitor,electronics,363.16,22,7989.52,katsina,josh,2020-03-09
4278,laptop,electronics,324.85,48,15592.8,ogun,josh,2020-12-18
4279,laptop,electronics,244.77,94,23008.38,katsina,josh,2020-10-17
4280,printer,electronics,1596.5,88,140492.0,lagos,abdul,2021-02-18
4281,flashdrives,electronics,1018.5,71,72313.5,imo,dayo,2020-10-18
4282,monitor,electronics,1255.09,97,121743.73,imo,abdul,2020-07-16
4283,keyboard,electronics,603.2,32,19302.4,kogi,sola,2021-03-12
4284,keyboard,electronics,34.34,69,2369.46,lagos,josh,2020-08-24
4285,mouse,electronics,270.12,35,9454.2,imo,taiwo,2020-04-02
4286,keyboard,electronics,1761.81,8,14094.48,enugu,josh,2021-02-06
4287,printer,electronics,1817.19,79,143558.01,osun,emeka,2020-05-17
4288,laptop,electronics,253.45,32,8110.4,enugu,mike,2020-07-21
4289,mouse,electronics,972.62,40,38904.8,osun,josh,2020-10-11
4290,keyboard,electronics,149.82,2,299.64,kogi,sola,2020-10-01
4291,mouse,electronics,1141.39,58,66200.62,akure,emeka,2020-04-10
4292,flashdrives,electronics,282.23,51,14393.73,enugu,moji,2020-08-22
4293,mouse,electronics,973.6,30,29208.0,abia,mike,2020-05-11
4294,desk,furniture,1712.84,36,61662.24,enugu,josh,2020-06-03
4295,desktops,electronics,1266.52,52,65859.04,ibadan,mike,2020-04-15
4296,keyboard,electronics,1408.41,80,112672.8,kogi,moji,2021-04-04
4297,monitor,electronics,72.37,74,5355.38,osun,sola,2020-10-02
4298,printer,electronics,1751.63,35,61307.05,lagos,abdul,2020-06-19
4299,mouse,electronics,144.33,89,12845.37,katsina,josh,2020-12-29
4300,laptop,electronics,649.23,35,22723.05,katsina,sola,2020-04-12
4301,flashdrives,electronics,1286.9,39,50189.1,katsina,tolu,2020-02-20
4302,desktops,electronics,1705.68,63,107457.84,osun,Ini,2020-05-23
4303,scanner,electronics,942.95,17,16030.15,akure,taiwo,2020-05-14
4304,keyboard,electronics,1942.08,65,126235.2,kwara,abdul,2020-09-17
4305,printer,electronics,1406.82,70,98477.4,imo,moji,2020-07-03
4306,laptop,electronics,618.97,70,43327.9,enugu,Ini,2020-02-12
4307,desk,furniture,995.56,49,48782.44,osun,abdul,2020-08-01
4308,monitor,electronics,1519.96,76,115516.96,osun,dayo,2021-03-16
4309,printer,electronics,208.64,80,16691.2,lagos,sola,2020-12-14
4310,chair,furniture,1438.5,86,123711.0,ibadan,mike,2020-10-08
4311,laptop,electronics,1769.17,43,76074.31,ogun,dayo,2021-01-02
4312,desktops,electronics,1070.2,95,101669.0,kwara,sola,2020-11-24
4313,desk,furniture,1426.99,62,88473.38,kano,mike,2020-06-25
4314,laptop,electronics,1484.52,35,51958.2,kogi,Ini,2020-05-08
4315,flashdrives,electronics,1562.26,47,73426.22,ibadan,abdul,2020-11-22
4316,printer,electronics,178.7,75,13402.5,kogi,sola,2020-06-11
4317,keyboard,electronics,383.46,45,17255.7,lagos,moji,2020-07-06
4318,printer,electronics,1464.09,85,124447.65,ogun,mike,2020-06-21
4319,scanner,electronics,905.5,71,64290.5,kogi,abdul,2020-09-14
4320,keyboard,electronics,1299.32,12,15591.84,kano,sola,2020-09-08
4321,scanner,electronics,192.64,73,14062.72,osun,sola,2020-01-12
4322,laptop,electronics,1218.86,84,102384.24,kogi,mike,2020-06-23
4323,chair,furniture,98.72,53,5232.16,kogi,martins,2020-09-25
4324,printer,electronics,1659.5,7,11616.5,osun,josh,2021-03-16
4325,monitor,electronics,386.52,62,23964.24,ibadan,tolu,2020-02-10
4326,laptop,electronics,1440.01,79,113760.79,abuja,martins,2020-03-27
4327,flashdrives,electronics,454.82,48,21831.36,imo,abdul,2020-06-30
4328,keyboard,electronics,337.44,60,20246.4,abuja,moji,2020-08-15
4329,desk,furniture,1707.31,89,151950.59,lagos,mike,2020-01-22
4330,desktops,electronics,304.26,63,19168.38,ogun,martins,2020-11-24
4331,desk,furniture,576.35,15,8645.25,ogun,mike,2020-02-26
4332,chair,furniture,1951.72,17,33179.24,kogi,taiwo,2020-08-11
4333,desktops,electronics,1432.19,46,65880.74,lagos,martins,2020-11-29
4334,monitor,electronics,936.8,26,24356.8,ibadan,mike,2020-04-02
4335,chair,furniture,1655.8,85,140743.0,kano,abdul,2020-04-23
4336,monitor,electronics,1966.42,26,51126.92,imo,mike,2020-04-27
4337,laptop,electronics,1292.97,80,103437.6,ibadan,taiwo,2020-04-05
4338,desk,furniture,613.35,26,15947.1,abia,moji,2021-02-02
4339,printer,electronics,566.52,37,20961.24,abuja,abdul,2021-04-15
4340,keyboard,electronics,938.57,85,79778.45,kogi,dayo,2021-01-05
4341,chair,furniture,1903.02,97,184592.94,lagos,mike,2020-08-01
4342,scanner,electronics,1216.72,24,29201.28,osun,martins,2020-10-11
4343,desk,furniture,1621.53,61,98913.33,akure,josh,2020-04-12
4344,desktops,electronics,1109.95,3,3329.85,abuja,Ini,2020-07-12
4345,keyboard,electronics,613.56,24,14725.44,lagos,sola,2020-10-20
4346,desktops,electronics,454.0,40,18160.0,ibadan,taiwo,2020-03-20
4347,chair,furniture,353.07,35,12357.45,akure,mike,2020-12-09
4348,monitor,electronics,1011.95,50,50597.5,osun,taiwo,2021-04-04
4349,flashdrives,electronics,1526.49,2,3052.98,kano,josh,2020-10-27
4350,desktops,electronics,752.05,29,21809.45,kogi,sola,2021-03-04
4351,desktops,electronics,1144.28,36,41194.08,abia,Ini,2020-06-26
4352,monitor,electronics,1041.12,94,97865.28,abia,taiwo,2020-03-05
4353,laptop,electronics,1958.92,1,1958.92,osun,josh,2020-08-20
4354,desktops,electronics,1751.31,81,141856.11,akure,Ini,2020-10-01
4355,keyboard,electronics,200.91,93,18684.63,ibadan,abdul,2020-11-24
4356,flashdrives,electronics,1214.74,5,6073.7,osun,abdul,2021-05-03
4357,desktops,electronics,173.75,87,15116.25,kogi,martins,2020-11-08
4358,chair,furniture,1695.93,82,139066.26,kogi,moji,2020-10-27
4359,monitor,electronics,922.11,67,61781.37,ibadan,taiwo,2020-08-05
4360,chair,furniture,121.43,94,11414.42,kogi,moji,2021-04-07
4361,printer,electronics,1759.37,33,58059.21,kogi,Ini,2020-05-14
4362,desk,furniture,1514.94,52,78776.88,kwara,moji,2021-01-11
4363,scanner,electronics,1766.89,12,21202.68,kwara,josh,2021-06-13
4364,flashdrives,electronics,1151.08,8,9208.64,kano,Ini,2021-05-01
4365,keyboard,electronics,1162.19,15,17432.85,lagos,dayo,2020-11-11
4366,printer,electronics,101.2,59,5970.8,ogun,dayo,2021-01-29
4367,laptop,electronics,594.31,31,18423.61,akure,mike,2021-03-14
4368,laptop,electronics,688.17,5,3440.85,katsina,abdul,2021-03-30
4369,scanner,electronics,1831.4,76,139186.4,kwara,abdul,2020-08-04
4370,laptop,electronics,804.79,83,66797.57,enugu,tolu,2020-08-04
4371,laptop,electronics,1638.5,61,99948.5,abia,moji,2020-05-18
4372,keyboard,electronics,1475.09,54,79654.86,kogi,Ini,2020-10-14
4373,mouse,electronics,1236.33,99,122396.67,kwara,Ini,2021-06-04
4374,desktops,electronics,873.2,28,24449.6,kwara,josh,2020-02-17
4375,desk,furniture,952.04,27,25705.08,osun,mike,2020-07-28
4376,scanner,electronics,1365.88,22,30049.36,abia,dayo,2021-05-30
4377,chair,furniture,1975.07,4,7900.28,abia,josh,2020-11-26
4378,laptop,electronics,1690.81,82,138646.42,ibadan,emeka,2020-05-21
4379,keyboard,electronics,1660.3,89,147766.7,enugu,martins,2020-09-25
4380,desktops,electronics,856.72,90,77104.8,imo,moji,2021-02-15
4381,chair,furniture,78.88,51,4022.88,katsina,sola,2020-03-03
4382,mouse,electronics,816.39,21,17144.19,osun,tolu,2020-01-16
4383,chair,furniture,399.48,75,29961.0,osun,sola,2021-06-05
4384,flashdrives,electronics,178.58,73,13036.34,kwara,sola,2021-05-17
4385,mouse,electronics,1132.47,54,61153.38,abia,josh,2020-07-27
4386,monitor,electronics,938.03,59,55343.77,abia,martins,2021-03-09
4387,scanner,electronics,1229.28,22,27044.16,kogi,emeka,2020-10-25
4388,keyboard,electronics,79.81,92,7342.52,abia,emeka,2020-08-28
4389,mouse,electronics,1355.65,31,42025.15,akure,taiwo,2020-01-20
4390,mouse,electronics,578.91,100,57891.0,osun,emeka,2021-03-04
4391,chair,furniture,73.03,49,3578.47,osun,sola,2020-03-06
4392,flashdrives,electronics,693.16,69,47828.04,enugu,abdul,2020-01-03
4393,printer,electronics,531.76,78,41477.28,kwara,sola,2020-10-05
4394,monitor,electronics,1131.59,66,74684.94,abia,taiwo,2020-09-08
4395,laptop,electronics,1400.8,89,124671.2,ogun,moji,2021-04-22
4396,desktops,electronics,241.06,61,14704.66,kwara,martins,2021-01-30
4397,desk,furniture,1908.62,35,66801.7,ogun,abdul,2020-04-26
4398,printer,electronics,1768.4,68,120251.2,osun,martins,2020-04-15
4399,desk,furniture,1307.97,33,43163.01,imo,emeka,2020-05-25
4400,desktops,electronics,204.44,1,204.44,katsina,Ini,2020-02-17
4401,mouse,electronics,962.39,77,74104.03,kano,mike,2020-11-01
4402,laptop,electronics,903.61,7,6325.27,katsina,martins,2021-06-09
4403,desktops,electronics,82.26,82,6745.32,abuja,Ini,2020-06-12
4404,desk,furniture,317.44,22,6983.68,osun,mike,2020-06-27
4405,scanner,electronics,1669.19,68,113504.92,akure,martins,2020-01-20
4406,chair,furniture,311.66,65,20257.9,ogun,emeka,2020-12-13
4407,flashdrives,electronics,384.02,83,31873.66,enugu,tolu,2020-10-09
4408,mouse,electronics,169.02,70,11831.4,lagos,mike,2020-04-25
4409,flashdrives,electronics,1771.43,50,88571.5,abuja,sola,2021-04-28
4410,desk,furniture,795.99,2,1591.98,kwara,martins,2020-05-16
4411,laptop,electronics,495.41,16,7926.56,enugu,martins,2020-06-28
4412,desk,furniture,405.34,34,13781.56,ibadan,taiwo,2020-08-11
4413,printer,electronics,1610.08,49,78893.92,ogun,tolu,2020-07-07
4414,scanner,electronics,681.34,67,45649.78,ogun,Ini,2020-01-07
4415,mouse,electronics,373.71,95,35502.45,abia,taiwo,2020-05-26
4416,scanner,electronics,341.37,48,16385.76,katsina,mike,2020-01-20
4417,flashdrives,electronics,198.25,20,3965.0,katsina,Ini,2021-01-07
4418,monitor,electronics,37.73,71,2678.83,ibadan,emeka,2021-04-07
4419,desk,furniture,1649.38,91,150093.58,lagos,abdul,2021-01-20
4420,chair,furniture,21.52,97,2087.44,ibadan,abdul,2021-01-19
4421,printer,electronics,283.26,98,27759.48,abia,taiwo,2020-02-13
4422,printer,electronics,722.62,90,65035.8,imo,mike,2020-09-18
4423,desktops,electronics,1512.72,90,136144.8,kwara,Ini,2021-01-11
4424,scanner,electronics,1365.75,32,43704.0,kogi,taiwo,2021-06-06
4425,desktops,electronics,310.8,46,14296.8,abia,emeka,2021-04-07
4426,chair,furniture,512.56,48,24602.88,ibadan,mike,2021-02-24
4427,keyboard,electronics,1998.14,17,33968.38,katsina,mike,2020-02-09
4428,desk,furniture,818.4,60,49104.0,osun,emeka,2021-02-21
4429,scanner,electronics,1178.91,17,20041.47,akure,emeka,2020-11-13
4430,flashdrives,electronics,1636.86,86,140769.96,kano,sola,2020-02-21
4431,scanner,electronics,388.27,68,26402.36,kogi,sola,2020-06-18
4432,desk,furniture,1136.08,17,19313.36,lagos,mike,2021-03-02
4433,desk,furniture,163.89,59,9669.51,osun,emeka,2021-02-21
4434,keyboard,electronics,394.5,45,17752.5,kogi,emeka,2020-06-07
4435,flashdrives,electronics,1831.33,78,142843.74,imo,dayo,2020-09-10
4436,monitor,electronics,654.82,71,46492.22,abia,Ini,2021-02-13
4437,desktops,electronics,1039.24,91,94570.84,enugu,Ini,2020-07-10
4438,printer,electronics,1834.4,56,102726.4,lagos,taiwo,2020-05-04
4439,monitor,electronics,524.52,23,12063.96,lagos,dayo,2020-09-14
4440,flashdrives,electronics,1629.93,13,21189.09,akure,abdul,2021-06-24
4441,monitor,electronics,1952.58,77,150348.66,abuja,sola,2020-05-09
4442,desk,furniture,39.49,1,39.49,abuja,taiwo,2020-10-31
4443,laptop,electronics,1311.7,85,111494.5,abia,Ini,2021-02-12
4444,keyboard,electronics,1683.35,93,156551.55,abia,moji,2020-11-08
4445,monitor,electronics,1708.76,37,63224.12,abia,emeka,2020-03-13
4446,monitor,electronics,615.03,3,1845.09,katsina,dayo,2021-05-22
4447,printer,electronics,321.57,82,26368.74,kwara,Ini,2020-05-15
4448,laptop,electronics,1191.04,70,83372.8,kogi,tolu,2020-12-01
4449,desk,furniture,608.3,96,58396.8,imo,tolu,2020-05-18
4450,scanner,electronics,1819.01,43,78217.43,osun,tolu,2020-06-03
4451,laptop,electronics,1046.81,30,31404.3,akure,abdul,2020-02-01
4452,flashdrives,electronics,1866.33,55,102648.15,kogi,emeka,2020-04-14
4453,flashdrives,electronics,1887.69,72,135913.68,osun,mike,2020-05-08
4454,flashdrives,electronics,1881.53,100,188153.0,kwara,martins,2021-01-13
4455,desk,furniture,1077.22,1,1077.22,abuja,Ini,2021-01-08
4456,monitor,electronics,1263.34,1,1263.34,enugu,emeka,2021-02-22
4457,desk,furniture,219.0,68,14892.0,kogi,emeka,2020-12-07
4458,chair,furniture,322.81,98,31635.38,ogun,tolu,2020-10-24
4459,laptop,electronics,633.05,40,25322.0,enugu,taiwo,2020-05-03
4460,keyboard,electronics,649.62,10,6496.2,ogun,abdul,2021-05-08
4461,flashdrives,electronics,645.18,52,33549.36,abuja,martins,2020-02-23
4462,chair,furniture,990.58,26,25755.08,ogun,sola,2020-03-16
4463,chair,furniture,1981.35,45,89160.75,lagos,abdul,2021-03-05
4464,mouse,electronics,1519.99,98,148959.02,ogun,sola,2020-02-16
4465,keyboard,electronics,1396.12,80,111689.6,abia,emeka,2020-03-13
4466,flashdrives,electronics,412.59,62,25580.58,katsina,abdul,2021-04-15
4467,laptop,electronics,395.96,94,37220.24,kano,taiwo,2020-11-13
4468,scanner,electronics,1696.32,37,62763.84,kwara,emeka,2020-01-01
4469,scanner,electronics,996.9,4,3987.6,enugu,dayo,2021-03-01
4470,keyboard,electronics,1553.44,41,63691.04,abuja,martins,2021-04-26
4471,desk,furniture,656.28,100,65628.0,imo,emeka,2020-03-14
4472,chair,furniture,1267.15,89,112776.35,kwara,josh,2020-04-01
4473,chair,furniture,1396.25,85,118681.25,kano,dayo,2020-12-21
4474,mouse,electronics,550.61,50,27530.5,katsina,taiwo,2020-02-07
4475,flashdrives,electronics,1631.61,72,117475.92,imo,josh,2021-06-05
4476,laptop,electronics,701.74,70,49121.8,abia,moji,2020-04-07
4477,printer,electronics,1792.49,58,103964.42,ibadan,taiwo,2021-02-05
4478,printer,electronics,512.78,86,44099.08,abuja,mike,2020-02-18
4479,chair,furniture,1646.09,1,1646.09,lagos,taiwo,2020-01-12
4480,flashdrives,electronics,506.74,2,1013.48,abia,taiwo,2020-11-22
4481,scanner,electronics,252.11,36,9075.96,lagos,abdul,2020-06-02
4482,keyboard,electronics,181.24,70,12686.8,lagos,tolu,2020-08-02
4483,flashdrives,electronics,777.59,99,76981.41,kano,martins,2020-09-01
4484,desktops,electronics,756.06,70,52924.2,kwara,mike,2020-10-12
4485,laptop,electronics,1326.94,69,91558.86,kwara,martins,2020-06-04
4486,desk,furniture,656.96,78,51242.88,abia,josh,2020-04-02
4487,desk,furniture,579.32,56,32441.92,abia,emeka,2020-07-30
4488,monitor,electronics,1450.3,44,63813.2,abia,mike,2020-05-15
4489,monitor,electronics,129.88,25,3247.0,osun,Ini,2020-11-03
4490,scanner,electronics,1703.01,65,110695.65,kwara,martins,2021-03-18
4491,chair,furniture,104.29,93,9698.97,osun,dayo,2021-05-09
4492,laptop,electronics,1201.23,6,7207.38,ogun,moji,2020-04-04
4493,desktops,electronics,1681.41,89,149645.49,ogun,taiwo,2020-08-15
4494,mouse,electronics,201.91,88,17768.08,kano,mike,2021-01-22
4495,mouse,electronics,210.57,69,14529.33,ibadan,dayo,2020-12-12
4496,desktops,electronics,113.15,21,2376.15,imo,mike,2020-09-03
4497,keyboard,electronics,1323.12,15,19846.8,osun,tolu,2021-02-16
4498,laptop,electronics,604.63,59,35673.17,imo,tolu,2020-06-11
4499,keyboard,electronics,55.82,29,1618.78,osun,Ini,2020-01-08
4500,chair,furniture,965.27,35,33784.45,akure,taiwo,2020-10-30
4501,chair,furniture,1458.29,8,11666.32,kwara,tolu,2020-05-20
4502,monitor,electronics,178.26,97,17291.22,abuja,taiwo,2021-02-03
4503,mouse,electronics,1649.29,74,122047.46,akure,abdul,2020-10-05
4504,desk,furniture,1755.27,63,110582.01,imo,mike,2021-02-21
4505,keyboard,electronics,1748.1,24,41954.4,katsina,josh,2021-01-19
4506,laptop,electronics,739.34,2,1478.68,kano,mike,2020-03-16
4507,desktops,electronics,616.39,17,10478.63,akure,Ini,2021-04-04
4508,laptop,electronics,447.84,50,22392.0,kwara,mike,2020-02-19
4509,printer,electronics,1857.69,7,13003.83,kogi,abdul,2020-02-12
4510,desk,furniture,803.7,56,45007.2,lagos,josh,2020-02-15
4511,keyboard,electronics,1467.25,83,121781.75,abuja,tolu,2021-03-15
4512,scanner,electronics,1678.09,80,134247.2,kwara,emeka,2020-05-03
4513,laptop,electronics,1721.97,76,130869.72,lagos,emeka,2020-05-01
4514,keyboard,electronics,136.23,95,12941.85,katsina,tolu,2020-01-30
4515,keyboard,electronics,742.38,3,2227.14,osun,taiwo,2020-12-13
4516,keyboard,electronics,1383.35,99,136951.65,enugu,josh,2021-04-23
4517,flashdrives,electronics,746.0,15,11190.0,osun,tolu,2020-07-10
4518,desk,furniture,102.49,80,8199.2,abia,dayo,2021-03-16
4519,laptop,electronics,283.43,60,17005.8,akure,Ini,2020-10-29
4520,printer,electronics,530.42,35,18564.7,ogun,emeka,2020-05-20
4521,laptop,electronics,651.67,96,62560.32,kwara,emeka,2020-10-15
4522,scanner,electronics,1852.94,29,53735.26,kwara,moji,2020-05-07
4523,desktops,electronics,52.25,72,3762.0,abuja,dayo,2021-02-02
4524,printer,electronics,1265.92,68,86082.56,katsina,taiwo,2020-10-16
4525,printer,electronics,808.31,52,42032.12,kano,sola,2021-01-14
4526,keyboard,electronics,264.23,79,20874.17,enugu,martins,2020-11-18
4527,desk,furniture,772.17,31,23937.27,imo,mike,2020-04-15
4528,desk,furniture,1683.91,40,67356.4,kwara,mike,2020-02-01
4529,chair,furniture,40.76,58,2364.08,ogun,sola,2021-03-07
4530,desk,furniture,51.75,26,1345.5,akure,moji,2021-01-09
4531,desktops,electronics,743.03,10,7430.3,akure,abdul,2020-01-05
4532,mouse,electronics,893.61,87,77744.07,abia,tolu,2020-04-02
4533,desk,furniture,1004.16,13,13054.08,akure,mike,2020-02-25
4534,printer,electronics,1062.59,74,78631.66,lagos,josh,2020-05-12
4535,keyboard,electronics,526.21,10,5262.1,katsina,abdul,2020-11-30
4536,scanner,electronics,895.83,34,30458.22,lagos,mike,2020-09-27
4537,printer,electronics,443.31,88,39011.28,imo,josh,2021-04-23
4538,flashdrives,electronics,127.74,93,11879.82,enugu,moji,2020-03-22
4539,desktops,electronics,1281.71,69,88437.99,kogi,mike,2020-11-03
4540,desk,furniture,1169.86,55,64342.3,akure,mike,2020-05-06
4541,desktops,electronics,485.4,42,20386.8,abia,emeka,2021-05-21
4542,scanner,electronics,1261.86,72,90853.92,enugu,mike,2020-01-08
4543,printer,electronics,1379.6,7,9657.2,imo,sola,2020-09-05
4544,chair,furniture,1698.18,94,159628.92,abuja,dayo,2020-09-28
4545,monitor,electronics,1713.97,83,142259.51,abuja,emeka,2020-07-09
4546,keyboard,electronics,70.56,47,3316.32,kogi,Ini,2020-09-04
4547,monitor,electronics,395.51,19,7514.69,abia,emeka,2021-05-05
4548,monitor,electronics,1576.55,18,28377.9,katsina,emeka,2021-02-18
4549,scanner,electronics,532.97,24,12791.28,kwara,sola,2020-11-25
4550,monitor,electronics,1530.91,51,78076.41,imo,Ini,2021-01-20
4551,flashdrives,electronics,1721.74,84,144626.16,kano,taiwo,2020-06-18
4552,chair,furniture,957.33,31,29677.23,osun,sola,2020-08-17
4553,desktops,electronics,1737.58,84,145956.72,kano,martins,2020-05-19
4554,monitor,electronics,1378.3,3,4134.9,osun,moji,2020-09-14
4555,laptop,electronics,149.21,79,11787.59,katsina,abdul,2020-06-28
4556,desktops,electronics,572.22,18,10299.96,katsina,taiwo,2021-05-21
4557,mouse,electronics,1217.21,68,82770.28,kano,emeka,2020-01-10
4558,chair,furniture,676.17,42,28399.14,abuja,josh,2020-10-02
4559,printer,electronics,271.14,50,13557.0,lagos,Ini,2020-11-27
4560,desk,furniture,1145.42,78,89342.76,osun,moji,2020-07-25
4561,desktops,electronics,1919.61,16,30713.76,lagos,martins,2021-02-06
4562,scanner,electronics,1969.67,28,55150.76,ogun,sola,2020-07-07
4563,desk,furniture,1985.93,93,184691.49,imo,sola,2020-05-11
4564,chair,furniture,909.81,60,54588.6,katsina,abdul,2020-03-18
4565,desk,furniture,1775.67,65,115418.55,abia,martins,2021-02-11
4566,desk,furniture,1858.59,94,174707.46,enugu,martins,2021-03-29
4567,laptop,electronics,430.52,47,20234.44,lagos,abdul,2021-01-22
4568,laptop,electronics,683.42,41,28020.22,kano,emeka,2021-05-30
4569,scanner,electronics,287.84,37,10650.08,abuja,martins,2021-04-29
4570,scanner,electronics,1461.29,17,24841.93,enugu,taiwo,2020-01-19
4571,desk,furniture,957.02,98,93787.96,akure,dayo,2020-06-20
4572,desk,furniture,917.82,18,16520.76,akure,emeka,2020-01-03
4573,desk,furniture,1664.2,2,3328.4,lagos,abdul,2021-02-18
4574,monitor,electronics,1613.6,85,137156.0,akure,tolu,2021-02-17
4575,scanner,electronics,1892.81,94,177924.14,abuja,taiwo,2021-04-03
4576,scanner,electronics,643.82,63,40560.66,ogun,emeka,2020-08-01
4577,mouse,electronics,1054.98,28,29539.44,osun,emeka,2021-05-11
4578,flashdrives,electronics,1680.51,91,152926.41,ibadan,emeka,2020-03-20
4579,scanner,electronics,1205.51,91,109701.41,kwara,mike,2020-02-05
4580,flashdrives,electronics,1485.38,41,60900.58,akure,martins,2020-10-15
4581,flashdrives,electronics,1410.36,85,119880.6,katsina,sola,2021-03-02
4582,desk,furniture,607.27,17,10323.59,kano,abdul,2020-09-20
4583,desk,furniture,220.83,13,2870.79,kano,dayo,2020-03-17
4584,mouse,electronics,672.5,37,24882.5,kwara,josh,2020-08-21
4585,scanner,electronics,52.24,90,4701.6,abuja,sola,2021-04-06
4586,desk,furniture,1487.8,21,31243.8,kano,abdul,2020-11-07
4587,chair,furniture,614.34,82,50375.88,kano,josh,2021-02-11
4588,chair,furniture,1498.12,90,134830.8,enugu,moji,2021-06-09
4589,desktops,electronics,1062.18,17,18057.06,katsina,Ini,2021-06-22
4590,desktops,electronics,1304.88,8,10439.04,akure,tolu,2020-10-24
4591,mouse,electronics,788.11,7,5516.77,kogi,moji,2020-07-23
4592,scanner,electronics,1159.56,48,55658.88,kogi,taiwo,2021-04-23
4593,flashdrives,electronics,1206.93,35,42242.55,kogi,martins,2020-11-28
4594,desktops,electronics,868.2,57,49487.4,osun,taiwo,2021-01-31
4595,monitor,electronics,1769.52,70,123866.4,katsina,martins,2021-03-31
4596,keyboard,electronics,418.63,16,6698.08,lagos,dayo,2020-03-01
4597,flashdrives,electronics,1762.51,54,95175.54,abuja,mike,2021-02-14
4598,keyboard,electronics,34.67,54,1872.18,akure,josh,2020-11-22
4599,chair,furniture,1375.08,53,72879.24,ibadan,josh,2021-05-26
4600,desktops,electronics,1895.1,42,79594.2,akure,josh,2021-05-20
4601,printer,electronics,217.75,23,5008.25,ibadan,Ini,2021-03-17
4602,scanner,electronics,31.33,7,219.31,kogi,dayo,2021-04-02
4603,printer,electronics,1051.62,54,56787.48,imo,dayo,2020-05-15
4604,scanner,electronics,1372.92,46,63154.32,abuja,mike,2021-01-26
4605,printer,electronics,525.6,14,7358.4,kano,sola,2020-09-19
4606,scanner,electronics,534.82,99,52947.18,kwara,emeka,2021-04-28
4607,scanner,electronics,29.78,26,774.28,katsina,dayo,2021-02-20
4608,desktops,electronics,1996.26,3,5988.78,kwara,abdul,2020-11-21
4609,chair,furniture,1737.18,94,163294.92,abuja,Ini,2020-01-21
4610,monitor,electronics,828.25,6,4969.5,osun,taiwo,2020-10-01
4611,keyboard,electronics,1834.29,66,121063.14,ogun,mike,2020-03-03
4612,keyboard,electronics,109.54,89,9749.06,akure,martins,2020-08-16
4613,laptop,electronics,1966.58,100,196658.0,ibadan,moji,2020-08-05
4614,scanner,electronics,1342.59,2,2685.18,osun,mike,2020-03-08
4615,flashdrives,electronics,961.75,63,60590.25,osun,Ini,2020-05-18
4616,scanner,electronics,686.54,20,13730.8,kwara,taiwo,2020-04-22
4617,monitor,electronics,737.91,79,58294.89,ibadan,dayo,2020-01-14
4618,scanner,electronics,649.19,6,3895.14,enugu,abdul,2020-12-28
4619,desk,furniture,1508.55,63,95038.65,ibadan,dayo,2020-01-15
4620,flashdrives,electronics,657.3,82,53898.6,ogun,abdul,2020-09-14
4621,laptop,electronics,1778.78,75,133408.5,ogun,dayo,2020-02-16
4622,keyboard,electronics,1322.56,56,74063.36,lagos,sola,2020-09-13
4623,scanner,electronics,311.33,6,1867.98,imo,abdul,2020-04-02
4624,printer,electronics,1824.47,77,140484.19,imo,sola,2020-12-06
4625,desktops,electronics,575.13,3,1725.39,enugu,abdul,2020-11-15
4626,keyboard,electronics,100.92,13,1311.96,osun,Ini,2021-04-15
4627,chair,furniture,585.69,56,32798.64,enugu,josh,2021-01-09
4628,mouse,electronics,1319.49,9,11875.41,kwara,mike,2020-09-30
4629,desktops,electronics,1448.84,26,37669.84,lagos,dayo,2021-06-18
4630,keyboard,electronics,1681.42,41,68938.22,imo,tolu,2021-06-16
4631,desk,furniture,1398.74,36,50354.64,abuja,emeka,2021-03-06
4632,keyboard,electronics,504.49,99,49944.51,katsina,sola,2021-03-15
4633,laptop,electronics,1478.92,47,69509.24,abia,dayo,2021-01-20
4634,flashdrives,electronics,1518.35,22,33403.7,enugu,mike,2021-05-07
4635,scanner,electronics,1857.62,27,50155.74,abuja,Ini,2020-07-16
4636,laptop,electronics,780.22,24,18725.28,osun,abdul,2020-03-29
4637,printer,electronics,202.7,68,13783.6,imo,moji,2021-04-24
4638,desktops,electronics,1011.29,38,38429.02,imo,sola,2021-01-25
4639,printer,electronics,1646.97,73,120228.81,ibadan,mike,2020-01-24
4640,desk,furniture,1857.15,31,57571.65,kano,Ini,2020-05-27
4641,monitor,electronics,1314.45,16,21031.2,enugu,emeka,2021-05-29
4642,flashdrives,electronics,73.41,20,1468.2,kano,abdul,2021-04-27
4643,flashdrives,electronics,132.1,91,12021.1,imo,mike,2020-11-19
4644,scanner,electronics,1748.38,92,160850.96,kwara,tolu,2021-04-03
4645,laptop,electronics,1348.78,71,95763.38,ibadan,Ini,2021-04-02
4646,flashdrives,electronics,659.46,34,22421.64,abuja,tolu,2021-03-31
4647,desk,furniture,1002.87,41,41117.67,katsina,emeka,2021-06-21
4648,mouse,electronics,1977.89,70,138452.3,kwara,emeka,2020-02-10
4649,chair,furniture,1502.91,60,90174.6,kwara,moji,2020-12-27
4650,flashdrives,electronics,148.31,64,9491.84,osun,martins,2020-11-05
4651,printer,electronics,1029.66,78,80313.48,imo,tolu,2021-02-03
4652,keyboard,electronics,821.87,71,58352.77,katsina,dayo,2020-09-26
4653,desktops,electronics,1033.22,53,54760.66,katsina,dayo,2020-01-24
4654,keyboard,electronics,1919.78,88,168940.64,enugu,mike,2020-03-22
4655,keyboard,electronics,490.83,52,25523.16,ogun,moji,2020-07-03
4656,mouse,electronics,1872.6,86,161043.6,osun,martins,2020-12-07
4657,mouse,electronics,1103.42,70,77239.4,abuja,sola,2021-06-19
4658,desk,furniture,1697.72,98,166376.56,abuja,dayo,2020-05-17
4659,laptop,electronics,1304.73,63,82197.99,lagos,mike,2021-02-01
4660,flashdrives,electronics,92.56,16,1480.96,lagos,Ini,2020-05-15
4661,monitor,electronics,972.47,19,18476.93,osun,dayo,2020-05-27
4662,desk,furniture,1115.49,30,33464.7,katsina,taiwo,2021-06-07
4663,desk,furniture,1329.48,78,103699.44,enugu,martins,2020-09-05
4664,printer,electronics,107.59,63,6778.17,akure,Ini,2021-06-07
4665,flashdrives,electronics,839.26,67,56230.42,imo,abdul,2020-07-14
4666,printer,electronics,721.54,58,41849.32,lagos,Ini,2021-03-28
4667,monitor,electronics,1484.68,99,146983.32,kano,tolu,2020-08-11
4668,mouse,electronics,659.35,44,29011.4,ogun,martins,2020-11-21
4669,chair,furniture,1358.72,5,6793.6,akure,sola,2020-04-05
4670,desktops,electronics,967.31,78,75450.18,ogun,abdul,2021-06-12
4671,scanner,electronics,1427.6,36,51393.6,ibadan,martins,2020-11-14
4672,printer,electronics,1964.07,69,135520.83,katsina,moji,2020-03-19
4673,scanner,electronics,146.5,62,9083.0,lagos,tolu,2020-04-14
4674,keyboard,electronics,1873.69,83,155516.27,imo,josh,2020-02-20
4675,monitor,electronics,813.18,57,46351.26,abuja,josh,2021-02-06
4676,desktops,electronics,1211.45,96,116299.2,lagos,emeka,2021-03-24
4677,chair,furniture,1243.46,69,85798.74,lagos,sola,2020-08-25
4678,scanner,electronics,1612.51,81,130613.31,ibadan,josh,2021-03-12
4679,desktops,electronics,598.01,53,31694.53,enugu,emeka,2020-10-27
4680,laptop,electronics,1831.66,30,54949.8,imo,mike,2021-03-13
4681,scanner,electronics,1632.52,9,14692.68,kogi,abdul,2020-05-17
4682,flashdrives,electronics,652.21,28,18261.88,imo,Ini,2021-06-02
4683,monitor,electronics,1739.84,46,80032.64,osun,Ini,2021-01-09
4684,chair,furniture,1418.71,21,29792.91,osun,tolu,2020-05-30
4685,chair,furniture,482.37,66,31836.42,kogi,dayo,2020-08-01
4686,laptop,electronics,290.68,12,3488.16,akure,dayo,2021-01-12
4687,scanner,electronics,1292.22,30,38766.6,katsina,sola,2020-11-03
4688,mouse,electronics,764.31,95,72609.45,akure,moji,2020-12-21
4689,scanner,electronics,1084.34,75,81325.5,kogi,mike,2020-01-25
4690,chair,furniture,1822.56,39,71079.84,ibadan,mike,2021-04-27
4691,scanner,electronics,789.78,94,74239.32,abuja,josh,2020-12-31
4692,desktops,electronics,581.2,11,6393.2,ogun,Ini,2020-10-01
4693,flashdrives,electronics,247.51,9,2227.59,enugu,martins,2020-12-10
4694,laptop,electronics,1897.64,22,41748.08,abuja,dayo,2020-04-06
4695,desk,furniture,1137.8,10,11378.0,ogun,taiwo,2020-04-11
4696,monitor,electronics,1579.72,39,61609.08,ibadan,tolu,2021-05-06
4697,desk,furniture,1404.12,8,11232.96,abia,emeka,2020-09-18
4698,desktops,electronics,422.72,63,26631.36,imo,Ini,2020-10-21
4699,laptop,electronics,1477.17,17,25111.89,osun,sola,2021-02-18
4700,scanner,electronics,1335.59,31,41403.29,katsina,martins,2020-06-04
4701,desk,furniture,1924.25,82,157788.5,akure,martins,2021-01-28
4702,keyboard,electronics,250.82,25,6270.5,kogi,mike,2021-04-08
4703,chair,furniture,263.77,96,25321.92,kogi,mike,2021-02-27
4704,desk,furniture,1906.04,1,1906.04,kano,josh,2021-02-07
4705,monitor,electronics,570.21,5,2851.05,kano,sola,2020-05-16
4706,monitor,electronics,551.96,76,41948.96,kwara,martins,2020-03-15
4707,monitor,electronics,1455.89,55,80073.95,kwara,abdul,2021-03-07
4708,chair,furniture,729.01,95,69255.95,lagos,moji,2021-04-30
4709,chair,furniture,1236.25,42,51922.5,kano,tolu,2020-11-07
4710,scanner,electronics,1632.22,16,26115.52,ibadan,taiwo,2020-01-28
4711,flashdrives,electronics,345.13,32,11044.16,imo,josh,2020-03-05
4712,chair,furniture,622.01,51,31722.51,akure,mike,2020-11-10
4713,keyboard,electronics,1739.74,49,85247.26,lagos,moji,2021-01-27
4714,monitor,electronics,989.44,17,16820.48,kogi,abdul,2020-03-09
4715,flashdrives,electronics,1177.42,97,114209.74,akure,tolu,2021-01-25
4716,flashdrives,electronics,1274.74,46,58638.04,osun,sola,2020-07-06
4717,chair,furniture,1376.91,49,67468.59,ibadan,moji,2020-11-01
4718,flashdrives,electronics,109.06,28,3053.68,imo,dayo,2020-11-27
4719,laptop,electronics,1946.15,96,186830.4,imo,josh,2020-12-17
4720,mouse,electronics,1462.64,27,39491.28,imo,taiwo,2020-10-22
4721,scanner,electronics,1752.51,52,91130.52,enugu,sola,2020-07-03
4722,desktops,electronics,1823.0,30,54690.0,osun,martins,2020-11-03
4723,chair,furniture,1514.96,30,45448.8,abuja,taiwo,2021-01-04
4724,scanner,electronics,768.38,95,72996.1,abia,moji,2021-01-17
4725,chair,furniture,598.97,26,15573.22,kano,josh,2020-04-05
4726,mouse,electronics,536.21,76,40751.96,enugu,dayo,2021-06-13
4727,chair,furniture,1187.5,41,48687.5,katsina,moji,2020-05-17
4728,laptop,electronics,593.24,75,44493.0,akure,taiwo,2020-09-06
4729,chair,furniture,1001.18,56,56066.08,kogi,moji,2021-06-10
4730,monitor,electronics,122.5,68,8330.0,imo,josh,2021-05-29
4731,laptop,electronics,138.35,93,12866.55,abia,dayo,2021-05-06
4732,monitor,electronics,189.83,27,5125.41,osun,moji,2020-11-28
4733,mouse,electronics,1877.87,33,61969.71,katsina,mike,2021-05-07
4734,desktops,electronics,836.85,81,67784.85,abuja,martins,2021-05-12
4735,desktops,electronics,173.68,59,10247.12,abuja,martins,2021-02-19
4736,desktops,electronics,653.77,39,25497.03,kano,josh,2021-04-10
4737,laptop,electronics,824.96,71,58572.16,ogun,martins,2020-05-26
4738,desk,furniture,1647.5,85,140037.5,katsina,abdul,2020-03-14
4739,printer,electronics,1885.29,23,43361.67,abia,abdul,2020-01-13
4740,desk,furniture,85.82,24,2059.68,katsina,martins,2020-07-08
4741,desktops,electronics,874.84,43,37618.12,ogun,josh,2020-01-20
4742,printer,electronics,1832.71,18,32988.78,kano,taiwo,2020-04-07
4743,mouse,electronics,592.77,20,11855.4,lagos,mike,2021-02-22
4744,chair,furniture,92.6,41,3796.6,abuja,taiwo,2020-11-23
4745,flashdrives,electronics,1141.45,3,3424.35,abuja,mike,2021-03-10
4746,monitor,electronics,427.5,95,40612.5,kwara,sola,2020-05-11
4747,keyboard,electronics,1708.7,36,61513.2,lagos,martins,2020-11-23
4748,monitor,electronics,1740.74,76,132296.24,kano,sola,2020-06-29
4749,laptop,electronics,757.43,18,13633.74,ogun,martins,2020-04-07
4750,flashdrives,electronics,1519.87,10,15198.7,abuja,abdul,2020-09-19
4751,desktops,electronics,627.36,29,18193.44,osun,moji,2020-07-16
4752,monitor,electronics,1290.65,47,60660.55,kano,dayo,2021-01-22
4753,mouse,electronics,1597.28,21,33542.88,katsina,emeka,2020-09-17
4754,printer,electronics,1668.16,53,88412.48,ogun,taiwo,2020-12-07
4755,keyboard,electronics,448.83,24,10771.92,kwara,mike,2020-11-01
4756,scanner,electronics,1226.64,55,67465.2,imo,martins,2020-06-26
4757,scanner,electronics,1175.63,56,65835.28,kogi,abdul,2020-10-01
4758,keyboard,electronics,1495.94,94,140618.36,imo,emeka,2020-12-31
4759,monitor,electronics,885.79,59,52261.61,ogun,tolu,2021-04-29
4760,monitor,electronics,567.92,74,42026.08,kwara,tolu,2021-01-04
4761,keyboard,electronics,1251.22,30,37536.6,akure,mike,2020-04-04
4762,printer,electronics,1382.95,50,69147.5,kogi,josh,2020-12-06
4763,flashdrives,electronics,1697.18,35,59401.3,enugu,mike,2020-06-10
4764,printer,electronics,1579.32,82,129504.24,kwara,martins,2021-03-02
4765,desk,furniture,614.29,35,21500.15,enugu,josh,2020-08-12
4766,monitor,electronics,820.55,75,61541.25,abia,josh,2020-06-12
4767,scanner,electronics,1758.75,100,175875.0,ibadan,mike,2021-03-20
4768,printer,electronics,1340.51,44,58982.44,katsina,dayo,2021-02-21
4769,keyboard,electronics,1528.54,99,151325.46,osun,dayo,2020-12-13
4770,monitor,electronics,325.11,26,8452.86,abia,mike,2021-05-20
4771,flashdrives,electronics,318.45,14,4458.3,akure,Ini,2020-03-24
4772,keyboard,electronics,1289.09,83,106994.47,abia,mike,2020-07-20
4773,desktops,electronics,1863.82,42,78280.44,ibadan,abdul,2020-10-20
4774,desk,furniture,1106.09,65,71895.85,abia,mike,2020-09-09
4775,flashdrives,electronics,71.75,13,932.75,kogi,dayo,2020-05-30
4776,scanner,electronics,1139.7,76,86617.2,ogun,abdul,2020-03-20
4777,desk,furniture,210.44,29,6102.76,ogun,dayo,2020-03-26
4778,mouse,electronics,799.43,66,52762.38,ogun,abdul,2021-04-17
4779,mouse,electronics,77.87,3,233.61,enugu,abdul,2021-04-30
4780,keyboard,electronics,771.49,61,47060.89,abia,sola,2020-01-05
4781,mouse,electronics,562.26,79,44418.54,kogi,Ini,2020-01-20
4782,desktops,electronics,1794.55,50,89727.5,abia,taiwo,2020-07-31
4783,mouse,electronics,280.99,16,4495.84,ibadan,mike,2020-07-20
4784,flashdrives,electronics,1541.06,99,152564.94,enugu,mike,2020-07-07
4785,printer,electronics,1292.04,19,24548.76,abia,emeka,2020-06-17
4786,desk,furniture,1688.05,38,64145.9,akure,mike,2020-07-29
4787,monitor,electronics,1203.74,59,71020.66,kano,emeka,2020-11-03
4788,laptop,electronics,446.16,74,33015.84,ibadan,dayo,2020-03-22
4789,mouse,electronics,379.41,53,20108.73,abia,mike,2020-10-26
4790,flashdrives,electronics,931.13,80,74490.4,kogi,Ini,2020-01-27
4791,desk,furniture,1370.22,71,97285.62,katsina,abdul,2020-12-02
4792,monitor,electronics,1208.16,5,6040.8,abuja,mike,2020-04-20
4793,keyboard,electronics,712.81,99,70568.19,osun,martins,2020-04-26
4794,desk,furniture,1556.62,32,49811.84,osun,emeka,2020-10-05
4795,flashdrives,electronics,87.1,97,8448.7,abuja,abdul,2020-08-19
4796,monitor,electronics,558.91,35,19561.85,katsina,Ini,2021-03-05
4797,chair,furniture,1320.45,27,35652.15,ogun,taiwo,2020-04-12
4798,scanner,electronics,110.27,73,8049.71,kwara,taiwo,2020-03-31
4799,laptop,electronics,1910.93,56,107012.08,enugu,emeka,2020-08-09
4800,laptop,electronics,166.35,33,5489.55,kwara,moji,2020-04-16
4801,desk,furniture,40.64,37,1503.68,osun,tolu,2020-03-26
4802,laptop,electronics,114.17,40,4566.8,ogun,sola,2020-02-09
4803,keyboard,electronics,1068.68,54,57708.72,kogi,moji,2021-02-17
4804,desktops,electronics,1998.52,96,191857.92,abuja,emeka,2020-02-10
4805,monitor,electronics,598.12,16,9569.92,imo,abdul,2020-09-21
4806,desktops,electronics,1792.73,43,77087.39,ibadan,dayo,2020-09-24
4807,keyboard,electronics,1992.9,27,53808.3,akure,abdul,2020-03-17
4808,desk,furniture,141.54,62,8775.48,osun,tolu,2020-04-08
4809,chair,furniture,1677.92,76,127521.92,abuja,abdul,2021-01-26
4810,laptop,electronics,178.08,62,11040.96,abuja,moji,2021-05-22
4811,mouse,electronics,422.49,18,7604.82,imo,moji,2020-11-12
4812,laptop,electronics,1992.79,39,77718.81,enugu,tolu,2020-01-05
4813,keyboard,electronics,1941.89,67,130106.63,kwara,tolu,2020-03-31
4814,scanner,electronics,202.19,17,3437.23,kwara,Ini,2020-11-02
4815,printer,electronics,290.7,63,18314.1,abia,moji,2020-08-06
4816,desk,furniture,963.34,66,63580.44,akure,Ini,2021-01-24
4817,scanner,electronics,1723.17,25,43079.25,osun,moji,2020-09-01
4818,desktops,electronics,1581.46,11,17396.06,lagos,tolu,2021-05-26
4819,scanner,electronics,1237.04,15,18555.6,ogun,mike,2020-05-05
4820,flashdrives,electronics,1997.54,22,43945.88,katsina,tolu,2020-06-04
4821,mouse,electronics,709.74,7,4968.18,abuja,abdul,2020-03-25
4822,printer,electronics,451.23,7,3158.61,kogi,emeka,2021-03-19
4823,keyboard,electronics,789.3,53,41832.9,kwara,taiwo,2020-12-18
4824,printer,electronics,351.1,42,14746.2,kano,tolu,2021-05-23
4825,scanner,electronics,1788.97,1,1788.97,kano,tolu,2021-01-07
4826,scanner,electronics,983.39,9,8850.51,abia,Ini,2020-10-09
4827,desktops,electronics,1060.91,46,48801.86,kogi,mike,2020-10-16
4828,desktops,electronics,1149.02,77,88474.54,katsina,martins,2020-02-01
4829,printer,electronics,229.81,81,18614.61,abia,josh,2021-03-19
4830,chair,furniture,708.78,85,60246.3,kogi,abdul,2021-01-09
4831,printer,electronics,1561.03,38,59319.14,kano,sola,2021-04-04
4832,mouse,electronics,922.26,50,46113.0,kogi,sola,2021-01-05
4833,desk,furniture,746.58,34,25383.72,kogi,martins,2021-05-02
4834,laptop,electronics,1333.41,11,14667.51,ibadan,tolu,2020-10-08
4835,mouse,electronics,1680.89,1,1680.89,kogi,dayo,2021-03-07
4836,keyboard,electronics,536.14,90,48252.6,kwara,Ini,2020-04-15
4837,laptop,electronics,26.79,82,2196.78,kogi,mike,2020-03-01
4838,scanner,electronics,1976.79,98,193725.42,abuja,Ini,2020-05-18
4839,desktops,electronics,298.62,61,18215.82,kogi,sola,2020-07-15
4840,desktops,electronics,1445.83,16,23133.28,akure,tolu,2020-06-14
4841,keyboard,electronics,474.15,71,33664.65,kano,sola,2020-06-28
4842,desktops,electronics,326.95,2,653.9,kwara,taiwo,2021-04-27
4843,printer,electronics,1735.33,68,118002.44,katsina,josh,2020-10-31
4844,laptop,electronics,22.55,12,270.6,lagos,dayo,2020-10-01
4845,chair,furniture,1218.57,15,18278.55,katsina,josh,2020-04-14
4846,mouse,electronics,1873.3,45,84298.5,ogun,martins,2020-11-17
4847,monitor,electronics,651.0,100,65100.0,enugu,sola,2020-06-17
4848,desktops,electronics,1192.26,1,1192.26,imo,mike,2020-10-23
4849,mouse,electronics,1286.32,86,110623.52,akure,Ini,2020-02-11
4850,flashdrives,electronics,1523.16,68,103574.88,katsina,martins,2020-05-10
4851,desktops,electronics,54.04,10,540.4,lagos,taiwo,2020-04-14
4852,flashdrives,electronics,589.64,92,54246.88,akure,abdul,2020-11-04
4853,mouse,electronics,1234.26,98,120957.48,kano,dayo,2020-04-07
4854,scanner,electronics,590.06,72,42484.32,kogi,Ini,2020-10-21
4855,keyboard,electronics,1110.19,23,25534.37,abuja,tolu,2021-06-06
4856,desktops,electronics,1854.15,29,53770.35,lagos,mike,2020-08-15
4857,printer,electronics,1005.49,72,72395.28,ogun,martins,2020-08-20
4858,chair,furniture,1125.46,99,111420.54,abuja,tolu,2020-05-29
4859,mouse,electronics,459.4,85,39049.0,osun,Ini,2020-09-13
4860,monitor,electronics,1647.6,52,85675.2,osun,emeka,2020-01-15
4861,printer,electronics,1632.36,71,115897.56,akure,josh,2021-05-19
4862,printer,electronics,1192.87,40,47714.8,abia,martins,2020-10-11
4863,keyboard,electronics,1160.31,95,110229.45,lagos,mike,2021-03-16
4864,flashdrives,electronics,1282.51,89,114143.39,ibadan,josh,2020-06-05
4865,desktops,electronics,1223.32,70,85632.4,kogi,martins,2021-01-21
4866,mouse,electronics,1461.22,50,73061.0,akure,mike,2021-04-15
4867,monitor,electronics,482.39,97,46791.83,ibadan,josh,2021-03-30
4868,laptop,electronics,184.33,41,7557.53,kano,Ini,2021-02-28
4869,mouse,electronics,1854.36,54,100135.44,ogun,dayo,2020-03-11
4870,scanner,electronics,1183.74,71,84045.54,lagos,sola,2021-01-01
4871,monitor,electronics,1277.34,66,84304.44,ibadan,abdul,2021-05-05
4872,desk,furniture,1239.61,21,26031.81,ogun,emeka,2021-02-11
4873,scanner,electronics,553.32,59,32645.88,imo,Ini,2020-07-03
4874,printer,electronics,1609.36,2,3218.72,kwara,taiwo,2020-07-07
4875,monitor,electronics,1493.01,33,49269.33,kano,abdul,2020-11-04
4876,desktops,electronics,29.44,5,147.2,ibadan,moji,2021-04-10
4877,keyboard,electronics,629.47,93,58540.71,akure,josh,2020-09-09
4878,desk,furniture,1208.7,42,50765.4,kwara,josh,2020-11-18
4879,chair,furniture,577.94,75,43345.5,lagos,mike,2020-06-27
4880,chair,furniture,1134.94,49,55612.06,lagos,sola,2020-10-11
4881,keyboard,electronics,750.47,8,6003.76,katsina,abdul,2020-08-14
4882,keyboard,electronics,1248.75,44,54945.0,ogun,emeka,2020-10-25
4883,printer,electronics,378.94,29,10989.26,abuja,josh,2020-05-22
4884,desktops,electronics,786.01,6,4716.06,ibadan,martins,2020-05-23
4885,flashdrives,electronics,881.47,24,21155.28,abia,emeka,2020-04-02
4886,chair,furniture,332.7,63,20960.1,ibadan,sola,2020-05-22
4887,keyboard,electronics,72.36,12,868.32,kogi,Ini,2020-06-30
4888,mouse,electronics,731.18,31,22666.58,osun,sola,2021-02-19
4889,desk,furniture,1216.16,61,74185.76,lagos,mike,2020-08-14
4890,keyboard,electronics,1642.43,97,159315.71,lagos,abdul,2020-05-04
4891,monitor,electronics,1181.01,65,76765.65,lagos,taiwo,2021-01-01
4892,laptop,electronics,386.19,6,2317.14,kogi,moji,2020-02-19
4893,mouse,electronics,1161.38,83,96394.54,katsina,abdul,2021-01-17
4894,flashdrives,electronics,466.87,78,36415.86,enugu,moji,2020-03-04
4895,laptop,electronics,135.11,3,405.33,kano,emeka,2020-12-15
4896,desk,furniture,216.91,19,4121.29,kano,josh,2021-01-20
4897,scanner,electronics,1406.03,9,12654.27,kwara,josh,2020-12-28
4898,flashdrives,electronics,632.03,94,59410.82,enugu,emeka,2020-05-26
4899,monitor,electronics,20.93,100,2093.0,akure,abdul,2020-05-19
4900,monitor,electronics,184.03,50,9201.5,ogun,tolu,2021-04-24
4901,chair,furniture,1833.78,69,126530.82,imo,moji,2020-10-18
4902,printer,electronics,766.15,57,43670.55,abia,taiwo,2020-09-07
4903,chair,furniture,45.44,95,4316.8,abuja,emeka,2020-10-29
4904,printer,electronics,407.71,79,32209.09,abia,moji,2020-03-23
4905,chair,furniture,1948.59,55,107172.45,kogi,mike,2020-12-14
4906,laptop,electronics,702.31,85,59696.35,enugu,tolu,2021-03-04
4907,mouse,electronics,267.54,74,19797.96,kano,dayo,2020-03-29
4908,printer,electronics,964.04,8,7712.32,kogi,tolu,2020-03-16
4909,flashdrives,electronics,138.55,17,2355.35,katsina,moji,2020-04-26
4910,desk,furniture,967.35,71,68681.85,ogun,Ini,2020-01-25
4911,desk,furniture,1265.82,62,78480.84,ogun,mike,2020-07-28
4912,printer,electronics,507.23,20,10144.6,katsina,tolu,2021-05-12
4913,mouse,electronics,1087.52,75,81564.0,kano,moji,2020-05-21
4914,desk,furniture,1641.1,67,109953.7,abia,taiwo,2021-06-08
4915,printer,electronics,839.89,64,53752.96,abuja,moji,2020-10-19
4916,keyboard,electronics,1220.42,25,30510.5,lagos,martins,2020-01-30
4917,monitor,electronics,918.04,44,40393.76,imo,abdul,2020-06-01
4918,monitor,electronics,1412.02,10,14120.2,katsina,sola,2020-09-22
4919,desk,furniture,702.27,85,59692.95,ogun,dayo,2021-01-24
4920,desk,furniture,1232.96,17,20960.32,enugu,dayo,2020-09-21
4921,mouse,electronics,991.96,71,70429.16,katsina,tolu,2021-05-23
4922,desk,furniture,698.15,10,6981.5,akure,abdul,2021-06-20
4923,keyboard,electronics,101.66,13,1321.58,imo,taiwo,2020-02-01
4924,desk,furniture,1611.58,21,33843.18,abia,mike,2021-02-06
4925,scanner,electronics,384.3,57,21905.1,imo,abdul,2021-01-12
4926,mouse,electronics,1614.85,63,101735.55,kano,taiwo,2020-11-19
4927,printer,electronics,456.8,32,14617.6,enugu,josh,2021-02-05
4928,printer,electronics,1862.1,50,93105.0,osun,Ini,2021-02-24
4929,scanner,electronics,1067.29,66,70441.14,ibadan,emeka,2021-03-12
4930,keyboard,electronics,346.08,74,25609.92,ibadan,josh,2020-05-03
4931,laptop,electronics,627.52,81,50829.12,kano,josh,2020-01-06
4932,desk,furniture,1165.62,73,85090.26,kogi,josh,2021-01-27
4933,desktops,electronics,1859.04,15,27885.6,kano,tolu,2020-02-25
4934,desk,furniture,1536.51,97,149041.47,enugu,mike,2021-05-19
4935,keyboard,electronics,1202.61,30,36078.3,abia,josh,2020-01-23
4936,flashdrives,electronics,892.88,100,89288.0,katsina,taiwo,2020-10-02
4937,keyboard,electronics,164.44,74,12168.56,abuja,taiwo,2021-03-23
4938,printer,electronics,1804.05,24,43297.2,kano,abdul,2020-10-26
4939,chair,furniture,933.71,89,83100.19,abia,tolu,2020-01-07
4940,scanner,electronics,1823.2,64,116684.8,abia,emeka,2021-04-19
4941,keyboard,electronics,759.69,67,50899.23,ibadan,tolu,2020-02-23
4942,chair,furniture,67.97,30,2039.1,ogun,emeka,2020-05-17
4943,mouse,electronics,599.36,72,43153.92,ogun,sola,2020-09-05
4944,monitor,electronics,900.52,94,84648.88,kano,martins,2020-10-03
4945,printer,electronics,146.78,51,7485.78,enugu,mike,2021-03-31
4946,laptop,electronics,802.94,53,42555.82,ogun,abdul,2020-05-23
4947,desktops,electronics,864.15,1,864.15,abuja,moji,2020-05-21
4948,keyboard,electronics,73.59,7,515.13,abia,tolu,2021-06-14
4949,scanner,electronics,1016.69,35,35584.15,kano,mike,2020-09-16
4950,desktops,electronics,423.01,97,41031.97,katsina,mike,2021-04-07
4951,flashdrives,electronics,774.43,66,51112.38,kano,dayo,2021-02-19
4952,chair,furniture,1453.09,82,119153.38,abuja,abdul,2021-01-25
4953,laptop,electronics,1706.61,82,139942.02,ogun,taiwo,2020-10-19
4954,desk,furniture,1755.88,77,135202.76,kano,martins,2021-01-14
4955,desk,furniture,574.26,92,52831.92,lagos,moji,2020-07-11
4956,keyboard,electronics,537.87,48,25817.76,imo,moji,2020-08-08
4957,printer,electronics,118.84,84,9982.56,lagos,moji,2020-04-20
4958,printer,electronics,597.71,15,8965.65,enugu,josh,2020-03-02
4959,desktops,electronics,1757.99,28,49223.72,kwara,dayo,2020-02-06
4960,scanner,electronics,525.46,9,4729.14,lagos,taiwo,2020-03-03
4961,scanner,electronics,499.14,45,22461.3,kogi,mike,2021-06-05
4962,printer,electronics,170.18,28,4765.04,akure,abdul,2021-06-18
4963,mouse,electronics,563.39,83,46761.37,katsina,Ini,2020-11-13
4964,chair,furniture,653.04,65,42447.6,lagos,abdul,2020-02-13
4965,flashdrives,electronics,1285.54,14,17997.56,kogi,dayo,2020-11-21
4966,desk,furniture,578.03,15,8670.45,enugu,Ini,2020-09-25
4967,laptop,electronics,200.6,78,15646.8,lagos,sola,2021-04-18
4968,mouse,electronics,821.5,78,64077.0,kwara,dayo,2020-07-28
4969,chair,furniture,1409.42,56,78927.52,abuja,moji,2021-01-09
4970,desktops,electronics,1857.13,55,102142.15,imo,dayo,2021-03-08
4971,mouse,electronics,188.67,74,13961.58,enugu,mike,2021-03-25
4972,printer,electronics,1166.7,92,107336.4,kwara,abdul,2020-07-22
4973,keyboard,electronics,839.37,61,51201.57,lagos,josh,2020-01-29
4974,printer,electronics,1939.9,69,133853.1,katsina,josh,2020-07-13
4975,scanner,electronics,725.94,70,50815.8,abuja,emeka,2020-12-22
4976,desk,furniture,667.76,91,60766.16,kano,dayo,2021-01-13
4977,monitor,electronics,742.2,31,23008.2,katsina,emeka,2021-06-05
4978,keyboard,electronics,578.93,50,28946.5,kogi,tolu,2020-05-25
4979,mouse,electronics,946.89,100,94689.0,abia,Ini,2020-12-09
4980,desktops,electronics,105.76,88,9306.88,akure,dayo,2020-10-01
4981,desk,furniture,866.96,63,54618.48,osun,abdul,2020-01-05
4982,monitor,electronics,32.79,66,2164.14,akure,abdul,2020-06-10
4983,chair,furniture,373.96,97,36274.12,kogi,mike,2020-08-15
4984,scanner,electronics,646.98,82,53052.36,akure,martins,2020-06-17
4985,printer,electronics,269.05,67,18026.35,akure,taiwo,2021-03-12
4986,mouse,electronics,1937.2,1,1937.2,imo,dayo,2021-04-23
4987,monitor,electronics,1883.93,1,1883.93,kwara,emeka,2021-04-28
4988,keyboard,electronics,1774.28,2,3548.56,ogun,Ini,2020-08-17
4989,desktops,electronics,1732.76,22,38120.72,enugu,Ini,2021-04-25
4990,chair,furniture,1841.31,97,178607.07,abuja,moji,2021-05-28
4991,scanner,electronics,297.61,17,5059.37,abia,Ini,2021-05-31
4992,desk,furniture,412.87,100,41287.0,osun,martins,2020-01-09
4993,chair,furniture,1816.65,19,34516.35,abuja,martins,2020-05-24
4994,scanner,electronics,298.81,38,11354.78,ogun,taiwo,2021-05-15
4995,monitor,electronics,1779.13,7,12453.91,akure,tolu,2021-05-10
4996,chair,furniture,1971.2,13,25625.6,imo,emeka,2021-03-13
4997,mouse,electronics,1362.15,75,102161.25,ogun,Ini,2020-04-20
4998,desk,furniture,742.23,79,58636.17,kogi,josh,2021-02-12
4999,desk,furniture,1543.94,53,81828.82,ibadan,martins,2021-01-21
5000,desktops,electronics,1712.29,25,42807.25,ibadan,taiwo,2020-01-17
5001,laptop,electronics,1237.69,47,58171.43,kano,sola,2020-10-15
5002,keyboard,electronics,1973.1,49,96681.9,ogun,josh,2020-07-19
5003,chair,furniture,1255.8,89,111766.2,kano,sola,2020-03-31
5004,flashdrives,electronics,170.36,34,5792.24,katsina,emeka,2020-01-14
5005,chair,furniture,62.08,89,5525.12,ibadan,Ini,2020-09-06
5006,desk,furniture,119.14,15,1787.1,akure,Ini,2020-04-27
5007,mouse,electronics,1817.59,43,78156.37,lagos,moji,2020-02-14
5008,mouse,electronics,805.99,20,16119.8,kogi,martins,2020-02-01
5009,desktops,electronics,84.74,52,4406.48,akure,dayo,2020-08-01
5010,scanner,electronics,1692.5,44,74470.0,osun,Ini,2020-07-27
5011,monitor,electronics,650.92,65,42309.8,kwara,abdul,2021-01-01
5012,chair,furniture,1790.97,77,137904.69,kano,moji,2020-10-17
5013,flashdrives,electronics,817.78,73,59697.94,abuja,taiwo,2021-01-28
5014,monitor,electronics,1941.19,91,176648.29,kwara,mike,2021-01-31
5015,scanner,electronics,1363.98,31,42283.38,imo,sola,2020-01-24
5016,monitor,electronics,201.41,64,12890.24,abia,sola,2021-02-21
5017,desk,furniture,742.44,100,74244.0,kwara,sola,2020-11-13
5018,desk,furniture,1086.68,34,36947.12,osun,sola,2021-05-25
5019,keyboard,electronics,594.39,6,3566.34,imo,martins,2020-05-24
5020,laptop,electronics,1101.29,86,94710.94,lagos,moji,2020-11-07
5021,desk,furniture,1584.02,41,64944.82,abuja,emeka,2020-01-25
5022,desktops,electronics,1536.07,36,55298.52,katsina,sola,2021-05-22
5023,mouse,electronics,813.28,84,68315.52,katsina,martins,2020-07-21
5024,monitor,electronics,654.13,54,35323.02,ogun,abdul,2021-01-25
5025,flashdrives,electronics,1431.28,26,37213.28,imo,martins,2020-04-01
5026,laptop,electronics,132.59,5,662.95,osun,martins,2021-06-22
5027,flashdrives,electronics,1185.52,9,10669.68,kwara,Ini,2021-06-17
5028,mouse,electronics,1459.69,40,58387.6,kwara,martins,2020-06-26
5029,desktops,electronics,1294.52,30,38835.6,akure,taiwo,2020-03-07
5030,printer,electronics,1096.64,77,84441.28,imo,sola,2020-02-21
5031,flashdrives,electronics,1484.4,7,10390.8,ibadan,abdul,2021-03-30
5032,desk,furniture,860.9,32,27548.8,imo,mike,2021-02-07
5033,keyboard,electronics,1076.9,83,89382.7,lagos,dayo,2020-03-25
5034,keyboard,electronics,1970.39,87,171423.93,ogun,mike,2021-06-16
5035,mouse,electronics,710.6,98,69638.8,osun,taiwo,2021-04-14
5036,scanner,electronics,1542.83,1,1542.83,akure,abdul,2020-03-16
5037,mouse,electronics,91.95,45,4137.75,ogun,dayo,2020-08-05
5038,monitor,electronics,36.57,79,2889.03,kogi,Ini,2020-07-26
5039,flashdrives,electronics,906.77,65,58940.05,ibadan,sola,2020-04-06
5040,desktops,electronics,1177.37,16,18837.92,abia,taiwo,2020-05-23
5041,desk,furniture,1220.68,61,74461.48,kogi,josh,2020-01-30
5042,mouse,electronics,822.96,63,51846.48,kogi,Ini,2020-04-10
5043,desktops,electronics,1000.57,51,51029.07,kano,tolu,2020-08-09
5044,desk,furniture,1855.14,56,103887.84,kwara,dayo,2021-01-01
5045,laptop,electronics,193.81,84,16280.04,kogi,tolu,2020-06-14
5046,chair,furniture,1850.15,23,42553.45,osun,sola,2020-07-07
5047,desk,furniture,875.87,57,49924.59,kwara,dayo,2020-01-12
5048,flashdrives,electronics,1404.49,25,35112.25,enugu,tolu,2021-02-10
5049,mouse,electronics,1900.21,42,79808.82,kano,sola,2020-01-01
5050,chair,furniture,597.04,75,44778.0,katsina,josh,2020-04-18
5051,keyboard,electronics,660.45,80,52836.0,enugu,Ini,2021-04-21
5052,keyboard,electronics,878.99,78,68561.22,enugu,mike,2020-10-30
5053,laptop,electronics,1107.11,25,27677.75,kwara,josh,2020-01-26
5054,printer,electronics,78.07,10,780.7,abia,taiwo,2020-05-07
5055,chair,furniture,236.53,100,23653.0,kogi,josh,2021-05-09
5056,desktops,electronics,1173.77,74,86858.98,abuja,sola,2020-12-26
5057,desk,furniture,714.82,12,8577.84,kwara,dayo,2021-03-27
5058,mouse,electronics,1303.61,40,52144.4,kwara,mike,2020-02-10
5059,laptop,electronics,1748.61,47,82184.67,imo,martins,2020-01-05
5060,flashdrives,electronics,383.6,35,13426.0,osun,tolu,2020-07-04
5061,desktops,electronics,1896.83,72,136571.76,enugu,josh,2021-04-19
5062,laptop,electronics,1260.39,83,104612.37,lagos,sola,2020-07-19
5063,laptop,electronics,264.51,94,24863.94,kano,josh,2020-01-14
5064,mouse,electronics,1294.62,51,66025.62,ogun,martins,2021-05-20
5065,scanner,electronics,358.41,97,34765.77,lagos,mike,2020-12-18
5066,keyboard,electronics,1991.02,21,41811.42,katsina,abdul,2021-02-21
5067,flashdrives,electronics,437.42,16,6998.72,ogun,dayo,2020-01-17
5068,desk,furniture,352.93,6,2117.58,lagos,Ini,2020-07-19
5069,laptop,electronics,1882.03,34,63989.02,imo,sola,2021-01-29
5070,desk,furniture,295.01,90,26550.9,imo,emeka,2021-04-07
5071,printer,electronics,493.65,95,46896.75,ogun,taiwo,2020-01-26
5072,printer,electronics,999.74,89,88976.86,abuja,tolu,2020-10-10
5073,scanner,electronics,794.24,85,67510.4,osun,josh,2021-02-21
5074,chair,furniture,526.31,93,48946.83,kogi,dayo,2021-05-19
5075,monitor,electronics,736.54,39,28725.06,ibadan,josh,2020-08-12
5076,scanner,electronics,674.01,9,6066.09,ibadan,mike,2021-03-15
5077,desktops,electronics,1950.86,85,165823.1,kogi,josh,2021-06-10
5078,monitor,electronics,1339.19,35,46871.65,kwara,abdul,2020-10-30
5079,desktops,electronics,1487.99,30,44639.7,ogun,josh,2021-03-15
5080,keyboard,electronics,1712.26,64,109584.64,katsina,mike,2021-02-05
5081,scanner,electronics,1044.82,31,32389.42,kano,martins,2021-04-16
5082,chair,furniture,742.54,61,45294.94,lagos,dayo,2020-10-24
5083,monitor,electronics,334.95,84,28135.8,kogi,emeka,2020-08-11
5084,scanner,electronics,615.52,94,57858.88,kogi,emeka,2020-12-11
5085,desktops,electronics,82.71,4,330.84,imo,taiwo,2020-11-22
5086,laptop,electronics,735.13,93,68367.09,lagos,emeka,2020-06-28
5087,desktops,electronics,552.9,60,33174.0,kano,martins,2020-02-22
5088,chair,furniture,410.21,23,9434.83,imo,emeka,2020-07-19
5089,flashdrives,electronics,110.44,60,6626.4,enugu,abdul,2021-05-16
5090,keyboard,electronics,1692.18,76,128605.68,akure,taiwo,2020-12-19
5091,laptop,electronics,498.54,4,1994.16,abuja,mike,2020-05-21
5092,printer,electronics,1127.01,45,50715.45,abuja,josh,2020-02-09
5093,keyboard,electronics,1384.47,82,113526.54,lagos,taiwo,2020-12-17
5094,laptop,electronics,1322.71,72,95235.12,abuja,taiwo,2020-08-02
5095,printer,electronics,469.41,9,4224.69,kano,Ini,2020-09-28
5096,monitor,electronics,1652.24,97,160267.28,enugu,emeka,2020-12-04
5097,monitor,electronics,175.77,93,16346.61,abia,moji,2020-04-24
5098,keyboard,electronics,493.22,46,22688.12,osun,martins,2020-10-08
5099,keyboard,electronics,814.19,24,19540.56,enugu,taiwo,2020-06-01
5100,desktops,electronics,879.58,87,76523.46,kogi,sola,2020-12-18
5101,mouse,electronics,1389.96,68,94517.28,akure,Ini,2020-08-16
5102,desktops,electronics,401.03,92,36894.76,ogun,josh,2020-12-22
5103,scanner,electronics,697.6,11,7673.6,ibadan,tolu,2021-03-17
5104,laptop,electronics,1600.41,81,129633.21,abuja,emeka,2020-08-25
5105,printer,electronics,205.66,62,12750.92,ogun,taiwo,2020-12-18
5106,printer,electronics,639.08,88,56239.04,katsina,Ini,2020-02-02
5107,desk,furniture,288.71,24,6929.04,kwara,moji,2021-03-01
5108,chair,furniture,415.6,57,23689.2,ibadan,mike,2020-04-07
5109,keyboard,electronics,1694.8,86,145752.8,akure,Ini,2021-01-18
5110,desk,furniture,1443.9,98,141502.2,abia,sola,2021-03-11
5111,scanner,electronics,1768.28,23,40670.44,imo,mike,2020-01-30
5112,desktops,electronics,529.93,16,8478.88,kwara,tolu,2021-03-28
5113,desk,furniture,336.37,76,25564.12,osun,martins,2021-03-10
5114,flashdrives,electronics,483.4,78,37705.2,kogi,abdul,2020-01-21
5115,monitor,electronics,1847.44,77,142252.88,akure,moji,2021-03-22
5116,chair,furniture,1883.23,40,75329.2,akure,martins,2020-12-03
5117,flashdrives,electronics,1646.58,70,115260.6,kano,sola,2021-03-04
5118,chair,furniture,470.58,13,6117.54,kano,abdul,2020-10-14
5119,monitor,electronics,1659.01,68,112812.68,kwara,dayo,2020-02-09
5120,scanner,electronics,1014.12,12,12169.44,ogun,taiwo,2020-06-04
5121,laptop,electronics,307.59,78,23992.02,katsina,mike,2020-10-31
5122,printer,electronics,111.47,87,9697.89,kano,dayo,2020-06-28
5123,monitor,electronics,231.99,33,7655.67,kano,Ini,2021-01-05
5124,printer,electronics,894.3,60,53658.0,kano,emeka,2020-03-06
5125,mouse,electronics,1442.3,38,54807.4,osun,martins,2020-10-19
5126,scanner,electronics,404.28,11,4447.08,kwara,abdul,2020-11-02
5127,monitor,electronics,883.04,79,69760.16,akure,abdul,2020-03-27
5128,laptop,electronics,1377.64,21,28930.44,ogun,emeka,2021-05-10
5129,chair,furniture,255.03,83,21167.49,abuja,josh,2020-01-17
5130,desk,furniture,311.21,75,23340.75,abuja,tolu,2021-04-23
5131,flashdrives,electronics,270.48,44,11901.12,imo,moji,2021-04-07
5132,monitor,electronics,1717.32,66,113343.12,abuja,mike,2020-05-24
5133,flashdrives,electronics,185.09,7,1295.63,abia,dayo,2021-05-15
5134,monitor,electronics,1643.79,20,32875.8,kano,moji,2020-09-09
5135,desk,furniture,1143.06,10,11430.6,imo,josh,2021-03-29
5136,monitor,electronics,1365.21,56,76451.76,imo,Ini,2020-04-26
5137,laptop,electronics,730.79,73,53347.67,kwara,tolu,2021-04-07
5138,chair,furniture,21.94,83,1821.02,ibadan,josh,2020-03-23
5139,printer,electronics,1729.51,8,13836.08,ibadan,taiwo,2020-11-21
5140,laptop,electronics,40.5,23,931.5,lagos,sola,2021-01-21
5141,desktops,electronics,503.19,64,32204.16,kwara,emeka,2020-02-05
5142,monitor,electronics,1494.66,40,59786.4,ogun,josh,2020-02-26
5143,keyboard,electronics,1197.0,65,77805.0,kogi,Ini,2021-02-10
5144,laptop,electronics,490.72,100,49072.0,lagos,taiwo,2020-01-09
5145,flashdrives,electronics,1566.12,27,42285.24,ibadan,mike,2021-04-15
5146,printer,electronics,609.24,9,5483.16,kwara,sola,2020-09-02
5147,desk,furniture,1092.57,13,14203.41,lagos,moji,2020-09-06
5148,desktops,electronics,1336.76,58,77532.08,kano,moji,2020-02-19
5149,printer,electronics,218.25,32,6984.0,ibadan,mike,2020-03-02
5150,mouse,electronics,1100.07,21,23101.47,kano,martins,2020-04-10
5151,monitor,electronics,1080.13,71,76689.23,kano,josh,2020-08-29
5152,keyboard,electronics,82.42,71,5851.82,abia,abdul,2020-03-19
5153,desk,furniture,1055.48,93,98159.64,imo,tolu,2021-02-24
5154,monitor,electronics,842.37,2,1684.74,katsina,dayo,2020-03-29
5155,chair,furniture,1980.91,95,188186.45,kogi,emeka,2020-01-13
5156,chair,furniture,1503.19,76,114242.44,abia,taiwo,2021-05-12
5157,desk,furniture,974.64,6,5847.84,lagos,martins,2020-12-28
5158,keyboard,electronics,179.97,90,16197.3,abia,moji,2020-02-21
5159,chair,furniture,1828.38,59,107874.42,abuja,mike,2020-09-04
5160,scanner,electronics,1130.04,4,4520.16,imo,tolu,2020-11-24
5161,mouse,electronics,377.0,59,22243.0,lagos,dayo,2021-01-15
5162,mouse,electronics,1534.2,100,153420.0,osun,moji,2020-09-28
5163,scanner,electronics,736.38,47,34609.86,kogi,emeka,2021-04-28
5164,keyboard,electronics,1241.33,45,55859.85,akure,mike,2020-04-27
5165,flashdrives,electronics,388.41,55,21362.55,enugu,moji,2020-08-29
5166,chair,furniture,903.37,88,79496.56,imo,moji,2021-05-28
5167,desktops,electronics,842.24,19,16002.56,kogi,abdul,2020-12-28
5168,desk,furniture,230.97,95,21942.15,kogi,mike,2021-03-27
5169,desktops,electronics,453.14,4,1812.56,akure,josh,2021-05-21
5170,monitor,electronics,928.36,26,24137.36,kwara,dayo,2021-05-04
5171,scanner,electronics,1649.87,6,9899.22,kano,sola,2020-08-10
5172,scanner,electronics,1341.09,9,12069.81,ibadan,taiwo,2021-02-04
5173,desk,furniture,368.3,55,20256.5,katsina,abdul,2020-01-01
5174,scanner,electronics,1903.83,15,28557.45,abuja,Ini,2021-03-02
5175,mouse,electronics,1374.71,23,31618.33,ogun,tolu,2020-04-14
5176,printer,electronics,387.43,66,25570.38,katsina,moji,2021-02-10
5177,desktops,electronics,1479.5,27,39946.5,kogi,taiwo,2021-05-05
5178,laptop,electronics,1686.6,50,84330.0,akure,mike,2021-01-31
5179,flashdrives,electronics,1030.82,62,63910.84,lagos,abdul,2021-01-21
5180,desktops,electronics,1126.29,30,33788.7,lagos,martins,2020-10-11
5181,desktops,electronics,455.38,88,40073.44,osun,tolu,2020-08-21
5182,desk,furniture,1463.29,89,130232.81,abuja,josh,2020-07-04
5183,keyboard,electronics,1563.34,91,142263.94,osun,moji,2020-06-20
5184,chair,furniture,1871.38,50,93569.0,akure,emeka,2020-08-16
5185,scanner,electronics,147.54,34,5016.36,lagos,mike,2020-05-28
5186,flashdrives,electronics,206.49,70,14454.3,enugu,sola,2020-05-11
5187,desktops,electronics,330.62,62,20498.44,abuja,dayo,2020-07-16
5188,laptop,electronics,193.26,15,2898.9,enugu,emeka,2021-02-14
5189,laptop,electronics,1699.0,62,105338.0,akure,tolu,2021-04-03
5190,desktops,electronics,1233.39,94,115938.66,kwara,tolu,2020-09-15
5191,flashdrives,electronics,964.59,37,35689.83,osun,emeka,2021-04-04
5192,flashdrives,electronics,1208.53,41,49549.73,kano,sola,2020-04-19
5193,chair,furniture,265.99,36,9575.64,kwara,mike,2020-12-09
5194,desk,furniture,724.77,95,68853.15,abuja,dayo,2020-04-14
5195,laptop,electronics,876.68,64,56107.52,katsina,tolu,2020-11-16
5196,desk,furniture,1725.91,13,22436.83,kogi,abdul,2020-04-06
5197,keyboard,electronics,1200.83,47,56439.01,akure,Ini,2020-07-01
5198,desk,furniture,224.64,77,17297.28,ibadan,emeka,2021-02-24
5199,monitor,electronics,986.25,72,71010.0,kwara,moji,2020-03-31
5200,flashdrives,electronics,1681.58,28,47084.24,kwara,emeka,2020-02-24
5201,desk,furniture,1070.19,22,23544.18,abia,martins,2020-04-26
5202,monitor,electronics,1293.14,2,2586.28,enugu,moji,2021-03-12
5203,chair,furniture,709.16,88,62406.08,abia,sola,2020-04-27
5204,desk,furniture,459.17,89,40866.13,katsina,mike,2020-05-03
5205,monitor,electronics,172.23,79,13606.17,kwara,josh,2020-10-01
5206,flashdrives,electronics,92.53,6,555.18,ibadan,emeka,2020-02-27
5207,monitor,electronics,962.92,21,20221.32,osun,josh,2020-10-29
5208,printer,electronics,1041.46,43,44782.78,kwara,abdul,2020-12-15
5209,desk,furniture,1809.53,31,56095.43,ogun,emeka,2020-05-06
5210,keyboard,electronics,974.02,36,35064.72,abia,abdul,2020-06-06
5211,keyboard,electronics,1823.34,100,182334.0,akure,moji,2021-03-24
5212,scanner,electronics,158.08,77,12172.16,abia,sola,2020-11-26
5213,desktops,electronics,1763.56,9,15872.04,ogun,taiwo,2021-05-20
5214,desk,furniture,1798.1,14,25173.4,abia,sola,2020-07-11
5215,desk,furniture,1625.97,16,26015.52,abia,dayo,2021-02-08
5216,monitor,electronics,1151.47,34,39149.98,akure,taiwo,2020-04-10
5217,monitor,electronics,1452.19,72,104557.68,ibadan,josh,2020-08-27
5218,mouse,electronics,641.62,28,17965.36,imo,martins,2020-09-05
5219,laptop,electronics,1791.62,61,109288.82,osun,mike,2021-06-17
5220,printer,electronics,1554.84,80,124387.2,lagos,tolu,2021-03-14
5221,scanner,electronics,737.48,75,55311.0,kwara,Ini,2020-05-18
5222,scanner,electronics,1831.04,5,9155.2,kwara,emeka,2020-06-29
5223,mouse,electronics,932.59,82,76472.38,imo,abdul,2020-12-02
5224,mouse,electronics,848.7,66,56014.2,abuja,moji,2020-07-30
5225,monitor,electronics,1926.72,61,117529.92,katsina,mike,2021-04-08
5226,laptop,electronics,966.87,18,17403.66,abuja,Ini,2020-08-19
5227,scanner,electronics,1949.75,91,177427.25,kano,taiwo,2020-05-15
5228,keyboard,electronics,1299.75,95,123476.25,ibadan,moji,2021-06-21
5229,monitor,electronics,1625.3,8,13002.4,kogi,tolu,2020-09-08
5230,keyboard,electronics,1472.37,56,82452.72,akure,taiwo,2020-01-15
5231,mouse,electronics,1785.29,13,23208.77,ogun,taiwo,2020-10-24
5232,scanner,electronics,353.03,98,34596.94,kwara,taiwo,2020-06-08
5233,laptop,electronics,331.54,36,11935.44,katsina,josh,2020-01-08
5234,flashdrives,electronics,629.15,53,33344.95,akure,moji,2020-04-30
5235,desktops,electronics,863.08,9,7767.72,akure,mike,2020-10-07
5236,laptop,electronics,1233.12,74,91250.88,ibadan,moji,2020-11-12
5237,chair,furniture,716.07,80,57285.6,kwara,emeka,2020-03-07
5238,monitor,electronics,945.57,41,38768.37,ibadan,tolu,2020-05-17
5239,scanner,electronics,1680.77,12,20169.24,ogun,tolu,2020-02-27
5240,desktops,electronics,1820.41,23,41869.43,kogi,moji,2020-03-13
5241,laptop,electronics,1293.15,41,53019.15,kogi,josh,2020-09-30
5242,keyboard,electronics,1503.71,76,114281.96,kano,martins,2020-06-27
5243,monitor,electronics,970.96,92,89328.32,kogi,mike,2021-03-09
5244,flashdrives,electronics,363.07,22,7987.54,osun,josh,2020-08-27
5245,monitor,electronics,1083.77,12,13005.24,osun,taiwo,2020-04-05
5246,mouse,electronics,1257.72,70,88040.4,imo,abdul,2020-01-17
5247,flashdrives,electronics,1590.24,40,63609.6,kano,taiwo,2020-06-01
5248,scanner,electronics,24.36,55,1339.8,ogun,sola,2021-06-08
5249,monitor,electronics,554.91,25,13872.75,katsina,taiwo,2021-06-13
5250,desktops,electronics,1216.93,31,37724.83,ibadan,abdul,2021-04-28
5251,printer,electronics,223.0,95,21185.0,kwara,mike,2021-03-22
5252,flashdrives,electronics,523.72,5,2618.6,kwara,mike,2021-01-05
5253,scanner,electronics,367.94,32,11774.08,abia,dayo,2020-06-29
5254,desk,furniture,1888.68,18,33996.24,kwara,josh,2020-12-17
5255,laptop,electronics,910.54,27,24584.58,akure,martins,2020-12-21
5256,keyboard,electronics,1948.68,72,140304.96,ogun,dayo,2021-01-17
5257,flashdrives,electronics,558.52,62,34628.24,ogun,martins,2020-09-11
5258,flashdrives,electronics,865.3,78,67493.4,kogi,taiwo,2020-11-30
5259,monitor,electronics,658.98,13,8566.74,enugu,mike,2020-12-02
5260,laptop,electronics,532.06,16,8512.96,imo,dayo,2021-06-19
5261,monitor,electronics,28.97,98,2839.06,osun,emeka,2020-12-14
5262,scanner,electronics,290.02,66,19141.32,enugu,abdul,2020-10-08
5263,scanner,electronics,1484.35,79,117263.65,ogun,mike,2021-01-21
5264,desktops,electronics,1926.49,56,107883.44,enugu,emeka,2020-09-21
5265,chair,furniture,52.47,90,4722.3,abuja,Ini,2020-01-23
5266,desk,furniture,1176.8,11,12944.8,ibadan,emeka,2021-03-26
5267,mouse,electronics,179.97,98,17637.06,katsina,dayo,2020-09-23
5268,chair,furniture,223.21,51,11383.71,enugu,josh,2021-03-04
5269,desk,furniture,1461.23,1,1461.23,ogun,josh,2020-03-19
5270,desktops,electronics,1461.38,55,80375.9,lagos,tolu,2020-04-08
5271,desk,furniture,992.96,38,37732.48,ibadan,emeka,2020-07-04
5272,monitor,electronics,582.49,27,15727.23,akure,emeka,2021-03-21
5273,flashdrives,electronics,1043.9,3,3131.7,ibadan,josh,2020-01-18
5274,printer,electronics,1567.45,53,83074.85,abia,emeka,2020-08-22
5275,chair,furniture,699.45,6,4196.7,kano,taiwo,2020-07-01
5276,desktops,electronics,880.57,61,53714.77,abia,dayo,2020-06-20
5277,printer,electronics,1607.04,16,25712.64,ibadan,martins,2020-05-13
5278,printer,electronics,130.28,88,11464.64,katsina,dayo,2020-11-27
5279,chair,furniture,867.11,23,19943.53,imo,mike,2020-11-04
5280,desktops,electronics,1985.58,10,19855.8,ogun,mike,2020-09-12
5281,desktops,electronics,1300.71,74,96252.54,katsina,mike,2020-02-23
5282,desk,furniture,407.81,66,26915.46,akure,abdul,2020-01-20
5283,mouse,electronics,63.04,11,693.44,imo,sola,2021-03-25
5284,desktops,electronics,1164.65,77,89678.05,akure,moji,2020-08-01
5285,laptop,electronics,1523.0,83,126409.0,kwara,josh,2020-05-30
5286,chair,furniture,930.14,68,63249.52,kogi,Ini,2020-02-19
5287,monitor,electronics,786.84,54,42489.36,kano,martins,2020-07-17
5288,desk,furniture,446.95,39,17431.05,ogun,taiwo,2020-08-04
5289,flashdrives,electronics,531.17,66,35057.22,imo,emeka,2021-01-21
5290,monitor,electronics,480.61,69,33162.09,abuja,tolu,2020-06-03
5291,monitor,electronics,460.25,57,26234.25,ogun,mike,2020-03-31
5292,chair,furniture,1433.85,96,137649.6,lagos,Ini,2020-08-13
5293,mouse,electronics,1774.1,39,69189.9,ibadan,josh,2021-04-17
5294,chair,furniture,1774.56,23,40814.88,ogun,mike,2020-05-19
5295,desk,furniture,505.11,51,25760.61,enugu,dayo,2020-11-16
5296,laptop,electronics,1028.69,71,73036.99,osun,Ini,2021-05-22
5297,scanner,electronics,1571.44,99,155572.56,akure,emeka,2020-10-06
5298,scanner,electronics,1307.13,37,48363.81,kwara,josh,2020-05-21
5299,flashdrives,electronics,721.2,25,18030.0,enugu,Ini,2020-09-16
5300,laptop,electronics,1925.36,31,59686.16,enugu,mike,2021-04-21
5301,desk,furniture,1123.99,37,41587.63,lagos,taiwo,2020-06-02
5302,laptop,electronics,1917.43,62,118880.66,kogi,Ini,2020-12-29
5303,mouse,electronics,630.09,57,35915.13,akure,abdul,2020-11-01
5304,mouse,electronics,170.54,97,16542.38,enugu,abdul,2020-07-31
5305,laptop,electronics,1251.54,8,10012.32,imo,martins,2020-02-17
5306,flashdrives,electronics,1705.19,95,161993.05,lagos,mike,2021-01-16
5307,desk,furniture,727.0,65,47255.0,kano,abdul,2020-10-24
5308,scanner,electronics,699.94,68,47595.92,imo,josh,2021-03-08
5309,printer,electronics,507.08,24,12169.92,katsina,tolu,2020-05-13
5310,desk,furniture,871.08,5,4355.4,ogun,tolu,2020-01-14
5311,laptop,electronics,535.25,4,2141.0,osun,moji,2020-03-12
5312,laptop,electronics,1476.51,40,59060.4,osun,tolu,2021-01-05
5313,desk,furniture,174.04,77,13401.08,abia,emeka,2021-05-28
5314,flashdrives,electronics,1191.31,52,61948.12,akure,moji,2020-03-29
5315,desktops,electronics,221.57,41,9084.37,kwara,abdul,2021-04-03
5316,scanner,electronics,815.55,10,8155.5,ibadan,taiwo,2021-04-26
5317,chair,furniture,861.6,12,10339.2,kwara,tolu,2021-02-22
5318,desktops,electronics,983.98,1,983.98,ibadan,Ini,2021-02-25
5319,desk,furniture,1349.01,50,67450.5,kwara,sola,2020-01-17
5320,printer,electronics,1429.79,48,68629.92,kogi,josh,2021-01-18
5321,laptop,electronics,1062.97,80,85037.6,abuja,taiwo,2020-06-17
5322,monitor,electronics,1389.48,1,1389.48,abia,sola,2020-07-09
5323,chair,furniture,857.17,37,31715.29,lagos,josh,2020-10-11
5324,chair,furniture,1367.21,80,109376.8,kwara,mike,2020-06-27
5325,keyboard,electronics,152.83,8,1222.64,akure,moji,2020-08-09
5326,mouse,electronics,1073.23,49,52588.27,lagos,taiwo,2021-05-11
5327,scanner,electronics,913.11,32,29219.52,katsina,dayo,2020-04-02
5328,scanner,electronics,918.49,95,87256.55,kwara,josh,2020-06-20
5329,scanner,electronics,921.31,39,35931.09,kano,martins,2020-07-11
5330,printer,electronics,1219.3,37,45114.1,abuja,martins,2020-06-19
5331,monitor,electronics,1570.52,62,97372.24,ogun,abdul,2020-12-31
5332,mouse,electronics,1083.8,96,104044.8,ogun,mike,2021-02-27
5333,scanner,electronics,1852.83,64,118581.12,enugu,taiwo,2020-04-07
5334,monitor,electronics,198.54,27,5360.58,akure,moji,2021-06-01
5335,monitor,electronics,37.15,46,1708.9,kwara,josh,2020-07-19
5336,scanner,electronics,1803.39,54,97383.06,imo,josh,2020-03-21
5337,printer,electronics,435.87,80,34869.6,kwara,dayo,2021-01-08
5338,keyboard,electronics,1393.66,63,87800.58,kwara,emeka,2020-12-01
5339,printer,electronics,1756.11,80,140488.8,lagos,emeka,2021-06-19
5340,scanner,electronics,1417.65,87,123335.55,imo,moji,2020-06-23
5341,desktops,electronics,1958.83,43,84229.69,akure,dayo,2020-04-23
5342,desk,furniture,932.22,98,91357.56,osun,sola,2020-08-08
5343,desktops,electronics,426.96,13,5550.48,osun,abdul,2020-11-14
5344,desktops,electronics,1529.17,74,113158.58,abuja,dayo,2020-02-12
5345,laptop,electronics,1985.65,69,137009.85,abuja,taiwo,2021-01-29
5346,monitor,electronics,533.05,91,48507.55,osun,sola,2020-11-15
5347,keyboard,electronics,223.54,78,17436.12,akure,emeka,2021-04-19
5348,monitor,electronics,1956.59,7,13696.13,osun,moji,2020-06-26
5349,mouse,electronics,1039.72,20,20794.4,enugu,abdul,2020-10-29
5350,mouse,electronics,1980.49,38,75258.62,abia,mike,2020-03-31
5351,monitor,electronics,513.93,43,22098.99,ogun,josh,2021-01-06
5352,monitor,electronics,1700.97,9,15308.73,akure,abdul,2020-02-09
5353,monitor,electronics,136.59,40,5463.6,ibadan,martins,2021-04-05
5354,chair,furniture,1074.99,86,92449.14,abia,moji,2020-02-18
5355,flashdrives,electronics,1999.64,95,189965.8,kogi,josh,2020-11-06
5356,printer,electronics,653.14,53,34616.42,abia,mike,2020-08-31
5357,scanner,electronics,664.56,39,25917.84,abuja,dayo,2020-07-07
5358,flashdrives,electronics,1190.2,19,22613.8,kogi,emeka,2020-09-30
5359,printer,electronics,322.35,54,17406.9,ibadan,tolu,2020-03-25
5360,flashdrives,electronics,1836.37,14,25709.18,lagos,mike,2020-04-17
5361,desk,furniture,1964.76,49,96273.24,abia,emeka,2020-04-05
5362,laptop,electronics,136.57,97,13247.29,abia,dayo,2020-05-15
5363,keyboard,electronics,1335.02,18,24030.36,imo,moji,2021-02-18
5364,desktops,electronics,299.96,65,19497.4,kano,sola,2020-03-26
5365,chair,furniture,724.56,82,59413.92,kogi,sola,2021-01-25
5366,flashdrives,electronics,1145.59,49,56133.91,kano,martins,2020-07-17
5367,scanner,electronics,1003.21,91,91292.11,abuja,martins,2020-01-12
5368,printer,electronics,1146.03,18,20628.54,ogun,tolu,2020-12-26
5369,chair,furniture,276.42,17,4699.14,kwara,tolu,2021-04-11
5370,laptop,electronics,1412.85,21,29669.85,kano,martins,2020-02-17
5371,chair,furniture,1827.48,35,63961.8,kwara,josh,2021-05-20
5372,keyboard,electronics,523.1,25,13077.5,kwara,Ini,2020-05-05
5373,keyboard,electronics,1227.92,12,14735.04,ibadan,josh,2020-07-09
5374,laptop,electronics,675.74,66,44598.84,imo,tolu,2020-01-24
5375,keyboard,electronics,1828.78,67,122528.26,kogi,martins,2021-01-24
5376,laptop,electronics,590.31,4,2361.24,kano,sola,2020-09-25
5377,laptop,electronics,848.65,46,39037.9,ibadan,Ini,2020-09-26
5378,chair,furniture,1910.15,52,99327.8,abia,emeka,2020-12-15
5379,laptop,electronics,1441.67,3,4325.01,ibadan,moji,2021-05-29
5380,flashdrives,electronics,1020.02,56,57121.12,kogi,taiwo,2020-07-28
5381,laptop,electronics,205.66,50,10283.0,akure,tolu,2020-12-28
5382,desk,furniture,1614.41,29,46817.89,kwara,dayo,2021-05-18
5383,desktops,electronics,1027.15,66,67791.9,enugu,mike,2020-12-21
5384,desk,furniture,1400.57,79,110645.03,osun,abdul,2020-03-16
5385,monitor,electronics,790.92,7,5536.44,kogi,tolu,2020-05-11
5386,keyboard,electronics,1689.82,3,5069.46,abuja,moji,2020-07-17
5387,desktops,electronics,776.74,36,27962.64,enugu,emeka,2020-10-10
5388,chair,furniture,1807.05,11,19877.55,imo,emeka,2020-01-16
5389,monitor,electronics,1027.7,27,27747.9,akure,moji,2020-09-19
5390,desktops,electronics,1181.99,98,115835.02,akure,abdul,2020-06-21
5391,flashdrives,electronics,593.9,10,5939.0,osun,moji,2020-09-22
5392,chair,furniture,1621.58,94,152428.52,lagos,josh,2020-08-26
5393,scanner,electronics,892.19,72,64237.68,katsina,emeka,2021-01-02
5394,mouse,electronics,1915.48,53,101520.44,enugu,abdul,2020-02-27
5395,flashdrives,electronics,676.13,29,19607.77,kano,tolu,2021-02-07
5396,chair,furniture,35.5,72,2556.0,ibadan,dayo,2021-06-13
5397,desk,furniture,1633.09,68,111050.12,abia,mike,2020-12-05
5398,desk,furniture,1383.76,20,27675.2,osun,sola,2021-01-11
5399,desktops,electronics,1333.83,21,28010.43,kwara,sola,2020-01-02
5400,mouse,electronics,1063.35,20,21267.0,katsina,josh,2020-08-02
5401,laptop,electronics,884.84,66,58399.44,kwara,josh,2021-03-13
5402,desktops,electronics,1460.44,88,128518.72,kogi,Ini,2021-02-23
5403,chair,furniture,1014.72,79,80162.88,kogi,taiwo,2020-11-27
5404,desktops,electronics,453.25,35,15863.75,abia,taiwo,2020-11-29
5405,flashdrives,electronics,960.39,19,18247.41,abuja,abdul,2020-12-31
5406,monitor,electronics,180.7,62,11203.4,akure,josh,2020-12-03
5407,flashdrives,electronics,1264.45,65,82189.25,abia,emeka,2021-05-15
5408,scanner,electronics,1084.15,59,63964.85,ibadan,moji,2020-03-06
5409,scanner,electronics,1942.05,50,97102.5,ogun,sola,2021-03-14
5410,chair,furniture,660.0,16,10560.0,abia,tolu,2020-04-30
5411,flashdrives,electronics,1245.26,55,68489.3,ibadan,josh,2020-08-17
5412,scanner,electronics,1233.99,46,56763.54,imo,josh,2020-03-14
5413,printer,electronics,1561.73,56,87456.88,ibadan,moji,2021-02-16
5414,chair,furniture,1068.19,55,58750.45,katsina,martins,2020-02-21
5415,flashdrives,electronics,1911.72,45,86027.4,abia,dayo,2020-07-07
5416,laptop,electronics,1673.44,51,85345.44,imo,abdul,2020-02-08
5417,mouse,electronics,1522.03,42,63925.26,osun,Ini,2020-06-07
5418,keyboard,electronics,1845.49,19,35064.31,kano,dayo,2020-10-14
5419,desktops,electronics,1587.92,28,44461.76,ibadan,tolu,2020-06-20
5420,chair,furniture,775.51,71,55061.21,lagos,emeka,2021-06-16
5421,scanner,electronics,883.07,89,78593.23,lagos,moji,2021-06-02
5422,laptop,electronics,563.7,27,15219.9,katsina,taiwo,2020-01-06
5423,mouse,electronics,1680.24,43,72250.32,katsina,Ini,2020-09-04
5424,printer,electronics,1593.23,68,108339.64,kogi,mike,2021-05-12
5425,mouse,electronics,1858.52,42,78057.84,ibadan,taiwo,2021-03-02
5426,laptop,electronics,703.2,75,52740.0,kano,mike,2020-02-11
5427,flashdrives,electronics,1783.25,63,112344.75,ibadan,mike,2020-05-21
5428,chair,furniture,289.35,81,23437.35,akure,abdul,2021-02-08
5429,scanner,electronics,1255.62,9,11300.58,abuja,emeka,2020-06-05
5430,desktops,electronics,1645.6,45,74052.0,kogi,Ini,2020-06-06
5431,desktops,electronics,741.57,6,4449.42,kano,moji,2020-12-31
5432,printer,electronics,1450.86,84,121872.24,ogun,abdul,2020-09-08
5433,laptop,electronics,1353.68,59,79867.12,akure,josh,2020-05-22
5434,mouse,electronics,1830.09,50,91504.5,kano,mike,2020-09-23
5435,monitor,electronics,1885.94,48,90525.12,kogi,Ini,2021-06-08
5436,scanner,electronics,591.37,51,30159.87,lagos,Ini,2020-01-23
5437,chair,furniture,1663.67,11,18300.37,ogun,emeka,2020-04-12
5438,flashdrives,electronics,1019.65,59,60159.35,enugu,josh,2021-01-14
5439,mouse,electronics,323.29,87,28126.23,abia,taiwo,2020-11-02
5440,mouse,electronics,1591.06,78,124102.68,imo,sola,2020-12-13
5441,monitor,electronics,1350.92,55,74300.6,ibadan,emeka,2020-07-01
5442,desktops,electronics,1523.48,98,149301.04,katsina,dayo,2020-12-10
5443,flashdrives,electronics,962.22,57,54846.54,enugu,mike,2020-12-24
5444,desk,furniture,1564.66,75,117349.5,lagos,Ini,2020-01-20
5445,printer,electronics,665.76,93,61915.68,osun,taiwo,2020-08-03
5446,scanner,electronics,460.86,99,45625.14,kogi,dayo,2021-04-27
5447,chair,furniture,221.66,53,11747.98,imo,emeka,2020-06-27
5448,keyboard,electronics,1457.33,75,109299.75,ibadan,emeka,2020-02-25
5449,chair,furniture,821.73,89,73133.97,katsina,taiwo,2020-04-25
5450,printer,electronics,436.81,76,33197.56,enugu,Ini,2020-05-07
5451,laptop,electronics,1334.7,15,20020.5,abuja,josh,2020-09-15
5452,chair,furniture,920.61,30,27618.3,imo,taiwo,2020-09-26
5453,monitor,electronics,1333.16,85,113318.6,ibadan,dayo,2021-05-10
5454,keyboard,electronics,362.44,47,17034.68,enugu,dayo,2020-12-10
5455,desk,furniture,524.03,29,15196.87,akure,taiwo,2021-05-14
5456,scanner,electronics,208.56,69,14390.64,akure,tolu,2021-01-18
5457,chair,furniture,443.71,86,38159.06,akure,sola,2020-08-31
5458,keyboard,electronics,1082.09,48,51940.32,akure,dayo,2020-01-19
5459,flashdrives,electronics,1575.8,45,70911.0,enugu,emeka,2020-11-04
5460,chair,furniture,737.01,65,47905.65,abuja,tolu,2021-02-22
5461,desk,furniture,107.74,68,7326.32,imo,taiwo,2020-04-30
5462,monitor,electronics,832.88,31,25819.28,katsina,tolu,2020-11-05
5463,chair,furniture,23.72,3,71.16,enugu,moji,2020-09-14
5464,desk,furniture,1617.59,57,92202.63,ogun,moji,2020-09-17
5465,chair,furniture,1345.49,63,84765.87,abia,abdul,2020-10-24
5466,mouse,electronics,1120.82,92,103115.44,akure,emeka,2020-12-14
5467,laptop,electronics,1046.04,28,29289.12,enugu,taiwo,2021-01-16
5468,desk,furniture,93.42,60,5605.2,lagos,abdul,2021-02-01
5469,mouse,electronics,58.2,59,3433.8,akure,emeka,2020-02-01
5470,laptop,electronics,1520.8,57,86685.6,abia,martins,2021-01-27
5471,chair,furniture,1154.1,83,95790.3,ibadan,emeka,2020-02-04
5472,chair,furniture,1095.13,90,98561.7,osun,sola,2020-11-16
5473,printer,electronics,1366.21,51,69676.71,abia,sola,2020-04-22
5474,printer,electronics,1165.04,100,116504.0,katsina,tolu,2021-03-10
5475,chair,furniture,815.57,32,26098.24,akure,abdul,2021-03-14
5476,chair,furniture,1999.72,48,95986.56,ogun,josh,2021-06-23
5477,flashdrives,electronics,826.89,63,52094.07,lagos,Ini,2020-05-11
5478,keyboard,electronics,1077.28,28,30163.84,ibadan,moji,2020-08-06
5479,monitor,electronics,1605.67,14,22479.38,imo,abdul,2020-01-08
5480,mouse,electronics,558.77,7,3911.39,osun,Ini,2020-11-13
5481,keyboard,electronics,995.15,40,39806.0,osun,abdul,2021-03-18
5482,desk,furniture,1705.11,29,49448.19,akure,Ini,2021-02-27
5483,chair,furniture,1541.88,9,13876.92,abia,taiwo,2021-06-16
5484,laptop,electronics,408.11,99,40402.89,ogun,martins,2020-02-22
5485,chair,furniture,1353.62,30,40608.6,imo,josh,2021-03-23
5486,printer,electronics,1130.23,20,22604.6,kogi,martins,2021-06-09
5487,keyboard,electronics,1949.13,44,85761.72,kano,tolu,2021-03-01
5488,monitor,electronics,1795.91,61,109550.51,imo,emeka,2020-09-27
5489,mouse,electronics,300.15,65,19509.75,imo,dayo,2021-02-03
5490,desk,furniture,1879.17,14,26308.38,abuja,sola,2020-05-11
5491,monitor,electronics,1597.59,22,35146.98,abuja,taiwo,2020-06-19
5492,printer,electronics,1736.14,49,85070.86,abuja,moji,2021-05-15
5493,desktops,electronics,1143.87,19,21733.53,akure,emeka,2020-11-09
5494,desk,furniture,1953.96,98,191488.08,akure,Ini,2020-09-27
5495,scanner,electronics,767.53,48,36841.44,abia,abdul,2020-07-04
5496,printer,electronics,1379.15,41,56545.15,ibadan,taiwo,2020-03-19
5497,mouse,electronics,1051.13,99,104061.87,abia,dayo,2020-12-16
5498,mouse,electronics,443.38,58,25716.04,katsina,dayo,2020-01-19
5499,printer,electronics,305.88,27,8258.76,kwara,tolu,2020-04-12
5500,flashdrives,electronics,448.45,93,41705.85,kogi,dayo,2020-11-04
5501,mouse,electronics,1083.37,36,39001.32,enugu,moji,2020-09-23
5502,desk,furniture,1348.11,22,29658.42,lagos,moji,2020-09-24
5503,desktops,electronics,502.78,32,16088.96,akure,taiwo,2020-03-02
5504,mouse,electronics,240.36,57,13700.52,kano,dayo,2020-07-31
5505,desk,furniture,42.61,1,42.61,kwara,Ini,2021-02-08
5506,scanner,electronics,948.05,62,58779.1,lagos,emeka,2020-01-11
5507,desk,furniture,1329.57,62,82433.34,kogi,moji,2020-08-30
5508,chair,furniture,766.89,95,72854.55,osun,josh,2020-01-03
5509,chair,furniture,853.71,62,52930.02,abia,moji,2021-03-02
5510,keyboard,electronics,1917.75,64,122736.0,kano,martins,2020-10-15
5511,desktops,electronics,1056.63,67,70794.21,kogi,dayo,2020-02-20
5512,scanner,electronics,223.9,50,11195.0,osun,abdul,2020-02-15
5513,monitor,electronics,1774.38,86,152596.68,kano,mike,2020-10-31
5514,printer,electronics,1595.77,33,52660.41,osun,mike,2021-04-23
5515,scanner,electronics,236.19,79,18659.01,abuja,mike,2020-02-07
5516,printer,electronics,1441.49,88,126851.12,imo,abdul,2020-01-21
5517,desk,furniture,1573.56,33,51927.48,imo,emeka,2020-02-03
5518,flashdrives,electronics,1444.25,97,140092.25,enugu,tolu,2020-01-16
5519,monitor,electronics,610.77,44,26873.88,ogun,moji,2021-04-06
5520,laptop,electronics,264.3,9,2378.7,abia,josh,2020-04-12
5521,monitor,electronics,806.27,70,56438.9,kano,emeka,2021-02-04
5522,chair,furniture,1909.88,60,114592.8,ibadan,sola,2020-04-30
5523,printer,electronics,1846.1,9,16614.9,osun,abdul,2021-02-11
5524,keyboard,electronics,1566.3,44,68917.2,kano,mike,2020-01-04
5525,keyboard,electronics,364.98,55,20073.9,osun,martins,2021-06-06
5526,chair,furniture,746.34,36,26868.24,kwara,martins,2020-05-24
5527,flashdrives,electronics,479.17,99,47437.83,akure,dayo,2020-08-24
5528,desktops,electronics,1658.56,25,41464.0,ogun,emeka,2020-03-25
5529,laptop,electronics,828.34,58,48043.72,katsina,josh,2020-03-27
5530,chair,furniture,636.77,33,21013.41,kogi,emeka,2020-08-10
5531,printer,electronics,261.79,21,5497.59,abia,moji,2020-11-07
5532,laptop,electronics,1816.55,98,178021.9,abuja,sola,2020-09-07
5533,monitor,electronics,191.83,43,8248.69,akure,dayo,2021-05-08
5534,flashdrives,electronics,1164.81,29,33779.49,akure,emeka,2021-04-09
5535,mouse,electronics,995.71,64,63725.44,abuja,Ini,2020-01-28
5536,monitor,electronics,84.66,53,4486.98,kwara,Ini,2020-02-28
5537,flashdrives,electronics,620.86,17,10554.62,ibadan,mike,2020-01-05
5538,printer,electronics,204.58,51,10433.58,ibadan,dayo,2020-08-25
5539,desktops,electronics,1189.38,27,32113.26,katsina,Ini,2021-01-29
5540,desktops,electronics,532.56,97,51658.32,kwara,Ini,2021-02-17
5541,chair,furniture,940.28,86,80864.08,kogi,martins,2020-01-10
5542,desk,furniture,574.03,40,22961.2,akure,tolu,2021-04-10
5543,monitor,electronics,1688.66,82,138470.12,imo,Ini,2020-08-30
5544,laptop,electronics,470.74,23,10827.02,ibadan,emeka,2021-03-06
5545,chair,furniture,680.0,97,65960.0,enugu,taiwo,2020-12-14
5546,mouse,electronics,1563.37,39,60971.43,kwara,taiwo,2020-02-14
5547,flashdrives,electronics,620.87,57,35389.59,abia,abdul,2020-04-29
5548,desktops,electronics,203.6,45,9162.0,kogi,martins,2020-12-15
5549,scanner,electronics,341.15,7,2388.05,enugu,emeka,2021-01-03
5550,flashdrives,electronics,1441.88,39,56233.32,imo,Ini,2021-02-27
5551,mouse,electronics,228.27,7,1597.89,enugu,emeka,2021-04-29
5552,desk,furniture,627.21,58,36378.18,akure,taiwo,2020-12-25
5553,desk,furniture,696.01,20,13920.2,kwara,emeka,2021-04-11
5554,keyboard,electronics,349.51,88,30756.88,osun,abdul,2020-10-30
5555,desktops,electronics,688.95,88,60627.6,lagos,abdul,2020-01-11
5556,flashdrives,electronics,1024.79,88,90181.52,kogi,dayo,2020-12-23
5557,desk,furniture,42.59,56,2385.04,kogi,emeka,2020-07-05
5558,desk,furniture,154.01,67,10318.67,kano,mike,2021-05-02
5559,laptop,electronics,1257.1,57,71654.7,enugu,Ini,2021-03-25
5560,flashdrives,electronics,761.68,6,4570.08,imo,tolu,2020-07-29
5561,flashdrives,electronics,1138.7,53,60351.1,kano,mike,2020-08-16
5562,chair,furniture,947.5,24,22740.0,abia,Ini,2020-03-12
5563,mouse,electronics,129.24,57,7366.68,imo,abdul,2021-01-01
5564,mouse,electronics,277.43,77,21362.11,kogi,sola,2020-07-10
5565,laptop,electronics,825.6,84,69350.4,kano,taiwo,2020-07-25
5566,keyboard,electronics,479.02,88,42153.76,imo,abdul,2020-02-23
5567,keyboard,electronics,447.04,76,33975.04,katsina,taiwo,2020-10-13
5568,desk,furniture,64.66,52,3362.32,abia,martins,2021-01-21
5569,flashdrives,electronics,1970.12,34,66984.08,abia,abdul,2020-01-03
5570,desk,furniture,1231.7,84,103462.8,kano,abdul,2020-12-15
5571,chair,furniture,1084.62,51,55315.62,akure,sola,2020-11-08
5572,mouse,electronics,290.35,44,12775.4,katsina,Ini,2020-02-19
5573,laptop,electronics,1575.23,34,53557.82,ibadan,dayo,2020-12-10
5574,scanner,electronics,1072.78,100,107278.0,akure,abdul,2020-04-19
5575,mouse,electronics,1924.46,81,155881.26,imo,dayo,2020-01-11
5576,scanner,electronics,350.1,45,15754.5,ibadan,sola,2020-01-07
5577,printer,electronics,510.21,57,29081.97,kogi,taiwo,2020-05-15
5578,printer,electronics,679.38,4,2717.52,enugu,dayo,2021-03-10
5579,desktops,electronics,1069.47,58,62029.26,kwara,mike,2020-01-29
5580,keyboard,electronics,103.25,93,9602.25,osun,sola,2020-06-21
5581,mouse,electronics,513.23,10,5132.3,enugu,martins,2020-04-05
5582,flashdrives,electronics,1938.3,42,81408.6,kwara,mike,2021-02-28
5583,monitor,electronics,1903.81,100,190381.0,osun,tolu,2020-05-14
5584,desktops,electronics,1626.0,73,118698.0,kwara,Ini,2020-06-12
5585,desktops,electronics,1004.18,90,90376.2,abuja,taiwo,2020-06-10
5586,scanner,electronics,1143.42,53,60601.26,kano,emeka,2020-04-25
5587,chair,furniture,1833.11,74,135650.14,kogi,taiwo,2020-11-03
5588,mouse,electronics,865.68,31,26836.08,katsina,sola,2021-06-02
5589,laptop,electronics,952.59,3,2857.77,akure,moji,2020-02-12
5590,keyboard,electronics,1063.6,40,42544.0,akure,tolu,2020-03-22
5591,keyboard,electronics,1879.21,19,35704.99,ogun,sola,2020-01-04
5592,mouse,electronics,1451.85,63,91466.55,akure,taiwo,2021-01-10
5593,scanner,electronics,152.31,36,5483.16,kwara,Ini,2020-05-20
5594,mouse,electronics,130.0,35,4550.0,kogi,mike,2020-05-14
5595,chair,furniture,652.69,95,62005.55,lagos,moji,2020-12-30
5596,keyboard,electronics,823.39,88,72458.32,osun,Ini,2020-09-15
5597,scanner,electronics,358.2,7,2507.4,katsina,mike,2020-02-26
5598,chair,furniture,1078.42,99,106763.58,akure,taiwo,2020-07-12
5599,monitor,electronics,46.53,48,2233.44,kwara,Ini,2020-05-25
5600,monitor,electronics,1383.81,28,38746.68,kogi,dayo,2020-01-11
5601,desk,furniture,116.97,12,1403.64,ibadan,josh,2021-04-01
5602,flashdrives,electronics,323.99,18,5831.82,kogi,Ini,2020-03-18
5603,scanner,electronics,1488.22,69,102687.18,akure,dayo,2020-04-12
5604,flashdrives,electronics,1275.85,1,1275.85,abuja,josh,2020-02-15
5605,mouse,electronics,1139.68,64,72939.52,osun,Ini,2020-05-15
5606,laptop,electronics,1242.5,45,55912.5,abuja,emeka,2020-05-13
5607,laptop,electronics,255.93,72,18426.96,kano,dayo,2020-12-27
5608,keyboard,electronics,491.78,91,44751.98,kano,emeka,2021-04-05
5609,laptop,electronics,1666.05,74,123287.7,ogun,abdul,2021-05-03
5610,flashdrives,electronics,694.12,21,14576.52,osun,moji,2020-12-17
5611,desktops,electronics,1930.04,81,156333.24,akure,josh,2020-05-07
5612,mouse,electronics,870.13,28,24363.64,imo,emeka,2021-03-30
5613,mouse,electronics,579.2,22,12742.4,lagos,Ini,2020-12-08
5614,chair,furniture,619.35,15,9290.25,imo,taiwo,2020-07-06
5615,scanner,electronics,1131.35,60,67881.0,katsina,emeka,2021-02-25
5616,keyboard,electronics,783.25,45,35246.25,osun,moji,2021-06-13
5617,desktops,electronics,490.71,9,4416.39,kano,taiwo,2021-04-26
5618,chair,furniture,486.56,83,40384.48,kogi,Ini,2021-05-06
5619,keyboard,electronics,1766.1,34,60047.4,ibadan,abdul,2020-11-09
5620,monitor,electronics,1266.74,44,55736.56,ibadan,emeka,2021-04-18
5621,desktops,electronics,1000.91,78,78070.98,kogi,josh,2021-05-02
5622,mouse,electronics,688.37,52,35795.24,imo,taiwo,2020-08-16
5623,desktops,electronics,1735.77,83,144068.91,lagos,sola,2020-02-18
5624,monitor,electronics,555.02,69,38296.38,ogun,martins,2020-10-30
5625,keyboard,electronics,600.16,75,45012.0,kogi,martins,2020-02-01
5626,laptop,electronics,1143.9,2,2287.8,osun,moji,2021-03-05
5627,printer,electronics,976.2,62,60524.4,kogi,sola,2020-10-21
5628,keyboard,electronics,822.92,89,73239.88,imo,sola,2020-05-08
5629,printer,electronics,538.16,20,10763.2,lagos,abdul,2021-02-26
5630,flashdrives,electronics,477.24,77,36747.48,imo,moji,2020-10-01
5631,laptop,electronics,1826.49,87,158904.63,akure,sola,2021-04-22
5632,monitor,electronics,235.29,91,21411.39,abuja,Ini,2020-07-07
5633,keyboard,electronics,804.08,9,7236.72,ibadan,Ini,2020-12-02
5634,desk,furniture,1151.72,2,2303.44,lagos,tolu,2020-03-08
5635,desktops,electronics,546.47,79,43171.13,imo,abdul,2020-08-10
5636,printer,electronics,1229.42,95,116794.9,ibadan,Ini,2020-11-09
5637,keyboard,electronics,332.67,69,22954.23,ogun,abdul,2020-11-26
5638,flashdrives,electronics,846.17,54,45693.18,abia,Ini,2021-05-03
5639,mouse,electronics,1966.22,32,62919.04,osun,martins,2020-06-21
5640,keyboard,electronics,873.93,21,18352.53,abia,taiwo,2021-04-21
5641,monitor,electronics,817.31,2,1634.62,lagos,abdul,2020-05-26
5642,flashdrives,electronics,1134.28,74,83936.72,lagos,tolu,2020-02-26
5643,desk,furniture,615.22,59,36297.98,kogi,moji,2020-11-15
5644,scanner,electronics,308.38,65,20044.7,enugu,abdul,2020-11-28
5645,printer,electronics,534.42,7,3740.94,abia,taiwo,2020-06-29
5646,monitor,electronics,267.38,80,21390.4,enugu,emeka,2020-05-27
5647,laptop,electronics,1474.72,57,84059.04,akure,taiwo,2020-08-18
5648,flashdrives,electronics,408.98,30,12269.4,ogun,emeka,2021-02-13
5649,flashdrives,electronics,58.06,41,2380.46,katsina,tolu,2020-07-06
5650,printer,electronics,365.54,61,22297.94,kwara,abdul,2020-12-08
5651,chair,furniture,412.29,66,27211.14,abuja,abdul,2020-09-09
5652,laptop,electronics,1869.82,30,56094.6,ibadan,josh,2020-09-11
5653,monitor,electronics,119.94,30,3598.2,kogi,taiwo,2020-04-13
5654,keyboard,electronics,322.0,98,31556.0,enugu,taiwo,2020-01-23
5655,flashdrives,electronics,1086.69,25,27167.25,abia,Ini,2020-06-10
5656,laptop,electronics,498.62,45,22437.9,lagos,josh,2020-03-15
5657,desk,furniture,115.43,32,3693.76,kano,josh,2020-04-08
5658,laptop,electronics,985.2,12,11822.4,akure,josh,2020-11-28
5659,desktops,electronics,1721.21,7,12048.47,imo,emeka,2020-09-30
5660,laptop,electronics,561.3,20,11226.0,ogun,tolu,2020-11-02
5661,printer,electronics,798.68,10,7986.8,abuja,emeka,2020-06-09
5662,printer,electronics,1629.76,12,19557.12,kano,josh,2020-08-26
5663,desktops,electronics,1605.55,5,8027.75,enugu,dayo,2020-03-18
5664,flashdrives,electronics,200.44,32,6414.08,abia,josh,2020-01-22
5665,printer,electronics,1436.68,29,41663.72,abia,taiwo,2020-09-17
5666,mouse,electronics,1240.61,61,75677.21,abuja,josh,2021-05-24
5667,printer,electronics,728.73,16,11659.68,kogi,mike,2020-08-24
5668,keyboard,electronics,1918.41,81,155391.21,ogun,sola,2020-10-11
5669,desk,furniture,507.14,56,28399.84,abuja,mike,2020-05-17
5670,mouse,electronics,1349.27,69,93099.63,ogun,josh,2021-03-18
5671,monitor,electronics,645.57,2,1291.14,imo,martins,2021-04-14
5672,desk,furniture,1880.3,41,77092.3,lagos,taiwo,2020-06-06
5673,laptop,electronics,642.5,72,46260.0,ogun,mike,2021-05-27
5674,printer,electronics,1341.94,54,72464.76,osun,Ini,2021-04-16
5675,mouse,electronics,626.02,88,55089.76,katsina,mike,2020-01-25
5676,desktops,electronics,103.23,98,10116.54,osun,martins,2020-04-21
5677,laptop,electronics,175.72,37,6501.64,imo,mike,2020-04-08
5678,laptop,electronics,1470.71,77,113244.67,kano,Ini,2021-06-09
5679,desktops,electronics,1011.66,13,13151.58,kwara,emeka,2020-07-31
5680,laptop,electronics,576.47,51,29399.97,ogun,moji,2021-01-30
5681,monitor,electronics,1118.63,15,16779.45,kogi,dayo,2021-04-29
5682,desktops,electronics,1473.04,12,17676.48,kwara,tolu,2020-12-27
5683,desk,furniture,1863.31,6,11179.86,akure,tolu,2020-02-06
5684,flashdrives,electronics,775.98,52,40350.96,imo,dayo,2020-06-13
5685,desk,furniture,967.69,68,65802.92,lagos,martins,2021-05-05
5686,keyboard,electronics,1434.78,21,30130.38,lagos,tolu,2020-04-24
5687,scanner,electronics,905.91,81,73378.71,katsina,Ini,2020-08-03
5688,printer,electronics,851.55,3,2554.65,enugu,dayo,2020-08-16
5689,laptop,electronics,1919.67,29,55670.43,lagos,mike,2021-03-30
5690,desktops,electronics,1525.27,75,114395.25,ogun,emeka,2021-01-15
5691,mouse,electronics,1290.26,45,58061.7,ibadan,emeka,2020-07-28
5692,desk,furniture,933.67,11,10270.37,ibadan,mike,2021-05-07
5693,scanner,electronics,1137.31,56,63689.36,kogi,dayo,2021-06-11
5694,desk,furniture,909.89,9,8189.01,kwara,josh,2021-05-18
5695,mouse,electronics,186.32,39,7266.48,akure,mike,2020-02-16
5696,printer,electronics,1344.29,47,63181.63,kogi,abdul,2020-11-06
5697,monitor,electronics,1853.73,12,22244.76,kwara,martins,2021-03-25
5698,monitor,electronics,1185.37,19,22522.03,lagos,martins,2020-05-17
5699,printer,electronics,1067.93,45,48056.85,kogi,josh,2020-08-07
5700,monitor,electronics,1545.65,91,140654.15,enugu,Ini,2020-09-04
5701,laptop,electronics,1360.47,13,17686.11,kogi,Ini,2021-05-07
5702,mouse,electronics,1191.97,21,25031.37,kogi,moji,2021-01-15
5703,scanner,electronics,1104.06,87,96053.22,kano,martins,2020-04-15
5704,keyboard,electronics,539.99,8,4319.92,kano,josh,2020-10-24
5705,printer,electronics,656.07,85,55765.95,lagos,josh,2020-10-29
5706,flashdrives,electronics,1985.25,65,129041.25,abia,martins,2020-08-01
5707,flashdrives,electronics,1696.34,52,88209.68,ogun,Ini,2020-08-30
5708,desktops,electronics,1029.8,18,18536.4,ibadan,mike,2020-04-09
5709,desk,furniture,444.82,26,11565.32,imo,taiwo,2020-09-11
5710,desktops,electronics,455.12,86,39140.32,lagos,martins,2020-01-31
5711,flashdrives,electronics,177.35,29,5143.15,akure,sola,2020-11-10
5712,flashdrives,electronics,1874.94,3,5624.82,enugu,taiwo,2020-04-18
5713,chair,furniture,1983.35,73,144784.55,ogun,mike,2020-11-17
5714,scanner,electronics,838.36,50,41918.0,kano,dayo,2021-05-23
5715,monitor,electronics,731.27,67,48995.09,osun,mike,2020-06-09
5716,keyboard,electronics,686.91,58,39840.78,imo,josh,2021-02-17
5717,laptop,electronics,28.27,17,480.59,katsina,martins,2020-05-12
5718,monitor,electronics,1795.35,37,66427.95,lagos,josh,2021-01-26
5719,chair,furniture,914.18,14,12798.52,kano,josh,2020-03-21
5720,printer,electronics,1046.94,95,99459.3,lagos,taiwo,2020-04-14
5721,desktops,electronics,1704.66,22,37502.52,imo,dayo,2020-01-13
5722,printer,electronics,157.51,52,8190.52,kogi,martins,2020-04-27
5723,keyboard,electronics,450.67,17,7661.39,enugu,dayo,2020-10-27
5724,scanner,electronics,982.11,79,77586.69,lagos,emeka,2021-01-25
5725,monitor,electronics,844.24,42,35458.08,kano,Ini,2021-02-04
5726,flashdrives,electronics,659.46,71,46821.66,imo,taiwo,2020-11-06
5727,scanner,electronics,327.48,19,6222.12,kano,taiwo,2020-06-01
5728,scanner,electronics,1082.65,51,55215.15,katsina,moji,2020-09-07
5729,chair,furniture,484.72,10,4847.2,ibadan,josh,2020-02-12
5730,monitor,electronics,1887.18,15,28307.7,kwara,martins,2020-06-05
5731,desk,furniture,1364.5,81,110524.5,osun,moji,2020-09-26
5732,mouse,electronics,1216.48,32,38927.36,ogun,emeka,2021-02-22
5733,laptop,electronics,778.8,4,3115.2,ibadan,Ini,2020-04-04
5734,desktops,electronics,1144.36,96,109858.56,abuja,moji,2020-05-08
5735,printer,electronics,1697.06,49,83155.94,ogun,tolu,2020-05-26
5736,scanner,electronics,1458.04,53,77276.12,kwara,dayo,2020-08-04
5737,scanner,electronics,145.51,6,873.06,katsina,taiwo,2020-03-21
5738,scanner,electronics,204.61,97,19847.17,abuja,dayo,2020-04-16
5739,mouse,electronics,1888.86,72,135997.92,ogun,moji,2020-11-15
5740,laptop,electronics,1898.58,44,83537.52,abuja,abdul,2020-06-09
5741,printer,electronics,1279.64,57,72939.48,osun,tolu,2020-01-03
5742,scanner,electronics,637.4,5,3187.0,kwara,josh,2021-02-28
5743,laptop,electronics,1153.6,36,41529.6,imo,martins,2021-01-30
5744,chair,furniture,218.17,85,18544.45,kwara,Ini,2021-06-23
5745,monitor,electronics,157.03,26,4082.78,abuja,taiwo,2020-12-28
5746,desk,furniture,558.1,61,34044.1,kano,sola,2021-04-13
5747,printer,electronics,1329.56,61,81103.16,osun,taiwo,2020-02-25
5748,chair,furniture,1456.77,4,5827.08,katsina,abdul,2021-04-05
5749,scanner,electronics,531.38,81,43041.78,osun,emeka,2021-06-21
5750,chair,furniture,27.35,30,820.5,katsina,emeka,2020-04-19
5751,monitor,electronics,798.51,79,63082.29,ibadan,moji,2020-07-09
5752,desk,furniture,1927.67,10,19276.7,lagos,mike,2020-01-18
5753,monitor,electronics,352.3,98,34525.4,imo,Ini,2020-12-25
5754,monitor,electronics,1881.8,90,169362.0,ogun,dayo,2020-02-16
5755,printer,electronics,988.04,51,50390.04,katsina,moji,2020-02-07
5756,mouse,electronics,72.99,69,5036.31,osun,mike,2020-12-06
5757,scanner,electronics,825.87,13,10736.31,kano,josh,2020-08-19
5758,desk,furniture,94.15,37,3483.55,lagos,martins,2020-10-14
5759,chair,furniture,595.37,67,39889.79,kogi,Ini,2020-11-03
5760,desktops,electronics,769.57,82,63104.74,ogun,emeka,2021-06-15
5761,flashdrives,electronics,557.82,33,18408.06,kwara,moji,2021-04-23
5762,laptop,electronics,1798.4,32,57548.8,kogi,moji,2020-01-26
5763,laptop,electronics,1844.28,59,108812.52,imo,Ini,2020-01-05
5764,mouse,electronics,900.14,98,88213.72,katsina,tolu,2021-05-07
5765,printer,electronics,1156.76,40,46270.4,osun,abdul,2020-07-25
5766,laptop,electronics,899.42,14,12591.88,abuja,moji,2021-03-28
5767,mouse,electronics,1155.99,98,113287.02,kogi,martins,2020-02-07
5768,scanner,electronics,1239.85,22,27276.7,abuja,taiwo,2020-10-20
5769,scanner,electronics,190.54,46,8764.84,akure,emeka,2021-03-09
5770,chair,furniture,573.05,30,17191.5,katsina,tolu,2021-06-15
5771,scanner,electronics,1333.91,94,125387.54,kogi,josh,2021-01-18
5772,keyboard,electronics,473.05,14,6622.7,enugu,tolu,2020-01-28
5773,monitor,electronics,1459.25,47,68584.75,katsina,martins,2020-02-26
5774,scanner,electronics,1242.03,75,93152.25,osun,sola,2021-01-28
5775,desk,furniture,1960.29,28,54888.12,abia,mike,2020-04-24
5776,flashdrives,electronics,965.69,59,56975.71,katsina,moji,2021-04-10
5777,monitor,electronics,1923.83,39,75029.37,imo,mike,2020-06-07
5778,scanner,electronics,1023.0,92,94116.0,abia,sola,2020-07-19
5779,desktops,electronics,1648.91,68,112125.88,kogi,josh,2020-09-06
5780,flashdrives,electronics,323.8,62,20075.6,ogun,mike,2021-04-09
5781,mouse,electronics,536.33,11,5899.63,katsina,taiwo,2020-07-24
5782,mouse,electronics,1791.2,62,111054.4,osun,mike,2021-03-26
5783,laptop,electronics,872.23,47,40994.81,akure,dayo,2020-04-13
5784,chair,furniture,1747.97,41,71666.77,enugu,emeka,2020-05-08
5785,mouse,electronics,1764.06,16,28224.96,kogi,sola,2020-12-13
5786,laptop,electronics,798.54,76,60689.04,kwara,emeka,2020-07-11
5787,printer,electronics,1505.23,51,76766.73,ibadan,mike,2020-08-01
5788,flashdrives,electronics,1079.53,77,83123.81,enugu,martins,2020-04-14
5789,scanner,electronics,1331.99,81,107891.19,ogun,josh,2021-01-04
5790,chair,furniture,29.71,30,891.3,osun,abdul,2020-09-13
5791,keyboard,electronics,961.36,13,12497.68,abia,dayo,2021-02-08
5792,desk,furniture,1908.45,75,143133.75,kano,josh,2020-11-25
5793,keyboard,electronics,1216.59,84,102193.56,lagos,josh,2020-01-25
5794,flashdrives,electronics,1849.35,50,92467.5,lagos,martins,2020-02-19
5795,mouse,electronics,1571.87,15,23578.05,ogun,martins,2020-03-26
5796,printer,electronics,859.78,54,46428.12,abuja,emeka,2021-04-15
5797,monitor,electronics,1132.46,33,37371.18,imo,emeka,2021-06-10
5798,mouse,electronics,295.84,12,3550.08,katsina,martins,2020-02-18
5799,desktops,electronics,1033.75,84,86835.0,imo,abdul,2020-11-06
5800,desk,furniture,1667.77,80,133421.6,lagos,tolu,2021-02-18
5801,chair,furniture,273.16,87,23764.92,katsina,moji,2020-03-03
5802,scanner,electronics,1337.31,68,90937.08,abuja,Ini,2021-04-22
5803,monitor,electronics,1263.7,53,66976.1,akure,josh,2021-03-05
5804,mouse,electronics,1219.7,17,20734.9,abuja,dayo,2020-05-19
5805,keyboard,electronics,61.56,28,1723.68,imo,moji,2021-06-22
5806,desk,furniture,1647.46,16,26359.36,enugu,mike,2020-03-05
5807,monitor,electronics,1660.37,20,33207.4,katsina,mike,2020-09-25
5808,mouse,electronics,1386.75,56,77658.0,osun,abdul,2021-03-09
5809,desktops,electronics,394.76,81,31975.56,osun,emeka,2020-03-08
5810,desk,furniture,1698.28,56,95103.68,ibadan,martins,2020-09-06
5811,keyboard,electronics,466.15,74,34495.1,ogun,moji,2020-08-21
5812,keyboard,electronics,1955.47,18,35198.46,imo,dayo,2020-06-01
5813,desk,furniture,1613.99,14,22595.86,kano,mike,2020-09-03
5814,chair,furniture,1174.68,78,91625.04,osun,emeka,2020-11-24
5815,keyboard,electronics,1873.84,41,76827.44,kano,emeka,2021-02-28
5816,scanner,electronics,531.11,88,46737.68,kwara,taiwo,2020-09-11
5817,desk,furniture,1538.15,94,144586.1,kwara,mike,2021-06-03
5818,mouse,electronics,1746.77,15,26201.55,abuja,taiwo,2020-08-15
5819,monitor,electronics,111.74,33,3687.42,lagos,emeka,2021-06-16
5820,laptop,electronics,654.54,64,41890.56,enugu,moji,2020-12-07
5821,printer,electronics,1410.91,77,108640.07,ogun,tolu,2020-02-27
5822,desk,furniture,1403.23,22,30871.06,imo,Ini,2021-05-05
5823,flashdrives,electronics,123.22,46,5668.12,osun,moji,2020-06-04
5824,laptop,electronics,1432.21,35,50127.35,kogi,abdul,2021-04-24
5825,keyboard,electronics,250.14,23,5753.22,abia,mike,2021-02-08
5826,laptop,electronics,448.4,25,11210.0,akure,dayo,2020-10-31
5827,mouse,electronics,1079.67,1,1079.67,kano,emeka,2020-11-23
5828,printer,electronics,1322.63,76,100519.88,osun,Ini,2021-04-24
5829,monitor,electronics,1448.54,74,107191.96,katsina,emeka,2021-01-02
5830,chair,furniture,1708.38,41,70043.58,imo,josh,2020-03-10
5831,flashdrives,electronics,1924.11,19,36558.09,ibadan,Ini,2020-10-02
5832,mouse,electronics,165.51,62,10261.62,ogun,abdul,2021-02-04
5833,chair,furniture,43.46,91,3954.86,kwara,mike,2020-05-31
5834,printer,electronics,798.03,84,67034.52,enugu,mike,2020-04-16
5835,mouse,electronics,337.42,72,24294.24,ibadan,sola,2020-07-29
5836,monitor,electronics,80.65,2,161.3,kwara,martins,2021-01-05
5837,desk,furniture,1913.36,5,9566.8,abia,dayo,2020-05-29
5838,flashdrives,electronics,1928.73,81,156227.13,ibadan,tolu,2020-05-22
5839,desktops,electronics,943.35,22,20753.7,imo,moji,2020-02-10
5840,chair,furniture,1372.24,67,91940.08,kwara,abdul,2020-03-26
5841,keyboard,electronics,1280.62,30,38418.6,abia,mike,2020-12-27
5842,scanner,electronics,1098.64,20,21972.8,kano,martins,2021-04-28
5843,keyboard,electronics,33.04,79,2610.16,enugu,martins,2020-10-29
5844,keyboard,electronics,1098.64,33,36255.12,ogun,moji,2021-03-23
5845,keyboard,electronics,990.31,90,89127.9,kogi,abdul,2021-02-09
5846,printer,electronics,151.12,80,12089.6,abia,josh,2020-12-27
5847,printer,electronics,200.92,91,18283.72,lagos,martins,2021-01-07
5848,mouse,electronics,84.07,15,1261.05,osun,taiwo,2020-09-19
5849,keyboard,electronics,275.07,23,6326.61,katsina,martins,2020-01-14
5850,monitor,electronics,848.32,58,49202.56,kano,sola,2020-09-03
5851,printer,electronics,95.81,96,9197.76,ogun,dayo,2020-08-24
5852,laptop,electronics,1416.67,25,35416.75,ogun,taiwo,2020-05-25
5853,scanner,electronics,411.03,59,24250.77,akure,abdul,2020-04-27
5854,desk,furniture,1539.69,19,29254.11,kwara,martins,2020-04-24
5855,desk,furniture,1424.74,29,41317.46,abuja,mike,2021-03-12
5856,flashdrives,electronics,783.3,72,56397.6,enugu,tolu,2020-11-08
5857,laptop,electronics,512.48,1,512.48,ibadan,josh,2020-10-12
5858,scanner,electronics,147.27,3,441.81,kogi,moji,2021-03-22
5859,desk,furniture,542.53,60,32551.8,lagos,martins,2020-10-21
5860,scanner,electronics,1581.78,43,68016.54,kwara,martins,2020-04-12
5861,printer,electronics,1463.16,13,19021.08,enugu,mike,2020-11-02
5862,keyboard,electronics,1168.61,53,61936.33,abia,sola,2021-06-12
5863,laptop,electronics,1180.97,38,44876.86,abuja,moji,2021-01-02
5864,laptop,electronics,649.35,3,1948.05,ogun,emeka,2021-02-21
5865,flashdrives,electronics,1154.83,91,105089.53,kogi,moji,2020-07-18
5866,mouse,electronics,673.19,21,14136.99,abia,josh,2021-01-16
5867,keyboard,electronics,1402.3,90,126207.0,kano,sola,2020-02-19
5868,printer,electronics,1016.36,71,72161.56,katsina,Ini,2021-03-31
5869,scanner,electronics,485.32,35,16986.2,abia,martins,2020-11-09
5870,chair,furniture,1990.22,23,45775.06,akure,tolu,2020-07-22
5871,flashdrives,electronics,740.98,99,73357.02,abuja,moji,2020-04-28
5872,printer,electronics,1557.06,42,65396.52,akure,dayo,2021-03-21
5873,keyboard,electronics,936.75,91,85244.25,kwara,dayo,2020-06-30
5874,desk,furniture,99.95,11,1099.45,enugu,taiwo,2020-01-20
5875,monitor,electronics,59.35,46,2730.1,imo,dayo,2021-06-03
5876,laptop,electronics,1419.26,76,107863.76,enugu,moji,2021-03-18
5877,mouse,electronics,1602.56,40,64102.4,kano,sola,2020-08-13
5878,printer,electronics,1915.41,43,82362.63,abia,taiwo,2021-01-08
5879,flashdrives,electronics,1760.98,6,10565.88,akure,josh,2021-02-20
5880,chair,furniture,655.93,64,41979.52,osun,emeka,2020-03-31
5881,mouse,electronics,1367.63,58,79322.54,osun,dayo,2020-08-16
5882,laptop,electronics,1423.11,98,139464.78,akure,Ini,2021-02-25
5883,keyboard,electronics,895.46,33,29550.18,akure,tolu,2020-04-16
5884,mouse,electronics,1994.69,1,1994.69,kwara,emeka,2020-12-31
5885,desktops,electronics,1149.47,5,5747.35,imo,moji,2020-12-22
5886,keyboard,electronics,379.44,100,37944.0,katsina,abdul,2021-01-23
5887,desktops,electronics,1198.32,49,58717.68,lagos,martins,2021-06-10
5888,monitor,electronics,559.14,56,31311.84,ogun,moji,2020-05-13
5889,desktops,electronics,1278.53,67,85661.51,osun,emeka,2020-08-20
5890,laptop,electronics,1379.98,64,88318.72,ibadan,mike,2020-04-18
5891,mouse,electronics,1500.45,94,141042.3,osun,emeka,2021-05-05
5892,flashdrives,electronics,1770.04,77,136293.08,kano,Ini,2020-04-17
5893,printer,electronics,1397.94,7,9785.58,imo,abdul,2020-08-04
5894,desktops,electronics,1359.98,96,130558.08,kwara,dayo,2020-12-27
5895,keyboard,electronics,1036.46,94,97427.24,ogun,dayo,2021-06-08
5896,desk,furniture,1034.81,14,14487.34,kwara,taiwo,2020-08-28
5897,flashdrives,electronics,945.48,90,85093.2,katsina,martins,2020-01-09
5898,laptop,electronics,951.12,64,60871.68,osun,taiwo,2020-10-31
5899,scanner,electronics,639.01,88,56232.88,ogun,tolu,2020-09-15
5900,scanner,electronics,568.67,6,3412.02,enugu,mike,2020-06-23
5901,desk,furniture,288.17,82,23629.94,imo,josh,2020-10-18
5902,monitor,electronics,609.48,58,35349.84,akure,emeka,2020-04-21
5903,desk,furniture,81.37,94,7648.78,ibadan,abdul,2020-12-15
5904,flashdrives,electronics,1311.47,66,86557.02,katsina,emeka,2021-06-12
5905,printer,electronics,1910.51,82,156661.82,abia,emeka,2020-02-25
5906,chair,furniture,1628.5,91,148193.5,imo,emeka,2021-03-15
5907,printer,electronics,1022.44,41,41920.04,enugu,dayo,2020-08-16
5908,chair,furniture,673.13,86,57889.18,imo,dayo,2020-03-14
5909,desk,furniture,964.36,40,38574.4,katsina,taiwo,2020-02-09
5910,chair,furniture,1685.2,89,149982.8,katsina,martins,2021-03-29
5911,mouse,electronics,1616.61,60,96996.6,enugu,mike,2020-04-06
5912,monitor,electronics,646.28,4,2585.12,ogun,tolu,2020-01-03
5913,chair,furniture,1025.56,28,28715.68,kogi,emeka,2020-06-09
5914,keyboard,electronics,397.68,92,36586.56,abia,dayo,2020-11-25
5915,scanner,electronics,47.03,25,1175.75,kogi,emeka,2020-12-14
5916,keyboard,electronics,1908.79,43,82077.97,ogun,martins,2020-07-10
5917,monitor,electronics,192.26,18,3460.68,ogun,mike,2020-11-18
5918,monitor,electronics,334.07,31,10356.17,akure,tolu,2020-12-04
5919,mouse,electronics,583.79,58,33859.82,kano,taiwo,2020-02-24
5920,monitor,electronics,296.52,17,5040.84,katsina,taiwo,2021-05-08
5921,chair,furniture,168.18,55,9249.9,imo,emeka,2020-12-03
5922,laptop,electronics,1178.62,91,107254.42,akure,josh,2021-01-11
5923,printer,electronics,1395.82,6,8374.92,kano,martins,2020-02-11
5924,desk,furniture,244.82,33,8079.06,abuja,abdul,2021-03-04
5925,scanner,electronics,545.63,47,25644.61,osun,taiwo,2021-04-26
5926,desk,furniture,240.09,21,5041.89,abuja,dayo,2020-09-12
5927,flashdrives,electronics,204.62,82,16778.84,kano,Ini,2020-01-15
5928,desk,furniture,663.36,57,37811.52,abia,mike,2020-04-15
5929,keyboard,electronics,354.34,20,7086.8,kwara,tolu,2020-08-30
5930,laptop,electronics,742.06,38,28198.28,ibadan,mike,2020-12-27
5931,monitor,electronics,1348.97,33,44516.01,akure,josh,2020-11-27
5932,printer,electronics,1169.65,7,8187.55,kano,mike,2020-08-05
5933,printer,electronics,868.83,64,55605.12,enugu,Ini,2020-11-15
5934,monitor,electronics,479.53,18,8631.54,enugu,mike,2020-07-15
5935,flashdrives,electronics,1451.89,8,11615.12,ibadan,tolu,2021-02-24
5936,laptop,electronics,77.88,23,1791.24,abia,abdul,2021-02-13
5937,flashdrives,electronics,766.52,85,65154.2,kano,mike,2020-01-18
5938,keyboard,electronics,1894.95,24,45478.8,kano,martins,2021-03-30
5939,printer,electronics,1898.82,87,165197.34,lagos,mike,2020-04-16
5940,chair,furniture,1551.05,5,7755.25,kogi,tolu,2021-04-18
5941,laptop,electronics,1837.02,9,16533.18,akure,tolu,2020-04-20
5942,keyboard,electronics,96.57,27,2607.39,osun,abdul,2020-09-15
5943,scanner,electronics,1230.97,59,72627.23,kogi,emeka,2021-05-02
5944,keyboard,electronics,1826.48,49,89497.52,kano,moji,2020-07-17
5945,monitor,electronics,1514.72,30,45441.6,osun,tolu,2020-03-15
5946,flashdrives,electronics,331.95,49,16265.55,imo,tolu,2020-05-30
5947,mouse,electronics,24.84,44,1092.96,katsina,martins,2021-05-06
5948,mouse,electronics,336.04,54,18146.16,lagos,martins,2020-05-08
5949,keyboard,electronics,1031.6,84,86654.4,enugu,Ini,2020-10-13
5950,keyboard,electronics,918.98,7,6432.86,akure,taiwo,2020-11-27
5951,chair,furniture,1475.97,69,101841.93,enugu,sola,2020-05-28
5952,laptop,electronics,812.45,20,16249.0,kano,tolu,2021-06-14
5953,laptop,electronics,1920.77,22,42256.94,kogi,emeka,2020-02-24
5954,scanner,electronics,532.2,91,48430.2,kogi,josh,2021-05-30
5955,flashdrives,electronics,661.61,95,62852.95,ibadan,Ini,2021-02-22
5956,laptop,electronics,1692.39,54,91389.06,abia,martins,2021-03-12
5957,scanner,electronics,891.12,89,79309.68,ogun,taiwo,2020-12-16
5958,keyboard,electronics,736.34,28,20617.52,enugu,dayo,2021-04-21
5959,scanner,electronics,949.16,71,67390.36,kwara,taiwo,2020-01-15
5960,chair,furniture,27.13,90,2441.7,abia,emeka,2020-10-06
5961,desk,furniture,649.8,60,38988.0,enugu,martins,2021-03-20
5962,mouse,electronics,301.71,79,23835.09,kwara,dayo,2021-04-09
5963,keyboard,electronics,1100.6,20,22012.0,kogi,dayo,2020-03-03
5964,flashdrives,electronics,289.94,19,5508.86,kogi,tolu,2020-03-13
5965,desk,furniture,529.17,57,30162.69,lagos,martins,2020-12-15
5966,monitor,electronics,1734.06,10,17340.6,ogun,dayo,2021-03-10
5967,laptop,electronics,682.68,94,64171.92,abia,mike,2021-06-11
5968,laptop,electronics,1593.9,10,15939.0,abia,tolu,2021-02-15
5969,desk,furniture,625.12,61,38132.32,osun,josh,2020-03-06
5970,keyboard,electronics,943.1,68,64130.8,katsina,moji,2020-06-27
5971,scanner,electronics,284.4,88,25027.2,akure,abdul,2021-01-17
5972,scanner,electronics,184.75,52,9607.0,imo,martins,2020-03-27
5973,flashdrives,electronics,1215.78,79,96046.62,kwara,tolu,2020-09-24
5974,desktops,electronics,59.05,57,3365.85,lagos,moji,2021-04-27
5975,laptop,electronics,1390.44,100,139044.0,abia,tolu,2021-02-13
5976,chair,furniture,1747.0,14,24458.0,akure,sola,2020-02-10
5977,chair,furniture,945.33,14,13234.62,abia,martins,2021-04-27
5978,scanner,electronics,135.27,29,3922.83,katsina,mike,2021-01-16
5979,chair,furniture,1202.26,58,69731.08,abia,sola,2020-10-27
5980,desk,furniture,184.81,7,1293.67,akure,moji,2020-04-03
5981,laptop,electronics,1854.22,74,137212.28,lagos,martins,2021-04-25
5982,laptop,electronics,1634.18,64,104587.52,kwara,josh,2020-01-29
5983,keyboard,electronics,43.4,7,303.8,kano,josh,2020-10-22
5984,flashdrives,electronics,957.64,88,84272.32,imo,tolu,2020-08-23
5985,flashdrives,electronics,367.74,11,4045.14,lagos,tolu,2020-06-25
5986,flashdrives,electronics,1804.42,61,110069.62,akure,emeka,2021-04-29
5987,scanner,electronics,1303.88,87,113437.56,abia,tolu,2020-12-07
5988,monitor,electronics,1738.95,55,95642.25,akure,emeka,2021-04-07
5989,scanner,electronics,523.72,98,51324.56,kano,josh,2020-06-03
5990,desk,furniture,1332.95,88,117299.6,osun,taiwo,2020-06-18
5991,laptop,electronics,576.94,52,30000.88,ibadan,moji,2020-12-23
5992,monitor,electronics,892.8,6,5356.8,imo,tolu,2021-01-10
5993,mouse,electronics,1802.9,25,45072.5,katsina,Ini,2020-08-23
5994,chair,furniture,1583.04,97,153554.88,kogi,emeka,2021-04-03
5995,desk,furniture,1076.47,96,103341.12,ogun,mike,2020-01-05
5996,desktops,electronics,654.06,64,41859.84,imo,moji,2021-04-13
5997,scanner,electronics,1205.45,6,7232.7,imo,josh,2021-06-17
5998,scanner,electronics,1238.45,51,63160.95,kwara,dayo,2020-03-21
5999,scanner,electronics,560.28,79,44262.12,lagos,dayo,2020-02-29
6000,monitor,electronics,1912.89,44,84167.16,kwara,mike,2020-06-24
6001,scanner,electronics,1474.25,87,128259.75,akure,Ini,2020-09-18
6002,scanner,electronics,674.79,73,49259.67,osun,emeka,2021-03-23
6003,monitor,electronics,381.66,48,18319.68,imo,abdul,2020-11-20
6004,keyboard,electronics,1948.55,95,185112.25,osun,moji,2020-04-09
6005,mouse,electronics,199.25,8,1594.0,abia,dayo,2021-01-15
6006,mouse,electronics,1925.08,33,63527.64,kogi,tolu,2021-03-10
6007,desktops,electronics,1227.18,86,105537.48,abia,josh,2020-08-15
6008,keyboard,electronics,171.22,46,7876.12,osun,mike,2020-04-30
6009,desktops,electronics,1338.7,7,9370.9,ogun,Ini,2020-07-22
6010,scanner,electronics,1392.5,69,96082.5,lagos,martins,2020-06-08
6011,keyboard,electronics,1320.15,54,71288.1,ibadan,sola,2020-12-20
6012,flashdrives,electronics,1936.26,64,123920.64,ogun,sola,2020-01-09
6013,printer,electronics,1706.09,38,64831.42,kwara,sola,2021-06-13
6014,chair,furniture,1844.35,71,130948.85,abuja,emeka,2020-05-24
6015,mouse,electronics,1710.65,37,63294.05,enugu,tolu,2020-09-18
6016,flashdrives,electronics,1463.11,36,52671.96,enugu,taiwo,2021-01-30
6017,laptop,electronics,603.48,75,45261.0,katsina,Ini,2020-04-16
6018,chair,furniture,1447.7,33,47774.1,ogun,Ini,2020-07-03
6019,mouse,electronics,539.26,11,5931.86,enugu,sola,2021-05-26
6020,printer,electronics,1079.96,35,37798.6,akure,sola,2020-07-04
6021,desk,furniture,903.11,55,49671.05,osun,dayo,2021-06-14
6022,flashdrives,electronics,920.89,70,64462.3,kwara,Ini,2021-04-26
6023,printer,electronics,600.52,43,25822.36,kwara,taiwo,2021-04-07
6024,scanner,electronics,1933.62,31,59942.22,ibadan,martins,2020-04-28
6025,flashdrives,electronics,1853.88,18,33369.84,abia,emeka,2020-08-06
6026,desk,furniture,1989.55,1,1989.55,abia,josh,2021-03-21
6027,keyboard,electronics,1396.85,43,60064.55,ogun,moji,2020-08-01
6028,scanner,electronics,766.22,32,24519.04,kwara,emeka,2020-01-28
6029,mouse,electronics,323.32,36,11639.52,kwara,taiwo,2020-10-28
6030,chair,furniture,1216.0,55,66880.0,abia,tolu,2020-12-23
6031,desk,furniture,255.28,9,2297.52,akure,mike,2021-02-15
6032,keyboard,electronics,1416.4,90,127476.0,katsina,martins,2021-04-21
6033,laptop,electronics,1321.32,43,56816.76,osun,taiwo,2021-06-14
6034,laptop,electronics,1735.45,30,52063.5,abuja,mike,2020-02-05
6035,keyboard,electronics,1418.97,58,82300.26,ogun,taiwo,2020-09-04
6036,monitor,electronics,124.66,57,7105.62,ogun,sola,2021-05-18
6037,mouse,electronics,1083.05,82,88810.1,ogun,sola,2020-10-18
6038,scanner,electronics,924.01,46,42504.46,kogi,abdul,2020-03-05
6039,mouse,electronics,277.52,10,2775.2,katsina,dayo,2020-01-15
6040,chair,furniture,1098.17,24,26356.08,kwara,Ini,2020-02-18
6041,desk,furniture,844.07,41,34606.87,abia,taiwo,2020-12-21
6042,flashdrives,electronics,1726.3,43,74230.9,kwara,mike,2021-01-20
6043,monitor,electronics,720.21,42,30248.82,abia,taiwo,2020-03-22
6044,desktops,electronics,1861.58,22,40954.76,ogun,dayo,2021-06-18
6045,keyboard,electronics,690.41,10,6904.1,kano,tolu,2021-06-19
6046,desktops,electronics,774.83,75,58112.25,lagos,josh,2020-10-06
6047,desk,furniture,1186.88,92,109192.96,osun,dayo,2020-11-13
6048,keyboard,electronics,1082.98,21,22742.58,abia,dayo,2020-10-20
6049,chair,furniture,1769.19,43,76075.17,kano,martins,2020-09-05
6050,mouse,electronics,1346.3,87,117128.1,kano,emeka,2021-04-16
6051,mouse,electronics,1589.49,97,154180.53,kano,abdul,2020-06-12
6052,laptop,electronics,431.81,56,24181.36,kogi,dayo,2021-03-22
6053,scanner,electronics,271.02,57,15448.14,abia,Ini,2021-02-02
6054,keyboard,electronics,866.4,70,60648.0,abia,tolu,2020-12-12
6055,keyboard,electronics,952.97,68,64801.96,enugu,mike,2020-01-30
6056,monitor,electronics,316.1,65,20546.5,enugu,Ini,2020-08-19
6057,scanner,electronics,886.51,11,9751.61,abia,martins,2021-02-20
6058,keyboard,electronics,1338.36,30,40150.8,katsina,taiwo,2020-12-21
6059,printer,electronics,971.07,44,42727.08,kogi,sola,2020-07-16
6060,keyboard,electronics,1720.38,58,99782.04,enugu,tolu,2020-02-07
6061,laptop,electronics,524.29,28,14680.12,akure,dayo,2020-12-31
6062,flashdrives,electronics,950.24,8,7601.92,kano,Ini,2020-08-13
6063,keyboard,electronics,357.03,45,16066.35,imo,Ini,2020-01-24
6064,scanner,electronics,1424.19,33,46998.27,lagos,sola,2020-12-05
6065,printer,electronics,688.75,53,36503.75,kwara,emeka,2020-08-16
6066,flashdrives,electronics,1595.61,59,94140.99,ogun,martins,2020-10-27
6067,mouse,electronics,225.92,62,14007.04,kwara,dayo,2020-03-11
6068,printer,electronics,1581.66,54,85409.64,ogun,taiwo,2021-02-13
6069,chair,furniture,481.04,51,24533.04,imo,josh,2021-01-24
6070,flashdrives,electronics,40.12,36,1444.32,kwara,tolu,2020-09-27
6071,desk,furniture,1008.93,30,30267.9,katsina,sola,2020-07-01
6072,flashdrives,electronics,1699.32,89,151239.48,kano,taiwo,2020-12-04
6073,printer,electronics,1078.62,89,95997.18,enugu,martins,2020-01-11
6074,desk,furniture,1784.51,31,55319.81,ogun,emeka,2020-09-25
6075,printer,electronics,1173.71,76,89201.96,ogun,taiwo,2020-06-12
6076,desk,furniture,563.68,63,35511.84,kogi,martins,2020-11-26
6077,monitor,electronics,137.13,17,2331.21,abia,martins,2020-08-18
6078,monitor,electronics,1160.32,4,4641.28,abia,moji,2020-09-04
6079,desktops,electronics,1007.62,98,98746.76,kogi,sola,2020-08-17
6080,monitor,electronics,724.59,71,51445.89,osun,martins,2020-11-24
6081,desktops,electronics,1554.62,10,15546.2,lagos,dayo,2020-01-18
6082,mouse,electronics,744.63,28,20849.64,katsina,Ini,2020-10-13
6083,monitor,electronics,665.63,59,39272.17,lagos,sola,2021-04-05
6084,chair,furniture,348.09,99,34460.91,enugu,moji,2020-11-22
6085,desk,furniture,744.31,56,41681.36,ogun,emeka,2021-01-11
6086,chair,furniture,1399.74,75,104980.5,ogun,taiwo,2020-12-27
6087,chair,furniture,694.44,44,30555.36,osun,emeka,2021-01-14
6088,printer,electronics,70.33,44,3094.52,akure,tolu,2020-09-02
6089,desk,furniture,285.33,91,25965.03,ogun,moji,2021-03-29
6090,mouse,electronics,614.72,47,28891.84,ibadan,moji,2020-08-17
6091,flashdrives,electronics,703.05,21,14764.05,abia,josh,2020-05-14
6092,printer,electronics,303.96,8,2431.68,enugu,tolu,2021-05-27
6093,keyboard,electronics,1554.19,10,15541.9,kogi,tolu,2020-11-16
6094,mouse,electronics,1749.86,79,138238.94,ogun,sola,2020-04-04
6095,scanner,electronics,1667.82,48,80055.36,enugu,taiwo,2020-10-29
6096,printer,electronics,314.9,27,8502.3,lagos,tolu,2020-05-18
6097,chair,furniture,1268.74,98,124336.52,osun,taiwo,2021-04-19
6098,monitor,electronics,70.93,94,6667.42,imo,dayo,2020-05-24
6099,scanner,electronics,1903.12,25,47578.0,abia,josh,2020-09-04
6100,keyboard,electronics,1452.52,12,17430.24,imo,sola,2020-10-18
6101,scanner,electronics,39.02,90,3511.8,kano,emeka,2020-07-24
6102,desk,furniture,482.43,83,40041.69,imo,martins,2020-09-13
6103,mouse,electronics,368.53,92,33904.76,abuja,dayo,2020-02-09
6104,printer,electronics,1442.49,85,122611.65,kano,josh,2021-05-04
6105,flashdrives,electronics,647.63,73,47276.99,lagos,martins,2020-10-16
6106,chair,furniture,1223.41,33,40372.53,abuja,sola,2020-08-30
6107,keyboard,electronics,663.34,53,35157.02,lagos,moji,2020-03-30
6108,mouse,electronics,423.81,39,16528.59,abia,abdul,2020-09-25
6109,desktops,electronics,1425.9,61,86979.9,abuja,abdul,2020-08-07
6110,flashdrives,electronics,1538.93,80,123114.4,kogi,sola,2021-04-17
6111,desk,furniture,1102.79,12,13233.48,kano,Ini,2020-09-01
6112,scanner,electronics,1642.39,15,24635.85,imo,moji,2020-06-03
6113,laptop,electronics,1551.08,80,124086.4,abuja,abdul,2021-05-29
6114,mouse,electronics,1987.99,6,11927.94,abuja,taiwo,2020-11-08
6115,desktops,electronics,88.05,80,7044.0,kwara,emeka,2020-02-21
6116,desktops,electronics,1099.17,68,74743.56,abia,moji,2021-01-23
6117,desk,furniture,618.0,47,29046.0,kano,abdul,2020-04-29
6118,flashdrives,electronics,233.23,74,17259.02,osun,martins,2021-06-09
6119,keyboard,electronics,158.81,28,4446.68,katsina,josh,2021-02-05
6120,desktops,electronics,1459.58,90,131362.2,katsina,moji,2021-03-28
6121,keyboard,electronics,482.34,56,27011.04,ogun,mike,2021-05-15
6122,laptop,electronics,1983.57,92,182488.44,abia,moji,2021-05-10
6123,mouse,electronics,42.46,84,3566.64,katsina,dayo,2020-04-04
6124,flashdrives,electronics,248.0,65,16120.0,imo,Ini,2020-10-24
6125,laptop,electronics,655.7,4,2622.8,abuja,abdul,2020-07-29
6126,keyboard,electronics,65.39,32,2092.48,ibadan,taiwo,2021-01-11
6127,desk,furniture,75.08,64,4805.12,abuja,taiwo,2021-06-15
6128,chair,furniture,1544.49,45,69502.05,lagos,Ini,2021-04-09
6129,printer,electronics,1507.24,20,30144.8,akure,tolu,2021-04-15
6130,keyboard,electronics,467.67,49,22915.83,imo,abdul,2020-04-30
6131,desk,furniture,71.67,26,1863.42,ogun,Ini,2021-05-30
6132,mouse,electronics,203.79,86,17525.94,abia,martins,2020-11-19
6133,chair,furniture,1953.58,4,7814.32,katsina,emeka,2021-01-23
6134,monitor,electronics,139.65,52,7261.8,enugu,martins,2020-01-14
6135,printer,electronics,1195.74,36,43046.64,kogi,emeka,2021-02-10
6136,desk,furniture,1379.11,32,44131.52,abia,sola,2020-09-10
6137,monitor,electronics,1386.24,8,11089.92,lagos,Ini,2020-04-20
6138,printer,electronics,1055.37,2,2110.74,imo,martins,2021-05-22
6139,mouse,electronics,563.21,7,3942.47,kwara,mike,2020-07-21
6140,monitor,electronics,381.56,39,14880.84,katsina,martins,2021-02-19
6141,printer,electronics,1781.31,100,178131.0,enugu,taiwo,2020-10-19
6142,desktops,electronics,1393.11,71,98910.81,katsina,emeka,2020-06-24
6143,monitor,electronics,946.88,77,72909.76,abia,martins,2021-05-19
6144,keyboard,electronics,301.44,42,12660.48,kwara,sola,2021-01-17
6145,desktops,electronics,1892.19,96,181650.24,ibadan,josh,2020-11-19
6146,mouse,electronics,438.91,99,43452.09,abuja,emeka,2021-03-06
6147,laptop,electronics,1928.43,40,77137.2,kwara,sola,2020-08-28
6148,desk,furniture,1001.31,72,72094.32,katsina,dayo,2021-05-15
6149,monitor,electronics,804.83,73,58752.59,ogun,abdul,2020-05-28
6150,monitor,electronics,1073.14,5,5365.7,ibadan,abdul,2021-02-25
6151,scanner,electronics,889.17,67,59574.39,ibadan,mike,2021-03-07
6152,scanner,electronics,1044.18,95,99197.1,enugu,taiwo,2020-04-10
6153,desk,furniture,477.16,99,47238.84,abuja,sola,2020-02-09
6154,desk,furniture,471.41,59,27813.19,akure,josh,2020-06-21
6155,flashdrives,electronics,895.68,52,46575.36,lagos,moji,2020-09-23
6156,printer,electronics,1036.5,1,1036.5,kwara,moji,2020-04-23
6157,scanner,electronics,521.06,11,5731.66,akure,Ini,2020-07-01
6158,desktops,electronics,243.22,40,9728.8,abia,abdul,2021-01-23
6159,mouse,electronics,163.93,69,11311.17,kogi,moji,2020-04-14
6160,scanner,electronics,785.69,4,3142.76,katsina,mike,2020-03-18
6161,mouse,electronics,1042.47,22,22934.34,kogi,martins,2020-12-06
6162,printer,electronics,692.77,81,56114.37,ibadan,mike,2020-12-25
6163,scanner,electronics,367.39,51,18736.89,kwara,abdul,2021-01-23
6164,desktops,electronics,1511.06,100,151106.0,katsina,Ini,2021-04-07
6165,mouse,electronics,1977.5,4,7910.0,katsina,taiwo,2020-10-06
6166,printer,electronics,576.0,44,25344.0,osun,josh,2021-02-24
6167,desk,furniture,76.75,30,2302.5,lagos,moji,2020-04-04
6168,flashdrives,electronics,1911.46,83,158651.18,kano,sola,2021-05-23
6169,keyboard,electronics,1913.79,67,128223.93,kogi,emeka,2021-04-27
6170,scanner,electronics,1380.24,89,122841.36,abuja,tolu,2021-03-31
6171,monitor,electronics,793.35,68,53947.8,katsina,dayo,2021-01-11
6172,laptop,electronics,1885.76,42,79201.92,ogun,tolu,2021-04-06
6173,laptop,electronics,1960.08,75,147006.0,katsina,taiwo,2020-01-31
6174,flashdrives,electronics,1155.7,53,61252.1,ogun,josh,2020-02-03
6175,desktops,electronics,244.73,25,6118.25,kogi,taiwo,2020-01-20
6176,monitor,electronics,564.69,68,38398.92,ogun,taiwo,2020-10-05
6177,monitor,electronics,1745.78,61,106492.58,enugu,martins,2020-01-16
6178,desk,furniture,361.99,63,22805.37,osun,josh,2020-12-09
6179,mouse,electronics,623.66,24,14967.84,osun,josh,2020-09-18
6180,scanner,electronics,1233.85,50,61692.5,kogi,emeka,2020-12-03
6181,scanner,electronics,293.61,11,3229.71,abia,Ini,2020-12-28
6182,desk,furniture,278.25,44,12243.0,kano,dayo,2020-01-08
6183,laptop,electronics,242.25,96,23256.0,abia,moji,2021-04-02
6184,monitor,electronics,556.39,60,33383.4,osun,tolu,2020-10-18
6185,printer,electronics,1178.45,30,35353.5,akure,tolu,2020-04-30
6186,desk,furniture,1428.97,71,101456.87,katsina,sola,2021-03-08
6187,scanner,electronics,1820.7,66,120166.2,osun,Ini,2020-04-03
6188,laptop,electronics,124.98,57,7123.86,lagos,Ini,2020-04-15
6189,keyboard,electronics,1372.51,80,109800.8,ibadan,tolu,2020-12-11
6190,chair,furniture,821.97,10,8219.7,abia,abdul,2020-02-11
6191,scanner,electronics,1750.43,100,175043.0,osun,taiwo,2020-10-15
6192,mouse,electronics,1403.72,37,51937.64,kano,tolu,2020-09-08
6193,printer,electronics,1432.99,100,143299.0,kano,dayo,2020-07-25
6194,monitor,electronics,977.12,87,85009.44,kwara,Ini,2021-01-02
6195,desk,furniture,1323.7,74,97953.8,kwara,moji,2020-08-01
6196,laptop,electronics,1838.24,54,99264.96,akure,mike,2020-10-07
6197,chair,furniture,1902.16,61,116031.76,abuja,moji,2020-12-15
6198,desktops,electronics,1129.53,94,106175.82,abia,moji,2021-06-21
6199,chair,furniture,1920.38,87,167073.06,kwara,emeka,2020-10-11
6200,mouse,electronics,1866.07,1,1866.07,enugu,emeka,2020-05-03
6201,mouse,electronics,1977.91,16,31646.56,abuja,taiwo,2021-02-14
6202,scanner,electronics,524.07,92,48214.44,ogun,moji,2020-04-15
6203,flashdrives,electronics,1715.39,31,53177.09,lagos,emeka,2021-04-13
6204,printer,electronics,1604.48,23,36903.04,abia,taiwo,2021-05-16
6205,monitor,electronics,1920.05,99,190084.95,ogun,dayo,2020-12-10
6206,keyboard,electronics,497.53,93,46270.29,ogun,Ini,2020-10-26
6207,desktops,electronics,1355.89,94,127453.66,enugu,Ini,2020-01-05
6208,laptop,electronics,948.14,72,68266.08,abuja,tolu,2020-05-30
6209,printer,electronics,499.66,43,21485.38,abuja,sola,2020-03-29
6210,desktops,electronics,1660.06,71,117864.26,kano,sola,2021-02-19
6211,chair,furniture,1152.07,75,86405.25,lagos,emeka,2021-02-22
6212,desk,furniture,835.63,3,2506.89,kano,dayo,2021-03-16
6213,printer,electronics,1822.92,27,49218.84,kwara,abdul,2021-01-04
6214,chair,furniture,145.09,40,5803.6,kogi,tolu,2020-05-16
6215,mouse,electronics,1541.7,1,1541.7,lagos,abdul,2021-04-28
6216,laptop,electronics,1667.29,96,160059.84,osun,martins,2021-04-02
6217,laptop,electronics,1625.27,63,102392.01,kwara,martins,2021-06-24
6218,desktops,electronics,1508.59,54,81463.86,abia,mike,2020-08-18
6219,keyboard,electronics,92.44,97,8966.68,abia,martins,2021-06-11
6220,monitor,electronics,560.47,35,19616.45,osun,sola,2021-03-21
6221,chair,furniture,1450.62,70,101543.4,enugu,mike,2020-06-29
6222,flashdrives,electronics,831.49,8,6651.92,enugu,taiwo,2020-10-02
6223,printer,electronics,802.04,57,45716.28,kano,mike,2021-04-27
6224,desk,furniture,733.69,36,26412.84,abuja,emeka,2021-06-06
6225,keyboard,electronics,1014.25,58,58826.5,osun,taiwo,2021-05-25
6226,chair,furniture,1163.24,1,1163.24,imo,martins,2020-07-17
6227,scanner,electronics,681.01,17,11577.17,imo,sola,2020-03-03
6228,keyboard,electronics,886.18,23,20382.14,kogi,emeka,2020-08-19
6229,laptop,electronics,449.08,96,43111.68,kogi,tolu,2020-09-18
6230,printer,electronics,360.22,48,17290.56,enugu,abdul,2020-09-04
6231,laptop,electronics,1231.34,92,113283.28,imo,martins,2021-04-17
6232,scanner,electronics,1555.61,6,9333.66,abia,mike,2020-08-20
6233,printer,electronics,191.35,66,12629.1,akure,sola,2020-06-01
6234,scanner,electronics,940.67,96,90304.32,enugu,josh,2020-05-05
6235,keyboard,electronics,698.34,72,50280.48,katsina,Ini,2020-01-26
6236,laptop,electronics,1445.84,46,66508.64,katsina,mike,2021-02-21
6237,flashdrives,electronics,1862.79,25,46569.75,kano,Ini,2021-03-20
6238,monitor,electronics,449.86,34,15295.24,kano,sola,2020-12-29
6239,desk,furniture,335.49,99,33213.51,kwara,abdul,2021-04-21
6240,keyboard,electronics,1792.51,29,51982.79,enugu,tolu,2020-06-29
6241,keyboard,electronics,687.3,75,51547.5,katsina,moji,2020-02-06
6242,monitor,electronics,1623.63,92,149373.96,enugu,martins,2020-01-08
6243,desktops,electronics,1391.99,40,55679.6,kano,tolu,2020-07-31
6244,scanner,electronics,1872.5,5,9362.5,katsina,Ini,2020-01-12
6245,scanner,electronics,411.08,30,12332.4,imo,abdul,2020-05-06
6246,desktops,electronics,1776.73,66,117264.18,katsina,dayo,2020-10-14
6247,printer,electronics,809.27,99,80117.73,abuja,sola,2021-01-03
6248,chair,furniture,1783.89,81,144495.09,lagos,taiwo,2021-04-20
6249,monitor,electronics,890.98,76,67714.48,kwara,tolu,2021-01-15
6250,mouse,electronics,965.49,54,52136.46,osun,tolu,2021-01-29
6251,desktops,electronics,52.79,84,4434.36,ogun,mike,2020-10-29
6252,printer,electronics,1691.42,46,77805.32,ibadan,taiwo,2020-05-27
6253,mouse,electronics,747.95,86,64323.7,abia,dayo,2020-08-15
6254,chair,furniture,1249.03,21,26229.63,kogi,taiwo,2020-01-31
6255,printer,electronics,428.39,19,8139.41,ogun,Ini,2020-07-21
6256,flashdrives,electronics,868.78,68,59077.04,akure,emeka,2020-07-28
6257,scanner,electronics,1457.14,17,24771.38,kwara,dayo,2020-08-06
6258,flashdrives,electronics,95.27,78,7431.06,enugu,emeka,2021-04-24
6259,desktops,electronics,1727.77,87,150315.99,katsina,moji,2021-01-16
6260,laptop,electronics,491.28,13,6386.64,osun,dayo,2021-01-18
6261,flashdrives,electronics,1652.06,54,89211.24,akure,josh,2020-03-23
6262,laptop,electronics,272.98,2,545.96,kogi,mike,2021-03-20
6263,desktops,electronics,821.48,86,70647.28,imo,martins,2021-02-16
6264,chair,furniture,461.84,39,18011.76,enugu,mike,2021-04-27
6265,mouse,electronics,1744.25,73,127330.25,osun,tolu,2021-03-14
6266,monitor,electronics,301.81,75,22635.75,akure,emeka,2020-04-01
6267,laptop,electronics,477.6,43,20536.8,kano,taiwo,2020-05-30
6268,chair,furniture,774.64,20,15492.8,abuja,josh,2020-12-26
6269,flashdrives,electronics,1523.56,31,47230.36,ogun,Ini,2020-10-29
6270,monitor,electronics,1154.07,54,62319.78,katsina,emeka,2020-09-20
6271,flashdrives,electronics,686.9,77,52891.3,ibadan,martins,2020-07-24
6272,desktops,electronics,1134.51,42,47649.42,imo,taiwo,2021-02-28
6273,printer,electronics,882.25,85,74991.25,ogun,josh,2020-07-22
6274,mouse,electronics,950.46,66,62730.36,enugu,abdul,2020-02-02
6275,laptop,electronics,316.24,12,3794.88,lagos,tolu,2020-05-29
6276,chair,furniture,1881.23,49,92180.27,ogun,mike,2020-08-14
6277,keyboard,electronics,714.83,50,35741.5,ogun,Ini,2020-07-28
6278,keyboard,electronics,356.62,94,33522.28,katsina,taiwo,2021-06-01
6279,chair,furniture,550.45,28,15412.6,osun,moji,2021-03-12
6280,desk,furniture,30.08,13,391.04,osun,moji,2020-02-04
6281,flashdrives,electronics,40.55,71,2879.05,kwara,mike,2021-02-09
6282,laptop,electronics,1500.62,27,40516.74,abia,sola,2021-02-27
6283,scanner,electronics,622.33,97,60366.01,enugu,dayo,2020-07-21
6284,chair,furniture,1037.91,79,81994.89,akure,tolu,2020-10-13
6285,mouse,electronics,979.0,56,54824.0,imo,martins,2020-01-24
6286,flashdrives,electronics,411.7,13,5352.1,kogi,taiwo,2021-01-09
6287,desktops,electronics,232.74,37,8611.38,akure,Ini,2020-09-09
6288,scanner,electronics,848.56,74,62793.44,ibadan,taiwo,2021-05-20
6289,monitor,electronics,1383.56,30,41506.8,kwara,Ini,2020-02-28
6290,printer,electronics,278.92,74,20640.08,lagos,tolu,2020-12-05
6291,desk,furniture,884.75,12,10617.0,kwara,abdul,2021-03-29
6292,desktops,electronics,1601.72,39,62467.08,abia,Ini,2021-03-29
6293,mouse,electronics,1194.96,97,115911.12,kwara,dayo,2020-08-30
6294,chair,furniture,561.41,34,19087.94,akure,martins,2021-02-16
6295,desktops,electronics,651.44,28,18240.32,kwara,martins,2021-02-08
6296,keyboard,electronics,1498.87,8,11990.96,kano,abdul,2020-02-16
6297,desktops,electronics,1723.94,83,143087.02,osun,tolu,2021-02-03
6298,scanner,electronics,798.7,78,62298.6,ogun,sola,2020-09-28
6299,monitor,electronics,610.38,30,18311.4,akure,taiwo,2021-02-19
6300,flashdrives,electronics,673.35,15,10100.25,kano,moji,2020-12-30
6301,desk,furniture,83.74,31,2595.94,kwara,Ini,2020-03-06
6302,laptop,electronics,1051.8,6,6310.8,katsina,josh,2020-11-13
6303,desk,furniture,1251.36,49,61316.64,kogi,martins,2020-11-02
6304,flashdrives,electronics,1608.71,28,45043.88,enugu,mike,2020-09-22
6305,chair,furniture,566.89,56,31745.84,abia,emeka,2020-05-05
6306,mouse,electronics,863.54,24,20724.96,kano,moji,2020-12-12
6307,laptop,electronics,1970.33,31,61080.23,abia,emeka,2021-02-18
6308,printer,electronics,1958.49,71,139052.79,imo,mike,2021-05-29
6309,mouse,electronics,1284.18,82,105302.76,lagos,martins,2020-11-05
6310,mouse,electronics,641.43,78,50031.54,katsina,abdul,2020-08-09
6311,printer,electronics,279.42,70,19559.4,kogi,tolu,2021-02-14
6312,laptop,electronics,218.83,29,6346.07,kwara,josh,2020-11-19
6313,laptop,electronics,1537.51,4,6150.04,kano,emeka,2020-12-12
6314,chair,furniture,402.19,67,26946.73,lagos,moji,2020-02-01
6315,mouse,electronics,385.03,38,14631.14,imo,josh,2021-04-21
6316,mouse,electronics,1926.95,12,23123.4,akure,dayo,2020-02-26
6317,desk,furniture,1500.39,84,126032.76,imo,moji,2020-10-29
6318,flashdrives,electronics,1145.04,75,85878.0,abuja,abdul,2021-02-14
6319,printer,electronics,91.64,46,4215.44,akure,moji,2020-04-07
6320,flashdrives,electronics,460.77,74,34096.98,kogi,dayo,2021-03-24
6321,mouse,electronics,1013.3,85,86130.5,enugu,moji,2021-05-09
6322,laptop,electronics,1081.81,83,89790.23,ibadan,emeka,2020-05-31
6323,flashdrives,electronics,1704.37,91,155097.67,kano,dayo,2021-01-09
6324,laptop,electronics,990.98,90,89188.2,abuja,emeka,2021-03-08
6325,mouse,electronics,324.32,76,24648.32,katsina,abdul,2020-05-23
6326,mouse,electronics,1529.56,36,55064.16,osun,josh,2020-06-16
6327,keyboard,electronics,103.34,99,10230.66,imo,taiwo,2020-02-12
6328,laptop,electronics,1888.47,28,52877.16,enugu,tolu,2020-03-15
6329,chair,furniture,1002.13,67,67142.71,kwara,josh,2021-01-29
6330,keyboard,electronics,1438.37,33,47466.21,kwara,martins,2021-02-01
6331,desk,furniture,230.31,89,20497.59,kano,mike,2020-05-14
6332,laptop,electronics,1306.34,8,10450.72,kogi,emeka,2021-01-14
6333,mouse,electronics,870.07,63,54814.41,ogun,moji,2020-06-21
6334,mouse,electronics,253.4,56,14190.4,lagos,tolu,2020-03-05
6335,desktops,electronics,182.1,16,2913.6,ogun,sola,2020-08-23
6336,flashdrives,electronics,1690.64,29,49028.56,katsina,martins,2020-07-05
6337,printer,electronics,727.21,96,69812.16,kwara,Ini,2020-05-18
6338,laptop,electronics,869.8,20,17396.0,katsina,moji,2020-10-18
6339,printer,electronics,1208.07,72,86981.04,ogun,dayo,2020-04-17
6340,laptop,electronics,1765.32,91,160644.12,kogi,tolu,2020-04-20
6341,flashdrives,electronics,1530.36,71,108655.56,lagos,taiwo,2021-01-02
6342,laptop,electronics,700.68,12,8408.16,abuja,sola,2020-02-20
6343,monitor,electronics,1589.36,1,1589.36,kwara,moji,2021-02-18
6344,scanner,electronics,1556.43,89,138522.27,kwara,martins,2020-09-16
6345,scanner,electronics,1499.36,53,79466.08,lagos,dayo,2020-03-18
6346,flashdrives,electronics,1009.14,14,14127.96,ibadan,martins,2020-08-29
6347,scanner,electronics,861.21,42,36170.82,ibadan,taiwo,2020-12-26
6348,laptop,electronics,1644.05,2,3288.1,osun,tolu,2020-12-06
6349,desktops,electronics,88.77,17,1509.09,abia,Ini,2020-09-25
6350,printer,electronics,808.78,77,62276.06,kwara,abdul,2020-12-22
6351,flashdrives,electronics,1314.65,63,82822.95,ibadan,sola,2020-10-07
6352,mouse,electronics,624.0,86,53664.0,osun,tolu,2020-01-17
6353,scanner,electronics,1248.19,59,73643.21,ogun,Ini,2021-03-17
6354,keyboard,electronics,646.07,25,16151.75,ogun,tolu,2020-10-21
6355,chair,furniture,824.35,50,41217.5,osun,moji,2020-12-19
6356,monitor,electronics,108.89,51,5553.39,ibadan,Ini,2020-05-22
6357,desktops,electronics,1961.21,52,101982.92,abuja,Ini,2020-10-27
6358,desk,furniture,1782.47,41,73081.27,osun,martins,2020-05-17
6359,desk,furniture,276.36,58,16028.88,kogi,moji,2020-05-03
6360,desk,furniture,786.15,99,77828.85,abia,dayo,2021-02-12
6361,desk,furniture,35.6,25,890.0,ibadan,emeka,2021-06-18
6362,keyboard,electronics,554.74,52,28846.48,kwara,emeka,2021-02-26
6363,chair,furniture,1307.92,16,20926.72,kogi,josh,2021-01-22
6364,keyboard,electronics,1681.59,96,161432.64,enugu,tolu,2020-10-29
6365,laptop,electronics,333.11,47,15656.17,enugu,sola,2020-07-30
6366,mouse,electronics,1439.26,19,27345.94,akure,sola,2020-10-07
6367,keyboard,electronics,1922.83,44,84604.52,kano,josh,2021-02-03
6368,laptop,electronics,21.36,42,897.12,abia,dayo,2020-11-12
6369,flashdrives,electronics,793.15,9,7138.35,enugu,sola,2020-04-20
6370,printer,electronics,1912.46,8,15299.68,akure,sola,2020-01-09
6371,printer,electronics,1818.22,30,54546.6,akure,abdul,2020-03-30
6372,monitor,electronics,1443.6,66,95277.6,ibadan,josh,2021-02-27
6373,laptop,electronics,672.19,80,53775.2,katsina,taiwo,2020-06-01
6374,monitor,electronics,315.86,93,29374.98,abia,moji,2020-01-07
6375,flashdrives,electronics,188.69,19,3585.11,osun,taiwo,2020-09-21
6376,monitor,electronics,1456.56,36,52436.16,abia,tolu,2020-03-17
6377,scanner,electronics,1727.0,69,119163.0,imo,Ini,2021-06-08
6378,monitor,electronics,545.17,26,14174.42,ogun,tolu,2021-04-21
6379,chair,furniture,1191.65,70,83415.5,kano,taiwo,2020-02-16
6380,keyboard,electronics,211.4,15,3171.0,kogi,dayo,2020-05-30
6381,monitor,electronics,203.6,63,12826.8,osun,emeka,2021-06-13
6382,mouse,electronics,1014.45,84,85213.8,lagos,martins,2021-01-27
6383,keyboard,electronics,1725.8,21,36241.8,kogi,josh,2021-04-19
6384,desktops,electronics,1549.27,97,150279.19,imo,mike,2020-08-10
6385,printer,electronics,736.01,61,44896.61,enugu,taiwo,2020-12-21
6386,keyboard,electronics,845.68,99,83722.32,abia,taiwo,2021-05-29
6387,desktops,electronics,1901.69,19,36132.11,katsina,Ini,2020-06-01
6388,printer,electronics,635.42,96,61000.32,kano,sola,2020-11-25
6389,monitor,electronics,667.33,9,6005.97,enugu,dayo,2020-07-10
6390,desktops,electronics,69.98,6,419.88,katsina,taiwo,2020-12-10
6391,printer,electronics,476.19,95,45238.05,kwara,sola,2021-06-07
6392,chair,furniture,334.5,34,11373.0,enugu,mike,2021-04-29
6393,desk,furniture,771.79,49,37817.71,abia,martins,2020-05-11
6394,desktops,electronics,1101.04,64,70466.56,ibadan,josh,2021-05-27
6395,chair,furniture,176.48,86,15177.28,kano,martins,2021-04-28
6396,printer,electronics,431.06,88,37933.28,katsina,mike,2021-01-03
6397,flashdrives,electronics,395.37,48,18977.76,imo,sola,2021-02-09
6398,keyboard,electronics,208.66,84,17527.44,lagos,Ini,2020-10-29
6399,mouse,electronics,528.71,34,17976.14,katsina,martins,2020-05-04
6400,laptop,electronics,1614.43,11,17758.73,ibadan,taiwo,2020-12-30
6401,keyboard,electronics,1189.94,77,91625.38,kogi,taiwo,2020-12-26
6402,chair,furniture,637.54,27,17213.58,katsina,moji,2021-05-05
6403,mouse,electronics,1625.33,88,143029.04,akure,abdul,2020-08-20
6404,monitor,electronics,1776.58,75,133243.5,enugu,sola,2021-03-18
6405,flashdrives,electronics,945.46,12,11345.52,lagos,martins,2020-07-29
6406,scanner,electronics,468.05,39,18253.95,osun,emeka,2021-05-23
6407,printer,electronics,1483.01,70,103810.7,abia,josh,2021-02-27
6408,mouse,electronics,1472.65,68,100140.2,kwara,moji,2021-05-02
6409,desktops,electronics,818.87,91,74517.17,imo,sola,2020-04-28
6410,printer,electronics,1153.92,20,23078.4,enugu,emeka,2020-09-18
6411,monitor,electronics,923.56,29,26783.24,kwara,sola,2021-05-17
6412,scanner,electronics,1175.08,6,7050.48,katsina,abdul,2020-04-30
6413,keyboard,electronics,351.41,30,10542.3,osun,josh,2020-09-27
6414,desktops,electronics,101.1,57,5762.7,lagos,taiwo,2021-04-06
6415,monitor,electronics,1377.81,40,55112.4,abia,dayo,2020-08-11
6416,desk,furniture,1120.04,40,44801.6,enugu,Ini,2021-05-23
6417,scanner,electronics,32.63,3,97.89,katsina,mike,2021-01-29
6418,desk,furniture,1722.06,98,168761.88,akure,mike,2020-01-13
6419,laptop,electronics,1350.98,58,78356.84,kogi,sola,2020-06-14
6420,desktops,electronics,1707.95,16,27327.2,kano,tolu,2020-05-10
6421,mouse,electronics,1170.44,28,32772.32,kwara,mike,2020-06-17
6422,chair,furniture,1120.08,34,38082.72,imo,Ini,2020-05-16
6423,desk,furniture,537.63,28,15053.64,osun,abdul,2020-07-21
6424,laptop,electronics,1814.49,93,168747.57,imo,josh,2021-03-17
6425,flashdrives,electronics,348.88,98,34190.24,lagos,mike,2021-02-14
6426,desk,furniture,84.27,35,2949.45,kwara,josh,2020-08-25
6427,mouse,electronics,379.77,33,12532.41,ogun,taiwo,2020-07-29
6428,printer,electronics,1051.68,94,98857.92,ibadan,emeka,2020-04-03
6429,mouse,electronics,1933.84,85,164376.4,ibadan,mike,2020-12-25
6430,mouse,electronics,324.96,34,11048.64,kano,moji,2020-01-30
6431,desk,furniture,1503.74,60,90224.4,kwara,tolu,2020-03-31
6432,chair,furniture,1519.14,3,4557.42,ibadan,dayo,2020-08-18
6433,desk,furniture,519.79,68,35345.72,abuja,moji,2021-02-24
6434,printer,electronics,1167.18,47,54857.46,abia,dayo,2021-01-16
6435,flashdrives,electronics,1865.46,22,41040.12,abuja,emeka,2020-09-09
6436,chair,furniture,1156.14,26,30059.64,abuja,abdul,2021-02-23
6437,monitor,electronics,1820.99,51,92870.49,akure,emeka,2021-05-23
6438,keyboard,electronics,987.95,60,59277.0,kogi,dayo,2021-05-19
6439,chair,furniture,986.47,73,72012.31,katsina,josh,2021-03-11
6440,mouse,electronics,433.06,100,43306.0,ibadan,moji,2021-05-12
6441,scanner,electronics,1996.87,10,19968.7,osun,josh,2020-08-13
6442,desktops,electronics,66.5,71,4721.5,ogun,dayo,2020-10-31
6443,keyboard,electronics,876.06,63,55191.78,kano,abdul,2020-07-24
6444,flashdrives,electronics,1221.73,87,106290.51,imo,Ini,2021-02-19
6445,mouse,electronics,739.37,4,2957.48,lagos,moji,2020-03-17
6446,mouse,electronics,463.41,14,6487.74,akure,taiwo,2021-06-22
6447,laptop,electronics,629.48,24,15107.52,abia,abdul,2021-02-26
6448,scanner,electronics,1008.79,21,21184.59,imo,moji,2020-09-24
6449,flashdrives,electronics,1215.34,12,14584.08,lagos,dayo,2021-02-07
6450,mouse,electronics,1604.45,50,80222.5,imo,taiwo,2021-04-16
6451,flashdrives,electronics,56.73,81,4595.13,imo,tolu,2020-04-01
6452,printer,electronics,1962.86,62,121697.32,katsina,dayo,2020-01-28
6453,desk,furniture,919.29,74,68027.46,kogi,Ini,2020-08-24
6454,desk,furniture,915.14,5,4575.7,osun,tolu,2021-02-07
6455,mouse,electronics,109.21,24,2621.04,imo,abdul,2021-04-14
6456,keyboard,electronics,876.05,29,25405.45,ogun,sola,2020-02-28
6457,printer,electronics,1027.66,50,51383.0,osun,emeka,2021-03-25
6458,keyboard,electronics,1793.69,47,84303.43,osun,Ini,2020-04-16
6459,printer,electronics,736.59,88,64819.92,enugu,emeka,2020-07-19
6460,keyboard,electronics,1541.08,63,97088.04,enugu,martins,2020-05-01
6461,mouse,electronics,1368.96,40,54758.4,ogun,emeka,2020-04-08
6462,chair,furniture,1358.34,27,36675.18,ogun,sola,2021-02-27
6463,laptop,electronics,1637.97,76,124485.72,kogi,dayo,2020-12-14
6464,desk,furniture,1026.6,89,91367.4,kwara,tolu,2021-03-06
6465,mouse,electronics,89.17,97,8649.49,kwara,josh,2021-04-30
6466,monitor,electronics,1884.69,65,122504.85,kogi,Ini,2020-10-27
6467,monitor,electronics,1898.81,25,47470.25,kogi,taiwo,2020-10-05
6468,chair,furniture,121.1,49,5933.9,katsina,sola,2021-05-16
6469,desk,furniture,1682.52,85,143014.2,kogi,josh,2021-02-07
6470,scanner,electronics,1476.0,67,98892.0,enugu,tolu,2021-01-31
6471,desk,furniture,1245.66,75,93424.5,ogun,taiwo,2021-03-29
6472,mouse,electronics,710.76,81,57571.56,imo,abdul,2020-10-08
6473,chair,furniture,1816.11,41,74460.51,ogun,martins,2020-05-12
6474,scanner,electronics,66.57,47,3128.79,katsina,Ini,2021-05-22
6475,keyboard,electronics,1209.02,1,1209.02,kwara,taiwo,2021-06-20
6476,flashdrives,electronics,808.76,30,24262.8,ogun,emeka,2020-09-21
6477,printer,electronics,1757.51,31,54482.81,enugu,josh,2020-10-13
6478,desktops,electronics,1736.46,5,8682.3,imo,Ini,2021-06-21
6479,laptop,electronics,761.7,69,52557.3,katsina,abdul,2021-01-15
6480,desk,furniture,1169.08,24,28057.92,abia,emeka,2020-05-03
6481,monitor,electronics,826.02,49,40474.98,ibadan,dayo,2020-02-13
6482,scanner,electronics,1626.62,4,6506.48,enugu,abdul,2021-04-14
6483,monitor,electronics,129.62,36,4666.32,abuja,josh,2020-01-02
6484,desk,furniture,452.48,91,41175.68,ibadan,martins,2020-11-17
6485,mouse,electronics,110.86,95,10531.7,kano,mike,2021-01-04
6486,desktops,electronics,476.31,69,32865.39,enugu,tolu,2021-03-18
6487,monitor,electronics,420.14,38,15965.32,kogi,Ini,2020-10-14
6488,desk,furniture,547.63,51,27929.13,kogi,martins,2020-09-10
6489,monitor,electronics,1704.51,18,30681.18,enugu,abdul,2021-04-30
6490,scanner,electronics,240.69,77,18533.13,kano,martins,2020-10-17
6491,mouse,electronics,125.68,12,1508.16,lagos,sola,2021-05-15
6492,desk,furniture,108.94,69,7516.86,abuja,tolu,2020-12-01
6493,mouse,electronics,795.65,67,53308.55,ibadan,emeka,2021-04-17
6494,chair,furniture,1140.25,61,69555.25,katsina,dayo,2020-07-20
6495,monitor,electronics,1728.82,3,5186.46,kogi,moji,2020-09-26
6496,scanner,electronics,445.63,42,18716.46,enugu,tolu,2021-01-15
6497,scanner,electronics,1417.51,61,86468.11,kwara,emeka,2020-08-03
6498,printer,electronics,65.4,45,2943.0,ogun,tolu,2020-07-06
6499,desk,furniture,82.77,98,8111.46,enugu,martins,2021-02-17
6500,desktops,electronics,951.33,56,53274.48,imo,Ini,2020-03-02
6501,chair,furniture,188.69,90,16982.1,kwara,tolu,2020-05-02
6502,keyboard,electronics,1207.43,31,37430.33,abia,mike,2020-04-07
6503,monitor,electronics,1148.57,17,19525.69,katsina,Ini,2021-04-17
6504,scanner,electronics,740.55,83,61465.65,osun,dayo,2020-10-31
6505,mouse,electronics,1405.77,27,37955.79,katsina,Ini,2021-02-25
6506,desktops,electronics,902.87,43,38823.41,abia,dayo,2020-01-12
6507,chair,furniture,1165.98,98,114266.04,lagos,tolu,2021-02-18
6508,printer,electronics,255.83,4,1023.32,kogi,taiwo,2020-02-11
6509,chair,furniture,90.91,59,5363.69,kwara,abdul,2020-11-04
6510,chair,furniture,1071.2,35,37492.0,kwara,abdul,2020-01-11
6511,monitor,electronics,523.52,99,51828.48,akure,Ini,2020-08-06
6512,desk,furniture,1860.8,43,80014.4,ogun,taiwo,2020-01-08
6513,scanner,electronics,1757.73,80,140618.4,kano,Ini,2020-07-08
6514,desktops,electronics,134.36,2,268.72,katsina,moji,2021-04-07
6515,desktops,electronics,1740.89,65,113157.85,katsina,tolu,2021-02-03
6516,scanner,electronics,506.49,11,5571.39,kogi,Ini,2021-06-15
6517,printer,electronics,1497.3,65,97324.5,ibadan,taiwo,2020-09-30
6518,laptop,electronics,1110.64,85,94404.4,osun,josh,2020-08-08
6519,laptop,electronics,415.81,24,9979.44,ogun,martins,2021-04-17
6520,printer,electronics,882.71,92,81209.32,akure,sola,2021-03-09
6521,flashdrives,electronics,1257.49,7,8802.43,abuja,josh,2020-06-11
6522,monitor,electronics,1670.14,84,140291.76,lagos,sola,2021-02-15
6523,desk,furniture,407.75,3,1223.25,osun,sola,2020-09-08
6524,printer,electronics,1702.38,52,88523.76,akure,taiwo,2020-01-04
6525,monitor,electronics,78.12,77,6015.24,ogun,emeka,2020-04-30
6526,printer,electronics,564.85,8,4518.8,imo,sola,2021-04-19
6527,monitor,electronics,1850.3,4,7401.2,abuja,sola,2020-12-31
6528,monitor,electronics,204.97,42,8608.74,lagos,martins,2020-10-26
6529,keyboard,electronics,416.95,86,35857.7,kwara,sola,2020-02-09
6530,desk,furniture,1867.9,17,31754.3,imo,martins,2020-11-04
6531,desktops,electronics,1751.48,89,155881.72,lagos,emeka,2020-08-31
6532,laptop,electronics,1820.9,45,81940.5,ibadan,dayo,2020-10-21
6533,chair,furniture,450.68,67,30195.56,akure,Ini,2021-05-12
6534,flashdrives,electronics,905.2,27,24440.4,osun,dayo,2020-06-02
6535,scanner,electronics,1665.43,43,71613.49,ogun,tolu,2020-12-01
6536,monitor,electronics,1062.01,14,14868.14,akure,moji,2020-06-09
6537,chair,furniture,307.77,87,26775.99,katsina,dayo,2020-05-21
6538,desk,furniture,1864.96,17,31704.32,osun,josh,2020-04-10
6539,desktops,electronics,699.72,47,32886.84,akure,tolu,2021-04-23
6540,desk,furniture,1552.53,68,105572.04,ogun,moji,2020-12-10
6541,printer,electronics,1191.66,32,38133.12,lagos,dayo,2020-05-06
6542,flashdrives,electronics,857.98,94,80650.12,osun,josh,2020-11-06
6543,scanner,electronics,1488.65,59,87830.35,kogi,moji,2020-12-12
6544,laptop,electronics,1652.62,98,161956.76,ibadan,dayo,2020-10-15
6545,flashdrives,electronics,1484.11,92,136538.12,akure,martins,2021-06-06
6546,flashdrives,electronics,289.74,33,9561.42,ibadan,mike,2020-10-24
6547,laptop,electronics,489.91,43,21066.13,lagos,Ini,2021-02-26
6548,flashdrives,electronics,1861.96,45,83788.2,imo,josh,2020-08-03
6549,printer,electronics,1724.67,66,113828.22,kwara,moji,2020-03-04
6550,desktops,electronics,1518.13,18,27326.34,ogun,sola,2021-04-02
6551,chair,furniture,1556.41,39,60699.99,enugu,Ini,2021-05-23
6552,chair,furniture,557.59,74,41261.66,kano,josh,2020-10-17
6553,mouse,electronics,269.86,66,17810.76,enugu,sola,2020-10-22
6554,flashdrives,electronics,1628.22,32,52103.04,enugu,emeka,2021-04-26
6555,flashdrives,electronics,96.3,64,6163.2,lagos,taiwo,2020-12-04
6556,printer,electronics,1207.69,37,44684.53,kwara,taiwo,2021-03-02
6557,chair,furniture,1794.85,93,166921.05,abuja,mike,2021-03-12
6558,keyboard,electronics,411.01,73,30003.73,akure,mike,2021-05-15
6559,mouse,electronics,325.0,47,15275.0,osun,abdul,2020-12-17
6560,laptop,electronics,1861.66,100,186166.0,enugu,mike,2021-04-02
6561,scanner,electronics,1255.65,3,3766.95,kogi,taiwo,2020-05-06
6562,keyboard,electronics,1824.31,20,36486.2,enugu,sola,2021-05-09
6563,desk,furniture,733.68,9,6603.12,ibadan,josh,2020-04-25
6564,monitor,electronics,567.08,64,36293.12,ogun,martins,2020-02-27
6565,printer,electronics,580.18,47,27268.46,akure,dayo,2020-09-03
6566,scanner,electronics,719.32,80,57545.6,akure,josh,2021-03-21
6567,keyboard,electronics,1917.27,55,105449.85,kwara,tolu,2020-08-07
6568,monitor,electronics,758.56,85,64477.6,enugu,mike,2021-02-28
6569,desktops,electronics,126.86,79,10021.94,akure,martins,2020-11-04
6570,flashdrives,electronics,201.48,65,13096.2,kogi,martins,2020-10-27
6571,monitor,electronics,177.33,12,2127.96,akure,josh,2021-04-27
6572,desktops,electronics,655.7,21,13769.7,abuja,tolu,2021-04-12
6573,flashdrives,electronics,478.4,51,24398.4,kwara,mike,2020-02-17
6574,flashdrives,electronics,1369.67,32,43829.44,abuja,tolu,2021-03-06
6575,laptop,electronics,1056.55,67,70788.85,kwara,dayo,2020-12-24
6576,laptop,electronics,1959.45,5,9797.25,akure,josh,2020-07-20
6577,flashdrives,electronics,174.99,14,2449.86,akure,abdul,2020-06-26
6578,laptop,electronics,340.29,37,12590.73,lagos,martins,2020-07-13
6579,monitor,electronics,1421.08,74,105159.92,kogi,abdul,2021-05-26
6580,flashdrives,electronics,104.28,1,104.28,ogun,tolu,2020-08-29
6581,desktops,electronics,1129.82,58,65529.56,kwara,sola,2020-03-05
6582,desktops,electronics,1073.95,28,30070.6,kwara,taiwo,2020-10-17
6583,chair,furniture,1049.07,97,101759.79,imo,mike,2021-04-08
6584,desk,furniture,820.28,96,78746.88,ibadan,sola,2020-01-09
6585,desktops,electronics,480.52,66,31714.32,abia,moji,2020-07-09
6586,scanner,electronics,388.97,99,38508.03,kogi,mike,2020-10-26
6587,chair,furniture,570.63,94,53639.22,kogi,taiwo,2020-10-08
6588,laptop,electronics,530.16,83,44003.28,kwara,abdul,2020-06-19
6589,chair,furniture,1206.56,56,67567.36,kogi,abdul,2021-03-28
6590,flashdrives,electronics,1574.09,42,66111.78,kwara,moji,2021-04-30
6591,chair,furniture,1653.08,39,64470.12,ibadan,emeka,2020-06-21
6592,scanner,electronics,788.58,58,45737.64,ogun,moji,2020-11-09
6593,scanner,electronics,780.36,79,61648.44,katsina,emeka,2020-12-08
6594,monitor,electronics,201.87,42,8478.54,akure,mike,2021-02-17
6595,scanner,electronics,1314.12,26,34167.12,osun,taiwo,2020-01-11
6596,keyboard,electronics,1260.68,75,94551.0,imo,martins,2021-01-19
6597,scanner,electronics,1536.03,76,116738.28,kogi,mike,2021-03-04
6598,desktops,electronics,146.48,16,2343.68,ogun,dayo,2020-07-05
6599,keyboard,electronics,1161.55,19,22069.45,katsina,tolu,2020-05-19
6600,scanner,electronics,779.74,63,49123.62,kano,sola,2020-02-23
6601,monitor,electronics,946.07,30,28382.1,enugu,dayo,2020-10-03
6602,laptop,electronics,1962.87,87,170769.69,abia,moji,2020-07-27
6603,desktops,electronics,839.07,39,32723.73,abia,dayo,2020-11-30
6604,chair,furniture,1012.86,7,7090.02,ibadan,josh,2020-12-01
6605,flashdrives,electronics,782.38,42,32859.96,ogun,Ini,2021-02-12
6606,printer,electronics,1654.84,59,97635.56,kwara,mike,2020-01-03
6607,laptop,electronics,1775.65,44,78128.6,abuja,sola,2021-02-09
6608,chair,furniture,1310.28,34,44549.52,ogun,taiwo,2020-09-27
6609,monitor,electronics,1936.87,29,56169.23,kano,Ini,2020-02-07
6610,printer,electronics,833.95,33,27520.35,kogi,josh,2020-07-16
6611,scanner,electronics,1603.28,23,36875.44,lagos,martins,2020-10-25
6612,keyboard,electronics,193.8,88,17054.4,kwara,mike,2021-03-29
6613,scanner,electronics,922.71,13,11995.23,akure,sola,2020-02-21
6614,monitor,electronics,665.08,81,53871.48,osun,moji,2021-06-24
6615,printer,electronics,1347.93,85,114574.05,lagos,josh,2021-02-22
6616,printer,electronics,1262.15,31,39126.65,katsina,josh,2020-11-23
6617,laptop,electronics,1095.98,81,88774.38,ibadan,abdul,2020-07-09
6618,keyboard,electronics,1424.95,65,92621.75,enugu,mike,2021-02-24
6619,monitor,electronics,388.61,63,24482.43,ogun,emeka,2020-02-18
6620,scanner,electronics,275.14,27,7428.78,kwara,moji,2020-01-02
6621,desk,furniture,100.3,96,9628.8,imo,dayo,2020-03-20
6622,chair,furniture,105.57,47,4961.79,kano,sola,2020-03-24
6623,desktops,electronics,549.2,59,32402.8,ogun,taiwo,2021-02-20
6624,printer,electronics,1243.91,3,3731.73,akure,sola,2021-04-29
6625,laptop,electronics,1412.52,45,63563.4,osun,emeka,2021-03-15
6626,mouse,electronics,1915.81,38,72800.78,katsina,josh,2021-05-30
6627,monitor,electronics,108.6,1,108.6,ogun,Ini,2021-05-05
6628,printer,electronics,264.54,6,1587.24,kogi,moji,2020-01-12
6629,flashdrives,electronics,1507.32,18,27131.76,abuja,mike,2021-04-11
6630,scanner,electronics,691.52,26,17979.52,enugu,moji,2020-10-16
6631,chair,furniture,493.63,20,9872.6,lagos,taiwo,2020-09-08
6632,mouse,electronics,1226.99,57,69938.43,ibadan,abdul,2020-03-30
6633,keyboard,electronics,839.26,53,44480.78,akure,mike,2020-02-14
6634,keyboard,electronics,458.89,52,23862.28,abuja,mike,2020-12-30
6635,printer,electronics,1030.18,54,55629.72,imo,sola,2020-09-13
6636,chair,furniture,665.21,44,29269.24,kano,mike,2021-04-12
6637,keyboard,electronics,1790.61,87,155783.07,katsina,mike,2021-04-29
6638,laptop,electronics,305.07,93,28371.51,akure,moji,2020-01-08
6639,laptop,electronics,1780.73,46,81913.58,abia,tolu,2021-03-23
6640,desktops,electronics,985.11,55,54181.05,osun,martins,2020-11-22
6641,chair,furniture,1914.73,99,189558.27,abuja,sola,2020-03-26
6642,desktops,electronics,200.79,50,10039.5,enugu,emeka,2020-07-26
6643,keyboard,electronics,1944.24,47,91379.28,imo,abdul,2020-08-23
6644,monitor,electronics,53.06,48,2546.88,ibadan,dayo,2020-10-15
6645,flashdrives,electronics,1407.71,11,15484.81,kogi,josh,2021-04-29
6646,laptop,electronics,1794.84,75,134613.0,ibadan,abdul,2020-05-28
6647,mouse,electronics,1418.4,30,42552.0,lagos,sola,2020-10-04
6648,keyboard,electronics,803.97,34,27334.98,kogi,dayo,2020-12-08
6649,printer,electronics,1483.65,74,109790.1,lagos,sola,2020-02-05
6650,scanner,electronics,156.27,100,15627.0,ogun,moji,2020-11-26
6651,scanner,electronics,1097.86,5,5489.3,imo,josh,2020-04-10
6652,laptop,electronics,1221.45,25,30536.25,ibadan,mike,2021-01-08
6653,monitor,electronics,464.06,54,25059.24,katsina,abdul,2020-01-07
6654,printer,electronics,974.35,99,96460.65,akure,taiwo,2020-07-17
6655,chair,furniture,1407.1,7,9849.7,lagos,emeka,2020-10-15
6656,mouse,electronics,823.13,34,27986.42,katsina,Ini,2021-04-04
6657,laptop,electronics,1286.78,19,24448.82,abuja,Ini,2020-01-11
6658,scanner,electronics,892.86,15,13392.9,kano,josh,2020-06-22
6659,desktops,electronics,1799.07,29,52173.03,katsina,tolu,2021-04-26
6660,mouse,electronics,909.18,70,63642.6,akure,mike,2020-04-21
6661,chair,furniture,769.61,57,43867.77,akure,martins,2020-12-29
6662,flashdrives,electronics,206.9,95,19655.5,katsina,emeka,2020-09-01
6663,laptop,electronics,1531.68,9,13785.12,lagos,tolu,2020-12-21
6664,printer,electronics,1787.11,76,135820.36,abuja,mike,2020-07-12
6665,monitor,electronics,1440.6,10,14406.0,enugu,emeka,2020-08-04
6666,desk,furniture,589.29,64,37714.56,lagos,dayo,2020-09-20
6667,scanner,electronics,105.46,45,4745.7,abia,tolu,2020-10-30
6668,printer,electronics,1659.51,95,157653.45,akure,emeka,2020-07-26
6669,printer,electronics,944.83,85,80310.55,enugu,mike,2021-01-12
6670,laptop,electronics,1161.57,51,59240.07,kano,martins,2021-04-25
6671,desktops,electronics,1763.86,42,74082.12,kogi,sola,2020-07-05
6672,chair,furniture,239.11,85,20324.35,kano,mike,2020-01-27
6673,keyboard,electronics,1956.82,81,158502.42,ogun,mike,2020-03-07
6674,mouse,electronics,1131.0,66,74646.0,lagos,moji,2020-01-28
6675,flashdrives,electronics,1774.58,29,51462.82,kogi,martins,2020-03-10
6676,flashdrives,electronics,571.11,74,42262.14,lagos,dayo,2020-03-09
6677,chair,furniture,116.94,26,3040.44,kano,Ini,2021-02-19
6678,keyboard,electronics,1064.22,45,47889.9,imo,tolu,2021-06-20
6679,chair,furniture,940.58,63,59256.54,enugu,martins,2020-03-27
6680,scanner,electronics,1348.63,60,80917.8,kano,mike,2021-06-02
6681,keyboard,electronics,1764.26,13,22935.38,abuja,emeka,2020-12-09
6682,desk,furniture,1302.01,99,128898.99,abia,emeka,2021-02-14
6683,scanner,electronics,879.35,63,55399.05,enugu,abdul,2020-11-21
6684,flashdrives,electronics,736.79,90,66311.1,imo,emeka,2020-04-24
6685,flashdrives,electronics,1638.52,20,32770.4,lagos,josh,2020-05-03
6686,monitor,electronics,749.42,31,23232.02,abia,emeka,2021-04-15
6687,scanner,electronics,1466.6,86,126127.6,osun,sola,2020-12-26
6688,laptop,electronics,116.44,46,5356.24,abuja,mike,2021-04-23
6689,scanner,electronics,1760.98,93,163771.14,kwara,mike,2021-04-29
6690,monitor,electronics,738.95,16,11823.2,kwara,sola,2020-04-25
6691,chair,furniture,1459.34,34,49617.56,kwara,Ini,2020-10-15
6692,chair,furniture,913.23,31,28310.13,akure,emeka,2020-12-07
6693,desktops,electronics,627.65,69,43307.85,katsina,josh,2021-01-30
6694,flashdrives,electronics,1165.8,61,71113.8,imo,moji,2020-06-30
6695,printer,electronics,306.3,5,1531.5,abuja,emeka,2020-07-23
6696,laptop,electronics,1400.12,33,46203.96,kogi,tolu,2020-05-06
6697,keyboard,electronics,775.42,63,48851.46,abuja,emeka,2020-04-01
6698,flashdrives,electronics,852.05,75,63903.75,osun,abdul,2020-08-03
6699,printer,electronics,493.17,5,2465.85,katsina,tolu,2020-03-19
6700,monitor,electronics,1534.02,62,95109.24,kwara,abdul,2020-02-10
6701,printer,electronics,1289.96,68,87717.28,kano,dayo,2021-05-03
6702,printer,electronics,479.64,43,20624.52,akure,sola,2021-03-09
6703,keyboard,electronics,125.46,77,9660.42,ogun,taiwo,2021-05-17
6704,scanner,electronics,970.51,16,15528.16,abuja,sola,2020-06-10
6705,desk,furniture,1189.96,86,102336.56,osun,abdul,2020-10-24
6706,printer,electronics,262.0,30,7860.0,osun,sola,2020-05-10
6707,keyboard,electronics,1166.44,11,12830.84,enugu,tolu,2021-04-16
6708,desktops,electronics,874.37,2,1748.74,imo,abdul,2020-10-10
6709,chair,furniture,759.57,98,74437.86,ogun,tolu,2020-02-26
6710,printer,electronics,664.8,62,41217.6,abia,tolu,2021-05-21
6711,chair,furniture,1566.33,73,114342.09,abuja,Ini,2020-11-03
6712,monitor,electronics,166.84,17,2836.28,ogun,taiwo,2020-08-04
6713,scanner,electronics,1288.66,27,34793.82,akure,abdul,2021-05-29
6714,mouse,electronics,156.05,43,6710.15,enugu,josh,2020-02-02
6715,flashdrives,electronics,298.63,59,17619.17,kano,martins,2020-10-05
6716,desktops,electronics,88.59,25,2214.75,kogi,emeka,2021-01-17
6717,chair,furniture,1294.43,54,69899.22,kano,emeka,2020-09-19
6718,monitor,electronics,414.95,13,5394.35,kogi,dayo,2021-01-21
6719,chair,furniture,1953.43,67,130879.81,kwara,josh,2020-11-28
6720,laptop,electronics,811.48,98,79525.04,ibadan,abdul,2020-10-06
6721,scanner,electronics,1607.69,8,12861.52,imo,moji,2020-01-17
6722,scanner,electronics,308.9,63,19460.7,imo,emeka,2021-04-30
6723,scanner,electronics,1252.02,45,56340.9,ibadan,emeka,2020-06-02
6724,mouse,electronics,1843.23,1,1843.23,abuja,dayo,2020-03-13
6725,desktops,electronics,1100.48,82,90239.36,osun,mike,2020-04-26
6726,monitor,electronics,1919.58,98,188118.84,ogun,emeka,2020-09-08
6727,printer,electronics,907.63,42,38120.46,katsina,dayo,2020-11-10
6728,desktops,electronics,1777.72,10,17777.2,abuja,moji,2020-11-28
6729,chair,furniture,94.42,25,2360.5,ibadan,Ini,2021-01-13
6730,desk,furniture,125.36,12,1504.32,kogi,taiwo,2020-06-14
6731,desk,furniture,391.01,43,16813.43,akure,taiwo,2021-03-02
6732,keyboard,electronics,26.43,23,607.89,abuja,abdul,2020-12-15
6733,scanner,electronics,1590.23,80,127218.4,abia,sola,2020-05-27
6734,monitor,electronics,1147.84,1,1147.84,enugu,moji,2021-03-31
6735,monitor,electronics,1339.49,30,40184.7,ibadan,mike,2021-01-27
6736,laptop,electronics,1838.29,80,147063.2,akure,taiwo,2021-04-28
6737,laptop,electronics,1447.07,7,10129.49,kogi,martins,2020-09-12
6738,flashdrives,electronics,1060.47,10,10604.7,lagos,Ini,2021-01-01
6739,mouse,electronics,794.54,44,34959.76,kano,moji,2020-09-22
6740,mouse,electronics,1485.62,1,1485.62,kano,sola,2020-10-25
6741,mouse,electronics,985.46,52,51243.92,abuja,mike,2021-06-10
6742,laptop,electronics,1812.78,44,79762.32,kogi,taiwo,2020-03-28
6743,desktops,electronics,1469.23,43,63176.89,ibadan,moji,2020-07-15
6744,monitor,electronics,1354.74,56,75865.44,kogi,josh,2020-01-13
6745,keyboard,electronics,1045.42,77,80497.34,imo,moji,2020-12-02
6746,desk,furniture,1399.35,41,57373.35,kwara,moji,2021-03-25
6747,flashdrives,electronics,215.83,48,10359.84,abia,Ini,2020-06-23
6748,flashdrives,electronics,137.9,43,5929.7,kano,taiwo,2020-07-01
6749,keyboard,electronics,189.58,75,14218.5,abuja,tolu,2020-04-15
6750,scanner,electronics,336.86,75,25264.5,osun,taiwo,2021-05-30
6751,mouse,electronics,594.58,37,21999.46,lagos,moji,2020-08-09
6752,desktops,electronics,1923.73,89,171211.97,abia,mike,2020-07-13
6753,flashdrives,electronics,259.57,22,5710.54,kogi,josh,2020-06-06
6754,laptop,electronics,1813.41,21,38081.61,abia,martins,2020-04-20
6755,chair,furniture,617.9,6,3707.4,kano,martins,2021-06-02
6756,scanner,electronics,1409.64,56,78939.84,osun,dayo,2021-06-09
6757,desktops,electronics,794.19,47,37326.93,osun,taiwo,2020-03-16
6758,desktops,electronics,310.81,24,7459.44,imo,emeka,2020-05-07
6759,monitor,electronics,1330.91,59,78523.69,ogun,josh,2020-04-14
6760,desk,furniture,638.1,35,22333.5,abia,tolu,2020-05-06
6761,printer,electronics,398.95,20,7979.0,abia,moji,2020-01-27
6762,mouse,electronics,214.78,8,1718.24,kwara,josh,2020-05-20
6763,monitor,electronics,222.64,52,11577.28,kwara,sola,2020-08-29
6764,scanner,electronics,382.4,33,12619.2,abia,martins,2020-05-08
6765,keyboard,electronics,1765.19,95,167693.05,ibadan,mike,2020-06-27
6766,desk,furniture,963.69,11,10600.59,ogun,abdul,2020-06-10
6767,laptop,electronics,1990.08,41,81593.28,katsina,taiwo,2020-06-11
6768,monitor,electronics,1083.05,57,61733.85,imo,martins,2021-04-03
6769,chair,furniture,782.03,40,31281.2,imo,sola,2020-07-21
6770,flashdrives,electronics,1507.56,64,96483.84,ogun,mike,2021-02-08
6771,chair,furniture,618.72,70,43310.4,abia,Ini,2021-05-13
6772,keyboard,electronics,168.58,58,9777.64,ogun,josh,2020-07-01
6773,scanner,electronics,1688.82,7,11821.74,lagos,abdul,2020-08-11
6774,laptop,electronics,1767.29,48,84829.92,abuja,martins,2021-05-19
6775,keyboard,electronics,581.64,60,34898.4,imo,sola,2020-12-18
6776,scanner,electronics,382.04,45,17191.8,ibadan,moji,2021-03-23
6777,desktops,electronics,1193.37,27,32220.99,osun,sola,2021-05-12
6778,desk,furniture,1509.86,97,146456.42,abia,abdul,2020-11-22
6779,keyboard,electronics,454.67,85,38646.95,abuja,dayo,2020-06-22
6780,desktops,electronics,1161.59,49,56917.91,ogun,abdul,2020-06-19
6781,chair,furniture,1107.58,55,60916.9,kwara,martins,2021-05-04
6782,laptop,electronics,562.91,84,47284.44,katsina,josh,2021-04-12
6783,monitor,electronics,176.57,79,13949.03,osun,josh,2020-08-28
6784,mouse,electronics,1644.82,93,152968.26,kogi,tolu,2020-07-10
6785,mouse,electronics,1308.59,41,53652.19,katsina,taiwo,2021-04-23
6786,laptop,electronics,705.44,61,43031.84,ogun,martins,2021-05-22
6787,chair,furniture,762.41,93,70904.13,kwara,dayo,2020-10-31
6788,flashdrives,electronics,579.45,74,42879.3,osun,emeka,2021-02-13
6789,monitor,electronics,1568.83,59,92560.97,kogi,dayo,2021-03-02
6790,desk,furniture,267.99,10,2679.9,katsina,dayo,2020-01-12
6791,printer,electronics,1825.67,46,83980.82,abuja,emeka,2020-09-20
6792,desktops,electronics,573.36,46,26374.56,ibadan,sola,2020-06-15
6793,printer,electronics,1173.74,44,51644.56,abuja,abdul,2020-07-12
6794,laptop,electronics,1490.14,79,117721.06,abuja,josh,2020-10-28
6795,mouse,electronics,1172.03,27,31644.81,ogun,josh,2020-04-22
6796,mouse,electronics,71.3,53,3778.9,enugu,taiwo,2020-12-16
6797,mouse,electronics,1351.6,55,74338.0,katsina,mike,2020-12-30
6798,flashdrives,electronics,39.44,43,1695.92,abia,martins,2020-09-14
6799,mouse,electronics,992.65,64,63529.6,kano,sola,2020-08-30
6800,scanner,electronics,285.93,90,25733.7,enugu,dayo,2021-04-22
6801,laptop,electronics,1986.23,26,51641.98,ogun,sola,2020-08-09
6802,desktops,electronics,241.83,67,16202.61,abuja,Ini,2020-03-05
6803,desktops,electronics,1635.7,84,137398.8,abia,emeka,2020-08-23
6804,printer,electronics,1890.18,40,75607.2,ogun,Ini,2020-11-23
6805,keyboard,electronics,1909.35,16,30549.6,abuja,sola,2021-03-27
6806,printer,electronics,1897.02,55,104336.1,katsina,Ini,2020-08-10
6807,mouse,electronics,193.61,78,15101.58,katsina,abdul,2020-04-17
6808,laptop,electronics,1992.7,65,129525.5,kogi,sola,2020-09-03
6809,laptop,electronics,1636.49,94,153830.06,imo,josh,2020-09-22
6810,laptop,electronics,72.97,69,5034.93,abuja,dayo,2020-01-20
6811,monitor,electronics,1415.87,39,55218.93,kwara,josh,2020-04-04
6812,laptop,electronics,1837.04,17,31229.68,abuja,dayo,2020-06-05
6813,scanner,electronics,170.09,33,5612.97,lagos,dayo,2020-03-30
6814,chair,furniture,110.17,67,7381.39,ibadan,mike,2020-03-05
6815,desk,furniture,1276.13,61,77843.93,kwara,Ini,2020-07-15
6816,keyboard,electronics,1523.79,37,56380.23,osun,emeka,2021-05-04
6817,laptop,electronics,435.06,17,7396.02,lagos,taiwo,2020-07-11
6818,scanner,electronics,1335.3,33,44064.9,katsina,abdul,2020-11-10
6819,scanner,electronics,276.82,6,1660.92,kogi,josh,2020-03-08
6820,laptop,electronics,1613.48,38,61312.24,kogi,martins,2020-03-08
6821,laptop,electronics,1265.43,15,18981.45,katsina,moji,2020-08-28
6822,printer,electronics,745.45,96,71563.2,enugu,emeka,2020-11-06
6823,keyboard,electronics,113.7,61,6935.7,imo,sola,2020-05-10
6824,monitor,electronics,1201.66,46,55276.36,kogi,Ini,2020-05-13
6825,mouse,electronics,988.46,100,98846.0,abuja,dayo,2021-05-23
6826,desktops,electronics,1814.32,59,107044.88,enugu,mike,2021-05-02
6827,chair,furniture,1837.29,9,16535.61,katsina,dayo,2021-05-06
6828,chair,furniture,1319.44,17,22430.48,imo,abdul,2020-03-27
6829,desktops,electronics,1942.5,29,56332.5,osun,Ini,2020-06-13
6830,laptop,electronics,569.92,61,34765.12,katsina,martins,2020-10-08
6831,printer,electronics,251.48,33,8298.84,akure,josh,2021-05-28
6832,desk,furniture,1860.2,11,20462.2,ogun,Ini,2020-08-16
6833,scanner,electronics,244.67,72,17616.24,ogun,martins,2021-05-25
6834,flashdrives,electronics,1321.49,100,132149.0,ibadan,tolu,2020-02-11
6835,monitor,electronics,1260.23,14,17643.22,akure,Ini,2020-11-22
6836,desktops,electronics,676.27,25,16906.75,osun,moji,2020-11-29
6837,monitor,electronics,1330.12,93,123701.16,kano,martins,2021-01-05
6838,scanner,electronics,1657.93,77,127660.61,katsina,abdul,2020-07-06
6839,chair,furniture,180.68,73,13189.64,akure,taiwo,2020-02-01
6840,desk,furniture,471.25,41,19321.25,kogi,Ini,2020-01-09
6841,keyboard,electronics,1954.7,95,185696.5,enugu,tolu,2020-03-17
6842,printer,electronics,410.5,72,29556.0,ogun,taiwo,2020-07-09
6843,laptop,electronics,1379.83,45,62092.35,akure,tolu,2020-12-22
6844,printer,electronics,1516.41,87,131927.67,akure,taiwo,2020-10-16
6845,laptop,electronics,911.35,67,61060.45,abia,emeka,2021-02-27
6846,chair,furniture,946.61,65,61529.65,kwara,dayo,2020-06-17
6847,keyboard,electronics,1950.41,14,27305.74,imo,martins,2020-02-09
6848,chair,furniture,1563.66,87,136038.42,ogun,martins,2020-10-10
6849,laptop,electronics,1542.68,80,123414.4,ibadan,Ini,2020-03-10
6850,mouse,electronics,1568.94,38,59619.72,kogi,moji,2021-03-30
6851,printer,electronics,1343.96,69,92733.24,abia,martins,2020-10-13
6852,mouse,electronics,1886.37,3,5659.11,abia,taiwo,2021-03-13
6853,desk,furniture,977.28,67,65477.76,kogi,taiwo,2020-10-06
6854,keyboard,electronics,1920.66,17,32651.22,imo,taiwo,2020-11-03
6855,chair,furniture,137.4,34,4671.6,osun,dayo,2021-02-28
6856,chair,furniture,182.69,3,548.07,abuja,dayo,2021-04-19
6857,chair,furniture,1561.6,30,46848.0,katsina,sola,2020-11-30
6858,chair,furniture,1557.59,89,138625.51,ibadan,tolu,2020-10-27
6859,monitor,electronics,1575.94,4,6303.76,enugu,abdul,2020-05-17
6860,scanner,electronics,1683.41,85,143089.85,kogi,dayo,2021-05-09
6861,scanner,electronics,1209.42,87,105219.54,lagos,abdul,2020-02-28
6862,scanner,electronics,1600.23,30,48006.9,kwara,moji,2021-04-20
6863,chair,furniture,1256.17,95,119336.15,kwara,emeka,2020-05-26
6864,scanner,electronics,819.81,74,60665.94,kano,taiwo,2021-04-23
6865,laptop,electronics,579.37,68,39397.16,abuja,moji,2020-07-15
6866,laptop,electronics,204.62,55,11254.1,imo,taiwo,2020-09-07
6867,keyboard,electronics,509.97,34,17338.98,akure,mike,2021-01-15
6868,mouse,electronics,1030.01,16,16480.16,kano,Ini,2021-01-11
6869,flashdrives,electronics,179.73,61,10963.53,lagos,martins,2020-09-08
6870,scanner,electronics,499.23,98,48924.54,enugu,taiwo,2020-07-21
6871,keyboard,electronics,721.12,49,35334.88,imo,tolu,2021-04-25
6872,scanner,electronics,76.1,89,6772.9,akure,abdul,2021-01-24
6873,keyboard,electronics,644.1,84,54104.4,ogun,sola,2020-07-29
6874,mouse,electronics,164.62,44,7243.28,ibadan,moji,2020-03-09
6875,mouse,electronics,1191.91,4,4767.64,ogun,sola,2020-01-29
6876,desk,furniture,42.93,14,601.02,katsina,mike,2020-07-27
6877,laptop,electronics,1572.44,47,73904.68,kano,sola,2020-03-18
6878,scanner,electronics,544.26,83,45173.58,kogi,Ini,2020-09-07
6879,printer,electronics,1636.28,72,117812.16,ibadan,tolu,2020-05-19
6880,printer,electronics,1554.41,16,24870.56,abuja,mike,2020-04-21
6881,printer,electronics,1342.79,80,107423.2,osun,emeka,2020-11-14
6882,scanner,electronics,1474.43,53,78144.79,imo,moji,2020-10-08
6883,printer,electronics,642.88,57,36644.16,imo,josh,2020-06-06
6884,desk,furniture,1069.34,93,99448.62,ogun,emeka,2021-01-12
6885,laptop,electronics,1077.04,35,37696.4,osun,emeka,2020-11-14
6886,laptop,electronics,382.29,25,9557.25,kano,abdul,2020-12-21
6887,desktops,electronics,753.47,30,22604.1,akure,dayo,2020-02-27
6888,monitor,electronics,1899.03,95,180407.85,ogun,josh,2020-06-24
6889,desktops,electronics,1045.39,44,45997.16,lagos,Ini,2020-11-19
6890,laptop,electronics,1748.26,92,160839.92,ogun,dayo,2020-03-31
6891,flashdrives,electronics,1378.53,81,111660.93,enugu,abdul,2021-01-04
6892,scanner,electronics,1580.96,38,60076.48,kano,josh,2020-07-04
6893,scanner,electronics,1413.41,61,86218.01,enugu,Ini,2021-05-09
6894,scanner,electronics,584.84,36,21054.24,osun,mike,2020-09-27
6895,flashdrives,electronics,505.66,40,20226.4,kogi,taiwo,2020-02-24
6896,laptop,electronics,880.83,50,44041.5,osun,dayo,2021-06-07
6897,keyboard,electronics,792.55,70,55478.5,kogi,sola,2021-04-13
6898,printer,electronics,1616.33,27,43640.91,enugu,Ini,2020-08-21
6899,desktops,electronics,716.24,84,60164.16,ibadan,tolu,2021-01-23
6900,laptop,electronics,1173.96,18,21131.28,abuja,martins,2020-09-17
6901,laptop,electronics,946.22,47,44472.34,ibadan,josh,2020-07-21
6902,flashdrives,electronics,881.43,12,10577.16,imo,mike,2020-03-02
6903,flashdrives,electronics,1671.05,79,132012.95,katsina,sola,2020-09-15
6904,chair,furniture,81.54,73,5952.42,kano,mike,2020-05-19
6905,printer,electronics,1343.49,14,18808.86,abia,Ini,2020-10-30
6906,monitor,electronics,266.26,51,13579.26,imo,martins,2020-08-10
6907,keyboard,electronics,756.03,84,63506.52,katsina,tolu,2020-10-31
6908,monitor,electronics,1354.49,77,104295.73,kwara,dayo,2020-09-21
6909,scanner,electronics,1876.91,59,110737.69,kwara,emeka,2021-01-01
6910,keyboard,electronics,1377.64,32,44084.48,kogi,moji,2021-05-26
6911,flashdrives,electronics,1822.45,73,133038.85,kogi,taiwo,2020-12-10
6912,scanner,electronics,1216.9,96,116822.4,akure,emeka,2020-12-28
6913,chair,furniture,1471.43,15,22071.45,kano,Ini,2020-07-16
6914,mouse,electronics,996.16,37,36857.92,ogun,tolu,2020-05-27
6915,chair,furniture,1464.11,68,99559.48,katsina,sola,2020-05-28
6916,scanner,electronics,1806.43,21,37935.03,katsina,emeka,2020-08-01
6917,desk,furniture,1727.74,17,29371.58,enugu,mike,2020-04-14
6918,chair,furniture,829.14,35,29019.9,abia,martins,2020-10-10
6919,laptop,electronics,570.77,50,28538.5,akure,tolu,2021-01-10
6920,mouse,electronics,179.92,71,12774.32,kogi,abdul,2021-05-31
6921,mouse,electronics,1914.86,3,5744.58,akure,martins,2020-05-19
6922,keyboard,electronics,1073.16,78,83706.48,kano,martins,2021-05-03
6923,scanner,electronics,1364.76,44,60049.44,osun,josh,2020-06-22
6924,desktops,electronics,1955.06,18,35191.08,enugu,mike,2021-05-17
6925,chair,furniture,1593.29,24,38238.96,katsina,emeka,2020-08-03
6926,printer,electronics,1404.44,28,39324.32,imo,abdul,2021-04-12
6927,monitor,electronics,1468.19,18,26427.42,abia,Ini,2021-06-16
6928,monitor,electronics,1223.66,99,121142.34,abia,emeka,2020-07-10
6929,mouse,electronics,1653.25,45,74396.25,abuja,martins,2020-01-13
6930,keyboard,electronics,771.12,63,48580.56,enugu,sola,2020-03-10
6931,scanner,electronics,403.55,81,32687.55,ogun,taiwo,2021-06-18
6932,desk,furniture,1913.7,73,139700.1,ogun,mike,2020-12-17
6933,monitor,electronics,1751.68,9,15765.12,akure,josh,2021-05-02
6934,monitor,electronics,240.57,4,962.28,akure,sola,2020-01-05
6935,desktops,electronics,1144.23,25,28605.75,abuja,dayo,2021-04-09
6936,monitor,electronics,80.04,73,5842.92,akure,martins,2021-05-02
6937,flashdrives,electronics,434.99,30,13049.7,enugu,Ini,2020-08-21
6938,mouse,electronics,1965.16,79,155247.64,enugu,abdul,2020-10-08
6939,mouse,electronics,1489.31,67,99783.77,akure,martins,2020-06-12
6940,chair,furniture,1346.29,48,64621.92,osun,tolu,2020-01-28
6941,desktops,electronics,315.77,70,22103.9,abia,martins,2020-01-01
6942,flashdrives,electronics,136.41,20,2728.2,kano,martins,2021-05-04
6943,mouse,electronics,1745.39,97,169302.83,abuja,dayo,2020-10-12
6944,printer,electronics,376.38,77,28981.26,ogun,josh,2021-02-27
6945,laptop,electronics,280.18,27,7564.86,abuja,josh,2021-06-12
6946,chair,furniture,1893.23,15,28398.45,enugu,josh,2021-04-01
6947,flashdrives,electronics,78.52,22,1727.44,katsina,martins,2021-06-22
6948,desktops,electronics,132.24,56,7405.44,lagos,emeka,2020-10-16
6949,mouse,electronics,940.42,2,1880.84,kano,taiwo,2020-05-04
6950,monitor,electronics,1866.86,7,13068.02,enugu,dayo,2021-03-09
6951,chair,furniture,1306.26,67,87519.42,abia,Ini,2020-11-28
6952,printer,electronics,1371.89,44,60363.16,lagos,emeka,2020-12-12
6953,flashdrives,electronics,1511.05,39,58930.95,akure,martins,2020-10-30
6954,flashdrives,electronics,1661.11,57,94683.27,kano,abdul,2021-02-04
6955,desk,furniture,1251.61,87,108890.07,kogi,sola,2021-04-01
6956,keyboard,electronics,1013.38,44,44588.72,abuja,dayo,2020-05-07
6957,scanner,electronics,1539.0,18,27702.0,lagos,taiwo,2020-08-19
6958,desktops,electronics,555.37,85,47206.45,akure,martins,2020-09-22
6959,desk,furniture,309.55,63,19501.65,kogi,taiwo,2020-07-17
6960,scanner,electronics,1217.45,26,31653.7,osun,taiwo,2020-04-19
6961,desk,furniture,1572.54,92,144673.68,imo,mike,2021-04-04
6962,scanner,electronics,1937.93,57,110462.01,kwara,tolu,2021-03-05
6963,flashdrives,electronics,1031.27,90,92814.3,akure,dayo,2020-11-18
6964,chair,furniture,556.05,10,5560.5,imo,moji,2020-02-25
6965,desk,furniture,1298.35,56,72707.6,enugu,tolu,2020-06-03
6966,desk,furniture,593.6,12,7123.2,kwara,Ini,2020-08-29
6967,flashdrives,electronics,911.03,79,71971.37,akure,abdul,2021-04-10
6968,chair,furniture,123.72,21,2598.12,ibadan,emeka,2020-08-05
6969,mouse,electronics,873.7,35,30579.5,akure,tolu,2021-06-18
6970,keyboard,electronics,1854.08,34,63038.72,katsina,Ini,2020-01-15
6971,scanner,electronics,891.98,38,33895.24,lagos,Ini,2020-07-24
6972,desk,furniture,702.23,66,46347.18,enugu,josh,2021-02-07
6973,flashdrives,electronics,373.3,56,20904.8,abia,emeka,2020-05-22
6974,laptop,electronics,1670.69,100,167069.0,imo,abdul,2020-06-11
6975,chair,furniture,1906.6,44,83890.4,imo,Ini,2020-04-30
6976,keyboard,electronics,741.13,62,45950.06,kano,moji,2020-06-07
6977,monitor,electronics,29.62,71,2103.02,imo,josh,2021-04-13
6978,desktops,electronics,1727.79,45,77750.55,imo,emeka,2020-04-27
6979,printer,electronics,483.57,91,44004.87,ibadan,sola,2020-12-14
6980,desk,furniture,773.7,1,773.7,osun,dayo,2020-01-01
6981,printer,electronics,1835.41,69,126643.29,katsina,mike,2020-02-17
6982,monitor,electronics,81.04,35,2836.4,abuja,abdul,2021-02-19
6983,printer,electronics,1315.39,17,22361.63,osun,dayo,2020-11-26
6984,desk,furniture,1469.91,69,101423.79,ibadan,emeka,2021-03-30
6985,chair,furniture,1636.41,4,6545.64,abia,Ini,2020-02-14
6986,desk,furniture,107.07,64,6852.48,ibadan,mike,2020-04-11
6987,scanner,electronics,1578.62,32,50515.84,enugu,martins,2020-02-22
6988,scanner,electronics,1471.85,11,16190.35,abia,tolu,2021-05-14
6989,scanner,electronics,1785.64,37,66068.68,katsina,mike,2021-03-24
6990,mouse,electronics,1327.43,82,108849.26,kogi,abdul,2021-05-30
6991,chair,furniture,884.59,11,9730.49,akure,Ini,2021-05-16
6992,scanner,electronics,1668.25,95,158483.75,akure,taiwo,2021-01-18
6993,desktops,electronics,885.51,16,14168.16,kwara,sola,2020-10-24
6994,desktops,electronics,1454.38,40,58175.2,abuja,taiwo,2020-06-23
6995,chair,furniture,1021.69,30,30650.7,ogun,moji,2020-09-13
6996,mouse,electronics,1457.07,78,113651.46,kwara,dayo,2021-04-26
6997,keyboard,electronics,848.16,91,77182.56,ibadan,tolu,2020-06-25
6998,mouse,electronics,1273.33,18,22919.94,katsina,abdul,2021-06-20
6999,keyboard,electronics,262.89,73,19190.97,imo,martins,2020-01-15
7000,chair,furniture,1403.38,16,22454.08,katsina,sola,2020-01-07
7001,scanner,electronics,1442.38,66,95197.08,ibadan,josh,2021-03-05
7002,chair,furniture,1848.85,62,114628.7,abuja,josh,2020-09-29
7003,mouse,electronics,1473.49,60,88409.4,ogun,mike,2021-02-03
7004,laptop,electronics,607.47,54,32803.38,kwara,emeka,2020-08-24
7005,flashdrives,electronics,187.35,13,2435.55,kogi,tolu,2020-11-13
7006,printer,electronics,891.54,52,46360.08,enugu,tolu,2021-04-05
7007,desk,furniture,1865.78,61,113812.58,abia,mike,2021-01-29
7008,desk,furniture,1725.43,62,106976.66,kogi,martins,2020-12-27
7009,keyboard,electronics,36.67,86,3153.62,abia,josh,2020-05-23
7010,flashdrives,electronics,882.86,43,37962.98,akure,sola,2020-03-13
7011,chair,furniture,740.24,37,27388.88,osun,emeka,2021-06-15
7012,chair,furniture,1067.86,76,81157.36,kwara,dayo,2021-05-14
7013,keyboard,electronics,946.68,39,36920.52,abia,taiwo,2020-05-25
7014,keyboard,electronics,29.79,10,297.9,ogun,dayo,2021-01-05
7015,laptop,electronics,840.03,78,65522.34,kano,emeka,2021-04-23
7016,monitor,electronics,1297.8,56,72676.8,imo,tolu,2020-10-09
7017,laptop,electronics,142.17,62,8814.54,kano,taiwo,2021-02-28
7018,desk,furniture,420.3,5,2101.5,katsina,sola,2020-03-30
7019,scanner,electronics,509.4,25,12735.0,abuja,dayo,2020-07-13
7020,flashdrives,electronics,1645.11,31,50998.41,katsina,martins,2020-03-21
7021,mouse,electronics,1845.12,66,121777.92,ibadan,tolu,2020-01-22
7022,desk,furniture,720.21,65,46813.65,kwara,josh,2020-12-17
7023,desktops,electronics,1006.34,48,48304.32,kano,taiwo,2020-12-30
7024,keyboard,electronics,1147.64,14,16066.96,akure,moji,2020-10-10
7025,monitor,electronics,835.89,59,49317.51,ibadan,josh,2021-04-10
7026,desktops,electronics,438.02,10,4380.2,enugu,emeka,2020-07-23
7027,desktops,electronics,923.43,12,11081.16,ogun,abdul,2020-12-02
7028,printer,electronics,1938.38,55,106610.9,osun,mike,2020-09-10
7029,monitor,electronics,1619.61,70,113372.7,abia,emeka,2020-12-29
7030,desktops,electronics,885.98,33,29237.34,abuja,Ini,2020-05-24
7031,printer,electronics,1890.21,50,94510.5,lagos,moji,2020-04-23
7032,desk,furniture,275.24,55,15138.2,osun,taiwo,2021-04-26
7033,desk,furniture,1413.29,22,31092.38,osun,abdul,2021-02-06
7034,desktops,electronics,582.24,56,32605.44,kwara,josh,2020-04-29
7035,chair,furniture,1932.88,59,114039.92,katsina,mike,2021-05-07
7036,flashdrives,electronics,1459.23,78,113819.94,lagos,moji,2020-01-05
7037,keyboard,electronics,1316.86,64,84279.04,abuja,emeka,2020-02-29
7038,flashdrives,electronics,639.36,93,59460.48,abia,tolu,2020-05-10
7039,laptop,electronics,391.99,85,33319.15,enugu,sola,2020-04-13
7040,keyboard,electronics,265.92,47,12498.24,ogun,moji,2020-02-12
7041,scanner,electronics,1800.09,94,169208.46,imo,mike,2020-06-24
7042,scanner,electronics,1634.71,93,152028.03,ibadan,mike,2020-07-06
7043,keyboard,electronics,90.59,51,4620.09,akure,mike,2021-02-21
7044,monitor,electronics,1271.7,31,39422.7,osun,abdul,2020-12-27
7045,laptop,electronics,1053.41,37,38976.17,katsina,sola,2021-01-27
7046,keyboard,electronics,659.6,87,57385.2,kwara,moji,2020-10-10
7047,laptop,electronics,485.33,83,40282.39,enugu,josh,2020-11-16
7048,flashdrives,electronics,1518.3,37,56177.1,abuja,tolu,2020-10-07
7049,keyboard,electronics,141.35,37,5229.95,kwara,taiwo,2020-07-13
7050,printer,electronics,117.56,36,4232.16,akure,martins,2020-08-05
7051,monitor,electronics,1884.49,66,124376.34,lagos,emeka,2021-04-21
7052,laptop,electronics,296.63,35,10382.05,lagos,taiwo,2020-07-26
7053,mouse,electronics,67.62,80,5409.6,lagos,Ini,2021-05-10
7054,mouse,electronics,1345.16,23,30938.68,katsina,tolu,2020-12-02
7055,monitor,electronics,1878.63,17,31936.71,imo,Ini,2021-05-01
7056,monitor,electronics,989.25,46,45505.5,akure,taiwo,2021-03-27
7057,desk,furniture,148.45,17,2523.65,enugu,josh,2021-05-02
7058,monitor,electronics,688.36,40,27534.4,kwara,moji,2020-10-22
7059,chair,furniture,1876.47,24,45035.28,kogi,mike,2021-03-14
7060,mouse,electronics,692.38,88,60929.44,katsina,emeka,2020-08-10
7061,flashdrives,electronics,1495.05,17,25415.85,osun,taiwo,2020-07-02
7062,chair,furniture,1421.45,18,25586.1,abuja,josh,2020-03-01
7063,mouse,electronics,431.23,33,14230.59,katsina,tolu,2020-09-12
7064,flashdrives,electronics,120.07,21,2521.47,enugu,emeka,2020-12-04
7065,desktops,electronics,378.25,37,13995.25,imo,Ini,2021-04-29
7066,monitor,electronics,446.13,73,32567.49,abuja,sola,2020-02-14
7067,monitor,electronics,910.85,15,13662.75,abia,emeka,2020-04-22
7068,keyboard,electronics,1973.07,45,88788.15,osun,abdul,2021-01-06
7069,printer,electronics,934.68,12,11216.16,ibadan,sola,2020-03-27
7070,mouse,electronics,854.42,87,74334.54,kano,sola,2020-02-04
7071,desk,furniture,1715.62,93,159552.66,ogun,josh,2020-03-31
7072,laptop,electronics,27.63,36,994.68,ibadan,abdul,2021-02-07
7073,scanner,electronics,1755.57,51,89534.07,ibadan,taiwo,2020-09-14
7074,monitor,electronics,1650.95,96,158491.2,imo,emeka,2021-03-04
7075,flashdrives,electronics,203.95,19,3875.05,kano,martins,2020-02-27
7076,chair,furniture,1265.92,22,27850.24,enugu,mike,2021-05-27
7077,monitor,electronics,651.9,60,39114.0,kwara,martins,2021-06-03
7078,chair,furniture,1845.05,41,75647.05,ogun,Ini,2020-04-18
7079,laptop,electronics,1211.14,28,33911.92,katsina,dayo,2021-01-16
7080,monitor,electronics,98.19,6,589.14,osun,martins,2020-03-02
7081,desk,furniture,439.18,18,7905.24,akure,dayo,2021-03-10
7082,chair,furniture,1865.02,43,80195.86,ibadan,mike,2021-01-13
7083,desktops,electronics,838.11,62,51962.82,kano,dayo,2020-11-12
7084,chair,furniture,1315.36,31,40776.16,ibadan,taiwo,2021-03-07
7085,monitor,electronics,456.03,92,41954.76,ibadan,mike,2020-12-28
7086,desk,furniture,1714.23,68,116567.64,ibadan,moji,2020-12-08
7087,scanner,electronics,1502.16,95,142705.2,katsina,josh,2020-05-03
7088,chair,furniture,638.97,27,17252.19,akure,moji,2021-06-11
7089,printer,electronics,234.29,94,22023.26,enugu,mike,2021-01-30
7090,printer,electronics,1413.2,73,103163.6,akure,emeka,2021-02-22
7091,printer,electronics,1582.36,2,3164.72,lagos,tolu,2020-08-22
7092,monitor,electronics,906.45,41,37164.45,kano,sola,2021-02-08
7093,scanner,electronics,1041.36,82,85391.52,kano,moji,2020-01-09
7094,flashdrives,electronics,336.32,17,5717.44,akure,moji,2020-09-28
7095,printer,electronics,719.19,76,54658.44,ogun,josh,2020-07-21
7096,chair,furniture,1289.52,30,38685.6,enugu,mike,2021-02-27
7097,laptop,electronics,560.57,37,20741.09,kano,mike,2020-11-10
7098,monitor,electronics,133.69,80,10695.2,enugu,martins,2020-03-20
7099,monitor,electronics,1584.35,20,31687.0,kano,emeka,2020-05-26
7100,mouse,electronics,51.96,100,5196.0,katsina,josh,2020-06-01
7101,scanner,electronics,1787.13,86,153693.18,katsina,emeka,2020-06-05
7102,keyboard,electronics,1222.56,48,58682.88,lagos,moji,2020-11-08
7103,flashdrives,electronics,800.36,18,14406.48,kwara,taiwo,2020-01-27
7104,chair,furniture,1614.42,87,140454.54,ogun,tolu,2020-12-02
7105,monitor,electronics,1214.85,70,85039.5,enugu,dayo,2020-08-05
7106,scanner,electronics,1508.02,52,78417.04,enugu,tolu,2020-01-25
7107,laptop,electronics,1902.75,57,108456.75,kwara,sola,2020-11-14
7108,scanner,electronics,810.49,51,41334.99,kogi,emeka,2020-11-12
7109,desktops,electronics,459.52,88,40437.76,lagos,tolu,2020-11-12
7110,monitor,electronics,1045.72,65,67971.8,kano,tolu,2020-12-30
7111,laptop,electronics,1068.17,43,45931.31,osun,sola,2020-12-08
7112,desk,furniture,347.03,62,21515.86,imo,sola,2021-01-21
7113,desk,furniture,1139.82,19,21656.58,katsina,sola,2020-12-01
7114,chair,furniture,1474.13,21,30956.73,enugu,abdul,2020-11-07
7115,desk,furniture,1845.19,92,169757.48,osun,sola,2021-04-29
7116,laptop,electronics,1460.76,35,51126.6,enugu,sola,2020-07-16
7117,monitor,electronics,521.56,33,17211.48,kogi,mike,2021-02-11
7118,mouse,electronics,111.03,13,1443.39,ibadan,emeka,2021-01-30
7119,mouse,electronics,1102.76,49,54035.24,kwara,mike,2020-06-21
7120,desktops,electronics,1631.24,50,81562.0,imo,dayo,2021-06-18
7121,chair,furniture,1886.44,79,149028.76,kano,taiwo,2020-09-13
7122,flashdrives,electronics,1790.38,33,59082.54,lagos,abdul,2021-01-03
7123,mouse,electronics,1049.88,55,57743.4,osun,josh,2021-03-03
7124,mouse,electronics,474.5,39,18505.5,ibadan,martins,2020-08-21
7125,monitor,electronics,1740.28,70,121819.6,katsina,dayo,2020-01-29
7126,mouse,electronics,802.18,95,76207.1,katsina,taiwo,2021-04-25
7127,desk,furniture,1179.52,18,21231.36,ogun,abdul,2021-05-20
7128,chair,furniture,1212.89,32,38812.48,ogun,emeka,2020-01-03
7129,mouse,electronics,1556.27,21,32681.67,kano,martins,2020-03-19
7130,desk,furniture,445.82,65,28978.3,imo,josh,2020-07-03
7131,laptop,electronics,31.69,20,633.8,katsina,emeka,2020-04-11
7132,printer,electronics,320.77,10,3207.7,katsina,abdul,2021-02-08
7133,monitor,electronics,1364.2,38,51839.6,imo,martins,2020-06-30
7134,mouse,electronics,352.56,6,2115.36,kano,abdul,2020-05-05
7135,desktops,electronics,1197.71,55,65874.05,enugu,sola,2020-02-05
7136,mouse,electronics,382.21,45,17199.45,osun,martins,2020-09-07
7137,mouse,electronics,1332.91,59,78641.69,enugu,tolu,2020-11-23
7138,desk,furniture,1810.02,90,162901.8,abia,martins,2020-01-08
7139,laptop,electronics,1386.72,84,116484.48,osun,tolu,2020-03-22
7140,chair,furniture,764.91,44,33656.04,katsina,sola,2020-10-28
7141,scanner,electronics,1068.61,33,35264.13,katsina,dayo,2021-05-07
7142,mouse,electronics,757.98,10,7579.8,akure,taiwo,2021-05-19
7143,scanner,electronics,882.02,15,13230.3,abuja,Ini,2020-02-29
7144,desktops,electronics,915.35,18,16476.3,enugu,sola,2020-07-09
7145,laptop,electronics,1690.66,7,11834.62,lagos,emeka,2020-08-31
7146,desktops,electronics,39.15,70,2740.5,abia,abdul,2020-10-16
7147,flashdrives,electronics,1290.19,23,29674.37,katsina,sola,2020-04-25
7148,desk,furniture,1338.81,2,2677.62,lagos,josh,2020-08-07
7149,keyboard,electronics,545.29,10,5452.9,kwara,abdul,2020-05-22
7150,printer,electronics,390.07,58,22624.06,kogi,sola,2021-01-04
7151,keyboard,electronics,1317.97,6,7907.82,kano,moji,2020-08-13
7152,mouse,electronics,215.48,60,12928.8,osun,josh,2020-10-24
7153,keyboard,electronics,1067.68,96,102497.28,katsina,sola,2021-01-30
7154,chair,furniture,1365.67,13,17753.71,abia,moji,2021-02-14
7155,chair,furniture,1020.96,15,15314.4,imo,mike,2021-04-24
7156,desktops,electronics,834.64,18,15023.52,osun,martins,2020-07-02
7157,printer,electronics,209.78,25,5244.5,kwara,mike,2020-09-19
7158,keyboard,electronics,875.97,30,26279.1,imo,martins,2020-06-23
7159,keyboard,electronics,100.78,74,7457.72,ibadan,moji,2021-05-09
7160,printer,electronics,433.26,3,1299.78,ibadan,tolu,2020-01-13
7161,printer,electronics,1588.04,10,15880.4,osun,dayo,2020-10-14
7162,mouse,electronics,140.08,44,6163.52,lagos,Ini,2020-11-26
7163,printer,electronics,25.21,34,857.14,kwara,josh,2020-06-16
7164,desktops,electronics,596.6,63,37585.8,enugu,martins,2020-08-26
7165,chair,furniture,1018.33,56,57026.48,enugu,emeka,2021-05-18
7166,laptop,electronics,1473.0,72,106056.0,ogun,abdul,2020-01-25
7167,chair,furniture,797.55,85,67791.75,ibadan,martins,2020-12-13
7168,desktops,electronics,479.94,42,20157.48,abia,martins,2020-03-27
7169,chair,furniture,1807.48,57,103026.36,kano,Ini,2021-03-29
7170,monitor,electronics,1861.1,18,33499.8,kwara,sola,2020-01-27
7171,mouse,electronics,1696.57,71,120456.47,katsina,sola,2020-01-12
7172,printer,electronics,233.72,97,22670.84,kano,moji,2020-07-16
7173,scanner,electronics,74.82,26,1945.32,kogi,dayo,2020-02-01
7174,mouse,electronics,1773.87,77,136587.99,lagos,josh,2020-01-31
7175,keyboard,electronics,619.64,52,32221.28,akure,moji,2020-03-08
7176,chair,furniture,1283.31,35,44915.85,enugu,moji,2020-03-31
7177,chair,furniture,117.07,51,5970.57,ibadan,dayo,2020-12-26
7178,chair,furniture,1142.15,66,75381.9,kwara,mike,2020-07-18
7179,mouse,electronics,343.78,33,11344.74,lagos,Ini,2020-01-26
7180,scanner,electronics,1276.75,70,89372.5,ogun,moji,2020-09-09
7181,desktops,electronics,1965.67,67,131699.89,abuja,emeka,2020-03-04
7182,mouse,electronics,217.6,97,21107.2,ibadan,josh,2021-02-20
7183,chair,furniture,1595.54,52,82968.08,enugu,Ini,2021-03-02
7184,mouse,electronics,1177.25,44,51799.0,kano,taiwo,2021-02-12
7185,laptop,electronics,210.94,5,1054.7,osun,sola,2020-04-06
7186,chair,furniture,855.89,43,36803.27,abuja,Ini,2021-04-22
7187,laptop,electronics,275.29,20,5505.8,ogun,abdul,2020-01-05
7188,scanner,electronics,1413.86,45,63623.7,katsina,taiwo,2021-04-07
7189,desktops,electronics,1750.47,57,99776.79,enugu,tolu,2020-05-19
7190,printer,electronics,1726.83,94,162322.02,kano,martins,2020-12-27
7191,flashdrives,electronics,1295.78,24,31098.72,kwara,taiwo,2021-06-20
7192,flashdrives,electronics,1120.14,31,34724.34,akure,dayo,2021-05-25
7193,keyboard,electronics,1957.37,22,43062.14,osun,emeka,2020-07-13
7194,monitor,electronics,1264.67,44,55645.48,abia,Ini,2020-01-17
7195,keyboard,electronics,1406.05,33,46399.65,lagos,emeka,2020-09-05
7196,flashdrives,electronics,1016.0,86,87376.0,kogi,abdul,2020-11-11
7197,desk,furniture,586.64,37,21705.68,ibadan,sola,2021-04-10
7198,monitor,electronics,1179.36,30,35380.8,akure,mike,2020-12-21
7199,keyboard,electronics,1426.02,78,111229.56,abuja,dayo,2021-03-02
7200,chair,furniture,822.42,20,16448.4,enugu,abdul,2020-12-07
7201,monitor,electronics,1664.26,40,66570.4,lagos,mike,2020-06-10
7202,laptop,electronics,1707.16,53,90479.48,kogi,abdul,2020-09-08
7203,scanner,electronics,1563.5,15,23452.5,ibadan,sola,2020-04-04
7204,printer,electronics,808.75,26,21027.5,ibadan,josh,2020-06-30
7205,desk,furniture,439.33,22,9665.26,imo,dayo,2021-03-05
7206,keyboard,electronics,1776.05,25,44401.25,akure,Ini,2020-02-02
7207,scanner,electronics,566.36,47,26618.92,akure,moji,2020-11-09
7208,monitor,electronics,556.37,38,21142.06,kano,moji,2020-03-20
7209,mouse,electronics,945.03,34,32131.02,osun,taiwo,2020-10-27
7210,flashdrives,electronics,678.25,83,56294.75,ibadan,sola,2020-03-23
7211,desktops,electronics,1072.33,39,41820.87,kano,tolu,2020-11-03
7212,desk,furniture,490.52,15,7357.8,akure,moji,2020-06-14
7213,flashdrives,electronics,240.26,53,12733.78,ibadan,Ini,2020-06-26
7214,scanner,electronics,1328.04,37,49137.48,kano,emeka,2021-05-28
7215,chair,furniture,363.59,57,20724.63,abia,abdul,2020-11-26
7216,monitor,electronics,1310.59,80,104847.2,osun,dayo,2021-05-22
7217,printer,electronics,1534.05,73,111985.65,imo,moji,2021-01-03
7218,monitor,electronics,1711.05,8,13688.4,enugu,josh,2020-05-02
7219,scanner,electronics,749.8,84,62983.2,abuja,dayo,2020-08-13
7220,scanner,electronics,970.61,73,70854.53,kano,tolu,2020-08-28
7221,laptop,electronics,692.42,60,41545.2,kwara,sola,2020-09-23
7222,printer,electronics,1485.5,10,14855.0,lagos,dayo,2020-04-03
7223,keyboard,electronics,516.97,39,20161.83,katsina,Ini,2021-01-28
7224,keyboard,electronics,630.91,96,60567.36,lagos,tolu,2020-03-13
7225,scanner,electronics,1271.17,2,2542.34,kogi,mike,2021-02-02
7226,mouse,electronics,1456.28,49,71357.72,imo,emeka,2021-02-27
7227,monitor,electronics,1504.9,40,60196.0,osun,moji,2020-05-30
7228,mouse,electronics,1047.37,63,65984.31,osun,tolu,2020-02-07
7229,desk,furniture,689.57,55,37926.35,abuja,taiwo,2021-03-24
7230,mouse,electronics,712.99,2,1425.98,abuja,moji,2020-06-17
7231,printer,electronics,24.41,94,2294.54,katsina,moji,2021-03-01
7232,laptop,electronics,23.26,33,767.58,imo,martins,2020-07-10
7233,chair,furniture,346.81,80,27744.8,kwara,mike,2021-06-07
7234,monitor,electronics,1284.97,15,19274.55,kano,martins,2021-02-04
7235,mouse,electronics,543.26,90,48893.4,osun,dayo,2020-10-29
7236,keyboard,electronics,756.41,60,45384.6,osun,mike,2021-01-24
7237,flashdrives,electronics,1216.93,82,99788.26,imo,Ini,2021-06-01
7238,scanner,electronics,344.57,8,2756.56,ogun,moji,2020-10-19
7239,mouse,electronics,570.96,35,19983.6,kano,taiwo,2021-02-05
7240,laptop,electronics,1290.44,29,37422.76,enugu,sola,2020-09-09
7241,desktops,electronics,1836.37,9,16527.33,abia,josh,2021-01-12
7242,keyboard,electronics,1047.26,42,43984.92,abia,emeka,2020-10-06
7243,chair,furniture,1951.07,85,165840.95,enugu,mike,2020-08-06
7244,chair,furniture,1410.61,78,110027.58,kwara,sola,2020-08-23
7245,laptop,electronics,693.23,64,44366.72,enugu,emeka,2021-04-25
7246,flashdrives,electronics,1289.8,27,34824.6,kogi,Ini,2021-03-20
7247,laptop,electronics,948.71,93,88230.03,ogun,moji,2020-02-11
7248,printer,electronics,1181.53,78,92159.34,ibadan,tolu,2020-04-15
7249,printer,electronics,28.79,36,1036.44,katsina,emeka,2020-02-27
7250,monitor,electronics,695.18,56,38930.08,abia,martins,2020-05-16
7251,desktops,electronics,724.02,71,51405.42,ogun,mike,2021-01-27
7252,desk,furniture,1439.04,80,115123.2,kogi,abdul,2020-12-31
7253,scanner,electronics,1359.5,51,69334.5,lagos,Ini,2020-11-30
7254,mouse,electronics,1598.45,12,19181.4,lagos,moji,2021-05-27
7255,scanner,electronics,276.47,22,6082.34,ogun,sola,2021-01-23
7256,scanner,electronics,1680.15,37,62165.55,abuja,dayo,2020-01-24
7257,keyboard,electronics,1712.12,45,77045.4,osun,taiwo,2020-03-03
7258,desktops,electronics,711.1,78,55465.8,ogun,abdul,2020-11-25
7259,desk,furniture,759.53,44,33419.32,kano,taiwo,2020-09-07
7260,chair,furniture,1550.31,98,151930.38,abia,emeka,2020-12-04
7261,laptop,electronics,1649.45,93,153398.85,kogi,tolu,2021-01-06
7262,printer,electronics,928.32,29,26921.28,enugu,taiwo,2020-12-27
7263,keyboard,electronics,673.91,22,14826.02,kano,josh,2020-10-24
7264,desk,furniture,926.77,76,70434.52,ogun,martins,2020-03-25
7265,chair,furniture,1614.76,99,159861.24,kano,sola,2021-05-06
7266,flashdrives,electronics,1508.0,23,34684.0,osun,taiwo,2021-03-14
7267,printer,electronics,1757.19,27,47444.13,imo,emeka,2021-02-10
7268,chair,furniture,524.49,75,39336.75,osun,emeka,2020-02-24
7269,keyboard,electronics,139.24,29,4037.96,ogun,dayo,2020-12-13
7270,scanner,electronics,95.33,1,95.33,lagos,dayo,2020-09-25
7271,mouse,electronics,698.13,92,64227.96,abuja,sola,2020-10-16
7272,keyboard,electronics,841.4,95,79933.0,akure,Ini,2020-11-23
7273,monitor,electronics,1677.57,70,117429.9,akure,moji,2020-07-25
7274,flashdrives,electronics,1744.08,49,85459.92,abia,abdul,2020-12-07
7275,keyboard,electronics,1237.75,54,66838.5,abuja,taiwo,2020-05-13
7276,desk,furniture,1500.72,3,4502.16,ibadan,martins,2021-06-07
7277,printer,electronics,298.66,51,15231.66,imo,abdul,2020-07-28
7278,scanner,electronics,1772.59,10,17725.9,abuja,dayo,2021-05-25
7279,desktops,electronics,1002.13,58,58123.54,kano,dayo,2020-07-02
7280,desk,furniture,1805.83,78,140854.74,katsina,tolu,2020-08-11
7281,desktops,electronics,101.31,14,1418.34,abia,emeka,2020-03-08
7282,chair,furniture,188.36,50,9418.0,lagos,abdul,2020-07-26
7283,monitor,electronics,141.09,48,6772.32,ibadan,taiwo,2020-03-29
7284,desktops,electronics,1307.21,32,41830.72,kogi,tolu,2021-03-16
7285,laptop,electronics,1336.64,87,116287.68,lagos,tolu,2020-07-22
7286,mouse,electronics,460.59,71,32701.89,kwara,martins,2020-06-11
7287,mouse,electronics,82.2,31,2548.2,kogi,Ini,2021-02-27
7288,chair,furniture,1880.29,60,112817.4,enugu,abdul,2021-03-02
7289,printer,electronics,1535.18,59,90575.62,kogi,taiwo,2020-12-31
7290,printer,electronics,611.61,80,48928.8,lagos,abdul,2020-09-13
7291,desktops,electronics,239.44,43,10295.92,imo,taiwo,2020-07-25
7292,printer,electronics,1547.61,93,143927.73,abuja,moji,2020-02-21
7293,keyboard,electronics,776.0,27,20952.0,osun,josh,2021-01-15
7294,monitor,electronics,485.38,7,3397.66,kwara,emeka,2020-05-18
7295,monitor,electronics,1388.47,25,34711.75,ogun,moji,2020-07-29
7296,printer,electronics,1363.86,9,12274.74,ibadan,tolu,2021-06-16
7297,printer,electronics,686.0,4,2744.0,enugu,martins,2020-05-26
7298,desk,furniture,515.79,56,28884.24,kano,mike,2020-01-15
7299,desk,furniture,891.23,92,81993.16,abuja,josh,2020-05-06
7300,scanner,electronics,625.31,65,40645.15,enugu,mike,2020-06-09
7301,mouse,electronics,1866.44,54,100787.76,ibadan,dayo,2020-09-07
7302,scanner,electronics,1328.59,59,78386.81,abia,emeka,2021-04-09
7303,monitor,electronics,127.97,75,9597.75,ibadan,martins,2021-03-23
7304,flashdrives,electronics,667.84,62,41406.08,kano,josh,2020-06-20
7305,laptop,electronics,332.21,95,31559.95,imo,josh,2021-06-03
7306,flashdrives,electronics,428.37,60,25702.2,imo,moji,2020-06-13
7307,printer,electronics,1101.47,69,76001.43,ibadan,dayo,2020-03-27
7308,flashdrives,electronics,1346.4,92,123868.8,osun,taiwo,2021-01-01
7309,mouse,electronics,780.5,93,72586.5,akure,emeka,2020-03-09
7310,flashdrives,electronics,567.07,51,28920.57,ogun,taiwo,2020-11-01
7311,desk,furniture,517.81,42,21748.02,kano,abdul,2020-01-07
7312,laptop,electronics,530.5,48,25464.0,kano,taiwo,2020-06-08
7313,desktops,electronics,763.85,69,52705.65,akure,josh,2020-09-18
7314,chair,furniture,1783.35,9,16050.15,kwara,emeka,2021-04-26
7315,chair,furniture,1206.25,45,54281.25,imo,martins,2020-05-07
7316,scanner,electronics,763.99,6,4583.94,abia,emeka,2020-08-21
7317,desk,furniture,990.38,98,97057.24,ogun,josh,2020-02-15
7318,keyboard,electronics,1817.02,90,163531.8,lagos,martins,2020-11-13
7319,mouse,electronics,933.62,92,85893.04,lagos,tolu,2021-05-22
7320,monitor,electronics,554.3,55,30486.5,lagos,tolu,2020-09-11
7321,mouse,electronics,838.94,29,24329.26,ogun,taiwo,2020-01-13
7322,chair,furniture,1183.06,17,20112.02,imo,tolu,2020-03-30
7323,desk,furniture,1772.78,45,79775.1,enugu,josh,2020-06-30
7324,chair,furniture,703.72,83,58408.76,kano,dayo,2020-07-25
7325,keyboard,electronics,1525.36,97,147959.92,kogi,Ini,2021-05-29
7326,printer,electronics,1842.44,46,84752.24,ogun,martins,2021-03-09
7327,desk,furniture,1051.72,66,69413.52,abuja,josh,2021-01-02
7328,chair,furniture,237.43,42,9972.06,akure,mike,2021-03-02
7329,mouse,electronics,1722.02,54,92989.08,kwara,emeka,2020-11-04
7330,laptop,electronics,1140.03,54,61561.62,abia,abdul,2021-02-01
7331,scanner,electronics,826.52,2,1653.04,akure,emeka,2021-01-14
7332,printer,electronics,256.45,53,13591.85,abuja,moji,2020-08-12
7333,monitor,electronics,1182.28,54,63843.12,katsina,sola,2020-05-14
7334,scanner,electronics,1814.47,10,18144.7,kwara,sola,2021-01-17
7335,desk,furniture,1221.84,9,10996.56,osun,sola,2020-03-24
7336,keyboard,electronics,1289.65,55,70930.75,osun,Ini,2020-11-15
7337,desktops,electronics,1682.22,90,151399.8,kogi,emeka,2021-05-12
7338,desktops,electronics,622.26,62,38580.12,osun,dayo,2021-02-22
7339,monitor,electronics,188.84,55,10386.2,katsina,martins,2020-12-21
7340,keyboard,electronics,999.43,7,6996.01,ibadan,abdul,2021-02-02
7341,flashdrives,electronics,1752.61,24,42062.64,kano,josh,2020-03-21
7342,desk,furniture,515.87,31,15991.97,lagos,moji,2020-05-17
7343,chair,furniture,577.5,76,43890.0,abia,martins,2020-04-23
7344,chair,furniture,793.1,14,11103.4,imo,emeka,2020-04-02
7345,flashdrives,electronics,1654.48,55,90996.4,katsina,Ini,2020-01-18
7346,desktops,electronics,738.39,45,33227.55,katsina,mike,2020-01-05
7347,desk,furniture,1580.47,23,36350.81,katsina,martins,2021-02-27
7348,monitor,electronics,709.63,61,43287.43,katsina,tolu,2020-12-27
7349,chair,furniture,920.45,51,46942.95,osun,taiwo,2020-06-19
7350,flashdrives,electronics,1051.26,9,9461.34,lagos,taiwo,2020-01-09
7351,laptop,electronics,449.83,96,43183.68,kano,Ini,2020-07-27
7352,laptop,electronics,451.64,17,7677.88,ibadan,dayo,2020-06-27
7353,chair,furniture,623.12,89,55457.68,kogi,abdul,2020-11-28
7354,keyboard,electronics,1373.35,30,41200.5,imo,josh,2021-02-27
7355,mouse,electronics,249.55,66,16470.3,abia,sola,2020-01-14
7356,monitor,electronics,1672.91,70,117103.7,lagos,tolu,2021-03-15
7357,flashdrives,electronics,672.44,86,57829.84,kogi,sola,2020-03-09
7358,desktops,electronics,682.98,84,57370.32,ogun,moji,2020-04-15
7359,mouse,electronics,1318.61,21,27690.81,kwara,moji,2021-04-22
7360,chair,furniture,1594.43,4,6377.72,imo,abdul,2021-02-04
7361,desk,furniture,782.18,30,23465.4,kogi,tolu,2020-11-07
7362,chair,furniture,366.87,10,3668.7,ogun,abdul,2020-06-11
7363,desk,furniture,1904.28,42,79979.76,osun,dayo,2020-10-13
7364,printer,electronics,40.14,26,1043.64,ogun,Ini,2020-02-20
7365,keyboard,electronics,1342.33,77,103359.41,ibadan,martins,2020-08-18
7366,chair,furniture,735.23,45,33085.35,ogun,abdul,2020-04-20
7367,monitor,electronics,327.49,33,10807.17,abia,josh,2020-05-09
7368,chair,furniture,1906.65,43,81985.95,kogi,Ini,2020-04-10
7369,flashdrives,electronics,1270.09,7,8890.63,imo,abdul,2020-02-25
7370,printer,electronics,817.56,59,48236.04,kwara,martins,2021-04-12
7371,mouse,electronics,269.09,99,26639.91,kogi,josh,2020-06-04
7372,scanner,electronics,1701.45,80,136116.0,ibadan,dayo,2020-03-14
7373,desktops,electronics,723.97,93,67329.21,osun,dayo,2020-08-31
7374,desktops,electronics,1015.51,22,22341.22,lagos,moji,2020-12-01
7375,mouse,electronics,567.54,60,34052.4,enugu,Ini,2021-02-27
7376,scanner,electronics,1157.2,32,37030.4,kogi,moji,2021-02-22
7377,printer,electronics,892.12,45,40145.4,kano,dayo,2020-06-19
7378,keyboard,electronics,1412.21,97,136984.37,kogi,moji,2020-12-01
7379,scanner,electronics,1422.7,73,103857.1,ogun,martins,2020-05-14
7380,flashdrives,electronics,623.74,34,21207.16,osun,taiwo,2020-07-13
7381,scanner,electronics,1485.9,41,60921.9,enugu,Ini,2021-02-23
7382,desk,furniture,172.11,31,5335.41,kwara,dayo,2021-03-23
7383,printer,electronics,1258.16,3,3774.48,imo,martins,2020-04-02
7384,printer,electronics,1196.79,93,111301.47,kogi,Ini,2021-06-11
7385,monitor,electronics,300.46,27,8112.42,osun,tolu,2021-01-08
7386,flashdrives,electronics,1518.1,50,75905.0,imo,martins,2020-04-29
7387,flashdrives,electronics,1564.79,12,18777.48,kano,tolu,2021-04-15
7388,laptop,electronics,841.84,14,11785.76,kwara,josh,2020-08-23
7389,desk,furniture,87.99,68,5983.32,enugu,dayo,2020-02-12
7390,chair,furniture,288.91,86,24846.26,kano,martins,2020-08-16
7391,monitor,electronics,1110.15,71,78820.65,abuja,moji,2020-06-10
7392,laptop,electronics,1521.54,74,112593.96,osun,mike,2021-02-09
7393,chair,furniture,868.65,29,25190.85,enugu,sola,2020-01-18
7394,monitor,electronics,1300.8,29,37723.2,ibadan,taiwo,2021-05-30
7395,monitor,electronics,1974.12,49,96731.88,akure,mike,2021-05-09
7396,laptop,electronics,930.8,13,12100.4,osun,tolu,2020-01-03
7397,printer,electronics,823.15,42,34572.3,enugu,taiwo,2020-07-17
7398,flashdrives,electronics,827.92,62,51331.04,lagos,josh,2020-09-23
7399,desk,furniture,1641.03,26,42666.78,osun,abdul,2020-03-18
7400,desk,furniture,517.49,77,39846.73,lagos,emeka,2020-12-15
7401,scanner,electronics,1975.71,71,140275.41,ogun,dayo,2021-05-22
7402,monitor,electronics,1442.99,7,10100.93,imo,josh,2021-06-13
7403,desktops,electronics,868.93,16,13902.88,lagos,sola,2020-12-04
7404,monitor,electronics,1962.42,18,35323.56,osun,sola,2021-03-08
7405,desk,furniture,273.0,35,9555.0,enugu,dayo,2020-02-19
7406,laptop,electronics,1135.83,67,76100.61,lagos,taiwo,2020-01-15
7407,mouse,electronics,1563.57,50,78178.5,abuja,josh,2021-04-23
7408,laptop,electronics,100.95,10,1009.5,osun,tolu,2020-02-26
7409,laptop,electronics,912.47,67,61135.49,kwara,josh,2020-09-20
7410,desk,furniture,893.24,98,87537.52,abia,abdul,2020-11-12
7411,chair,furniture,580.45,52,30183.4,imo,emeka,2020-08-25
7412,flashdrives,electronics,1279.73,5,6398.65,kwara,emeka,2020-10-09
7413,mouse,electronics,437.12,74,32346.88,kwara,josh,2021-01-22
7414,chair,furniture,154.01,29,4466.29,kano,moji,2020-07-24
7415,laptop,electronics,713.3,17,12126.1,ogun,dayo,2020-09-16
7416,keyboard,electronics,729.75,9,6567.75,abuja,moji,2020-02-12
7417,monitor,electronics,1516.28,77,116753.56,ibadan,martins,2020-10-27
7418,keyboard,electronics,1330.43,37,49225.91,abuja,sola,2020-11-17
7419,flashdrives,electronics,907.99,80,72639.2,abia,emeka,2020-02-07
7420,monitor,electronics,1525.46,18,27458.28,katsina,dayo,2021-04-03
7421,desk,furniture,1974.77,50,98738.5,kogi,martins,2021-01-31
7422,keyboard,electronics,1686.26,68,114665.68,osun,josh,2020-03-13
7423,monitor,electronics,1566.58,40,62663.2,lagos,tolu,2020-08-05
7424,flashdrives,electronics,1231.55,61,75124.55,kwara,abdul,2021-04-17
7425,scanner,electronics,594.59,90,53513.1,ogun,abdul,2020-01-22
7426,desktops,electronics,217.84,26,5663.84,kogi,abdul,2020-06-13
7427,flashdrives,electronics,1335.73,82,109529.86,osun,tolu,2021-04-03
7428,laptop,electronics,377.11,97,36579.67,kogi,abdul,2021-06-06
7429,keyboard,electronics,1757.37,61,107199.57,abuja,josh,2020-11-12
7430,desktops,electronics,178.09,42,7479.78,abuja,abdul,2020-08-16
7431,mouse,electronics,173.8,61,10601.8,kwara,mike,2020-02-27
7432,printer,electronics,886.67,58,51426.86,kogi,Ini,2021-05-20
7433,mouse,electronics,1193.97,91,108651.27,imo,tolu,2020-05-18
7434,laptop,electronics,1751.65,8,14013.2,kano,dayo,2021-03-30
7435,printer,electronics,1611.58,35,56405.3,lagos,josh,2021-05-30
7436,flashdrives,electronics,1509.76,24,36234.24,katsina,tolu,2020-01-14
7437,monitor,electronics,846.94,49,41500.06,enugu,Ini,2021-05-08
7438,mouse,electronics,1197.37,83,99381.71,kano,taiwo,2021-04-28
7439,keyboard,electronics,768.45,44,33811.8,imo,Ini,2020-03-06
7440,monitor,electronics,1848.39,37,68390.43,osun,mike,2021-05-03
7441,scanner,electronics,1402.07,13,18226.91,abia,taiwo,2020-11-19
7442,monitor,electronics,916.16,98,89783.68,kano,josh,2021-03-30
7443,scanner,electronics,1945.67,39,75881.13,ogun,dayo,2020-05-29
7444,printer,electronics,296.2,54,15994.8,ogun,emeka,2020-02-19
7445,mouse,electronics,1636.42,47,76911.74,abuja,moji,2020-04-24
7446,printer,electronics,1476.91,61,90091.51,katsina,abdul,2020-12-18
7447,mouse,electronics,653.14,55,35922.7,ibadan,mike,2021-05-21
7448,laptop,electronics,1305.04,8,10440.32,ogun,mike,2020-01-10
7449,flashdrives,electronics,1098.3,65,71389.5,abia,abdul,2020-03-10
7450,flashdrives,electronics,462.21,56,25883.76,akure,martins,2020-06-30
7451,chair,furniture,653.68,55,35952.4,lagos,abdul,2020-11-02
7452,printer,electronics,766.11,89,68183.79,katsina,abdul,2020-06-03
7453,monitor,electronics,615.29,47,28918.63,kano,taiwo,2020-11-24
7454,chair,furniture,126.12,10,1261.2,akure,josh,2021-04-26
7455,desktops,electronics,1878.36,82,154025.52,kano,mike,2020-07-15
7456,desktops,electronics,1096.95,82,89949.9,katsina,sola,2020-10-02
7457,keyboard,electronics,938.69,49,45995.81,abuja,tolu,2021-06-21
7458,desk,furniture,1550.34,92,142631.28,abia,dayo,2021-01-21
7459,flashdrives,electronics,1872.34,95,177872.3,ibadan,Ini,2021-03-03
7460,keyboard,electronics,1906.3,28,53376.4,ogun,Ini,2020-01-26
7461,monitor,electronics,1375.37,45,61891.65,ogun,taiwo,2021-04-25
7462,desktops,electronics,1519.7,97,147410.9,abia,sola,2021-02-27
7463,desktops,electronics,210.05,25,5251.25,abuja,emeka,2020-06-07
7464,keyboard,electronics,1453.33,36,52319.88,abuja,sola,2020-08-16
7465,keyboard,electronics,1030.65,90,92758.5,lagos,mike,2020-07-08
7466,printer,electronics,496.49,75,37236.75,ibadan,moji,2021-05-28
7467,printer,electronics,563.66,48,27055.68,ibadan,moji,2020-06-17
7468,printer,electronics,1086.77,68,73900.36,katsina,moji,2020-09-24
7469,laptop,electronics,121.31,30,3639.3,akure,mike,2020-08-18
7470,laptop,electronics,421.99,21,8861.79,kwara,sola,2021-03-17
7471,chair,furniture,397.75,86,34206.5,ibadan,emeka,2020-01-10
7472,scanner,electronics,1968.03,75,147602.25,imo,dayo,2021-01-24
7473,printer,electronics,897.2,55,49346.0,imo,dayo,2021-03-23
7474,keyboard,electronics,202.91,19,3855.29,imo,josh,2020-03-02
7475,desktops,electronics,847.3,70,59311.0,kogi,dayo,2020-11-17
7476,desk,furniture,598.5,81,48478.5,katsina,taiwo,2021-03-24
7477,desk,furniture,120.07,88,10566.16,kwara,dayo,2020-06-28
7478,monitor,electronics,60.16,22,1323.52,akure,dayo,2021-03-25
7479,keyboard,electronics,1050.92,84,88277.28,ogun,taiwo,2021-02-08
7480,chair,furniture,1867.16,86,160575.76,katsina,mike,2020-08-02
7481,mouse,electronics,805.32,32,25770.24,lagos,dayo,2020-10-27
7482,desk,furniture,102.92,61,6278.12,kano,mike,2020-06-04
7483,desktops,electronics,1543.59,31,47851.29,katsina,mike,2020-11-15
7484,flashdrives,electronics,117.22,37,4337.14,imo,tolu,2021-05-26
7485,scanner,electronics,1150.51,81,93191.31,abuja,mike,2020-09-02
7486,scanner,electronics,1709.4,91,155555.4,katsina,tolu,2020-02-05
7487,monitor,electronics,1886.71,8,15093.68,abia,moji,2021-02-01
7488,desk,furniture,485.04,49,23766.96,kogi,sola,2020-05-27
7489,desktops,electronics,562.76,41,23073.16,ibadan,moji,2020-10-24
7490,laptop,electronics,1076.18,43,46275.74,enugu,emeka,2021-01-22
7491,keyboard,electronics,342.43,74,25339.82,akure,moji,2020-04-16
7492,laptop,electronics,1032.67,68,70221.56,kogi,moji,2020-02-07
7493,desk,furniture,1467.61,100,146761.0,kogi,martins,2020-03-02
7494,keyboard,electronics,1735.28,1,1735.28,ibadan,mike,2020-01-19
7495,mouse,electronics,895.55,79,70748.45,ogun,josh,2020-07-23
7496,desktops,electronics,1662.04,80,132963.2,abuja,mike,2020-05-17
7497,scanner,electronics,569.36,4,2277.44,kogi,mike,2021-05-18
7498,desktops,electronics,1097.81,41,45010.21,enugu,abdul,2020-05-31
7499,mouse,electronics,872.54,8,6980.32,kano,tolu,2020-10-07
7500,keyboard,electronics,1795.88,100,179588.0,kwara,emeka,2020-07-18
7501,printer,electronics,546.83,33,18045.39,lagos,Ini,2020-03-19
7502,mouse,electronics,1291.63,2,2583.26,ogun,Ini,2020-06-24
7503,flashdrives,electronics,1041.3,4,4165.2,kano,abdul,2020-01-27
7504,printer,electronics,1284.61,96,123322.56,lagos,mike,2021-03-20
7505,chair,furniture,206.69,70,14468.3,akure,abdul,2020-08-15
7506,monitor,electronics,1556.88,64,99640.32,imo,moji,2020-09-17
7507,chair,furniture,1158.32,41,47491.12,akure,taiwo,2020-03-08
7508,keyboard,electronics,1134.56,71,80553.76,abia,sola,2020-10-26
7509,flashdrives,electronics,371.99,1,371.99,imo,sola,2021-06-03
7510,desktops,electronics,163.01,84,13692.84,kano,martins,2021-06-05
7511,flashdrives,electronics,1721.86,88,151523.68,akure,sola,2020-04-23
7512,chair,furniture,1748.42,71,124137.82,lagos,moji,2020-06-10
7513,desk,furniture,1222.41,22,26893.02,akure,martins,2020-12-01
7514,laptop,electronics,964.91,30,28947.3,abia,sola,2020-10-12
7515,flashdrives,electronics,145.44,77,11198.88,ibadan,abdul,2020-02-25
7516,monitor,electronics,1640.3,89,145986.7,imo,sola,2021-01-09
7517,laptop,electronics,1488.9,22,32755.8,enugu,taiwo,2021-02-10
7518,keyboard,electronics,1580.89,31,49007.59,kwara,abdul,2021-06-01
7519,scanner,electronics,605.46,98,59335.08,ogun,abdul,2021-05-08
7520,desk,furniture,722.46,27,19506.42,osun,emeka,2020-09-29
7521,keyboard,electronics,1689.09,72,121614.48,imo,josh,2021-06-21
7522,laptop,electronics,398.33,4,1593.32,kwara,mike,2020-09-17
7523,mouse,electronics,589.21,53,31228.13,ogun,abdul,2020-05-11
7524,flashdrives,electronics,1304.72,66,86111.52,akure,martins,2020-12-06
7525,laptop,electronics,1512.82,35,52948.7,ogun,dayo,2021-05-22
7526,mouse,electronics,682.47,4,2729.88,akure,moji,2020-05-08
7527,monitor,electronics,943.92,22,20766.24,abuja,martins,2020-02-23
7528,chair,furniture,521.21,33,17199.93,enugu,emeka,2020-08-25
7529,flashdrives,electronics,232.3,10,2323.0,enugu,moji,2021-05-11
7530,scanner,electronics,1711.14,2,3422.28,lagos,abdul,2020-09-19
7531,printer,electronics,801.08,87,69693.96,kwara,taiwo,2021-02-09
7532,printer,electronics,1354.93,63,85360.59,imo,abdul,2021-05-05
7533,scanner,electronics,1565.85,77,120570.45,kogi,mike,2021-01-21
7534,laptop,electronics,896.12,29,25987.48,kogi,mike,2020-02-29
7535,scanner,electronics,1705.38,61,104028.18,ibadan,moji,2020-05-31
7536,laptop,electronics,1125.49,70,78784.3,lagos,abdul,2021-03-22
7537,desktops,electronics,1196.54,65,77775.1,ogun,sola,2020-12-30
7538,keyboard,electronics,1585.22,87,137914.14,osun,tolu,2020-10-15
7539,laptop,electronics,626.15,75,46961.25,katsina,josh,2020-04-29
7540,desk,furniture,56.06,51,2859.06,osun,josh,2021-05-09
7541,chair,furniture,759.47,89,67592.83,kogi,mike,2020-10-23
7542,desktops,electronics,1871.94,28,52414.32,ogun,moji,2021-03-13
7543,monitor,electronics,812.76,67,54454.92,abuja,Ini,2020-11-18
7544,keyboard,electronics,538.02,83,44655.66,kwara,moji,2020-09-11
7545,printer,electronics,503.33,50,25166.5,ibadan,sola,2021-06-11
7546,monitor,electronics,1516.61,29,43981.69,lagos,abdul,2021-01-01
7547,monitor,electronics,1206.84,18,21723.12,abia,mike,2020-02-12
7548,desktops,electronics,1313.86,45,59123.7,katsina,sola,2021-04-24
7549,monitor,electronics,594.75,4,2379.0,abuja,moji,2020-09-17
7550,flashdrives,electronics,1623.17,63,102259.71,abia,taiwo,2021-04-11
7551,printer,electronics,559.22,63,35230.86,katsina,tolu,2021-04-05
7552,chair,furniture,93.14,98,9127.72,osun,emeka,2020-02-10
7553,flashdrives,electronics,1966.2,59,116005.8,kwara,moji,2020-11-13
7554,printer,electronics,1649.3,50,82465.0,akure,emeka,2021-05-05
7555,chair,furniture,481.37,50,24068.5,abuja,martins,2020-07-24
7556,scanner,electronics,62.05,61,3785.05,katsina,mike,2020-04-08
7557,laptop,electronics,1047.4,96,100550.4,lagos,taiwo,2020-04-22
7558,chair,furniture,1933.42,41,79270.22,kogi,emeka,2020-10-11
7559,monitor,electronics,82.76,92,7613.92,kano,moji,2021-05-29
7560,desktops,electronics,923.5,59,54486.5,imo,moji,2021-03-10
7561,flashdrives,electronics,1184.62,50,59231.0,akure,dayo,2021-04-18
7562,keyboard,electronics,478.57,32,15314.24,ibadan,moji,2020-05-01
7563,laptop,electronics,542.11,43,23310.73,enugu,dayo,2021-03-05
7564,chair,furniture,1867.43,15,28011.45,kano,mike,2020-12-01
7565,chair,furniture,1394.59,71,99015.89,abuja,dayo,2020-05-27
7566,flashdrives,electronics,1683.33,22,37033.26,enugu,dayo,2021-06-05
7567,printer,electronics,1825.36,22,40157.92,ibadan,emeka,2020-03-06
7568,flashdrives,electronics,1760.79,4,7043.16,ogun,dayo,2020-10-26
7569,mouse,electronics,1443.7,45,64966.5,ogun,dayo,2020-12-08
7570,printer,electronics,402.74,92,37052.08,katsina,martins,2020-10-11
7571,monitor,electronics,922.35,54,49806.9,katsina,moji,2020-11-24
7572,printer,electronics,1139.66,64,72938.24,lagos,Ini,2020-05-06
7573,desk,furniture,1507.72,33,49754.76,ibadan,dayo,2020-04-07
7574,scanner,electronics,1504.47,1,1504.47,lagos,martins,2020-10-05
7575,laptop,electronics,1573.0,48,75504.0,kogi,martins,2020-06-01
7576,monitor,electronics,1552.97,16,24847.52,lagos,mike,2020-11-15
7577,laptop,electronics,900.18,78,70214.04,enugu,sola,2021-02-24
7578,desktops,electronics,1486.36,23,34186.28,abia,dayo,2021-05-30
7579,printer,electronics,1503.33,40,60133.2,kano,Ini,2020-07-30
7580,scanner,electronics,532.07,76,40437.32,abia,Ini,2020-06-01
7581,printer,electronics,247.52,83,20544.16,osun,Ini,2020-07-18
7582,desk,furniture,827.57,42,34757.94,ibadan,Ini,2021-01-10
7583,desktops,electronics,1804.65,60,108279.0,kwara,tolu,2020-09-06
7584,chair,furniture,1821.38,8,14571.04,abia,josh,2020-07-11
7585,flashdrives,electronics,1494.82,19,28401.58,akure,tolu,2020-02-26
7586,desk,furniture,1392.54,64,89122.56,enugu,moji,2020-11-27
7587,monitor,electronics,1435.14,1,1435.14,imo,tolu,2020-04-19
7588,chair,furniture,593.16,29,17201.64,abia,martins,2020-09-20
7589,laptop,electronics,1926.77,21,40462.17,akure,mike,2020-03-01
7590,laptop,electronics,601.16,26,15630.16,abuja,mike,2021-02-10
7591,chair,furniture,940.4,19,17867.6,enugu,martins,2021-03-24
7592,mouse,electronics,1981.41,58,114921.78,osun,Ini,2020-04-15
7593,chair,furniture,871.35,95,82778.25,akure,martins,2021-02-24
7594,scanner,electronics,373.33,90,33599.7,enugu,sola,2020-01-25
7595,scanner,electronics,437.11,71,31034.81,ogun,moji,2021-05-13
7596,desk,furniture,934.47,18,16820.46,kano,Ini,2020-02-05
7597,keyboard,electronics,1481.72,40,59268.8,katsina,moji,2021-02-09
7598,monitor,electronics,1157.62,41,47462.42,kwara,taiwo,2021-03-07
7599,scanner,electronics,1773.86,17,30155.62,akure,mike,2020-02-25
7600,scanner,electronics,780.22,60,46813.2,kwara,sola,2020-02-15
7601,monitor,electronics,882.96,3,2648.88,kogi,moji,2020-11-23
7602,printer,electronics,84.97,24,2039.28,kogi,moji,2020-08-31
7603,scanner,electronics,78.43,80,6274.4,enugu,abdul,2020-04-05
7604,keyboard,electronics,326.36,99,32309.64,ogun,martins,2021-03-18
7605,desk,furniture,889.32,52,46244.64,akure,taiwo,2020-01-05
7606,printer,electronics,483.94,82,39683.08,kano,taiwo,2020-06-09
7607,mouse,electronics,1389.38,53,73637.14,osun,taiwo,2020-08-14
7608,printer,electronics,462.85,22,10182.7,kwara,mike,2020-03-16
7609,chair,furniture,1109.3,2,2218.6,akure,dayo,2020-03-10
7610,monitor,electronics,1952.48,67,130816.16,lagos,josh,2021-04-08
7611,monitor,electronics,389.85,29,11305.65,kogi,Ini,2021-01-29
7612,scanner,electronics,726.66,48,34879.68,kano,mike,2020-04-22
7613,printer,electronics,255.9,57,14586.3,lagos,josh,2021-01-09
7614,chair,furniture,36.63,21,769.23,osun,josh,2020-02-06
7615,desktops,electronics,808.99,64,51775.36,imo,taiwo,2020-10-23
7616,mouse,electronics,270.88,25,6772.0,akure,tolu,2021-03-20
7617,keyboard,electronics,1866.9,41,76542.9,kwara,mike,2020-06-03
7618,desk,furniture,508.09,56,28453.04,lagos,martins,2021-01-27
7619,keyboard,electronics,682.76,45,30724.2,abuja,josh,2020-03-30
7620,chair,furniture,1604.67,76,121954.92,imo,Ini,2021-01-06
7621,mouse,electronics,1734.68,26,45101.68,enugu,dayo,2020-09-13
7622,flashdrives,electronics,682.46,9,6142.14,kano,Ini,2020-07-21
7623,scanner,electronics,1535.16,33,50660.28,imo,josh,2020-01-21
7624,mouse,electronics,1256.34,64,80405.76,kogi,sola,2020-04-24
7625,monitor,electronics,1877.08,54,101362.32,imo,moji,2021-02-10
7626,scanner,electronics,1372.82,10,13728.2,akure,sola,2021-03-17
7627,printer,electronics,511.56,19,9719.64,kano,tolu,2020-09-24
7628,chair,furniture,97.47,87,8479.89,kwara,moji,2020-01-03
7629,mouse,electronics,554.15,89,49319.35,abuja,sola,2021-03-29
7630,mouse,electronics,1238.54,69,85459.26,ibadan,martins,2020-09-14
7631,monitor,electronics,905.93,39,35331.27,kwara,tolu,2020-05-02
7632,keyboard,electronics,1790.6,66,118179.6,abuja,Ini,2020-09-12
7633,laptop,electronics,1461.1,67,97893.7,lagos,josh,2021-06-11
7634,desktops,electronics,1616.73,78,126104.94,lagos,josh,2021-06-04
7635,laptop,electronics,1102.08,35,38572.8,lagos,abdul,2020-08-09
7636,scanner,electronics,1430.55,4,5722.2,akure,martins,2020-04-25
7637,laptop,electronics,691.42,91,62919.22,katsina,josh,2021-06-14
7638,desk,furniture,1624.51,76,123462.76,osun,martins,2020-07-07
7639,mouse,electronics,1560.23,9,14042.07,abuja,mike,2021-02-28
7640,flashdrives,electronics,620.85,3,1862.55,kano,tolu,2020-03-17
7641,keyboard,electronics,1826.93,38,69423.34,kogi,Ini,2021-03-08
7642,scanner,electronics,305.49,15,4582.35,kano,tolu,2020-12-21
7643,flashdrives,electronics,1056.9,25,26422.5,kogi,sola,2020-02-22
7644,chair,furniture,1640.13,35,57404.55,osun,dayo,2020-09-26
7645,flashdrives,electronics,1804.88,93,167853.84,akure,emeka,2020-03-17
7646,keyboard,electronics,789.81,75,59235.75,kano,martins,2020-09-07
7647,monitor,electronics,176.49,34,6000.66,abia,mike,2021-01-13
7648,desk,furniture,1937.86,46,89141.56,enugu,moji,2021-03-05
7649,desk,furniture,721.76,66,47636.16,ogun,moji,2020-08-04
7650,laptop,electronics,585.11,74,43298.14,osun,josh,2020-02-28
7651,scanner,electronics,485.54,65,31560.1,osun,tolu,2021-02-09
7652,scanner,electronics,1305.51,51,66581.01,ibadan,josh,2020-02-10
7653,desktops,electronics,783.53,93,72868.29,abia,emeka,2020-11-26
7654,monitor,electronics,1592.73,17,27076.41,imo,sola,2020-08-19
7655,laptop,electronics,954.09,19,18127.71,ibadan,dayo,2021-05-15
7656,desk,furniture,524.25,24,12582.0,kogi,moji,2020-08-10
7657,flashdrives,electronics,740.87,100,74087.0,akure,Ini,2020-09-14
7658,printer,electronics,1097.29,16,17556.64,kwara,martins,2020-11-26
7659,desktops,electronics,416.15,32,13316.8,ibadan,martins,2021-06-14
7660,monitor,electronics,750.61,82,61550.02,ibadan,sola,2021-04-30
7661,desktops,electronics,1070.19,73,78123.87,kwara,dayo,2020-05-07
7662,flashdrives,electronics,360.53,56,20189.68,osun,mike,2021-01-16
7663,desk,furniture,1234.18,23,28386.14,akure,tolu,2021-02-28
7664,keyboard,electronics,1904.71,56,106663.76,abia,sola,2020-05-22
7665,monitor,electronics,840.35,31,26050.85,abuja,sola,2021-04-26
7666,printer,electronics,476.78,33,15733.74,abuja,dayo,2020-07-29
7667,flashdrives,electronics,1484.27,91,135068.57,imo,josh,2020-12-13
7668,chair,furniture,1673.35,96,160641.6,imo,martins,2020-06-13
7669,keyboard,electronics,1790.15,3,5370.45,abuja,Ini,2021-05-24
7670,mouse,electronics,1362.33,4,5449.32,kogi,sola,2020-10-30
7671,printer,electronics,1737.74,3,5213.22,kano,mike,2020-10-20
7672,scanner,electronics,920.57,100,92057.0,akure,tolu,2020-08-06
7673,scanner,electronics,209.06,83,17351.98,ibadan,abdul,2020-03-15
7674,laptop,electronics,1491.11,24,35786.64,katsina,moji,2021-03-17
7675,desk,furniture,1933.34,74,143067.16,ogun,martins,2021-03-10
7676,desk,furniture,1286.67,96,123520.32,ibadan,Ini,2021-05-08
7677,keyboard,electronics,1507.29,92,138670.68,abuja,moji,2020-03-03
7678,scanner,electronics,23.04,30,691.2,kwara,taiwo,2020-09-09
7679,chair,furniture,1695.45,23,38995.35,kogi,martins,2020-03-27
7680,desktops,electronics,904.99,92,83259.08,enugu,emeka,2020-12-20
7681,monitor,electronics,393.01,96,37728.96,ibadan,sola,2020-05-16
7682,printer,electronics,439.25,29,12738.25,osun,sola,2020-05-17
7683,scanner,electronics,273.73,98,26825.54,enugu,Ini,2021-04-06
7684,keyboard,electronics,922.86,33,30454.38,akure,Ini,2020-12-13
7685,laptop,electronics,346.41,14,4849.74,ogun,dayo,2021-06-22
7686,printer,electronics,389.67,13,5065.71,ibadan,dayo,2020-11-12
7687,desk,furniture,1990.66,30,59719.8,abia,mike,2020-07-13
7688,desktops,electronics,475.98,51,24274.98,abia,dayo,2021-05-15
7689,desktops,electronics,1667.73,39,65041.47,kano,martins,2020-10-19
7690,chair,furniture,675.83,89,60148.87,ogun,emeka,2020-09-09
7691,printer,electronics,1333.51,77,102680.27,ibadan,Ini,2021-05-01
7692,laptop,electronics,1763.31,74,130484.94,abia,abdul,2020-06-30
7693,desktops,electronics,693.86,17,11795.62,ogun,tolu,2020-02-25
7694,keyboard,electronics,1981.75,41,81251.75,ibadan,mike,2020-03-24
7695,desk,furniture,1431.12,91,130231.92,ogun,Ini,2020-10-23
7696,desk,furniture,1497.34,57,85348.38,ogun,Ini,2021-06-21
7697,mouse,electronics,1049.24,98,102825.52,osun,dayo,2021-03-20
7698,monitor,electronics,1440.81,96,138317.76,abuja,abdul,2020-11-29
7699,flashdrives,electronics,1442.92,100,144292.0,ogun,josh,2020-05-18
7700,mouse,electronics,247.24,72,17801.28,akure,Ini,2020-06-26
7701,monitor,electronics,1906.65,43,81985.95,ogun,martins,2020-03-30
7702,flashdrives,electronics,575.95,28,16126.6,enugu,Ini,2021-03-08
7703,keyboard,electronics,814.04,26,21165.04,kwara,emeka,2021-01-23
7704,printer,electronics,598.28,73,43674.44,osun,Ini,2021-04-20
7705,flashdrives,electronics,190.07,62,11784.34,kwara,tolu,2020-06-06
7706,keyboard,electronics,60.24,71,4277.04,abia,tolu,2020-05-06
7707,laptop,electronics,1582.21,13,20568.73,abia,taiwo,2020-07-01
7708,desktops,electronics,1637.65,86,140837.9,kogi,emeka,2020-02-29
7709,desk,furniture,380.77,11,4188.47,akure,Ini,2020-11-27
7710,flashdrives,electronics,693.59,33,22888.47,osun,martins,2021-02-11
7711,chair,furniture,214.35,90,19291.5,imo,tolu,2020-01-15
7712,desktops,electronics,35.69,92,3283.48,ibadan,tolu,2020-12-27
7713,desktops,electronics,1395.37,24,33488.88,ibadan,sola,2020-06-27
7714,chair,furniture,1718.46,83,142632.18,ibadan,emeka,2021-02-07
7715,desk,furniture,712.15,85,60532.75,kano,emeka,2020-10-31
7716,desktops,electronics,412.78,6,2476.68,akure,moji,2021-04-12
7717,mouse,electronics,1180.92,20,23618.4,abia,josh,2020-03-06
7718,keyboard,electronics,1312.02,33,43296.66,katsina,abdul,2020-12-01
7719,monitor,electronics,1890.2,60,113412.0,akure,tolu,2021-04-03
7720,chair,furniture,1005.46,28,28152.88,ibadan,sola,2021-02-01
7721,printer,electronics,1073.42,62,66552.04,akure,martins,2020-07-30
7722,mouse,electronics,37.97,91,3455.27,ogun,emeka,2021-03-24
7723,flashdrives,electronics,202.46,1,202.46,enugu,Ini,2020-03-17
7724,keyboard,electronics,1737.55,4,6950.2,imo,mike,2020-03-28
7725,flashdrives,electronics,1200.73,62,74445.26,ibadan,mike,2021-02-06
7726,desk,furniture,1216.41,64,77850.24,ogun,taiwo,2021-04-30
7727,keyboard,electronics,1591.44,96,152778.24,abuja,Ini,2020-05-02
7728,keyboard,electronics,593.87,30,17816.1,akure,mike,2021-03-09
7729,desktops,electronics,1319.74,32,42231.68,imo,martins,2020-08-11
7730,keyboard,electronics,709.56,26,18448.56,kogi,emeka,2021-01-15
7731,keyboard,electronics,1769.48,42,74318.16,kwara,Ini,2021-01-23
7732,chair,furniture,429.62,94,40384.28,lagos,Ini,2020-04-05
7733,laptop,electronics,1329.15,23,30570.45,kwara,abdul,2020-10-31
7734,chair,furniture,1685.45,35,58990.75,abia,mike,2020-03-14
7735,keyboard,electronics,1366.13,12,16393.56,ibadan,emeka,2020-07-28
7736,desk,furniture,1346.96,31,41755.76,abuja,emeka,2021-02-08
7737,keyboard,electronics,1724.05,57,98270.85,akure,mike,2020-11-01
7738,scanner,electronics,461.47,98,45224.06,lagos,emeka,2020-11-22
7739,mouse,electronics,1266.5,44,55726.0,kogi,mike,2020-08-10
7740,laptop,electronics,142.1,51,7247.1,katsina,mike,2020-05-28
7741,mouse,electronics,1589.23,7,11124.61,akure,tolu,2020-03-20
7742,desk,furniture,532.77,58,30900.66,kwara,Ini,2020-02-26
7743,scanner,electronics,1681.77,65,109315.05,abuja,moji,2020-07-28
7744,printer,electronics,1534.99,97,148894.03,katsina,Ini,2020-09-09
7745,flashdrives,electronics,842.92,21,17701.32,enugu,tolu,2020-06-16
7746,flashdrives,electronics,647.47,96,62157.12,kwara,mike,2021-03-27
7747,chair,furniture,948.25,8,7586.0,akure,josh,2020-11-01
7748,desktops,electronics,1193.59,92,109810.28,imo,martins,2021-04-30
7749,mouse,electronics,1971.67,89,175478.63,osun,emeka,2021-01-28
7750,flashdrives,electronics,1535.85,13,19966.05,akure,taiwo,2020-07-06
7751,chair,furniture,38.74,85,3292.9,kano,emeka,2020-09-10
7752,monitor,electronics,1556.34,14,21788.76,katsina,sola,2021-02-04
7753,desktops,electronics,1152.42,61,70297.62,ibadan,mike,2020-01-21
7754,keyboard,electronics,147.39,56,8253.84,imo,dayo,2020-10-21
7755,mouse,electronics,732.22,62,45397.64,abuja,sola,2020-03-10
7756,desktops,electronics,546.51,90,49185.9,ogun,tolu,2021-01-18
7757,mouse,electronics,1450.42,46,66719.32,imo,mike,2020-03-28
7758,chair,furniture,882.75,47,41489.25,akure,dayo,2020-06-09
7759,keyboard,electronics,455.83,48,21879.84,akure,sola,2020-11-26
7760,desktops,electronics,990.69,4,3962.76,kogi,abdul,2020-01-06
7761,keyboard,electronics,1540.2,71,109354.2,imo,sola,2020-08-16
7762,monitor,electronics,726.49,19,13803.31,kwara,Ini,2021-06-23
7763,flashdrives,electronics,1005.75,48,48276.0,abia,abdul,2020-12-25
7764,flashdrives,electronics,1304.86,39,50889.54,enugu,sola,2021-02-24
7765,desktops,electronics,1335.09,95,126833.55,enugu,taiwo,2021-02-26
7766,scanner,electronics,1358.26,42,57046.92,lagos,Ini,2020-06-03
7767,desktops,electronics,505.87,98,49575.26,lagos,moji,2020-12-27
7768,laptop,electronics,1062.14,7,7434.98,kwara,Ini,2020-11-19
7769,desk,furniture,1485.27,45,66837.15,imo,martins,2020-12-12
7770,desktops,electronics,240.01,2,480.02,akure,dayo,2020-01-11
7771,mouse,electronics,22.99,83,1908.17,kwara,tolu,2021-03-06
7772,chair,furniture,1197.19,34,40704.46,ibadan,Ini,2021-03-21
7773,mouse,electronics,1184.78,58,68717.24,kwara,dayo,2021-03-13
7774,desk,furniture,403.85,50,20192.5,imo,tolu,2020-10-29
7775,desk,furniture,1530.33,32,48970.56,katsina,abdul,2020-11-03
7776,chair,furniture,896.52,96,86065.92,osun,mike,2020-08-22
7777,monitor,electronics,1906.29,74,141065.46,kano,sola,2021-03-16
7778,keyboard,electronics,1013.96,79,80102.84,abuja,josh,2020-01-01
7779,keyboard,electronics,452.78,38,17205.64,katsina,dayo,2021-05-25
7780,monitor,electronics,590.83,41,24224.03,lagos,josh,2020-06-17
7781,mouse,electronics,1208.57,2,2417.14,akure,tolu,2020-01-04
7782,scanner,electronics,957.01,97,92829.97,kogi,martins,2021-05-04
7783,flashdrives,electronics,865.59,77,66650.43,abuja,taiwo,2020-12-29
7784,flashdrives,electronics,983.89,31,30500.59,kogi,mike,2020-01-17
7785,flashdrives,electronics,1074.61,95,102087.95,akure,emeka,2020-04-27
7786,flashdrives,electronics,1122.17,57,63963.69,imo,taiwo,2021-05-11
7787,monitor,electronics,789.96,47,37128.12,katsina,emeka,2021-03-27
7788,desktops,electronics,1063.76,68,72335.68,enugu,taiwo,2021-06-02
7789,flashdrives,electronics,1372.38,45,61757.1,ogun,josh,2021-04-08
7790,mouse,electronics,504.59,81,40871.79,osun,dayo,2020-09-16
7791,scanner,electronics,542.61,93,50462.73,osun,mike,2020-03-07
7792,desk,furniture,501.45,73,36605.85,akure,sola,2020-12-13
7793,chair,furniture,516.93,62,32049.66,enugu,taiwo,2020-08-30
7794,chair,furniture,1287.62,11,14163.82,kano,abdul,2021-06-03
7795,scanner,electronics,1040.12,57,59286.84,akure,mike,2020-03-15
7796,flashdrives,electronics,181.14,71,12860.94,imo,emeka,2021-06-15
7797,chair,furniture,677.58,64,43365.12,osun,tolu,2020-08-14
7798,keyboard,electronics,1466.33,77,112907.41,lagos,tolu,2020-01-30
7799,laptop,electronics,660.9,2,1321.8,akure,taiwo,2020-12-25
7800,mouse,electronics,887.54,49,43489.46,akure,dayo,2021-01-08
7801,scanner,electronics,84.19,94,7913.86,osun,moji,2020-08-17
7802,scanner,electronics,619.78,24,14874.72,ibadan,mike,2020-05-08
7803,chair,furniture,224.23,18,4036.14,katsina,emeka,2020-08-27
7804,monitor,electronics,1876.72,8,15013.76,imo,mike,2020-12-10
7805,monitor,electronics,420.31,25,10507.75,abia,josh,2021-04-28
7806,printer,electronics,1866.75,75,140006.25,ogun,dayo,2020-01-21
7807,flashdrives,electronics,803.98,21,16883.58,kwara,sola,2020-05-02
7808,flashdrives,electronics,818.61,1,818.61,kwara,Ini,2021-05-15
7809,printer,electronics,1273.13,65,82753.45,ogun,dayo,2020-05-29
7810,chair,furniture,1968.78,60,118126.8,kogi,abdul,2020-02-18
7811,flashdrives,electronics,1865.3,59,110052.7,katsina,emeka,2021-06-11
7812,monitor,electronics,1737.93,50,86896.5,kogi,martins,2021-05-26
7813,flashdrives,electronics,1991.62,65,129455.3,imo,josh,2020-12-09
7814,laptop,electronics,1586.11,97,153852.67,lagos,tolu,2020-10-26
7815,scanner,electronics,1991.99,85,169319.15,lagos,Ini,2020-05-23
7816,flashdrives,electronics,811.47,79,64106.13,abia,martins,2020-03-24
7817,laptop,electronics,1859.58,79,146906.82,katsina,sola,2020-05-31
7818,desk,furniture,724.27,58,42007.66,kwara,sola,2020-12-19
7819,scanner,electronics,783.91,3,2351.73,akure,emeka,2020-11-07
7820,mouse,electronics,1480.92,55,81450.6,enugu,moji,2020-03-10
7821,chair,furniture,895.31,27,24173.37,osun,dayo,2021-03-28
7822,keyboard,electronics,570.36,82,46769.52,akure,dayo,2020-04-02
7823,flashdrives,electronics,1577.32,71,111989.72,enugu,tolu,2020-02-05
7824,desktops,electronics,1349.09,39,52614.51,lagos,Ini,2020-12-03
7825,printer,electronics,1534.33,89,136555.37,kwara,martins,2021-01-08
7826,monitor,electronics,1488.48,44,65493.12,osun,tolu,2021-05-03
7827,keyboard,electronics,886.01,28,24808.28,osun,josh,2020-02-04
7828,chair,furniture,1486.7,4,5946.8,akure,moji,2020-07-13
7829,laptop,electronics,829.32,54,44783.28,enugu,sola,2020-03-07
7830,keyboard,electronics,1078.76,41,44229.16,kogi,dayo,2020-09-05
7831,desktops,electronics,910.81,4,3643.24,kano,Ini,2021-06-17
7832,printer,electronics,464.3,73,33893.9,kwara,sola,2020-04-24
7833,scanner,electronics,1957.48,93,182045.64,osun,sola,2020-11-13
7834,mouse,electronics,460.94,14,6453.16,enugu,abdul,2020-01-03
7835,desk,furniture,1383.21,73,100974.33,lagos,dayo,2021-01-15
7836,desktops,electronics,447.19,53,23701.07,kwara,taiwo,2021-05-28
7837,monitor,electronics,1956.0,55,107580.0,imo,dayo,2020-05-06
7838,desk,furniture,897.23,26,23327.98,kwara,mike,2021-03-11
7839,printer,electronics,1340.08,6,8040.48,kogi,Ini,2021-05-07
7840,printer,electronics,1991.45,45,89615.25,osun,josh,2021-04-04
7841,monitor,electronics,1475.33,97,143107.01,imo,josh,2020-10-24
7842,mouse,electronics,1625.55,41,66647.55,abia,tolu,2021-03-28
7843,chair,furniture,1802.4,17,30640.8,akure,martins,2020-10-27
7844,laptop,electronics,374.09,89,33294.01,imo,dayo,2021-05-29
7845,desktops,electronics,148.09,81,11995.29,kwara,josh,2020-11-29
7846,desktops,electronics,906.16,28,25372.48,akure,Ini,2021-05-30
7847,scanner,electronics,1517.02,61,92538.22,ogun,sola,2020-02-17
7848,desktops,electronics,62.13,37,2298.81,abuja,martins,2020-10-20
7849,mouse,electronics,752.3,60,45138.0,abia,taiwo,2020-09-07
7850,mouse,electronics,824.01,2,1648.02,kwara,tolu,2020-05-01
7851,desk,furniture,1537.72,15,23065.8,abuja,josh,2021-01-10
7852,desk,furniture,1939.03,12,23268.36,katsina,tolu,2020-10-18
7853,laptop,electronics,1415.16,57,80664.12,ogun,tolu,2020-12-30
7854,laptop,electronics,103.34,40,4133.6,akure,dayo,2020-11-04
7855,laptop,electronics,1898.95,71,134825.45,osun,sola,2020-05-13
7856,chair,furniture,65.75,74,4865.5,osun,tolu,2020-02-08
7857,desk,furniture,634.13,40,25365.2,osun,abdul,2020-12-06
7858,desk,furniture,1305.27,95,124000.65,abia,tolu,2021-06-02
7859,laptop,electronics,1842.22,29,53424.38,imo,tolu,2021-02-07
7860,monitor,electronics,1133.6,52,58947.2,ibadan,Ini,2020-05-23
7861,keyboard,electronics,622.71,42,26153.82,imo,dayo,2020-04-09
7862,chair,furniture,96.0,94,9024.0,katsina,abdul,2020-12-23
7863,mouse,electronics,1569.05,99,155335.95,ibadan,tolu,2020-07-07
7864,scanner,electronics,558.85,82,45825.7,imo,emeka,2021-02-20
7865,desk,furniture,1410.65,86,121315.9,osun,martins,2020-02-11
7866,laptop,electronics,534.5,28,14966.0,osun,dayo,2020-01-19
7867,scanner,electronics,1408.92,93,131029.56,kwara,dayo,2021-03-03
7868,chair,furniture,1271.29,41,52122.89,abuja,taiwo,2020-01-11
7869,flashdrives,electronics,765.43,95,72715.85,enugu,martins,2021-05-29
7870,chair,furniture,437.3,64,27987.2,lagos,emeka,2021-05-28
7871,mouse,electronics,1777.33,53,94198.49,kwara,dayo,2020-04-15
7872,monitor,electronics,1788.77,30,53663.1,ogun,dayo,2020-10-28
7873,desk,furniture,1213.42,87,105567.54,kano,dayo,2020-04-08
7874,printer,electronics,128.21,49,6282.29,ibadan,josh,2020-09-24
7875,desk,furniture,782.41,20,15648.2,akure,Ini,2020-08-25
7876,mouse,electronics,326.48,45,14691.6,katsina,mike,2020-04-20
7877,keyboard,electronics,893.92,76,67937.92,kwara,Ini,2021-02-08
7878,keyboard,electronics,1545.15,21,32448.15,imo,emeka,2020-12-29
7879,chair,furniture,1587.72,82,130193.04,osun,taiwo,2021-05-15
7880,scanner,electronics,740.44,72,53311.68,lagos,tolu,2021-06-01
7881,flashdrives,electronics,1571.62,16,25145.92,enugu,abdul,2020-08-13
7882,mouse,electronics,1521.72,100,152172.0,enugu,moji,2021-03-10
7883,laptop,electronics,1789.74,23,41164.02,kogi,moji,2020-09-28
7884,scanner,electronics,906.64,54,48958.56,akure,martins,2020-09-28
7885,scanner,electronics,1536.8,48,73766.4,kano,mike,2020-09-24
7886,scanner,electronics,1937.72,88,170519.36,ogun,dayo,2020-05-26
7887,flashdrives,electronics,1807.79,54,97620.66,abia,emeka,2020-10-19
7888,printer,electronics,528.76,85,44944.6,ogun,emeka,2020-04-27
7889,monitor,electronics,1865.41,60,111924.6,kwara,martins,2020-09-17
7890,flashdrives,electronics,1021.84,55,56201.2,kano,martins,2020-07-12
7891,desktops,electronics,1619.79,57,92328.03,katsina,emeka,2021-02-05
7892,printer,electronics,1477.17,40,59086.8,kano,Ini,2021-03-02
7893,laptop,electronics,1415.97,63,89206.11,ibadan,tolu,2020-05-03
7894,scanner,electronics,884.39,98,86670.22,ibadan,martins,2020-06-23
7895,desk,furniture,1393.71,25,34842.75,akure,abdul,2020-10-16
7896,keyboard,electronics,664.59,44,29241.96,kogi,moji,2020-07-21
7897,keyboard,electronics,1638.17,56,91737.52,abia,sola,2020-03-31
7898,monitor,electronics,1076.06,16,17216.96,abia,josh,2020-12-18
7899,mouse,electronics,1688.08,74,124917.92,ogun,josh,2020-10-06
7900,keyboard,electronics,1744.05,81,141268.05,akure,sola,2021-05-07
7901,printer,electronics,33.12,52,1722.24,kwara,dayo,2020-03-04
7902,desktops,electronics,1811.38,83,150344.54,kwara,sola,2020-01-14
7903,chair,furniture,329.58,10,3295.8,kano,mike,2020-07-11
7904,monitor,electronics,627.57,89,55853.73,ogun,sola,2020-08-04
7905,chair,furniture,1068.41,14,14957.74,abia,abdul,2020-06-04
7906,desk,furniture,950.33,58,55119.14,katsina,abdul,2020-06-07
7907,desk,furniture,268.24,58,15557.92,abia,mike,2021-03-25
7908,scanner,electronics,880.15,79,69531.85,akure,dayo,2021-06-04
7909,mouse,electronics,1169.66,38,44447.08,imo,mike,2021-04-02
7910,chair,furniture,1510.07,75,113255.25,ogun,sola,2020-10-23
7911,scanner,electronics,1222.05,25,30551.25,imo,moji,2020-07-25
7912,desk,furniture,988.19,82,81031.58,enugu,sola,2021-02-16
7913,desk,furniture,1019.17,91,92744.47,osun,martins,2020-12-04
7914,monitor,electronics,820.59,55,45132.45,enugu,tolu,2021-05-28
7915,monitor,electronics,1531.25,5,7656.25,katsina,moji,2021-02-10
7916,mouse,electronics,1805.84,92,166137.28,imo,abdul,2020-04-19
7917,chair,furniture,911.37,2,1822.74,akure,abdul,2020-11-05
7918,laptop,electronics,1831.98,71,130070.58,ogun,dayo,2020-08-14
7919,monitor,electronics,415.42,84,34895.28,akure,tolu,2020-04-08
7920,desktops,electronics,51.13,51,2607.63,kogi,taiwo,2020-01-12
7921,keyboard,electronics,514.07,18,9253.26,kwara,martins,2020-05-02
7922,flashdrives,electronics,459.72,68,31260.96,abia,emeka,2021-01-09
7923,monitor,electronics,162.49,46,7474.54,ibadan,tolu,2020-09-03
7924,flashdrives,electronics,978.37,13,12718.81,akure,Ini,2020-09-08
7925,scanner,electronics,1622.06,41,66504.46,osun,moji,2020-01-23
7926,desk,furniture,1554.3,2,3108.6,kwara,mike,2020-07-06
7927,monitor,electronics,1437.13,46,66107.98,lagos,taiwo,2021-02-10
7928,laptop,electronics,1902.14,53,100813.42,ogun,sola,2020-05-26
7929,scanner,electronics,1728.39,64,110616.96,kwara,tolu,2020-05-14
7930,keyboard,electronics,1867.54,44,82171.76,abuja,tolu,2020-05-29
7931,desk,furniture,1924.1,13,25013.3,imo,abdul,2020-12-11
7932,laptop,electronics,1911.83,17,32501.11,abuja,martins,2020-10-23
7933,laptop,electronics,173.23,62,10740.26,osun,emeka,2021-05-23
7934,laptop,electronics,801.47,91,72933.77,osun,dayo,2020-03-06
7935,laptop,electronics,1137.38,79,89853.02,enugu,tolu,2020-12-28
7936,keyboard,electronics,1737.17,55,95544.35,kwara,mike,2021-03-04
7937,printer,electronics,118.24,69,8158.56,katsina,mike,2020-04-05
7938,desk,furniture,1123.16,87,97714.92,kano,moji,2020-10-24
7939,laptop,electronics,896.2,29,25989.8,enugu,abdul,2020-02-25
7940,desktops,electronics,1378.09,59,81307.31,abuja,taiwo,2020-07-21
7941,flashdrives,electronics,55.42,80,4433.6,lagos,emeka,2020-06-07
7942,laptop,electronics,1828.55,44,80456.2,imo,tolu,2021-02-04
7943,keyboard,electronics,807.65,6,4845.9,enugu,martins,2020-06-30
7944,scanner,electronics,995.03,66,65671.98,akure,tolu,2021-04-04
7945,flashdrives,electronics,1056.4,69,72891.6,kwara,emeka,2020-06-24
7946,mouse,electronics,477.45,60,28647.0,katsina,dayo,2020-04-30
7947,printer,electronics,1879.78,20,37595.6,osun,abdul,2020-06-26
7948,keyboard,electronics,1158.3,86,99613.8,ogun,sola,2020-12-01
7949,scanner,electronics,93.6,38,3556.8,osun,tolu,2020-09-11
7950,desktops,electronics,1374.19,38,52219.22,enugu,josh,2020-10-25
7951,monitor,electronics,1288.95,65,83781.75,kwara,mike,2020-11-14
7952,printer,electronics,1208.3,59,71289.7,kwara,martins,2020-02-28
7953,chair,furniture,1631.7,74,120745.8,kano,taiwo,2021-03-14
7954,monitor,electronics,811.57,77,62490.89,kwara,abdul,2021-05-04
7955,printer,electronics,731.76,82,60004.32,ogun,josh,2020-01-18
7956,scanner,electronics,1666.53,44,73327.32,kwara,abdul,2021-05-19
7957,printer,electronics,96.61,95,9177.95,enugu,Ini,2020-02-02
7958,flashdrives,electronics,1170.49,94,110026.06,katsina,moji,2021-03-30
7959,keyboard,electronics,208.08,10,2080.8,imo,abdul,2021-01-06
7960,flashdrives,electronics,1419.09,1,1419.09,ibadan,abdul,2020-08-02
7961,monitor,electronics,237.78,97,23064.66,akure,tolu,2021-03-06
7962,flashdrives,electronics,852.64,3,2557.92,abuja,martins,2020-03-26
7963,scanner,electronics,823.3,12,9879.6,osun,tolu,2020-07-23
7964,monitor,electronics,667.21,1,667.21,kogi,sola,2020-06-27
7965,desk,furniture,128.03,73,9346.19,katsina,moji,2021-02-01
7966,scanner,electronics,278.3,50,13915.0,kogi,abdul,2020-08-24
7967,mouse,electronics,770.7,38,29286.6,lagos,dayo,2020-06-08
7968,monitor,electronics,228.7,9,2058.3,enugu,moji,2021-04-04
7969,mouse,electronics,1212.09,75,90906.75,ibadan,josh,2021-04-21
7970,scanner,electronics,111.48,98,10925.04,abuja,emeka,2021-01-05
7971,laptop,electronics,1117.08,77,86015.16,abia,martins,2020-01-06
7972,printer,electronics,837.88,57,47759.16,imo,abdul,2021-01-01
7973,keyboard,electronics,1609.09,29,46663.61,akure,emeka,2021-01-12
7974,mouse,electronics,954.25,56,53438.0,katsina,josh,2020-07-05
7975,scanner,electronics,236.67,84,19880.28,lagos,sola,2020-07-09
7976,desktops,electronics,1571.1,49,76983.9,enugu,moji,2020-02-25
7977,desk,furniture,840.14,96,80653.44,kogi,martins,2020-06-21
7978,scanner,electronics,1170.62,25,29265.5,akure,Ini,2021-03-26
7979,chair,furniture,589.35,86,50684.1,ibadan,emeka,2020-02-14
7980,printer,electronics,952.22,64,60942.08,akure,abdul,2020-06-03
7981,keyboard,electronics,1432.44,88,126054.72,osun,emeka,2021-05-20
7982,printer,electronics,343.17,16,5490.72,akure,dayo,2021-04-20
7983,desktops,electronics,1256.4,68,85435.2,osun,moji,2021-02-14
7984,desktops,electronics,1726.5,13,22444.5,enugu,moji,2020-11-20
7985,mouse,electronics,205.36,34,6982.24,kano,taiwo,2020-04-28
7986,keyboard,electronics,599.67,65,38978.55,ibadan,josh,2020-11-08
7987,desk,furniture,890.41,10,8904.1,ogun,abdul,2021-03-30
7988,mouse,electronics,1847.72,61,112710.92,abia,taiwo,2020-04-04
7989,flashdrives,electronics,1784.88,1,1784.88,ogun,mike,2021-02-15
7990,flashdrives,electronics,655.93,41,26893.13,ogun,martins,2020-12-26
7991,chair,furniture,1485.75,1,1485.75,katsina,taiwo,2020-01-08
7992,mouse,electronics,1306.07,12,15672.84,enugu,mike,2020-04-01
7993,chair,furniture,77.28,14,1081.92,katsina,tolu,2020-02-07
7994,mouse,electronics,224.99,17,3824.83,enugu,abdul,2020-08-14
7995,mouse,electronics,1336.04,67,89514.68,ogun,tolu,2020-03-30
7996,chair,furniture,341.42,32,10925.44,akure,Ini,2021-01-24
7997,printer,electronics,1910.94,55,105101.7,ibadan,martins,2020-02-01
7998,mouse,electronics,1148.08,86,98734.88,imo,tolu,2020-11-20
7999,scanner,electronics,1714.46,100,171446.0,kogi,martins,2021-03-24
8000,desktops,electronics,1643.41,20,32868.2,ibadan,moji,2020-05-05
8001,desk,furniture,1742.74,27,47053.98,ibadan,sola,2020-11-06
8002,mouse,electronics,1675.71,33,55298.43,enugu,josh,2020-10-25
8003,desk,furniture,1886.41,19,35841.79,ibadan,dayo,2020-05-29
8004,keyboard,electronics,473.07,8,3784.56,ogun,mike,2020-10-27
8005,keyboard,electronics,1489.84,11,16388.24,kogi,dayo,2020-09-24
8006,desk,furniture,128.53,67,8611.51,imo,emeka,2020-12-22
8007,mouse,electronics,1263.27,44,55583.88,osun,sola,2020-08-31
8008,scanner,electronics,1840.31,55,101217.05,kogi,josh,2020-05-30
8009,mouse,electronics,1694.09,64,108421.76,ibadan,mike,2020-09-20
8010,printer,electronics,392.88,30,11786.4,abuja,mike,2020-10-03
8011,flashdrives,electronics,1589.17,2,3178.34,kogi,martins,2020-11-27
8012,scanner,electronics,224.73,89,20000.97,katsina,Ini,2020-04-16
8013,monitor,electronics,1290.88,38,49053.44,ogun,mike,2020-09-04
8014,mouse,electronics,1518.69,2,3037.38,enugu,dayo,2020-02-16
8015,chair,furniture,1080.35,74,79945.9,ogun,josh,2021-04-08
8016,desk,furniture,125.96,72,9069.12,imo,dayo,2020-08-20
8017,laptop,electronics,563.09,90,50678.1,ogun,josh,2020-10-11
8018,scanner,electronics,987.14,64,63176.96,katsina,abdul,2020-09-30
8019,monitor,electronics,754.82,84,63404.88,ogun,emeka,2021-04-25
8020,monitor,electronics,875.4,78,68281.2,enugu,martins,2020-04-06
8021,desk,furniture,1013.89,47,47652.83,kano,josh,2020-09-04
8022,mouse,electronics,1338.21,90,120438.9,enugu,josh,2020-02-19
8023,scanner,electronics,1967.31,73,143613.63,katsina,Ini,2020-01-19
8024,mouse,electronics,1825.63,15,27384.45,kwara,josh,2021-02-11
8025,desktops,electronics,1153.15,58,66882.7,ibadan,tolu,2020-01-19
8026,flashdrives,electronics,729.77,73,53273.21,lagos,josh,2020-12-28
8027,laptop,electronics,1205.95,62,74768.9,osun,sola,2021-05-29
8028,mouse,electronics,1070.66,58,62098.28,abia,sola,2021-02-03
8029,desk,furniture,1020.55,51,52048.05,katsina,emeka,2020-06-25
8030,scanner,electronics,172.39,82,14135.98,abuja,moji,2020-12-20
8031,scanner,electronics,89.76,89,7988.64,abia,tolu,2021-01-25
8032,keyboard,electronics,1484.55,66,97980.3,ogun,emeka,2020-01-27
8033,desktops,electronics,1954.61,95,185687.95,abia,tolu,2020-02-25
8034,desk,furniture,1014.56,26,26378.56,abuja,moji,2020-06-02
8035,mouse,electronics,931.49,75,69861.75,akure,emeka,2020-05-22
8036,desktops,electronics,314.07,21,6595.47,katsina,abdul,2020-03-24
8037,keyboard,electronics,672.06,63,42339.78,enugu,sola,2020-12-20
8038,laptop,electronics,1652.64,91,150390.24,katsina,dayo,2020-12-18
8039,desk,furniture,264.11,23,6074.53,abia,Ini,2020-04-28
8040,scanner,electronics,202.02,36,7272.72,imo,sola,2021-05-23
8041,chair,furniture,393.49,26,10230.74,akure,tolu,2021-05-18
8042,monitor,electronics,1405.08,33,46367.64,kano,moji,2020-11-12
8043,keyboard,electronics,43.49,33,1435.17,kano,martins,2021-03-25
8044,flashdrives,electronics,492.15,62,30513.3,ibadan,moji,2021-01-13
8045,desktops,electronics,921.58,80,73726.4,abia,emeka,2020-10-21
8046,keyboard,electronics,697.91,85,59322.35,akure,emeka,2020-05-19
8047,printer,electronics,467.93,83,38838.19,imo,martins,2021-01-07
8048,printer,electronics,1384.39,95,131517.05,ogun,dayo,2021-05-18
8049,chair,furniture,1223.43,91,111332.13,osun,abdul,2021-02-08
8050,scanner,electronics,1349.38,24,32385.12,enugu,abdul,2021-04-16
8051,flashdrives,electronics,709.51,20,14190.2,katsina,dayo,2020-04-11
8052,desk,furniture,1922.57,10,19225.7,kano,emeka,2020-06-01
8053,mouse,electronics,493.92,14,6914.88,abuja,tolu,2020-03-16
8054,monitor,electronics,1318.09,7,9226.63,abuja,martins,2021-05-01
8055,printer,electronics,391.69,98,38385.62,ogun,martins,2020-07-01
8056,scanner,electronics,821.91,74,60821.34,ibadan,dayo,2020-10-22
8057,mouse,electronics,357.65,18,6437.7,abia,sola,2020-07-04
8058,monitor,electronics,1715.08,5,8575.4,kwara,Ini,2020-09-12
8059,desktops,electronics,1510.17,91,137425.47,imo,Ini,2020-03-01
8060,flashdrives,electronics,622.72,75,46704.0,abuja,abdul,2021-05-06
8061,laptop,electronics,1968.28,46,90540.88,kwara,Ini,2021-06-15
8062,monitor,electronics,969.86,22,21336.92,abuja,abdul,2020-04-24
8063,desk,furniture,1635.2,95,155344.0,kwara,sola,2020-05-23
8064,desk,furniture,1306.01,67,87502.67,lagos,emeka,2020-08-02
8065,chair,furniture,153.86,14,2154.04,osun,abdul,2020-03-17
8066,chair,furniture,1688.05,39,65833.95,ibadan,emeka,2020-09-09
8067,desktops,electronics,26.16,57,1491.12,ogun,taiwo,2021-03-24
8068,monitor,electronics,1096.58,13,14255.54,katsina,abdul,2021-04-01
8069,laptop,electronics,1348.86,74,99815.64,ibadan,mike,2020-06-22
8070,scanner,electronics,1687.78,41,69198.98,ibadan,martins,2021-03-26
8071,chair,furniture,1767.02,2,3534.04,lagos,josh,2020-08-26
8072,printer,electronics,657.38,65,42729.7,kwara,sola,2020-07-28
8073,scanner,electronics,1112.5,13,14462.5,ogun,moji,2021-06-07
8074,laptop,electronics,1342.14,23,30869.22,osun,tolu,2020-08-25
8075,desktops,electronics,1985.02,8,15880.16,imo,sola,2020-10-14
8076,chair,furniture,972.86,71,69073.06,imo,sola,2020-12-14
8077,desktops,electronics,982.93,46,45214.78,katsina,Ini,2020-03-12
8078,printer,electronics,863.81,38,32824.78,abuja,josh,2020-08-28
8079,monitor,electronics,1492.14,58,86544.12,imo,martins,2021-01-25
8080,desk,furniture,843.86,64,54007.04,lagos,tolu,2021-02-15
8081,monitor,electronics,1535.79,30,46073.7,abuja,moji,2020-03-11
8082,desk,furniture,1399.98,14,19599.72,osun,josh,2020-12-11
8083,monitor,electronics,70.61,32,2259.52,enugu,abdul,2020-04-26
8084,monitor,electronics,526.15,8,4209.2,katsina,Ini,2021-05-19
8085,flashdrives,electronics,172.8,60,10368.0,lagos,abdul,2021-05-12
8086,flashdrives,electronics,1269.43,28,35544.04,lagos,mike,2020-04-09
8087,desktops,electronics,1169.81,7,8188.67,lagos,taiwo,2021-01-14
8088,desktops,electronics,276.59,62,17148.58,kano,moji,2021-02-04
8089,keyboard,electronics,1659.69,58,96262.02,abia,taiwo,2020-05-10
8090,scanner,electronics,874.57,35,30609.95,enugu,abdul,2020-05-30
8091,printer,electronics,1760.57,42,73943.94,lagos,mike,2020-12-02
8092,keyboard,electronics,1159.56,78,90445.68,lagos,josh,2020-08-12
8093,desk,furniture,1618.0,57,92226.0,osun,tolu,2020-05-02
8094,keyboard,electronics,67.97,58,3942.26,kano,martins,2020-12-19
8095,chair,furniture,1106.49,85,94051.65,osun,martins,2020-08-27
8096,printer,electronics,1396.74,90,125706.6,akure,martins,2020-04-11
8097,flashdrives,electronics,1216.89,54,65712.06,kwara,taiwo,2020-10-11
8098,printer,electronics,882.16,91,80276.56,enugu,dayo,2020-03-22
8099,chair,furniture,541.81,24,13003.44,lagos,josh,2020-09-23
8100,laptop,electronics,1854.56,82,152073.92,akure,moji,2021-01-13
8101,printer,electronics,851.26,36,30645.36,lagos,emeka,2020-06-27
8102,laptop,electronics,251.75,51,12839.25,ogun,Ini,2020-11-19
8103,flashdrives,electronics,1477.92,87,128579.04,katsina,martins,2020-01-25
8104,mouse,electronics,463.67,33,15301.11,ogun,moji,2020-11-06
8105,laptop,electronics,711.25,81,57611.25,kwara,martins,2021-01-31
8106,chair,furniture,57.83,10,578.3,ibadan,taiwo,2021-03-19
8107,printer,electronics,632.47,33,20871.51,lagos,martins,2020-01-14
8108,laptop,electronics,1781.13,5,8905.65,lagos,taiwo,2021-02-26
8109,scanner,electronics,1701.52,33,56150.16,osun,Ini,2021-01-29
8110,desktops,electronics,1588.03,38,60345.14,abia,dayo,2021-03-27
8111,printer,electronics,357.38,53,18941.14,lagos,taiwo,2020-05-25
8112,scanner,electronics,804.7,18,14484.6,akure,Ini,2021-03-08
8113,laptop,electronics,184.65,25,4616.25,kwara,martins,2021-04-26
8114,flashdrives,electronics,676.18,11,7437.98,abuja,dayo,2020-04-24
8115,keyboard,electronics,1341.82,14,18785.48,imo,mike,2020-12-27
8116,keyboard,electronics,1368.9,48,65707.2,lagos,dayo,2020-04-30
8117,printer,electronics,1140.97,78,88995.66,lagos,taiwo,2020-09-03
8118,mouse,electronics,689.63,3,2068.89,enugu,moji,2021-05-24
8119,scanner,electronics,160.89,56,9009.84,ogun,taiwo,2021-05-07
8120,chair,furniture,1716.38,93,159623.34,ogun,mike,2020-07-12
8121,mouse,electronics,1259.17,89,112066.13,katsina,sola,2020-09-10
8122,mouse,electronics,1176.2,52,61162.4,enugu,martins,2020-06-15
8123,printer,electronics,628.43,49,30793.07,abuja,mike,2021-06-06
8124,scanner,electronics,1842.85,36,66342.6,kogi,emeka,2021-03-05
8125,scanner,electronics,743.64,83,61722.12,kwara,emeka,2020-07-03
8126,scanner,electronics,1372.7,11,15099.7,ogun,dayo,2020-08-21
8127,keyboard,electronics,1026.81,99,101654.19,abuja,moji,2020-09-04
8128,chair,furniture,1272.78,35,44547.3,abia,tolu,2020-10-12
8129,chair,furniture,1868.4,77,143866.8,abia,sola,2021-04-13
8130,printer,electronics,1958.68,12,23504.16,abia,taiwo,2020-11-02
8131,desktops,electronics,1820.79,74,134738.46,ibadan,martins,2020-01-06
8132,flashdrives,electronics,1327.89,50,66394.5,akure,dayo,2020-09-18
8133,desk,furniture,484.56,75,36342.0,kano,tolu,2020-10-23
8134,desktops,electronics,1488.07,65,96724.55,enugu,dayo,2020-01-19
8135,chair,furniture,1508.85,62,93548.7,kogi,tolu,2021-05-03
8136,desk,furniture,1609.56,74,119107.44,enugu,abdul,2021-04-08
8137,desktops,electronics,109.67,32,3509.44,ibadan,sola,2020-12-25
8138,mouse,electronics,1134.55,69,78283.95,enugu,moji,2021-03-09
8139,keyboard,electronics,1696.43,74,125535.82,enugu,taiwo,2021-03-28
8140,desk,furniture,1617.33,56,90570.48,kogi,mike,2020-02-28
8141,flashdrives,electronics,181.6,16,2905.6,osun,abdul,2021-01-08
8142,keyboard,electronics,773.48,33,25524.84,kano,josh,2020-08-03
8143,mouse,electronics,907.68,75,68076.0,enugu,martins,2020-12-29
8144,desk,furniture,1509.01,58,87522.58,akure,emeka,2020-04-29
8145,laptop,electronics,1264.13,84,106186.92,kogi,abdul,2021-03-01
8146,chair,furniture,111.89,39,4363.71,ibadan,Ini,2021-05-03
8147,chair,furniture,1835.07,15,27526.05,ibadan,martins,2020-12-29
8148,chair,furniture,1694.82,60,101689.2,lagos,sola,2021-01-08
8149,laptop,electronics,1400.48,47,65822.56,akure,taiwo,2020-09-19
8150,flashdrives,electronics,578.71,82,47454.22,imo,emeka,2020-11-24
8151,chair,furniture,1628.24,17,27680.08,akure,mike,2020-08-09
8152,chair,furniture,531.51,35,18602.85,abia,dayo,2020-10-02
8153,printer,electronics,686.53,44,30207.32,abia,tolu,2021-04-29
8154,desk,furniture,1885.62,97,182905.14,ogun,mike,2020-08-03
8155,monitor,electronics,1659.59,89,147703.51,ibadan,sola,2020-01-04
8156,printer,electronics,72.24,73,5273.52,akure,abdul,2020-01-11
8157,chair,furniture,337.89,94,31761.66,enugu,sola,2021-06-24
8158,keyboard,electronics,960.11,74,71048.14,akure,tolu,2021-06-03
8159,desktops,electronics,1006.0,92,92552.0,kwara,emeka,2020-10-06
8160,keyboard,electronics,1476.05,83,122512.15,kogi,mike,2020-01-24
8161,monitor,electronics,831.3,55,45721.5,imo,emeka,2020-02-01
8162,keyboard,electronics,1560.18,56,87370.08,ogun,taiwo,2020-09-27
8163,desktops,electronics,361.51,99,35789.49,osun,taiwo,2020-07-20
8164,printer,electronics,111.44,62,6909.28,osun,mike,2020-04-15
8165,desk,furniture,722.68,62,44806.16,enugu,Ini,2021-06-22
8166,scanner,electronics,296.34,63,18669.42,abuja,mike,2020-10-21
8167,flashdrives,electronics,1990.05,76,151243.8,abuja,mike,2020-07-16
8168,desk,furniture,1172.25,3,3516.75,ogun,Ini,2020-06-26
8169,printer,electronics,1222.62,45,55017.9,lagos,moji,2021-02-01
8170,flashdrives,electronics,166.44,55,9154.2,osun,Ini,2020-03-04
8171,chair,furniture,1257.27,19,23888.13,katsina,martins,2021-05-04
8172,laptop,electronics,61.85,9,556.65,katsina,abdul,2020-11-11
8173,flashdrives,electronics,56.4,27,1522.8,imo,Ini,2020-11-02
8174,monitor,electronics,372.14,56,20839.84,osun,sola,2020-10-12
8175,flashdrives,electronics,577.19,71,40980.49,lagos,moji,2021-01-23
8176,flashdrives,electronics,1284.64,79,101486.56,osun,moji,2020-04-30
8177,keyboard,electronics,1153.28,39,44977.92,kogi,taiwo,2020-02-10
8178,monitor,electronics,154.98,14,2169.72,kwara,sola,2021-04-18
8179,flashdrives,electronics,1813.25,34,61650.5,kogi,josh,2020-12-23
8180,mouse,electronics,1955.02,84,164221.68,kano,martins,2020-07-12
8181,monitor,electronics,1134.51,96,108912.96,lagos,josh,2021-01-29
8182,desk,furniture,1366.35,83,113407.05,osun,taiwo,2020-06-06
8183,monitor,electronics,1156.44,38,43944.72,katsina,dayo,2020-07-31
8184,chair,furniture,727.35,87,63279.45,abia,taiwo,2020-06-11
8185,desktops,electronics,1011.8,50,50590.0,katsina,Ini,2021-05-05
8186,monitor,electronics,626.85,71,44506.35,ogun,josh,2020-02-24
8187,monitor,electronics,39.26,94,3690.44,kano,Ini,2021-05-01
8188,keyboard,electronics,1373.89,11,15112.79,enugu,emeka,2020-07-28
8189,mouse,electronics,814.04,46,37445.84,lagos,josh,2020-12-26
8190,monitor,electronics,332.72,57,18965.04,osun,emeka,2020-05-29
8191,scanner,electronics,1726.59,84,145033.56,ogun,taiwo,2021-06-07
8192,monitor,electronics,1388.13,19,26374.47,kogi,dayo,2021-04-17
8193,chair,furniture,1186.58,31,36783.98,abia,dayo,2021-06-23
8194,flashdrives,electronics,1667.59,77,128404.43,abuja,sola,2021-06-23
8195,desk,furniture,896.04,65,58242.6,enugu,Ini,2020-09-20
8196,chair,furniture,1581.14,50,79057.0,osun,moji,2020-02-23
8197,scanner,electronics,55.66,49,2727.34,abia,sola,2021-01-21
8198,flashdrives,electronics,1915.25,49,93847.25,akure,sola,2020-10-15
8199,mouse,electronics,1492.44,63,94023.72,katsina,moji,2021-06-10
8200,laptop,electronics,298.64,37,11049.68,lagos,taiwo,2020-03-20
8201,laptop,electronics,931.18,14,13036.52,osun,moji,2020-05-17
8202,flashdrives,electronics,1555.67,36,56004.12,katsina,abdul,2021-04-12
8203,laptop,electronics,1976.99,24,47447.76,kogi,josh,2021-03-24
8204,desktops,electronics,1847.86,38,70218.68,osun,mike,2020-08-15
8205,printer,electronics,649.34,11,7142.74,osun,abdul,2021-01-13
8206,monitor,electronics,1807.23,85,153614.55,abuja,martins,2020-04-26
8207,printer,electronics,1032.09,48,49540.32,kogi,Ini,2020-08-18
8208,mouse,electronics,1628.97,62,100996.14,lagos,martins,2020-03-08
8209,chair,furniture,564.96,25,14124.0,abuja,Ini,2021-01-03
8210,desk,furniture,1904.12,64,121863.68,katsina,martins,2020-07-08
8211,mouse,electronics,1417.17,90,127545.3,enugu,abdul,2021-04-09
8212,monitor,electronics,487.38,77,37528.26,enugu,tolu,2020-02-15
8213,mouse,electronics,1686.09,1,1686.09,abuja,tolu,2020-10-23
8214,flashdrives,electronics,360.17,21,7563.57,abuja,dayo,2020-06-10
8215,keyboard,electronics,1899.61,87,165266.07,ibadan,martins,2020-01-01
8216,desk,furniture,173.14,68,11773.52,kogi,josh,2020-10-03
8217,flashdrives,electronics,864.19,52,44937.88,lagos,sola,2020-11-16
8218,mouse,electronics,1952.18,35,68326.3,katsina,josh,2020-02-12
8219,scanner,electronics,1660.77,11,18268.47,abuja,dayo,2020-02-01
8220,laptop,electronics,1914.57,44,84241.08,lagos,moji,2020-11-19
8221,monitor,electronics,1846.99,91,168076.09,abuja,emeka,2020-12-01
8222,flashdrives,electronics,1934.67,81,156708.27,kogi,martins,2020-06-03
8223,chair,furniture,824.34,100,82434.0,katsina,taiwo,2021-05-21
8224,chair,furniture,1221.76,54,65975.04,lagos,josh,2020-09-19
8225,desktops,electronics,1688.51,43,72605.93,kogi,sola,2020-11-20
8226,chair,furniture,712.88,35,24950.8,kano,sola,2020-11-13
8227,desk,furniture,1732.53,97,168055.41,lagos,mike,2020-09-26
8228,desktops,electronics,841.76,15,12626.4,imo,Ini,2020-12-11
8229,scanner,electronics,1762.02,95,167391.9,kwara,sola,2021-05-25
8230,chair,furniture,236.55,15,3548.25,ibadan,dayo,2020-04-09
8231,desk,furniture,129.92,72,9354.24,lagos,moji,2021-05-26
8232,printer,electronics,721.16,63,45433.08,lagos,dayo,2020-06-23
8233,desk,furniture,993.97,71,70571.87,kogi,josh,2020-02-17
8234,scanner,electronics,556.25,38,21137.5,abuja,taiwo,2020-10-12
8235,keyboard,electronics,1255.78,34,42696.52,imo,sola,2021-02-18
8236,chair,furniture,1586.13,3,4758.39,kwara,dayo,2020-03-03
8237,printer,electronics,1699.14,9,15292.26,akure,moji,2020-08-20
8238,chair,furniture,1344.78,85,114306.3,kogi,sola,2021-02-24
8239,desktops,electronics,519.09,80,41527.2,enugu,martins,2020-10-27
8240,keyboard,electronics,524.48,53,27797.44,abia,emeka,2021-06-01
8241,mouse,electronics,603.73,1,603.73,enugu,mike,2020-03-21
8242,chair,furniture,1313.69,6,7882.14,kogi,dayo,2020-03-20
8243,scanner,electronics,455.53,47,21409.91,osun,Ini,2020-06-06
8244,monitor,electronics,1200.02,84,100801.68,imo,Ini,2021-02-04
8245,desk,furniture,1479.65,88,130209.2,lagos,josh,2020-09-14
8246,mouse,electronics,1733.78,11,19071.58,akure,martins,2020-01-30
8247,chair,furniture,876.19,11,9638.09,abia,Ini,2020-12-22
8248,mouse,electronics,1426.51,69,98429.19,lagos,martins,2021-04-04
8249,chair,furniture,1116.12,23,25670.76,kwara,taiwo,2021-01-11
8250,printer,electronics,923.98,14,12935.72,kwara,tolu,2021-03-14
8251,chair,furniture,974.79,6,5848.74,kogi,mike,2021-05-14
8252,keyboard,electronics,1382.36,78,107824.08,abia,sola,2020-06-30
8253,desktops,electronics,1524.25,39,59445.75,osun,moji,2020-09-22
8254,monitor,electronics,41.13,82,3372.66,osun,sola,2020-04-23
8255,printer,electronics,333.71,23,7675.33,abia,josh,2021-05-11
8256,desktops,electronics,459.65,55,25280.75,enugu,taiwo,2020-02-25
8257,desktops,electronics,1362.18,14,19070.52,kano,tolu,2020-02-16
8258,printer,electronics,1194.16,35,41795.6,imo,taiwo,2021-04-21
8259,desk,furniture,1189.98,69,82108.62,kwara,martins,2020-04-02
8260,keyboard,electronics,1348.92,22,29676.24,akure,mike,2020-05-12
8261,laptop,electronics,1073.59,54,57973.86,abuja,martins,2020-02-09
8262,keyboard,electronics,728.2,85,61897.0,lagos,moji,2021-02-17
8263,keyboard,electronics,1441.01,95,136895.95,ogun,mike,2020-09-03
8264,chair,furniture,143.29,48,6877.92,akure,emeka,2020-12-26
8265,flashdrives,electronics,229.11,16,3665.76,kogi,Ini,2021-01-22
8266,mouse,electronics,882.47,53,46770.91,kano,emeka,2021-02-19
8267,printer,electronics,1092.54,51,55719.54,abia,abdul,2021-01-30
8268,laptop,electronics,282.85,47,13293.95,katsina,mike,2021-06-09
8269,chair,furniture,392.25,19,7452.75,imo,martins,2020-05-31
8270,keyboard,electronics,665.93,36,23973.48,akure,martins,2020-01-21
8271,desk,furniture,1236.6,3,3709.8,osun,Ini,2021-04-19
8272,monitor,electronics,1648.27,84,138454.68,kwara,Ini,2020-04-09
8273,desktops,electronics,1831.24,82,150161.68,ibadan,moji,2020-02-27
8274,laptop,electronics,1286.65,56,72052.4,kogi,josh,2020-10-26
8275,desktops,electronics,588.65,31,18248.15,abia,emeka,2020-08-24
8276,laptop,electronics,1517.81,36,54641.16,kogi,martins,2020-08-18
8277,printer,electronics,1676.35,92,154224.2,kogi,martins,2021-05-23
8278,laptop,electronics,779.95,73,56936.35,ogun,abdul,2021-04-26
8279,printer,electronics,1255.16,1,1255.16,ibadan,taiwo,2021-04-23
8280,flashdrives,electronics,1955.5,82,160351.0,akure,dayo,2020-09-05
8281,laptop,electronics,540.35,2,1080.7,kano,Ini,2020-01-25
8282,keyboard,electronics,1700.55,55,93530.25,ibadan,josh,2020-04-26
8283,monitor,electronics,28.68,99,2839.32,lagos,josh,2020-02-21
8284,mouse,electronics,1792.15,70,125450.5,akure,Ini,2020-12-02
8285,scanner,electronics,974.75,70,68232.5,kwara,martins,2020-10-16
8286,keyboard,electronics,979.74,4,3918.96,kogi,sola,2021-06-06
8287,keyboard,electronics,1012.72,1,1012.72,enugu,sola,2020-12-18
8288,printer,electronics,462.92,2,925.84,akure,sola,2021-01-04
8289,mouse,electronics,652.81,48,31334.88,lagos,moji,2020-07-12
8290,printer,electronics,330.86,60,19851.6,abuja,moji,2021-03-24
8291,desktops,electronics,1030.09,87,89617.83,imo,josh,2020-01-14
8292,printer,electronics,261.73,80,20938.4,abia,moji,2020-09-30
8293,mouse,electronics,1035.51,46,47633.46,abia,moji,2020-10-23
8294,mouse,electronics,271.81,92,25006.52,lagos,Ini,2020-09-21
8295,laptop,electronics,1955.52,95,185774.4,akure,moji,2020-12-05
8296,desk,furniture,1169.34,28,32741.52,katsina,sola,2021-04-29
8297,desk,furniture,1406.31,19,26719.89,imo,mike,2020-09-28
8298,chair,furniture,467.73,60,28063.8,osun,abdul,2020-02-13
8299,flashdrives,electronics,1872.63,87,162918.81,akure,sola,2020-07-27
8300,flashdrives,electronics,115.91,7,811.37,akure,mike,2020-07-22
8301,desk,furniture,1626.17,57,92691.69,abuja,sola,2020-11-04
8302,mouse,electronics,423.1,27,11423.7,osun,taiwo,2020-03-29
8303,keyboard,electronics,1297.46,69,89524.74,abuja,emeka,2020-08-15
8304,desk,furniture,790.95,37,29265.15,katsina,mike,2020-10-31
8305,monitor,electronics,1936.48,45,87141.6,ogun,abdul,2020-03-27
8306,scanner,electronics,1804.23,41,73973.43,abia,emeka,2020-10-13
8307,printer,electronics,1905.6,71,135297.6,imo,moji,2021-01-11
8308,laptop,electronics,1513.21,75,113490.75,akure,moji,2020-10-27
8309,desk,furniture,1408.46,84,118310.64,abuja,dayo,2021-04-03
8310,flashdrives,electronics,1110.17,62,68830.54,kogi,abdul,2020-09-02
8311,laptop,electronics,274.88,2,549.76,ibadan,sola,2020-08-03
8312,monitor,electronics,1629.61,89,145035.29,kwara,dayo,2020-09-02
8313,mouse,electronics,1329.6,50,66480.0,lagos,sola,2020-11-28
8314,laptop,electronics,1228.95,92,113063.4,ogun,sola,2021-05-22
8315,laptop,electronics,531.84,4,2127.36,imo,taiwo,2020-09-08
8316,desktops,electronics,1835.48,49,89938.52,kogi,dayo,2020-11-06
8317,chair,furniture,99.41,64,6362.24,ogun,sola,2021-02-02
8318,laptop,electronics,1481.68,60,88900.8,akure,Ini,2021-06-02
8319,flashdrives,electronics,848.56,55,46670.8,katsina,mike,2021-05-30
8320,laptop,electronics,726.71,63,45782.73,katsina,dayo,2020-02-29
8321,desktops,electronics,1553.77,19,29521.63,katsina,abdul,2020-02-14
8322,flashdrives,electronics,931.58,12,11178.96,osun,emeka,2020-06-22
8323,scanner,electronics,939.0,7,6573.0,ogun,tolu,2021-04-22
8324,printer,electronics,216.57,89,19274.73,kogi,sola,2020-04-16
8325,laptop,electronics,1135.62,85,96527.7,ogun,tolu,2021-02-27
8326,monitor,electronics,819.45,68,55722.6,ogun,sola,2021-06-01
8327,mouse,electronics,1761.13,70,123279.1,osun,mike,2020-01-12
8328,laptop,electronics,769.24,52,40000.48,imo,dayo,2021-06-20
8329,mouse,electronics,1752.98,21,36812.58,enugu,emeka,2020-02-18
8330,scanner,electronics,1459.29,21,30645.09,akure,sola,2020-09-29
8331,desk,furniture,658.6,3,1975.8,kogi,dayo,2020-03-17
8332,chair,furniture,1201.63,21,25234.23,ogun,taiwo,2020-04-13
8333,flashdrives,electronics,1227.1,59,72398.9,osun,Ini,2020-01-09
8334,monitor,electronics,264.16,72,19019.52,lagos,dayo,2020-08-05
8335,scanner,electronics,1126.35,1,1126.35,osun,dayo,2020-12-20
8336,scanner,electronics,529.68,68,36018.24,enugu,dayo,2020-02-15
8337,scanner,electronics,1796.81,69,123979.89,katsina,abdul,2020-09-18
8338,desk,furniture,1802.14,41,73887.74,kwara,mike,2021-04-13
8339,keyboard,electronics,786.04,24,18864.96,abuja,abdul,2020-03-12
8340,desktops,electronics,1381.73,55,75995.15,abia,mike,2021-02-28
8341,scanner,electronics,131.1,82,10750.2,osun,emeka,2021-05-02
8342,scanner,electronics,460.69,4,1842.76,kwara,Ini,2020-01-09
8343,monitor,electronics,901.36,23,20731.28,ogun,josh,2020-09-03
8344,chair,furniture,231.69,54,12511.26,abia,dayo,2021-06-24
8345,chair,furniture,65.79,11,723.69,akure,josh,2021-05-13
8346,desktops,electronics,1901.9,13,24724.7,katsina,tolu,2021-03-26
8347,monitor,electronics,1434.52,37,53077.24,kano,moji,2021-05-04
8348,printer,electronics,787.64,18,14177.52,ibadan,Ini,2020-10-09
8349,scanner,electronics,507.58,15,7613.7,enugu,dayo,2020-06-11
8350,chair,furniture,467.54,5,2337.7,akure,tolu,2021-05-04
8351,desk,furniture,880.71,5,4403.55,kwara,taiwo,2020-01-15
8352,chair,furniture,1051.29,92,96718.68,kogi,taiwo,2020-01-14
8353,mouse,electronics,677.47,58,39293.26,ibadan,mike,2021-01-30
8354,keyboard,electronics,251.35,79,19856.65,abia,Ini,2021-06-07
8355,printer,electronics,1688.15,44,74278.6,ogun,sola,2020-11-19
8356,printer,electronics,1334.7,39,52053.3,kano,taiwo,2020-12-08
8357,desktops,electronics,1580.73,52,82197.96,enugu,sola,2020-07-01
8358,flashdrives,electronics,1222.06,60,73323.6,kano,sola,2021-03-06
8359,chair,furniture,1239.47,6,7436.82,kogi,tolu,2020-01-25
8360,mouse,electronics,642.58,100,64258.0,ibadan,moji,2020-08-21
8361,desktops,electronics,344.01,92,31648.92,katsina,dayo,2021-02-20
8362,desktops,electronics,1060.72,31,32882.32,osun,sola,2020-07-26
8363,desktops,electronics,1339.49,78,104480.22,kwara,mike,2020-05-21
8364,keyboard,electronics,729.14,33,24061.62,kogi,tolu,2021-05-28
8365,desk,furniture,389.7,53,20654.1,kogi,moji,2020-03-02
8366,monitor,electronics,733.6,48,35212.8,enugu,taiwo,2020-02-23
8367,desktops,electronics,1829.55,26,47568.3,enugu,tolu,2020-03-22
8368,scanner,electronics,1668.22,75,125116.5,kano,mike,2020-05-29
8369,chair,furniture,478.99,47,22512.53,lagos,tolu,2021-02-12
8370,laptop,electronics,123.53,10,1235.3,kano,mike,2021-02-26
8371,scanner,electronics,1713.6,82,140515.2,lagos,emeka,2021-03-20
8372,mouse,electronics,583.79,5,2918.95,osun,moji,2020-01-07
8373,laptop,electronics,1202.64,56,67347.84,kogi,josh,2020-11-26
8374,scanner,electronics,692.84,40,27713.6,abia,abdul,2020-02-09
8375,laptop,electronics,210.25,67,14086.75,ibadan,mike,2020-05-13
8376,chair,furniture,1459.81,98,143061.38,ogun,sola,2020-01-05
8377,printer,electronics,378.18,92,34792.56,kano,josh,2021-06-02
8378,chair,furniture,1379.31,26,35862.06,lagos,Ini,2020-07-22
8379,keyboard,electronics,235.83,51,12027.33,akure,mike,2020-04-18
8380,laptop,electronics,1503.98,8,12031.84,ogun,dayo,2021-02-17
8381,mouse,electronics,1731.77,64,110833.28,abuja,abdul,2020-09-15
8382,laptop,electronics,1285.87,46,59150.02,lagos,martins,2021-02-20
8383,scanner,electronics,368.76,59,21756.84,kogi,taiwo,2020-09-08
8384,scanner,electronics,1667.46,83,138399.18,ibadan,tolu,2021-02-27
8385,printer,electronics,297.49,56,16659.44,ogun,tolu,2020-12-30
8386,laptop,electronics,1697.79,25,42444.75,ibadan,Ini,2021-05-17
8387,scanner,electronics,177.47,53,9405.91,lagos,sola,2021-06-04
8388,printer,electronics,1408.22,46,64778.12,katsina,dayo,2021-05-25
8389,printer,electronics,731.12,82,59951.84,kwara,Ini,2020-11-20
8390,flashdrives,electronics,1865.35,24,44768.4,lagos,taiwo,2020-03-12
8391,printer,electronics,1765.58,21,37077.18,imo,dayo,2020-06-17
8392,monitor,electronics,118.47,13,1540.11,kogi,taiwo,2020-08-24
8393,laptop,electronics,1822.37,32,58315.84,ogun,sola,2021-05-21
8394,chair,furniture,1415.72,38,53797.36,ogun,taiwo,2020-08-20
8395,monitor,electronics,1555.9,19,29562.1,osun,taiwo,2020-12-19
8396,chair,furniture,1060.09,64,67845.76,abia,tolu,2020-10-16
8397,laptop,electronics,603.97,61,36842.17,enugu,sola,2020-09-25
8398,desk,furniture,1444.36,80,115548.8,enugu,sola,2021-06-06
8399,monitor,electronics,1329.76,38,50530.88,abuja,emeka,2020-01-11
8400,desk,furniture,912.35,85,77549.75,abuja,martins,2020-02-02
8401,flashdrives,electronics,1153.17,72,83028.24,ibadan,taiwo,2020-06-26
8402,flashdrives,electronics,1025.57,75,76917.75,osun,abdul,2020-03-08
8403,desk,furniture,1279.39,17,21749.63,abuja,sola,2021-05-29
8404,keyboard,electronics,858.87,65,55826.55,akure,emeka,2021-04-26
8405,laptop,electronics,1935.67,99,191631.33,kano,taiwo,2021-06-12
8406,flashdrives,electronics,161.45,44,7103.8,ogun,josh,2021-04-25
8407,flashdrives,electronics,1154.49,12,13853.88,akure,dayo,2020-09-24
8408,monitor,electronics,543.71,45,24466.95,kogi,josh,2020-04-29
8409,keyboard,electronics,1987.92,29,57649.68,ibadan,abdul,2020-09-28
8410,scanner,electronics,130.63,60,7837.8,abia,martins,2021-06-10
8411,laptop,electronics,840.52,84,70603.68,katsina,moji,2020-09-02
8412,flashdrives,electronics,670.98,84,56362.32,ibadan,abdul,2020-11-26
8413,chair,furniture,1088.96,84,91472.64,ibadan,josh,2020-01-22
8414,chair,furniture,434.36,89,38658.04,abia,moji,2020-06-08
8415,desktops,electronics,343.81,82,28192.42,abuja,moji,2020-07-05
8416,desk,furniture,630.96,20,12619.2,abuja,tolu,2021-06-07
8417,mouse,electronics,652.29,34,22177.86,imo,Ini,2021-06-01
8418,flashdrives,electronics,450.47,60,27028.2,ogun,Ini,2020-02-23
8419,chair,furniture,135.31,4,541.24,enugu,martins,2021-01-14
8420,laptop,electronics,1284.15,17,21830.55,kogi,tolu,2020-08-10
8421,keyboard,electronics,898.69,23,20669.87,ibadan,tolu,2020-07-26
8422,keyboard,electronics,866.28,58,50244.24,kano,martins,2021-05-22
8423,flashdrives,electronics,1060.05,33,34981.65,abia,Ini,2020-02-11
8424,chair,furniture,1036.58,96,99511.68,ogun,abdul,2021-03-27
8425,flashdrives,electronics,1850.73,64,118446.72,enugu,tolu,2020-12-02
8426,keyboard,electronics,1406.73,84,118165.32,katsina,emeka,2021-03-21
8427,monitor,electronics,789.83,14,11057.62,imo,dayo,2020-11-03
8428,printer,electronics,568.68,14,7961.52,ogun,emeka,2020-08-17
8429,desktops,electronics,1830.67,58,106178.86,abia,emeka,2020-06-06
8430,desktops,electronics,347.85,19,6609.15,abia,emeka,2020-01-19
8431,mouse,electronics,850.43,46,39119.78,abuja,josh,2020-11-17
8432,keyboard,electronics,973.71,37,36027.27,enugu,dayo,2021-05-20
8433,mouse,electronics,735.01,43,31605.43,abia,abdul,2020-07-16
8434,monitor,electronics,159.94,83,13275.02,enugu,emeka,2020-08-21
8435,mouse,electronics,1590.1,28,44522.8,ogun,taiwo,2021-05-21
8436,printer,electronics,1795.55,9,16159.95,osun,mike,2020-04-07
8437,chair,furniture,771.33,81,62477.73,lagos,sola,2020-04-25
8438,laptop,electronics,1607.51,6,9645.06,kano,Ini,2021-03-10
8439,scanner,electronics,1332.57,99,131924.43,osun,josh,2021-06-18
8440,chair,furniture,131.67,1,131.67,akure,moji,2020-05-08
8441,printer,electronics,470.06,84,39485.04,lagos,tolu,2021-03-07
8442,monitor,electronics,209.2,90,18828.0,lagos,josh,2020-08-08
8443,chair,furniture,1672.68,50,83634.0,osun,abdul,2020-06-23
8444,desktops,electronics,945.97,74,70001.78,ogun,sola,2021-05-24
8445,scanner,electronics,1357.54,50,67877.0,imo,sola,2020-07-02
8446,desk,furniture,1823.44,87,158639.28,osun,Ini,2020-11-20
8447,monitor,electronics,195.92,96,18808.32,akure,sola,2020-09-23
8448,monitor,electronics,1087.34,18,19572.12,ogun,martins,2021-03-31
8449,printer,electronics,903.21,25,22580.25,abia,moji,2020-11-13
8450,scanner,electronics,517.17,78,40339.26,ibadan,moji,2021-01-19
8451,scanner,electronics,644.84,87,56101.08,osun,tolu,2021-01-28
8452,keyboard,electronics,1273.33,86,109506.38,katsina,dayo,2020-10-11
8453,laptop,electronics,1932.39,92,177779.88,kano,Ini,2021-04-02
8454,mouse,electronics,1690.72,58,98061.76,katsina,tolu,2021-02-27
8455,desktops,electronics,676.2,83,56124.6,enugu,martins,2020-11-24
8456,mouse,electronics,1793.48,20,35869.6,akure,moji,2020-05-01
8457,laptop,electronics,1876.64,12,22519.68,ogun,dayo,2021-03-20
8458,chair,furniture,278.55,3,835.65,enugu,josh,2020-04-17
8459,scanner,electronics,570.09,95,54158.55,akure,mike,2021-03-15
8460,mouse,electronics,1246.1,52,64797.2,abia,Ini,2021-01-20
8461,laptop,electronics,1937.89,93,180223.77,akure,martins,2020-10-03
8462,monitor,electronics,558.78,1,558.78,imo,moji,2020-01-02
8463,keyboard,electronics,796.58,48,38235.84,akure,Ini,2021-01-22
8464,scanner,electronics,933.65,54,50417.1,ogun,mike,2021-01-06
8465,chair,furniture,1767.16,93,164345.88,kano,emeka,2021-05-03
8466,chair,furniture,1948.82,11,21437.02,imo,martins,2020-12-11
8467,laptop,electronics,877.78,42,36866.76,osun,martins,2020-06-04
8468,monitor,electronics,502.45,79,39693.55,imo,taiwo,2021-03-12
8469,keyboard,electronics,252.21,90,22698.9,enugu,tolu,2020-01-24
8470,desk,furniture,1678.96,49,82269.04,akure,abdul,2021-04-18
8471,monitor,electronics,1675.99,2,3351.98,akure,abdul,2020-10-30
8472,keyboard,electronics,1095.48,1,1095.48,enugu,dayo,2020-03-12
8473,desk,furniture,314.89,26,8187.14,lagos,emeka,2021-01-21
8474,mouse,electronics,716.2,8,5729.6,enugu,moji,2020-02-21
8475,desk,furniture,808.2,51,41218.2,osun,martins,2020-08-13
8476,desk,furniture,1697.78,59,100169.02,lagos,josh,2020-03-01
8477,scanner,electronics,254.46,59,15013.14,ogun,emeka,2021-04-25
8478,chair,furniture,1225.39,87,106608.93,katsina,moji,2020-10-18
8479,desk,furniture,897.47,73,65515.31,osun,mike,2020-02-19
8480,desktops,electronics,933.15,79,73718.85,kogi,moji,2020-06-01
8481,keyboard,electronics,1218.07,66,80392.62,katsina,martins,2021-06-09
8482,chair,furniture,1091.29,40,43651.6,abia,Ini,2021-04-08
8483,flashdrives,electronics,1087.53,65,70689.45,kano,taiwo,2020-08-09
8484,chair,furniture,709.47,52,36892.44,kwara,mike,2021-03-17
8485,keyboard,electronics,905.04,33,29866.32,kwara,sola,2020-08-27
8486,laptop,electronics,1747.96,5,8739.8,osun,Ini,2020-03-07
8487,printer,electronics,529.54,43,22770.22,osun,josh,2020-01-17
8488,mouse,electronics,1628.58,25,40714.5,imo,abdul,2021-01-28
8489,chair,furniture,1718.63,94,161551.22,ogun,moji,2020-03-08
8490,printer,electronics,776.08,98,76055.84,abia,dayo,2020-03-08
8491,scanner,electronics,55.17,21,1158.57,kwara,sola,2020-10-27
8492,desk,furniture,631.0,78,49218.0,ogun,moji,2020-09-02
8493,chair,furniture,177.86,42,7470.12,lagos,emeka,2020-10-12
8494,keyboard,electronics,1334.54,28,37367.12,ogun,moji,2021-01-17
8495,flashdrives,electronics,828.46,31,25682.26,enugu,dayo,2020-03-28
8496,monitor,electronics,253.96,84,21332.64,osun,moji,2021-01-08
8497,mouse,electronics,1035.06,10,10350.6,abia,abdul,2021-01-25
8498,flashdrives,electronics,1610.59,4,6442.36,ibadan,Ini,2020-02-19
8499,scanner,electronics,875.77,40,35030.8,ibadan,emeka,2020-09-25
8500,laptop,electronics,1544.57,88,135922.16,imo,dayo,2020-03-07
8501,printer,electronics,214.52,98,21022.96,katsina,emeka,2020-09-18
8502,keyboard,electronics,999.14,73,72937.22,abuja,tolu,2020-03-15
8503,flashdrives,electronics,1955.25,21,41060.25,kogi,dayo,2020-02-25
8504,laptop,electronics,1254.79,55,69013.45,ogun,martins,2021-03-08
8505,desktops,electronics,163.78,38,6223.64,ibadan,moji,2021-03-15
8506,desk,furniture,1744.75,50,87237.5,abuja,moji,2021-05-03
8507,chair,furniture,1375.98,78,107326.44,ibadan,sola,2020-01-03
8508,desk,furniture,1779.38,61,108542.18,lagos,dayo,2020-01-31
8509,printer,electronics,1485.95,96,142651.2,akure,dayo,2020-06-06
8510,scanner,electronics,1997.88,2,3995.76,ibadan,emeka,2021-05-06
8511,chair,furniture,1429.14,76,108614.64,abia,josh,2021-05-10
8512,keyboard,electronics,584.05,1,584.05,lagos,abdul,2020-03-01
8513,monitor,electronics,185.36,9,1668.24,abia,dayo,2021-02-27
8514,mouse,electronics,905.7,76,68833.2,kwara,emeka,2021-03-21
8515,keyboard,electronics,1550.89,88,136478.32,ibadan,emeka,2020-11-07
8516,chair,furniture,850.3,83,70574.9,abuja,emeka,2020-10-03
8517,flashdrives,electronics,1931.23,45,86905.35,kwara,abdul,2020-07-04
8518,printer,electronics,169.06,74,12510.44,lagos,moji,2020-01-11
8519,keyboard,electronics,1724.54,52,89676.08,katsina,abdul,2020-09-25
8520,flashdrives,electronics,1673.42,19,31794.98,enugu,Ini,2021-04-29
8521,laptop,electronics,1072.38,74,79356.12,ibadan,tolu,2020-06-18
8522,desk,furniture,1022.19,31,31687.89,osun,tolu,2021-01-04
8523,printer,electronics,542.56,89,48287.84,ibadan,taiwo,2020-07-05
8524,mouse,electronics,497.26,82,40775.32,lagos,moji,2020-05-03
8525,printer,electronics,1302.95,44,57329.8,enugu,mike,2020-10-10
8526,mouse,electronics,1350.96,48,64846.08,abuja,abdul,2021-01-06
8527,printer,electronics,1615.85,32,51707.2,kano,abdul,2021-04-26
8528,printer,electronics,47.57,98,4661.86,katsina,emeka,2021-05-21
8529,monitor,electronics,252.46,41,10350.86,kano,josh,2020-06-02
8530,monitor,electronics,311.47,31,9655.57,ibadan,sola,2020-04-08
8531,monitor,electronics,1146.5,95,108917.5,enugu,emeka,2021-03-18
8532,printer,electronics,1887.42,22,41523.24,kwara,martins,2021-05-17
8533,monitor,electronics,1775.23,48,85211.04,lagos,martins,2021-03-06
8534,scanner,electronics,1716.24,42,72082.08,imo,josh,2021-06-19
8535,laptop,electronics,1998.05,40,79922.0,imo,dayo,2020-06-23
8536,flashdrives,electronics,1786.79,6,10720.74,enugu,tolu,2020-06-12
8537,desktops,electronics,770.5,47,36213.5,abia,josh,2021-06-18
8538,chair,furniture,1502.03,74,111150.22,katsina,Ini,2020-01-24
8539,desk,furniture,1755.77,21,36871.17,ogun,tolu,2021-01-04
8540,desktops,electronics,1904.46,93,177114.78,katsina,mike,2020-01-20
8541,desktops,electronics,139.77,46,6429.42,kwara,sola,2020-05-19
8542,desk,furniture,304.34,26,7912.84,abia,tolu,2020-03-25
8543,desk,furniture,1987.36,48,95393.28,lagos,moji,2020-03-27
8544,printer,electronics,411.97,18,7415.46,ogun,Ini,2020-01-26
8545,monitor,electronics,1674.38,99,165763.62,abuja,taiwo,2021-03-30
8546,chair,furniture,1851.25,97,179571.25,kogi,dayo,2021-06-05
8547,desk,furniture,438.86,63,27648.18,abuja,abdul,2021-03-26
8548,flashdrives,electronics,1183.94,61,72220.34,lagos,dayo,2020-02-01
8549,printer,electronics,511.38,24,12273.12,kwara,emeka,2020-03-18
8550,keyboard,electronics,1414.82,84,118844.88,imo,abdul,2021-02-03
8551,printer,electronics,916.74,96,88007.04,akure,abdul,2021-05-13
8552,desk,furniture,554.26,37,20507.62,akure,moji,2020-06-11
8553,printer,electronics,1854.99,20,37099.8,kano,sola,2020-01-13
8554,desktops,electronics,1930.11,85,164059.35,katsina,taiwo,2021-02-21
8555,scanner,electronics,1359.68,17,23114.56,osun,emeka,2021-01-30
8556,mouse,electronics,435.2,8,3481.6,enugu,moji,2021-01-20
8557,laptop,electronics,1833.34,56,102667.04,osun,emeka,2020-07-26
8558,flashdrives,electronics,1205.67,44,53049.48,abuja,martins,2021-01-28
8559,desktops,electronics,415.37,93,38629.41,kano,emeka,2020-05-24
8560,mouse,electronics,774.64,75,58098.0,kwara,mike,2020-01-16
8561,scanner,electronics,1394.15,63,87831.45,kwara,josh,2021-05-22
8562,mouse,electronics,1505.4,32,48172.8,kogi,tolu,2020-07-14
8563,laptop,electronics,733.38,77,56470.26,akure,tolu,2021-03-01
8564,keyboard,electronics,645.64,5,3228.2,ogun,emeka,2021-01-27
8565,flashdrives,electronics,614.16,18,11054.88,katsina,josh,2020-06-21
8566,desktops,electronics,1066.82,79,84278.78,osun,tolu,2020-01-02
8567,desktops,electronics,1781.38,98,174575.24,imo,dayo,2021-01-27
8568,laptop,electronics,1060.06,12,12720.72,lagos,Ini,2020-04-11
8569,scanner,electronics,1199.76,23,27594.48,katsina,mike,2020-01-27
8570,monitor,electronics,1564.31,53,82908.43,kwara,martins,2021-06-03
8571,printer,electronics,1963.49,85,166896.65,kwara,taiwo,2020-09-24
8572,scanner,electronics,434.65,63,27382.95,kano,moji,2020-07-22
8573,keyboard,electronics,874.44,92,80448.48,abia,Ini,2021-05-22
8574,desk,furniture,440.58,72,31721.76,imo,abdul,2020-03-15
8575,flashdrives,electronics,170.33,65,11071.45,lagos,taiwo,2020-08-26
8576,desktops,electronics,1785.98,90,160738.2,katsina,martins,2021-04-25
8577,flashdrives,electronics,1937.76,43,83323.68,imo,mike,2021-06-08
8578,scanner,electronics,369.62,72,26612.64,abuja,dayo,2020-02-03
8579,mouse,electronics,1625.26,96,156024.96,enugu,taiwo,2021-04-18
8580,keyboard,electronics,1204.81,92,110842.52,abia,abdul,2020-04-17
8581,mouse,electronics,335.79,50,16789.5,akure,emeka,2021-03-27
8582,scanner,electronics,787.54,28,22051.12,lagos,sola,2020-08-05
8583,mouse,electronics,283.2,63,17841.6,kwara,moji,2021-04-03
8584,laptop,electronics,630.67,91,57390.97,katsina,sola,2021-05-20
8585,printer,electronics,1061.25,71,75348.75,abuja,moji,2020-11-21
8586,flashdrives,electronics,1627.58,4,6510.32,kogi,abdul,2020-01-25
8587,scanner,electronics,250.37,45,11266.65,kano,Ini,2020-06-20
8588,desk,furniture,197.07,73,14386.11,abuja,martins,2020-12-18
8589,monitor,electronics,211.79,6,1270.74,lagos,moji,2021-04-15
8590,flashdrives,electronics,1324.45,24,31786.8,imo,josh,2020-03-06
8591,monitor,electronics,805.98,82,66090.36,kano,sola,2020-07-18
8592,desktops,electronics,1311.64,10,13116.4,katsina,tolu,2021-04-04
8593,laptop,electronics,369.72,73,26989.56,ogun,dayo,2020-04-03
8594,flashdrives,electronics,637.24,10,6372.4,imo,taiwo,2021-02-01
8595,flashdrives,electronics,787.28,91,71642.48,katsina,mike,2020-02-06
8596,chair,furniture,1000.76,63,63047.88,kano,martins,2020-10-16
8597,printer,electronics,116.16,92,10686.72,osun,dayo,2020-01-08
8598,desk,furniture,1476.93,27,39877.11,abia,tolu,2020-12-25
8599,monitor,electronics,497.14,27,13422.78,akure,martins,2020-04-24
8600,desk,furniture,1426.31,54,77020.74,kano,josh,2020-03-10
8601,laptop,electronics,638.37,74,47239.38,ibadan,mike,2020-05-02
8602,chair,furniture,503.62,47,23670.14,ogun,moji,2020-12-12
8603,mouse,electronics,429.74,85,36527.9,kano,martins,2021-02-09
8604,chair,furniture,421.97,76,32069.72,imo,sola,2020-10-27
8605,laptop,electronics,965.96,12,11591.52,ogun,abdul,2020-12-12
8606,flashdrives,electronics,1270.9,54,68628.6,kogi,josh,2020-09-01
8607,monitor,electronics,1135.66,29,32934.14,imo,mike,2020-08-18
8608,desktops,electronics,1912.76,47,89899.72,enugu,taiwo,2020-07-24
8609,monitor,electronics,1217.92,76,92561.92,akure,dayo,2020-01-20
8610,laptop,electronics,74.78,71,5309.38,ibadan,moji,2021-02-05
8611,keyboard,electronics,1369.7,63,86291.1,akure,martins,2020-04-04
8612,scanner,electronics,872.44,31,27045.64,ogun,moji,2020-10-01
8613,desk,furniture,738.19,3,2214.57,katsina,emeka,2020-09-18
8614,printer,electronics,1737.15,47,81646.05,kwara,tolu,2020-10-24
8615,desk,furniture,1723.49,37,63769.13,ogun,sola,2020-03-01
8616,mouse,electronics,1013.97,98,99369.06,ogun,emeka,2020-01-22
8617,keyboard,electronics,442.95,1,442.95,abuja,mike,2020-12-22
8618,mouse,electronics,1208.09,71,85774.39,osun,martins,2021-02-19
8619,laptop,electronics,1689.29,15,25339.35,enugu,josh,2020-02-03
8620,chair,furniture,1938.69,16,31019.04,abia,emeka,2020-06-14
8621,desk,furniture,1633.22,60,97993.2,enugu,tolu,2020-12-28
8622,laptop,electronics,575.52,13,7481.76,kogi,tolu,2020-06-12
8623,keyboard,electronics,1353.81,66,89351.46,ogun,taiwo,2020-07-19
8624,flashdrives,electronics,1354.26,45,60941.7,kogi,dayo,2021-05-26
8625,keyboard,electronics,40.11,1,40.11,ibadan,dayo,2021-05-12
8626,mouse,electronics,1781.74,30,53452.2,kogi,tolu,2020-12-13
8627,monitor,electronics,582.92,49,28563.08,imo,taiwo,2020-03-31
8628,scanner,electronics,597.11,19,11345.09,abia,Ini,2020-04-27
8629,flashdrives,electronics,1872.5,38,71155.0,akure,abdul,2020-03-06
8630,scanner,electronics,739.39,48,35490.72,akure,martins,2020-02-22
8631,laptop,electronics,307.39,80,24591.2,lagos,mike,2020-12-24
8632,scanner,electronics,951.53,41,39012.73,kogi,taiwo,2020-05-18
8633,chair,furniture,1382.1,76,105039.6,ibadan,abdul,2021-02-26
8634,mouse,electronics,95.28,79,7527.12,lagos,emeka,2021-06-17
8635,keyboard,electronics,536.92,8,4295.36,ogun,dayo,2020-04-29
8636,scanner,electronics,1425.34,86,122579.24,ibadan,Ini,2020-02-12
8637,keyboard,electronics,1675.36,54,90469.44,lagos,Ini,2020-10-29
8638,mouse,electronics,994.13,55,54677.15,lagos,sola,2020-06-26
8639,printer,electronics,356.2,42,14960.4,katsina,tolu,2020-03-23
8640,monitor,electronics,524.12,12,6289.44,enugu,mike,2020-07-09
8641,keyboard,electronics,1101.06,74,81478.44,akure,taiwo,2020-03-11
8642,chair,furniture,752.55,87,65471.85,lagos,moji,2021-02-01
8643,monitor,electronics,1955.38,58,113412.04,osun,martins,2020-12-25
8644,desktops,electronics,550.96,22,12121.12,kwara,moji,2021-04-01
8645,monitor,electronics,1234.86,28,34576.08,imo,emeka,2021-02-19
8646,flashdrives,electronics,1268.56,14,17759.84,lagos,dayo,2020-06-16
8647,flashdrives,electronics,858.1,85,72938.5,akure,mike,2020-04-21
8648,keyboard,electronics,1628.13,49,79778.37,ibadan,mike,2020-10-11
8649,desk,furniture,1676.7,62,103955.4,kogi,taiwo,2021-04-19
8650,desktops,electronics,1636.86,49,80206.14,kano,josh,2020-02-18
8651,desktops,electronics,537.74,46,24736.04,lagos,tolu,2020-03-20
8652,scanner,electronics,510.67,74,37789.58,osun,emeka,2020-06-07
8653,printer,electronics,947.64,2,1895.28,osun,emeka,2020-06-23
8654,desktops,electronics,875.22,2,1750.44,kano,dayo,2020-12-18
8655,printer,electronics,1534.13,14,21477.82,ibadan,abdul,2020-06-05
8656,printer,electronics,1373.29,19,26092.51,lagos,abdul,2020-07-09
8657,desktops,electronics,1527.24,44,67198.56,osun,moji,2020-05-05
8658,flashdrives,electronics,1587.48,68,107948.64,lagos,josh,2020-07-09
8659,desktops,electronics,1715.37,78,133798.86,imo,martins,2020-12-12
8660,monitor,electronics,49.92,56,2795.52,enugu,abdul,2020-01-16
8661,desktops,electronics,465.46,7,3258.22,katsina,dayo,2021-06-23
8662,scanner,electronics,56.75,95,5391.25,kogi,tolu,2021-05-01
8663,chair,furniture,1587.66,76,120662.16,kano,moji,2020-05-05
8664,laptop,electronics,670.2,63,42222.6,abuja,emeka,2021-04-14
8665,laptop,electronics,1211.72,63,76338.36,ibadan,taiwo,2020-12-22
8666,scanner,electronics,68.51,56,3836.56,osun,moji,2020-11-12
8667,monitor,electronics,1029.47,56,57650.32,enugu,abdul,2020-11-08
8668,monitor,electronics,250.56,89,22299.84,ogun,josh,2021-01-16
8669,desk,furniture,1000.77,78,78060.06,akure,emeka,2021-04-17
8670,flashdrives,electronics,343.73,49,16842.77,kano,mike,2020-08-20
8671,keyboard,electronics,1437.67,28,40254.76,kano,taiwo,2020-08-21
8672,chair,furniture,1516.97,25,37924.25,ogun,tolu,2020-03-21
8673,flashdrives,electronics,1340.22,6,8041.32,akure,mike,2021-02-19
8674,printer,electronics,1372.81,14,19219.34,ibadan,moji,2020-08-27
8675,scanner,electronics,398.56,58,23116.48,kogi,dayo,2020-08-24
8676,keyboard,electronics,1899.66,100,189966.0,kwara,Ini,2021-01-28
8677,desktops,electronics,189.98,82,15578.36,abia,mike,2020-02-04
8678,printer,electronics,1624.49,81,131583.69,abuja,emeka,2020-04-15
8679,chair,furniture,1589.03,21,33369.63,ogun,taiwo,2020-07-09
8680,monitor,electronics,866.96,31,26875.76,enugu,taiwo,2020-08-08
8681,chair,furniture,513.78,6,3082.68,abuja,abdul,2020-03-18
8682,desktops,electronics,1990.69,25,49767.25,ibadan,moji,2020-07-11
8683,printer,electronics,1721.79,62,106750.98,abia,moji,2021-03-23
8684,desktops,electronics,302.92,16,4846.72,abuja,moji,2020-10-20
8685,chair,furniture,775.87,22,17069.14,lagos,Ini,2020-07-28
8686,scanner,electronics,933.3,62,57864.6,imo,abdul,2020-12-18
8687,scanner,electronics,259.66,42,10905.72,akure,mike,2020-11-08
8688,chair,furniture,1807.37,25,45184.25,abuja,tolu,2020-04-10
8689,desk,furniture,1033.47,42,43405.74,osun,sola,2021-02-18
8690,desk,furniture,478.16,82,39209.12,abia,martins,2020-01-15
8691,desktops,electronics,1738.99,67,116512.33,osun,taiwo,2020-08-16
8692,desktops,electronics,404.8,16,6476.8,ibadan,dayo,2021-01-09
8693,chair,furniture,1024.06,14,14336.84,kogi,josh,2021-03-19
8694,laptop,electronics,1047.78,7,7334.46,ogun,taiwo,2020-03-11
8695,desktops,electronics,1373.9,5,6869.5,imo,tolu,2020-05-12
8696,scanner,electronics,582.98,52,30314.96,imo,sola,2021-06-23
8697,keyboard,electronics,875.82,60,52549.2,katsina,taiwo,2021-01-21
8698,laptop,electronics,1856.46,70,129952.2,enugu,abdul,2021-03-20
8699,monitor,electronics,174.82,73,12761.86,katsina,moji,2021-06-12
8700,mouse,electronics,396.17,18,7131.06,imo,sola,2020-07-25
8701,desktops,electronics,1493.96,1,1493.96,ibadan,josh,2020-01-07
8702,monitor,electronics,26.5,83,2199.5,kwara,abdul,2020-10-10
8703,flashdrives,electronics,241.65,11,2658.15,kogi,taiwo,2021-05-16
8704,desk,furniture,525.04,24,12600.96,abia,Ini,2020-07-21
8705,desktops,electronics,1387.07,53,73514.71,kwara,moji,2020-07-27
8706,monitor,electronics,1853.17,61,113043.37,ogun,sola,2020-06-14
8707,chair,furniture,1623.47,100,162347.0,kwara,moji,2020-03-17
8708,printer,electronics,703.8,27,19002.6,ogun,emeka,2020-07-08
8709,printer,electronics,1382.98,69,95425.62,katsina,martins,2020-06-28
8710,mouse,electronics,416.19,63,26219.97,abuja,mike,2020-02-22
8711,monitor,electronics,503.82,40,20152.8,abuja,Ini,2021-06-17
8712,chair,furniture,819.26,20,16385.2,kwara,Ini,2020-11-13
8713,flashdrives,electronics,1988.31,61,121286.91,kano,mike,2020-09-13
8714,desktops,electronics,1027.45,1,1027.45,akure,martins,2020-09-11
8715,flashdrives,electronics,194.39,62,12052.18,kwara,moji,2020-06-26
8716,desktops,electronics,1031.24,32,32999.68,enugu,emeka,2020-08-14
8717,flashdrives,electronics,1303.28,43,56041.04,ogun,emeka,2020-08-16
8718,laptop,electronics,1558.65,20,31173.0,imo,sola,2021-04-03
8719,desktops,electronics,210.88,55,11598.4,osun,josh,2020-09-12
8720,flashdrives,electronics,647.07,100,64707.0,kogi,emeka,2021-06-12
8721,keyboard,electronics,501.08,100,50108.0,kano,martins,2021-03-25
8722,keyboard,electronics,1272.03,66,83953.98,kogi,moji,2020-03-28
8723,printer,electronics,874.99,87,76124.13,imo,sola,2020-08-24
8724,laptop,electronics,1638.84,50,81942.0,enugu,dayo,2020-01-31
8725,mouse,electronics,1364.76,36,49131.36,kogi,Ini,2020-02-08
8726,mouse,electronics,568.36,10,5683.6,kano,dayo,2020-01-01
8727,scanner,electronics,603.81,14,8453.34,kano,martins,2020-07-25
8728,desk,furniture,273.76,71,19436.96,enugu,taiwo,2021-05-30
8729,printer,electronics,817.33,28,22885.24,enugu,dayo,2021-03-11
8730,mouse,electronics,969.7,29,28121.3,imo,sola,2021-04-07
8731,chair,furniture,1938.35,4,7753.4,abia,mike,2020-07-11
8732,flashdrives,electronics,1754.49,88,154395.12,akure,tolu,2020-03-08
8733,monitor,electronics,827.13,73,60380.49,osun,martins,2021-03-12
8734,printer,electronics,1549.76,38,58890.88,abuja,mike,2020-09-14
8735,monitor,electronics,1916.92,54,103513.68,kogi,abdul,2020-09-09
8736,chair,furniture,1487.85,48,71416.8,kogi,moji,2021-06-03
8737,scanner,electronics,720.02,44,31680.88,enugu,Ini,2021-05-08
8738,chair,furniture,1780.61,47,83688.67,osun,sola,2020-10-10
8739,printer,electronics,1020.1,53,54065.3,abuja,dayo,2021-06-09
8740,monitor,electronics,890.83,40,35633.2,kwara,emeka,2020-06-19
8741,monitor,electronics,1521.99,49,74577.51,lagos,taiwo,2020-05-13
8742,scanner,electronics,548.62,1,548.62,kano,josh,2021-02-03
8743,chair,furniture,1288.05,20,25761.0,abuja,Ini,2021-06-13
8744,keyboard,electronics,1243.34,76,94493.84,kwara,dayo,2020-03-14
8745,desk,furniture,1522.87,93,141626.91,lagos,abdul,2021-03-24
8746,desk,furniture,432.48,21,9082.08,osun,taiwo,2020-01-03
8747,monitor,electronics,1671.39,66,110311.74,abia,martins,2020-11-07
8748,monitor,electronics,991.88,12,11902.56,ogun,sola,2021-03-23
8749,flashdrives,electronics,1786.03,71,126808.13,lagos,dayo,2021-01-19
8750,printer,electronics,651.66,16,10426.56,lagos,dayo,2021-02-27
8751,mouse,electronics,1237.14,76,94022.64,enugu,martins,2021-05-22
8752,desktops,electronics,429.82,27,11605.14,ogun,moji,2020-08-28
8753,keyboard,electronics,1252.51,5,6262.55,kano,tolu,2021-04-27
8754,printer,electronics,1184.34,24,28424.16,akure,martins,2020-03-08
8755,desk,furniture,759.49,47,35696.03,akure,josh,2021-05-01
8756,scanner,electronics,1052.43,28,29468.04,ogun,sola,2020-03-13
8757,laptop,electronics,1377.26,86,118444.36,enugu,tolu,2020-01-04
8758,printer,electronics,800.7,44,35230.8,akure,Ini,2020-08-03
8759,desktops,electronics,1439.81,98,141101.38,ibadan,moji,2020-02-22
8760,flashdrives,electronics,821.36,100,82136.0,lagos,mike,2021-01-23
8761,mouse,electronics,827.88,87,72025.56,abuja,tolu,2020-12-17
8762,monitor,electronics,1967.18,57,112129.26,kogi,mike,2020-01-22
8763,keyboard,electronics,600.7,89,53462.3,akure,mike,2021-04-19
8764,flashdrives,electronics,200.98,11,2210.78,ibadan,abdul,2020-08-23
8765,desk,furniture,1736.28,58,100704.24,akure,Ini,2020-12-06
8766,printer,electronics,540.46,3,1621.38,kogi,dayo,2020-07-14
8767,scanner,electronics,1554.15,24,37299.6,kogi,martins,2021-01-16
8768,monitor,electronics,486.22,68,33062.96,kwara,sola,2020-11-13
8769,flashdrives,electronics,1414.77,56,79227.12,osun,mike,2021-01-21
8770,laptop,electronics,1102.54,93,102536.22,ogun,moji,2021-06-10
8771,chair,furniture,1520.44,67,101869.48,kwara,martins,2020-10-22
8772,mouse,electronics,592.47,3,1777.41,katsina,mike,2020-08-16
8773,scanner,electronics,1062.36,34,36120.24,akure,moji,2020-05-21
8774,desk,furniture,259.46,73,18940.58,katsina,Ini,2020-02-27
8775,keyboard,electronics,333.17,96,31984.32,osun,abdul,2020-01-23
8776,flashdrives,electronics,1300.2,38,49407.6,ibadan,abdul,2020-03-12
8777,keyboard,electronics,187.84,26,4883.84,ibadan,josh,2020-12-04
8778,chair,furniture,1221.18,77,94030.86,lagos,martins,2021-05-01
8779,keyboard,electronics,698.42,50,34921.0,imo,dayo,2021-05-11
8780,keyboard,electronics,1878.3,8,15026.4,kogi,tolu,2020-08-02
8781,desk,furniture,709.95,68,48276.6,katsina,Ini,2020-03-16
8782,printer,electronics,236.14,7,1652.98,ibadan,moji,2020-08-29
8783,desk,furniture,981.65,62,60862.3,kogi,Ini,2021-01-04
8784,flashdrives,electronics,1319.73,83,109537.59,katsina,sola,2020-05-15
8785,scanner,electronics,1743.15,50,87157.5,enugu,abdul,2021-04-24
8786,mouse,electronics,1186.92,61,72402.12,akure,josh,2021-04-07
8787,flashdrives,electronics,1963.98,17,33387.66,lagos,emeka,2020-11-09
8788,printer,electronics,542.66,4,2170.64,kano,dayo,2020-10-11
8789,scanner,electronics,422.69,95,40155.55,kwara,sola,2021-01-21
8790,flashdrives,electronics,904.81,74,66955.94,ibadan,moji,2020-08-29
8791,desk,furniture,786.03,35,27511.05,imo,dayo,2021-06-17
8792,desk,furniture,1685.53,78,131471.34,osun,mike,2020-01-09
8793,desktops,electronics,1536.7,67,102958.9,kogi,abdul,2020-03-21
8794,scanner,electronics,261.96,89,23314.44,katsina,josh,2020-02-09
8795,flashdrives,electronics,584.9,7,4094.3,ogun,taiwo,2020-10-25
8796,scanner,electronics,943.6,24,22646.4,enugu,martins,2021-04-08
8797,keyboard,electronics,737.36,35,25807.6,akure,sola,2021-05-06
8798,desktops,electronics,835.69,8,6685.52,osun,josh,2020-09-15
8799,chair,furniture,1657.88,21,34815.48,kwara,Ini,2020-10-10
8800,laptop,electronics,923.62,12,11083.44,osun,abdul,2020-05-06
8801,scanner,electronics,776.02,1,776.02,katsina,Ini,2020-06-21
8802,desktops,electronics,1882.44,4,7529.76,katsina,josh,2021-02-27
8803,desktops,electronics,1900.29,78,148222.62,abia,moji,2020-01-20
8804,desktops,electronics,1311.3,48,62942.4,kwara,Ini,2021-05-06
8805,chair,furniture,20.84,93,1938.12,enugu,josh,2020-01-31
8806,mouse,electronics,398.95,84,33511.8,ogun,emeka,2020-08-08
8807,flashdrives,electronics,1263.29,42,53058.18,kogi,Ini,2021-05-04
8808,scanner,electronics,1550.93,51,79097.43,katsina,moji,2021-05-05
8809,chair,furniture,152.76,52,7943.52,kano,mike,2021-02-20
8810,chair,furniture,1474.95,68,100296.6,kogi,moji,2021-02-17
8811,monitor,electronics,1595.15,98,156324.7,kwara,mike,2020-07-31
8812,desktops,electronics,256.37,2,512.74,katsina,sola,2021-02-23
8813,keyboard,electronics,620.03,79,48982.37,kwara,mike,2020-11-06
8814,laptop,electronics,1227.88,52,63849.76,kogi,josh,2020-10-10
8815,flashdrives,electronics,983.29,4,3933.16,imo,josh,2020-08-18
8816,desk,furniture,607.95,32,19454.4,ibadan,emeka,2020-12-10
8817,scanner,electronics,224.31,14,3140.34,ogun,Ini,2021-01-24
8818,keyboard,electronics,115.83,70,8108.1,ogun,martins,2020-03-19
8819,keyboard,electronics,1730.79,79,136732.41,katsina,taiwo,2021-06-03
8820,keyboard,electronics,1074.62,4,4298.48,imo,tolu,2020-06-15
8821,laptop,electronics,723.59,50,36179.5,akure,martins,2020-10-22
8822,printer,electronics,810.79,55,44593.45,osun,mike,2020-02-10
8823,laptop,electronics,1856.23,77,142929.71,kano,abdul,2020-07-11
8824,mouse,electronics,1575.56,41,64597.96,kano,taiwo,2020-01-15
8825,scanner,electronics,1786.84,16,28589.44,akure,tolu,2021-04-12
8826,printer,electronics,1037.78,35,36322.3,abia,sola,2021-04-18
8827,desk,furniture,1044.19,12,12530.28,ogun,sola,2021-05-06
8828,chair,furniture,1632.06,94,153413.64,osun,abdul,2020-09-04
8829,monitor,electronics,493.27,43,21210.61,kogi,emeka,2020-11-14
8830,keyboard,electronics,59.45,71,4220.95,ibadan,taiwo,2020-11-24
8831,chair,furniture,799.6,49,39180.4,abuja,mike,2020-06-28
8832,flashdrives,electronics,1685.64,92,155078.88,imo,josh,2020-02-24
8833,desk,furniture,577.06,2,1154.12,katsina,moji,2020-11-10
8834,mouse,electronics,1279.9,63,80633.7,katsina,tolu,2020-07-03
8835,desk,furniture,749.83,18,13496.94,katsina,taiwo,2021-03-14
8836,printer,electronics,1408.26,47,66188.22,ibadan,mike,2020-03-06
8837,keyboard,electronics,1640.05,8,13120.4,katsina,dayo,2020-10-14
8838,desk,furniture,920.82,23,21178.86,kogi,taiwo,2020-11-05
8839,laptop,electronics,170.73,78,13316.94,imo,dayo,2020-06-26
8840,desktops,electronics,1798.4,15,26976.0,ibadan,tolu,2020-08-03
8841,printer,electronics,1964.52,44,86438.88,ogun,taiwo,2020-07-03
8842,printer,electronics,1266.59,56,70929.04,kano,dayo,2021-03-08
8843,laptop,electronics,1003.08,66,66203.28,abuja,abdul,2021-06-02
8844,scanner,electronics,1938.29,59,114359.11,imo,josh,2020-03-15
8845,monitor,electronics,1483.17,33,48944.61,imo,martins,2021-04-19
8846,scanner,electronics,1244.51,65,80893.15,abia,josh,2020-01-19
8847,printer,electronics,1403.63,69,96850.47,kano,tolu,2020-09-23
8848,laptop,electronics,1521.26,86,130828.36,akure,taiwo,2021-03-03
8849,printer,electronics,174.6,8,1396.8,kogi,emeka,2020-01-24
8850,desk,furniture,235.13,80,18810.4,imo,josh,2021-04-10
8851,monitor,electronics,1285.57,20,25711.4,akure,abdul,2020-01-02
8852,monitor,electronics,255.29,69,17615.01,ibadan,mike,2020-11-12
8853,monitor,electronics,1932.52,77,148804.04,imo,taiwo,2020-10-04
8854,keyboard,electronics,1103.16,89,98181.24,akure,taiwo,2020-01-18
8855,laptop,electronics,1177.22,22,25898.84,imo,abdul,2020-04-20
8856,flashdrives,electronics,722.74,7,5059.18,enugu,dayo,2021-05-23
8857,monitor,electronics,49.88,44,2194.72,ogun,abdul,2020-01-28
8858,laptop,electronics,494.99,35,17324.65,ogun,tolu,2020-08-02
8859,keyboard,electronics,1497.1,21,31439.1,kogi,sola,2020-01-26
8860,printer,electronics,1369.09,99,135539.91,abia,josh,2020-12-20
8861,desk,furniture,1641.53,65,106699.45,ibadan,emeka,2021-05-24
8862,printer,electronics,781.43,45,35164.35,abia,Ini,2020-08-12
8863,monitor,electronics,1196.71,78,93343.38,osun,taiwo,2020-07-31
8864,mouse,electronics,78.38,88,6897.44,akure,moji,2021-05-31
8865,desktops,electronics,719.91,57,41034.87,kwara,Ini,2020-07-10
8866,desktops,electronics,1881.68,2,3763.36,ogun,emeka,2020-12-14
8867,chair,furniture,376.62,66,24856.92,katsina,emeka,2021-04-01
8868,desktops,electronics,413.18,88,36359.84,abuja,dayo,2021-03-18
8869,printer,electronics,1269.7,76,96497.2,imo,tolu,2021-06-19
8870,scanner,electronics,820.34,82,67267.88,abia,martins,2021-04-06
8871,scanner,electronics,696.12,54,37590.48,kano,tolu,2020-11-23
8872,desk,furniture,1287.85,1,1287.85,katsina,sola,2021-04-03
8873,mouse,electronics,1879.8,82,154143.6,kwara,Ini,2020-12-31
8874,desktops,electronics,914.96,43,39343.28,lagos,emeka,2020-02-02
8875,keyboard,electronics,88.42,44,3890.48,ogun,sola,2020-02-16
8876,scanner,electronics,812.77,75,60957.75,lagos,Ini,2020-10-21
8877,monitor,electronics,1170.41,81,94803.21,kogi,taiwo,2020-09-14
8878,chair,furniture,1991.31,25,49782.75,osun,sola,2020-02-12
8879,keyboard,electronics,609.79,33,20123.07,imo,taiwo,2020-01-14
8880,chair,furniture,486.34,13,6322.42,osun,Ini,2020-03-23
8881,desktops,electronics,1312.39,96,125989.44,ogun,martins,2020-05-03
8882,mouse,electronics,378.13,97,36678.61,katsina,mike,2021-05-15
8883,keyboard,electronics,1228.64,84,103205.76,abuja,mike,2020-09-15
8884,keyboard,electronics,1788.55,11,19674.05,ogun,mike,2021-03-01
8885,desk,furniture,563.68,9,5073.12,lagos,Ini,2020-08-13
8886,printer,electronics,382.24,44,16818.56,kogi,josh,2020-05-18
8887,laptop,electronics,1096.54,14,15351.56,ogun,abdul,2020-01-12
8888,laptop,electronics,168.97,50,8448.5,abuja,tolu,2021-06-21
8889,monitor,electronics,373.38,43,16055.34,kano,emeka,2020-02-17
8890,laptop,electronics,1681.46,64,107613.44,ibadan,moji,2021-01-27
8891,desk,furniture,1428.46,35,49996.1,katsina,martins,2021-01-21
8892,laptop,electronics,1609.64,19,30583.16,kwara,tolu,2020-08-28
8893,mouse,electronics,807.69,18,14538.42,katsina,sola,2020-11-03
8894,desk,furniture,1676.82,33,55335.06,ibadan,Ini,2020-04-28
8895,laptop,electronics,773.94,51,39470.94,lagos,mike,2021-04-10
8896,monitor,electronics,993.06,59,58590.54,kwara,dayo,2020-06-17
8897,mouse,electronics,526.16,70,36831.2,abuja,martins,2020-03-02
8898,chair,furniture,338.66,78,26415.48,lagos,dayo,2020-09-20
8899,chair,furniture,1248.89,69,86173.41,abia,martins,2020-04-17
8900,mouse,electronics,923.08,95,87692.6,akure,mike,2020-10-04
8901,chair,furniture,1282.68,87,111593.16,kogi,josh,2021-01-14
8902,chair,furniture,1517.56,58,88018.48,osun,martins,2020-08-18
8903,monitor,electronics,808.96,60,48537.6,abia,josh,2020-10-13
8904,chair,furniture,1864.7,11,20511.7,lagos,emeka,2020-08-10
8905,chair,furniture,1067.92,70,74754.4,abia,mike,2020-11-18
8906,keyboard,electronics,450.08,6,2700.48,kwara,martins,2020-10-22
8907,printer,electronics,1682.03,25,42050.75,ibadan,abdul,2020-01-26
8908,scanner,electronics,1231.5,70,86205.0,kano,martins,2021-04-19
8909,laptop,electronics,24.25,20,485.0,kogi,Ini,2020-12-23
8910,printer,electronics,538.54,45,24234.3,katsina,emeka,2021-03-20
8911,scanner,electronics,1584.01,12,19008.12,kogi,abdul,2020-05-22
8912,printer,electronics,179.72,61,10962.92,kano,tolu,2020-07-26
8913,laptop,electronics,401.07,45,18048.15,kwara,sola,2020-04-01
8914,chair,furniture,1606.99,23,36960.77,kogi,abdul,2020-09-11
8915,laptop,electronics,1097.28,7,7680.96,imo,taiwo,2020-01-14
8916,desktops,electronics,1780.27,66,117497.82,abia,mike,2020-03-21
8917,mouse,electronics,349.21,48,16762.08,kwara,martins,2020-11-05
8918,scanner,electronics,1410.13,30,42303.9,lagos,mike,2020-11-22
8919,chair,furniture,1846.73,17,31394.41,abuja,moji,2020-05-16
8920,chair,furniture,231.89,52,12058.28,kwara,moji,2020-01-01
8921,flashdrives,electronics,1070.99,13,13922.87,ogun,Ini,2021-03-01
8922,desk,furniture,1948.87,48,93545.76,kano,moji,2020-12-07
8923,keyboard,electronics,1865.58,62,115665.96,katsina,tolu,2021-04-07
8924,mouse,electronics,163.93,58,9507.94,imo,martins,2021-02-08
8925,desktops,electronics,832.59,83,69104.97,kogi,taiwo,2021-03-05
8926,scanner,electronics,219.68,61,13400.48,katsina,josh,2020-11-14
8927,desk,furniture,1107.53,43,47623.79,katsina,tolu,2021-04-22
8928,scanner,electronics,1954.47,44,85996.68,kano,josh,2021-04-15
8929,chair,furniture,1852.26,69,127805.94,osun,emeka,2021-05-18
8930,chair,furniture,1626.26,29,47161.54,ogun,emeka,2021-01-17
8931,mouse,electronics,788.3,50,39415.0,lagos,abdul,2020-06-13
8932,monitor,electronics,1320.04,95,125403.8,lagos,moji,2020-09-28
8933,laptop,electronics,1766.05,46,81238.3,abia,tolu,2020-03-04
8934,chair,furniture,1596.12,10,15961.2,akure,tolu,2020-04-09
8935,flashdrives,electronics,1227.64,49,60154.36,abia,tolu,2020-08-15
8936,keyboard,electronics,462.72,84,38868.48,ibadan,Ini,2021-05-18
8937,keyboard,electronics,686.84,76,52199.84,kogi,moji,2020-04-03
8938,printer,electronics,1284.49,83,106612.67,osun,josh,2020-08-23
8939,monitor,electronics,1612.62,65,104820.3,imo,taiwo,2020-04-03
8940,desk,furniture,268.9,97,26083.3,ogun,emeka,2020-01-18
8941,desk,furniture,386.66,95,36732.7,imo,dayo,2020-03-30
8942,printer,electronics,1444.89,94,135819.66,kogi,mike,2020-02-24
8943,monitor,electronics,72.89,74,5393.86,kwara,martins,2020-12-25
8944,mouse,electronics,1285.03,28,35980.84,ibadan,abdul,2020-10-07
8945,flashdrives,electronics,425.57,32,13618.24,akure,mike,2021-06-24
8946,laptop,electronics,1390.92,67,93191.64,enugu,Ini,2020-09-11
8947,scanner,electronics,984.74,38,37420.12,abia,taiwo,2020-04-06
8948,desk,furniture,938.25,19,17826.75,abuja,dayo,2021-05-17
8949,scanner,electronics,498.0,80,39840.0,kogi,taiwo,2021-05-26
8950,scanner,electronics,278.36,82,22825.52,katsina,sola,2021-02-04
8951,desktops,electronics,487.79,39,19023.81,kwara,Ini,2020-01-25
8952,flashdrives,electronics,1444.08,82,118414.56,kano,emeka,2020-12-09
8953,mouse,electronics,852.84,22,18762.48,kwara,emeka,2020-02-11
8954,desktops,electronics,638.1,34,21695.4,kwara,sola,2021-01-21
8955,keyboard,electronics,887.39,27,23959.53,katsina,moji,2020-07-10
8956,printer,electronics,1052.0,17,17884.0,ogun,dayo,2021-04-21
8957,desk,furniture,1965.95,29,57012.55,ibadan,martins,2020-09-19
8958,mouse,electronics,1253.3,96,120316.8,ibadan,taiwo,2021-04-23
8959,desk,furniture,695.33,24,16687.92,imo,sola,2020-11-06
8960,desk,furniture,1692.71,52,88020.92,kwara,josh,2020-04-27
8961,desk,furniture,1193.58,9,10742.22,enugu,josh,2020-03-14
8962,chair,furniture,226.54,48,10873.92,abia,tolu,2020-05-27
8963,desktops,electronics,608.2,34,20678.8,ogun,Ini,2020-01-30
8964,printer,electronics,34.07,3,102.21,akure,Ini,2020-09-23
8965,printer,electronics,1424.27,6,8545.62,enugu,mike,2021-03-05
8966,scanner,electronics,1078.67,67,72270.89,ibadan,moji,2020-08-19
8967,desktops,electronics,1339.65,16,21434.4,kano,Ini,2021-03-22
8968,laptop,electronics,1000.9,99,99089.1,katsina,abdul,2020-12-24
8969,flashdrives,electronics,586.58,23,13491.34,ogun,sola,2020-09-19
8970,printer,electronics,271.06,97,26292.82,kwara,dayo,2020-05-01
8971,desk,furniture,1747.85,85,148567.25,katsina,josh,2020-09-11
8972,scanner,electronics,233.61,55,12848.55,abia,josh,2020-11-14
8973,desk,furniture,231.13,34,7858.42,abuja,moji,2020-04-21
8974,laptop,electronics,1315.16,38,49976.08,ogun,Ini,2020-08-15
8975,flashdrives,electronics,1288.94,88,113426.72,abuja,tolu,2020-06-22
8976,flashdrives,electronics,1022.76,84,85911.84,katsina,josh,2021-06-16
8977,scanner,electronics,577.83,91,52582.53,lagos,tolu,2020-04-11
8978,keyboard,electronics,928.2,10,9282.0,kano,Ini,2021-05-16
8979,mouse,electronics,1830.77,50,91538.5,ogun,dayo,2020-12-12
8980,monitor,electronics,1658.61,78,129371.58,lagos,emeka,2020-04-08
8981,chair,furniture,577.93,63,36409.59,osun,taiwo,2020-01-15
8982,desktops,electronics,23.94,25,598.5,lagos,dayo,2020-06-12
8983,keyboard,electronics,1141.03,6,6846.18,kogi,taiwo,2020-04-09
8984,flashdrives,electronics,1243.08,50,62154.0,akure,dayo,2020-10-29
8985,laptop,electronics,326.02,73,23799.46,katsina,Ini,2021-03-06
8986,scanner,electronics,657.47,54,35503.38,ogun,josh,2021-04-08
8987,keyboard,electronics,1058.86,22,23294.92,katsina,dayo,2021-01-29
8988,printer,electronics,851.17,53,45112.01,lagos,martins,2020-01-09
8989,printer,electronics,1167.64,4,4670.56,ogun,moji,2021-06-22
8990,desktops,electronics,1032.69,1,1032.69,abia,abdul,2020-01-01
8991,laptop,electronics,677.72,25,16943.0,enugu,dayo,2020-06-06
8992,desktops,electronics,1944.71,68,132240.28,abia,Ini,2020-06-13
8993,keyboard,electronics,121.21,97,11757.37,katsina,martins,2021-04-10
8994,mouse,electronics,141.6,70,9912.0,abuja,mike,2020-06-23
8995,keyboard,electronics,426.04,91,38769.64,osun,Ini,2021-01-22
8996,desk,furniture,351.32,47,16512.04,ibadan,moji,2020-12-22
8997,mouse,electronics,1951.57,72,140513.04,lagos,Ini,2020-01-03
8998,keyboard,electronics,919.6,18,16552.8,osun,tolu,2020-06-19
8999,flashdrives,electronics,630.34,20,12606.8,ogun,dayo,2021-02-22
9000,monitor,electronics,677.62,99,67084.38,katsina,taiwo,2020-06-20
9001,desk,furniture,416.46,75,31234.5,imo,tolu,2021-05-14
9002,scanner,electronics,1239.22,45,55764.9,osun,moji,2020-02-24
9003,flashdrives,electronics,298.78,100,29878.0,abia,abdul,2020-09-02
9004,printer,electronics,739.22,68,50266.96,kwara,josh,2021-04-11
9005,keyboard,electronics,1786.61,84,150075.24,katsina,taiwo,2021-02-13
9006,monitor,electronics,1302.33,78,101581.74,abuja,mike,2020-03-24
9007,flashdrives,electronics,72.95,42,3063.9,kwara,Ini,2021-01-09
9008,monitor,electronics,56.73,82,4651.86,kano,emeka,2021-02-23
9009,mouse,electronics,558.31,75,41873.25,osun,tolu,2020-02-28
9010,flashdrives,electronics,609.36,55,33514.8,enugu,emeka,2020-12-01
9011,keyboard,electronics,1311.12,24,31466.88,enugu,emeka,2021-06-04
9012,flashdrives,electronics,1370.81,89,122002.09,abuja,taiwo,2020-12-02
9013,scanner,electronics,1845.83,11,20304.13,imo,moji,2020-05-03
9014,chair,furniture,1260.14,66,83169.24,ibadan,josh,2021-06-12
9015,scanner,electronics,1081.35,62,67043.7,ibadan,emeka,2020-09-20
9016,laptop,electronics,1686.5,74,124801.0,kano,mike,2020-07-07
9017,desktops,electronics,1824.41,67,122235.47,kogi,josh,2020-01-23
9018,chair,furniture,1320.44,3,3961.32,lagos,dayo,2020-01-24
9019,printer,electronics,924.53,3,2773.59,abuja,emeka,2021-05-24
9020,scanner,electronics,1730.85,98,169623.3,ogun,tolu,2020-11-25
9021,chair,furniture,656.59,19,12475.21,ogun,emeka,2020-05-11
9022,printer,electronics,700.81,90,63072.9,imo,josh,2021-03-07
9023,desktops,electronics,68.49,89,6095.61,kwara,taiwo,2021-03-10
9024,flashdrives,electronics,1463.26,1,1463.26,abuja,josh,2020-04-23
9025,keyboard,electronics,1565.19,49,76694.31,kano,taiwo,2020-07-10
9026,scanner,electronics,1248.94,88,109906.72,ibadan,Ini,2020-02-08
9027,laptop,electronics,288.13,45,12965.85,abuja,emeka,2020-02-10
9028,desk,furniture,1794.62,58,104087.96,kano,taiwo,2020-10-02
9029,desk,furniture,120.22,47,5650.34,imo,Ini,2021-05-11
9030,keyboard,electronics,1678.52,69,115817.88,enugu,Ini,2020-10-22
9031,chair,furniture,784.95,7,5494.65,ogun,dayo,2020-08-05
9032,printer,electronics,890.15,86,76552.9,kwara,emeka,2020-01-31
9033,flashdrives,electronics,207.09,87,18016.83,lagos,martins,2021-03-03
9034,monitor,electronics,548.73,59,32375.07,ibadan,tolu,2020-03-23
9035,desktops,electronics,48.43,34,1646.62,imo,sola,2020-02-16
9036,keyboard,electronics,330.64,2,661.28,akure,emeka,2021-05-03
9037,printer,electronics,924.24,28,25878.72,imo,mike,2020-07-10
9038,desktops,electronics,1700.97,49,83347.53,akure,Ini,2021-01-03
9039,printer,electronics,707.15,43,30407.45,kwara,mike,2020-11-27
9040,desk,furniture,1756.07,47,82535.29,lagos,mike,2021-01-28
9041,scanner,electronics,1971.81,65,128167.65,enugu,dayo,2020-06-20
9042,desk,furniture,633.56,66,41814.96,enugu,moji,2020-08-17
9043,laptop,electronics,121.52,23,2794.96,akure,josh,2020-09-24
9044,desk,furniture,1289.33,44,56730.52,katsina,abdul,2020-10-19
9045,chair,furniture,1250.97,45,56293.65,kano,emeka,2020-09-28
9046,desktops,electronics,586.59,59,34608.81,lagos,taiwo,2020-05-01
9047,scanner,electronics,756.32,43,32521.76,ogun,mike,2020-08-05
9048,monitor,electronics,975.12,55,53631.6,osun,josh,2020-04-18
9049,mouse,electronics,1054.7,76,80157.2,kogi,tolu,2020-05-03
9050,monitor,electronics,1078.94,57,61499.58,akure,tolu,2020-12-22
9051,printer,electronics,1136.42,21,23864.82,kano,emeka,2021-06-21
9052,mouse,electronics,1337.04,32,42785.28,ogun,sola,2020-10-22
9053,mouse,electronics,1239.68,79,97934.72,enugu,Ini,2020-03-30
9054,mouse,electronics,1049.21,14,14688.94,abia,mike,2021-03-28
9055,chair,furniture,603.13,25,15078.25,kogi,martins,2020-09-27
9056,desktops,electronics,1254.97,1,1254.97,osun,dayo,2020-12-05
9057,flashdrives,electronics,327.4,13,4256.2,ibadan,abdul,2021-03-01
9058,flashdrives,electronics,1543.92,61,94179.12,ibadan,emeka,2020-07-29
9059,scanner,electronics,1555.59,50,77779.5,abia,dayo,2020-08-05
9060,desktops,electronics,847.47,51,43220.97,ogun,moji,2021-06-23
9061,chair,furniture,1614.24,50,80712.0,ibadan,josh,2021-06-20
9062,laptop,electronics,1088.54,25,27213.5,abuja,emeka,2021-02-28
9063,printer,electronics,341.88,9,3076.92,abia,Ini,2020-02-07
9064,laptop,electronics,1721.89,25,43047.25,ogun,moji,2020-05-17
9065,desk,furniture,59.28,41,2430.48,abia,Ini,2020-11-02
9066,laptop,electronics,297.08,81,24063.48,imo,dayo,2020-11-05
9067,printer,electronics,1249.92,69,86244.48,imo,Ini,2021-03-09
9068,flashdrives,electronics,655.57,73,47856.61,abuja,tolu,2020-06-23
9069,desk,furniture,1041.38,30,31241.4,lagos,Ini,2021-06-14
9070,monitor,electronics,913.02,27,24651.54,abuja,dayo,2020-09-04
9071,printer,electronics,1171.41,40,46856.4,abuja,sola,2020-08-29
9072,scanner,electronics,669.01,92,61548.92,kano,abdul,2020-06-29
9073,printer,electronics,1392.21,8,11137.68,abia,sola,2020-10-22
9074,printer,electronics,652.12,64,41735.68,abuja,moji,2021-01-27
9075,keyboard,electronics,1625.7,60,97542.0,ibadan,abdul,2020-12-06
9076,mouse,electronics,1822.59,37,67435.83,osun,sola,2021-06-10
9077,desk,furniture,418.3,64,26771.2,abia,martins,2020-06-06
9078,monitor,electronics,217.28,33,7170.24,ogun,martins,2020-05-12
9079,desktops,electronics,1492.35,6,8954.1,kogi,martins,2021-05-11
9080,desk,furniture,480.18,38,18246.84,ibadan,abdul,2020-07-31
9081,scanner,electronics,1365.85,1,1365.85,kano,tolu,2021-01-19
9082,monitor,electronics,506.36,47,23798.92,kogi,taiwo,2020-03-16
9083,desk,furniture,1283.87,76,97574.12,imo,dayo,2021-05-22
9084,laptop,electronics,1626.83,43,69953.69,kano,moji,2021-01-03
9085,mouse,electronics,552.59,82,45312.38,abia,abdul,2020-12-25
9086,mouse,electronics,960.2,84,80656.8,katsina,tolu,2021-01-25
9087,desktops,electronics,744.39,34,25309.26,abia,tolu,2020-11-15
9088,desktops,electronics,740.05,50,37002.5,lagos,tolu,2020-05-25
9089,monitor,electronics,680.93,84,57198.12,enugu,sola,2020-06-21
9090,scanner,electronics,90.35,41,3704.35,abia,josh,2020-08-30
9091,laptop,electronics,1532.41,10,15324.1,abuja,abdul,2020-01-18
9092,laptop,electronics,547.36,84,45978.24,kwara,emeka,2020-05-18
9093,chair,furniture,740.31,82,60705.42,kano,abdul,2020-10-01
9094,laptop,electronics,1023.03,5,5115.15,imo,josh,2021-03-04
9095,desktops,electronics,1593.52,86,137042.72,katsina,abdul,2020-12-08
9096,printer,electronics,1901.04,52,98854.08,katsina,dayo,2021-01-14
9097,flashdrives,electronics,1118.53,68,76060.04,imo,sola,2020-09-23
9098,monitor,electronics,1232.8,100,123280.0,enugu,taiwo,2021-02-02
9099,flashdrives,electronics,1129.88,6,6779.28,akure,josh,2021-05-15
9100,monitor,electronics,1654.72,26,43022.72,kwara,martins,2021-04-16
9101,flashdrives,electronics,1947.71,17,33111.07,kogi,tolu,2021-02-01
9102,laptop,electronics,1164.45,37,43084.65,lagos,taiwo,2020-09-14
9103,chair,furniture,1771.27,48,85020.96,lagos,moji,2021-04-10
9104,printer,electronics,50.73,53,2688.69,ogun,mike,2020-12-21
9105,printer,electronics,1041.33,98,102050.34,osun,tolu,2020-02-09
9106,desk,furniture,659.69,51,33644.19,osun,Ini,2020-05-16
9107,keyboard,electronics,419.87,38,15955.06,kano,martins,2020-09-15
9108,monitor,electronics,55.92,52,2907.84,katsina,moji,2020-04-17
9109,laptop,electronics,1656.7,73,120939.1,enugu,moji,2020-09-09
9110,desk,furniture,1522.42,44,66986.48,osun,moji,2020-04-03
9111,scanner,electronics,1964.45,19,37324.55,lagos,sola,2021-02-11
9112,mouse,electronics,284.48,19,5405.12,katsina,sola,2021-02-25
9113,mouse,electronics,553.75,92,50945.0,imo,sola,2020-10-21
9114,printer,electronics,609.93,19,11588.67,ibadan,emeka,2020-06-08
9115,keyboard,electronics,588.74,3,1766.22,kano,abdul,2020-05-14
9116,laptop,electronics,49.85,13,648.05,katsina,sola,2021-04-03
9117,desktops,electronics,1877.73,22,41310.06,kwara,tolu,2020-06-13
9118,scanner,electronics,1331.34,43,57247.62,lagos,tolu,2021-05-15
9119,flashdrives,electronics,209.85,30,6295.5,akure,abdul,2020-06-14
9120,flashdrives,electronics,658.97,49,32289.53,abuja,tolu,2021-05-11
9121,desk,furniture,383.91,36,13820.76,abia,dayo,2020-10-08
9122,desk,furniture,1475.8,49,72314.2,ibadan,martins,2021-04-10
9123,chair,furniture,1168.44,47,54916.68,katsina,mike,2020-03-11
9124,scanner,electronics,26.88,25,672.0,lagos,tolu,2021-04-21
9125,laptop,electronics,1202.88,51,61346.88,katsina,abdul,2021-01-20
9126,laptop,electronics,275.14,25,6878.5,abuja,josh,2021-03-09
9127,chair,furniture,1682.24,21,35327.04,kogi,moji,2021-05-16
9128,monitor,electronics,870.06,76,66124.56,kano,taiwo,2020-11-24
9129,flashdrives,electronics,1343.65,74,99430.1,enugu,Ini,2021-04-10
9130,monitor,electronics,1096.9,95,104205.5,kano,taiwo,2020-07-17
9131,desktops,electronics,329.28,36,11854.08,kogi,sola,2020-06-12
9132,keyboard,electronics,388.42,21,8156.82,kwara,abdul,2020-07-20
9133,desktops,electronics,1447.03,11,15917.33,katsina,dayo,2020-11-29
9134,keyboard,electronics,1449.3,28,40580.4,akure,emeka,2020-01-29
9135,desk,furniture,306.2,88,26945.6,lagos,emeka,2020-10-25
9136,laptop,electronics,1757.35,88,154646.8,abuja,taiwo,2020-11-02
9137,mouse,electronics,360.1,44,15844.4,kano,sola,2020-06-07
9138,scanner,electronics,1625.73,50,81286.5,enugu,tolu,2020-01-27
9139,desktops,electronics,1337.38,83,111002.54,osun,abdul,2020-08-20
9140,printer,electronics,88.52,54,4780.08,kano,emeka,2020-07-12
9141,monitor,electronics,1292.59,59,76262.81,ibadan,moji,2020-12-26
9142,monitor,electronics,1720.95,71,122187.45,imo,abdul,2020-07-31
9143,desktops,electronics,904.62,83,75083.46,osun,josh,2020-03-22
9144,flashdrives,electronics,62.83,32,2010.56,imo,martins,2020-10-01
9145,printer,electronics,1131.56,47,53183.32,osun,josh,2020-03-01
9146,desktops,electronics,1404.64,24,33711.36,akure,Ini,2020-05-12
9147,monitor,electronics,380.17,90,34215.3,ogun,abdul,2020-01-15
9148,laptop,electronics,974.47,72,70161.84,kogi,moji,2021-03-22
9149,flashdrives,electronics,1630.51,65,105983.15,ibadan,mike,2021-04-12
9150,scanner,electronics,943.43,81,76417.83,imo,josh,2020-06-21
9151,flashdrives,electronics,213.99,71,15193.29,katsina,josh,2021-01-24
9152,printer,electronics,101.85,82,8351.7,imo,mike,2020-05-19
9153,keyboard,electronics,926.99,85,78794.15,lagos,sola,2020-12-06
9154,keyboard,electronics,1361.43,48,65348.64,imo,tolu,2020-09-27
9155,mouse,electronics,1596.04,96,153219.84,ogun,martins,2021-01-11
9156,printer,electronics,1482.95,23,34107.85,ogun,taiwo,2020-03-14
9157,keyboard,electronics,857.19,53,45431.07,enugu,mike,2021-06-03
9158,laptop,electronics,1576.18,73,115061.14,ibadan,martins,2020-11-16
9159,flashdrives,electronics,816.55,62,50626.1,lagos,abdul,2020-07-24
9160,desk,furniture,1646.56,22,36224.32,ibadan,josh,2020-07-22
9161,keyboard,electronics,66.46,41,2724.86,ibadan,abdul,2020-05-23
9162,desk,furniture,1275.16,38,48456.08,katsina,taiwo,2020-03-01
9163,monitor,electronics,967.34,45,43530.3,kano,taiwo,2020-07-13
9164,mouse,electronics,105.16,9,946.44,akure,tolu,2021-02-25
9165,desktops,electronics,509.97,4,2039.88,osun,josh,2020-09-03
9166,mouse,electronics,1499.93,24,35998.32,kano,josh,2020-06-16
9167,desk,furniture,565.76,57,32248.32,ibadan,Ini,2021-04-19
9168,laptop,electronics,881.03,84,74006.52,ogun,tolu,2021-01-25
9169,scanner,electronics,577.98,65,37568.7,kogi,tolu,2020-08-26
9170,laptop,electronics,944.03,85,80242.55,abia,martins,2021-04-16
9171,desktops,electronics,177.08,6,1062.48,abia,moji,2020-02-07
9172,mouse,electronics,287.71,38,10932.98,kwara,martins,2021-01-15
9173,desk,furniture,1219.88,39,47575.32,kano,moji,2020-04-25
9174,desktops,electronics,975.09,92,89708.28,osun,tolu,2020-01-21
9175,laptop,electronics,573.34,75,43000.5,abuja,martins,2020-03-04
9176,chair,furniture,355.71,25,8892.75,abia,moji,2020-10-27
9177,flashdrives,electronics,362.52,4,1450.08,ibadan,emeka,2020-07-31
9178,laptop,electronics,1431.62,54,77307.48,ibadan,martins,2020-09-28
9179,mouse,electronics,277.58,8,2220.64,enugu,martins,2020-10-08
9180,monitor,electronics,168.58,45,7586.1,akure,martins,2020-08-10
9181,mouse,electronics,741.58,67,49685.86,kwara,Ini,2020-11-20
9182,laptop,electronics,786.33,2,1572.66,imo,mike,2021-03-31
9183,printer,electronics,1302.02,35,45570.7,abuja,taiwo,2021-06-18
9184,monitor,electronics,704.22,10,7042.2,akure,mike,2020-01-22
9185,flashdrives,electronics,715.34,35,25036.9,abia,sola,2021-04-13
9186,chair,furniture,122.47,20,2449.4,abuja,josh,2020-08-23
9187,desktops,electronics,788.8,14,11043.2,akure,moji,2020-04-30
9188,mouse,electronics,1816.29,56,101712.24,kano,Ini,2020-04-08
9189,scanner,electronics,431.46,48,20710.08,osun,abdul,2020-09-26
9190,mouse,electronics,90.81,14,1271.34,ogun,mike,2020-11-29
9191,laptop,electronics,1270.97,90,114387.3,enugu,sola,2020-11-21
9192,printer,electronics,446.59,90,40193.1,lagos,Ini,2020-07-23
9193,chair,furniture,1795.44,24,43090.56,kano,martins,2021-03-25
9194,keyboard,electronics,657.38,5,3286.9,kwara,tolu,2020-11-09
9195,printer,electronics,1631.1,96,156585.6,kano,taiwo,2020-01-21
9196,desktops,electronics,1044.77,93,97163.61,imo,martins,2021-03-14
9197,flashdrives,electronics,274.09,99,27134.91,katsina,abdul,2021-02-21
9198,laptop,electronics,216.29,2,432.58,osun,tolu,2020-08-31
9199,mouse,electronics,1669.64,76,126892.64,abuja,taiwo,2020-03-01
9200,laptop,electronics,1626.45,79,128489.55,ogun,dayo,2020-04-27
9201,keyboard,electronics,1672.58,80,133806.4,enugu,moji,2020-05-18
9202,keyboard,electronics,1042.37,58,60457.46,ibadan,moji,2020-12-09
9203,flashdrives,electronics,1729.85,33,57085.05,osun,sola,2020-12-30
9204,scanner,electronics,1279.13,39,49886.07,abia,josh,2020-02-15
9205,keyboard,electronics,822.25,34,27956.5,ogun,sola,2021-05-05
9206,monitor,electronics,1074.44,91,97774.04,kogi,tolu,2021-02-07
9207,desk,furniture,1790.59,71,127131.89,abuja,moji,2020-02-08
9208,printer,electronics,158.74,99,15715.26,kano,emeka,2020-05-18
9209,chair,furniture,313.86,35,10985.1,katsina,martins,2021-03-12
9210,chair,furniture,952.08,80,76166.4,kwara,abdul,2021-01-29
9211,chair,furniture,928.37,9,8355.33,lagos,Ini,2020-01-04
9212,desktops,electronics,1388.51,18,24993.18,ibadan,martins,2021-05-30
9213,flashdrives,electronics,1588.91,82,130290.62,akure,moji,2020-08-12
9214,monitor,electronics,1489.95,13,19369.35,akure,Ini,2020-07-01
9215,laptop,electronics,1132.62,86,97405.32,katsina,mike,2021-01-29
9216,mouse,electronics,1660.68,50,83034.0,ogun,sola,2020-01-17
9217,mouse,electronics,903.51,20,18070.2,osun,josh,2020-04-29
9218,keyboard,electronics,775.08,52,40304.16,lagos,tolu,2021-03-04
9219,flashdrives,electronics,858.07,15,12871.05,abuja,martins,2020-10-04
9220,laptop,electronics,1353.35,80,108268.0,lagos,emeka,2020-07-03
9221,chair,furniture,794.34,62,49249.08,katsina,mike,2020-01-22
9222,desktops,electronics,846.49,27,22855.23,katsina,emeka,2020-12-20
9223,laptop,electronics,794.43,90,71498.7,kogi,tolu,2021-05-20
9224,desk,furniture,37.0,92,3404.0,akure,josh,2020-01-21
9225,desktops,electronics,1298.27,84,109054.68,lagos,josh,2020-02-19
9226,flashdrives,electronics,125.61,28,3517.08,lagos,mike,2020-07-10
9227,printer,electronics,114.95,91,10460.45,osun,dayo,2020-02-06
9228,printer,electronics,1967.41,48,94435.68,kogi,taiwo,2020-11-15
9229,mouse,electronics,1178.38,96,113124.48,ibadan,moji,2020-05-09
9230,scanner,electronics,438.14,9,3943.26,kogi,martins,2021-01-15
9231,laptop,electronics,1404.35,77,108134.95,ogun,emeka,2020-02-13
9232,chair,furniture,809.88,75,60741.0,abuja,tolu,2021-05-31
9233,mouse,electronics,1489.11,40,59564.4,osun,dayo,2020-08-03
9234,desk,furniture,996.77,34,33890.18,osun,martins,2020-08-30
9235,keyboard,electronics,1678.42,12,20141.04,enugu,Ini,2020-10-12
9236,flashdrives,electronics,1670.38,90,150334.2,abuja,moji,2021-05-04
9237,desk,furniture,888.99,48,42671.52,lagos,tolu,2020-02-11
9238,scanner,electronics,392.78,64,25137.92,akure,tolu,2020-07-22
9239,mouse,electronics,678.16,58,39333.28,akure,tolu,2020-05-15
9240,keyboard,electronics,1249.17,7,8744.19,abia,dayo,2020-09-10
9241,desktops,electronics,799.45,26,20785.7,osun,martins,2020-08-06
9242,desk,furniture,1001.49,72,72107.28,kogi,Ini,2021-01-03
9243,desk,furniture,954.52,48,45816.96,katsina,josh,2020-03-17
9244,printer,electronics,511.7,85,43494.5,abia,Ini,2020-10-18
9245,monitor,electronics,1204.94,18,21688.92,enugu,martins,2021-06-14
9246,mouse,electronics,358.14,59,21130.26,kwara,martins,2020-01-27
9247,monitor,electronics,995.31,12,11943.72,lagos,moji,2020-01-04
9248,monitor,electronics,1275.35,1,1275.35,kwara,sola,2020-09-02
9249,scanner,electronics,1815.12,99,179696.88,kogi,martins,2020-01-26
9250,flashdrives,electronics,938.8,63,59144.4,abia,dayo,2020-12-28
9251,mouse,electronics,1775.52,52,92327.04,abuja,emeka,2020-01-19
9252,chair,furniture,1762.5,34,59925.0,ibadan,taiwo,2020-02-19
9253,scanner,electronics,462.3,76,35134.8,ibadan,tolu,2021-02-12
9254,mouse,electronics,879.66,83,73011.78,kano,sola,2020-06-21
9255,chair,furniture,1385.84,57,78992.88,kano,mike,2020-04-17
9256,laptop,electronics,694.14,100,69414.0,ogun,martins,2020-06-22
9257,desk,furniture,58.27,24,1398.48,kwara,tolu,2020-11-05
9258,desk,furniture,724.29,43,31144.47,osun,sola,2020-04-03
9259,desktops,electronics,1183.75,50,59187.5,kwara,dayo,2021-02-14
9260,scanner,electronics,1749.62,80,139969.6,osun,abdul,2020-07-15
9261,flashdrives,electronics,910.58,36,32780.88,akure,abdul,2020-03-05
9262,desktops,electronics,104.45,30,3133.5,kwara,taiwo,2021-03-27
9263,desk,furniture,186.83,82,15320.06,ibadan,taiwo,2020-09-18
9264,monitor,electronics,1469.2,29,42606.8,ogun,tolu,2021-03-27
9265,monitor,electronics,767.93,83,63738.19,ogun,martins,2020-03-04
9266,desktops,electronics,671.99,44,29567.56,katsina,Ini,2020-11-09
9267,chair,furniture,796.84,28,22311.52,abuja,dayo,2020-08-11
9268,scanner,electronics,375.85,74,27812.9,lagos,martins,2020-06-11
9269,scanner,electronics,1866.32,22,41059.04,ogun,Ini,2020-12-16
9270,keyboard,electronics,1696.96,38,64484.48,kogi,tolu,2020-03-21
9271,printer,electronics,157.4,21,3305.4,abuja,mike,2021-05-18
9272,desk,furniture,1475.6,67,98865.2,osun,mike,2020-02-15
9273,mouse,electronics,59.07,55,3248.85,akure,dayo,2021-04-01
9274,desktops,electronics,1361.79,91,123922.89,ibadan,sola,2021-01-13
9275,desk,furniture,733.86,17,12475.62,imo,emeka,2020-08-11
9276,desktops,electronics,1639.61,33,54107.13,abia,tolu,2020-02-12
9277,scanner,electronics,1449.36,81,117398.16,akure,martins,2020-08-26
9278,flashdrives,electronics,1110.06,25,27751.5,kwara,abdul,2020-09-16
9279,desk,furniture,1960.58,50,98029.0,osun,martins,2021-06-19
9280,mouse,electronics,1997.93,38,75921.34,osun,dayo,2021-02-04
9281,laptop,electronics,292.14,92,26876.88,kogi,josh,2020-08-18
9282,keyboard,electronics,1380.92,91,125663.72,katsina,moji,2020-12-18
9283,monitor,electronics,63.88,3,191.64,enugu,emeka,2020-04-16
9284,flashdrives,electronics,104.05,38,3953.9,abia,dayo,2021-05-23
9285,desktops,electronics,861.16,3,2583.48,abuja,josh,2020-03-04
9286,desktops,electronics,1427.36,82,117043.52,imo,abdul,2020-09-01
9287,scanner,electronics,1622.55,10,16225.5,kano,emeka,2021-06-24
9288,keyboard,electronics,1213.74,83,100740.42,abia,taiwo,2020-12-21
9289,scanner,electronics,1512.07,66,99796.62,katsina,abdul,2021-05-23
9290,desktops,electronics,1051.33,39,41001.87,ogun,Ini,2020-11-10
9291,keyboard,electronics,1769.42,4,7077.68,enugu,taiwo,2020-08-15
9292,desktops,electronics,1691.44,6,10148.64,katsina,emeka,2020-12-30
9293,laptop,electronics,1307.72,8,10461.76,enugu,dayo,2021-03-14
9294,chair,furniture,903.99,43,38871.57,akure,martins,2020-02-05
9295,printer,electronics,396.42,96,38056.32,akure,Ini,2021-01-27
9296,laptop,electronics,1311.57,51,66890.07,enugu,abdul,2020-08-10
9297,desk,furniture,154.57,24,3709.68,ibadan,Ini,2020-10-14
9298,mouse,electronics,1990.28,98,195047.44,abuja,mike,2020-08-17
9299,keyboard,electronics,1239.32,56,69401.92,kogi,moji,2020-10-08
9300,desktops,electronics,1764.32,89,157024.48,kano,taiwo,2020-09-04
9301,desk,furniture,617.43,44,27166.92,abuja,Ini,2021-06-24
9302,keyboard,electronics,1396.87,88,122924.56,akure,Ini,2021-04-30
9303,monitor,electronics,139.14,50,6957.0,abuja,taiwo,2021-02-04
9304,laptop,electronics,178.45,86,15346.7,ibadan,moji,2021-01-21
9305,scanner,electronics,70.79,93,6583.47,lagos,martins,2020-06-07
9306,printer,electronics,836.39,66,55201.74,imo,abdul,2020-12-03
9307,flashdrives,electronics,1316.46,55,72405.3,kano,Ini,2021-06-16
9308,monitor,electronics,1259.22,72,90663.84,enugu,Ini,2021-05-05
9309,desk,furniture,670.4,1,670.4,kano,abdul,2020-10-31
9310,chair,furniture,1528.58,37,56557.46,akure,moji,2020-07-16
9311,chair,furniture,559.64,1,559.64,imo,sola,2020-06-16
9312,desk,furniture,1640.53,83,136163.99,imo,mike,2020-12-16
9313,keyboard,electronics,1148.74,86,98791.64,kogi,Ini,2021-01-05
9314,desk,furniture,373.92,48,17948.16,imo,taiwo,2020-12-15
9315,scanner,electronics,47.47,100,4747.0,ibadan,emeka,2021-06-06
9316,flashdrives,electronics,508.67,58,29502.86,akure,emeka,2021-01-01
9317,printer,electronics,488.99,85,41564.15,ibadan,tolu,2020-06-22
9318,keyboard,electronics,1377.96,75,103347.0,ibadan,Ini,2020-02-04
9319,printer,electronics,528.94,34,17983.96,enugu,mike,2021-01-01
9320,desktops,electronics,1755.11,90,157959.9,katsina,emeka,2020-01-12
9321,mouse,electronics,1890.84,94,177738.96,ogun,Ini,2021-01-29
9322,flashdrives,electronics,345.47,58,20037.26,lagos,taiwo,2020-09-02
9323,desktops,electronics,1089.54,93,101327.22,kano,dayo,2021-04-06
9324,mouse,electronics,1705.55,46,78455.3,imo,dayo,2020-08-26
9325,scanner,electronics,1309.85,84,110027.4,imo,taiwo,2020-08-18
9326,laptop,electronics,280.28,75,21021.0,osun,tolu,2021-04-22
9327,monitor,electronics,1107.25,40,44290.0,ibadan,sola,2020-10-14
9328,laptop,electronics,328.56,99,32527.44,ibadan,dayo,2020-01-08
9329,scanner,electronics,1403.78,66,92649.48,kwara,mike,2020-02-17
9330,desktops,electronics,1430.11,52,74365.72,katsina,taiwo,2020-06-27
9331,chair,furniture,347.8,57,19824.6,imo,Ini,2020-04-16
9332,mouse,electronics,714.89,71,50757.19,enugu,abdul,2021-05-06
9333,desktops,electronics,188.45,53,9987.85,abuja,mike,2020-06-09
9334,mouse,electronics,1486.3,28,41616.4,kogi,Ini,2020-03-28
9335,monitor,electronics,1489.26,93,138501.18,enugu,abdul,2020-03-05
9336,scanner,electronics,59.7,82,4895.4,katsina,moji,2020-04-30
9337,desk,furniture,861.82,100,86182.0,abia,moji,2021-03-10
9338,keyboard,electronics,635.22,87,55264.14,ogun,mike,2021-06-19
9339,flashdrives,electronics,1293.24,56,72421.44,enugu,mike,2020-06-25
9340,mouse,electronics,1014.37,24,24344.88,ibadan,Ini,2020-07-04
9341,keyboard,electronics,530.11,52,27565.72,ogun,dayo,2021-03-09
9342,chair,furniture,103.98,88,9150.24,enugu,moji,2021-02-05
9343,chair,furniture,202.16,35,7075.6,kwara,tolu,2021-01-02
9344,chair,furniture,1227.18,43,52768.74,enugu,dayo,2021-01-14
9345,keyboard,electronics,400.72,41,16429.52,kano,emeka,2021-05-29
9346,laptop,electronics,1962.55,4,7850.2,imo,emeka,2020-07-12
9347,scanner,electronics,1521.76,29,44131.04,imo,Ini,2020-09-01
9348,scanner,electronics,695.41,17,11821.97,ibadan,Ini,2020-04-08
9349,mouse,electronics,704.81,41,28897.21,kwara,sola,2020-07-04
9350,mouse,electronics,1123.6,73,82022.8,akure,moji,2021-03-31
9351,mouse,electronics,1568.73,1,1568.73,enugu,martins,2021-03-21
9352,chair,furniture,954.86,55,52517.3,ogun,emeka,2020-07-21
9353,mouse,electronics,434.87,51,22178.37,ibadan,josh,2020-09-06
9354,desktops,electronics,408.96,52,21265.92,ibadan,sola,2020-12-23
9355,printer,electronics,1975.68,29,57294.72,akure,abdul,2020-09-05
9356,keyboard,electronics,1634.39,12,19612.68,lagos,moji,2020-06-13
9357,printer,electronics,1896.93,90,170723.7,kogi,Ini,2020-12-01
9358,flashdrives,electronics,156.64,75,11748.0,osun,tolu,2021-01-01
9359,flashdrives,electronics,1530.67,97,148474.99,enugu,Ini,2020-02-13
9360,monitor,electronics,208.68,62,12938.16,lagos,josh,2021-03-14
9361,desktops,electronics,1322.73,17,22486.41,akure,dayo,2020-07-19
9362,keyboard,electronics,101.4,35,3549.0,imo,abdul,2020-12-03
9363,scanner,electronics,754.37,25,18859.25,imo,mike,2021-04-27
9364,flashdrives,electronics,1030.38,88,90673.44,imo,abdul,2021-03-23
9365,desktops,electronics,878.49,54,47438.46,ogun,taiwo,2020-11-15
9366,scanner,electronics,1797.56,65,116841.4,abuja,martins,2021-02-17
9367,monitor,electronics,1508.15,53,79931.95,enugu,abdul,2020-05-22
9368,laptop,electronics,766.47,91,69748.77,imo,martins,2020-10-08
9369,keyboard,electronics,1737.75,75,130331.25,ibadan,sola,2020-05-23
9370,mouse,electronics,197.37,23,4539.51,ibadan,Ini,2020-09-25
9371,monitor,electronics,1291.75,81,104631.75,akure,martins,2021-03-17
9372,flashdrives,electronics,1334.13,70,93389.1,kano,martins,2020-07-31
9373,desktops,electronics,970.66,16,15530.56,abuja,sola,2020-01-19
9374,monitor,electronics,1032.97,93,96066.21,osun,emeka,2021-06-01
9375,monitor,electronics,1183.3,77,91114.1,lagos,moji,2021-01-12
9376,laptop,electronics,1566.39,100,156639.0,ogun,josh,2020-12-23
9377,scanner,electronics,990.34,55,54468.7,abuja,mike,2020-03-03
9378,desk,furniture,1035.46,31,32099.26,lagos,taiwo,2020-02-01
9379,laptop,electronics,1731.58,42,72726.36,ogun,taiwo,2021-03-06
9380,desktops,electronics,53.55,90,4819.5,imo,abdul,2020-05-01
9381,scanner,electronics,438.22,31,13584.82,kogi,martins,2021-01-01
9382,chair,furniture,538.74,24,12929.76,abuja,moji,2020-05-02
9383,printer,electronics,546.81,43,23512.83,osun,tolu,2020-05-13
9384,flashdrives,electronics,182.36,88,16047.68,enugu,emeka,2020-04-20
9385,flashdrives,electronics,770.28,80,61622.4,imo,tolu,2020-02-18
9386,flashdrives,electronics,1731.28,31,53669.68,kogi,taiwo,2020-03-08
9387,chair,furniture,1294.02,41,53054.82,abia,emeka,2020-05-11
9388,laptop,electronics,1819.36,48,87329.28,osun,taiwo,2020-07-27
9389,desk,furniture,69.62,73,5082.26,lagos,moji,2021-03-06
9390,desktops,electronics,46.91,97,4550.27,abuja,josh,2020-08-09
9391,desk,furniture,55.73,50,2786.5,ibadan,abdul,2020-11-02
9392,printer,electronics,1270.7,26,33038.2,ogun,taiwo,2021-05-19
9393,monitor,electronics,269.68,1,269.68,osun,mike,2020-02-04
9394,mouse,electronics,755.8,43,32499.4,katsina,tolu,2020-01-30
9395,printer,electronics,456.47,99,45190.53,akure,mike,2020-06-25
9396,scanner,electronics,1360.77,72,97975.44,kwara,dayo,2020-01-18
9397,scanner,electronics,1988.79,64,127282.56,lagos,taiwo,2021-02-25
9398,scanner,electronics,1111.71,90,100053.9,akure,josh,2020-12-30
9399,mouse,electronics,1372.65,73,100203.45,abia,abdul,2020-06-15
9400,scanner,electronics,82.55,43,3549.65,imo,tolu,2021-04-06
9401,scanner,electronics,217.49,82,17834.18,osun,abdul,2021-01-13
9402,monitor,electronics,1142.28,81,92524.68,lagos,abdul,2021-06-09
9403,flashdrives,electronics,165.72,51,8451.72,imo,mike,2021-05-24
9404,chair,furniture,1380.7,80,110456.0,ogun,josh,2020-06-07
9405,mouse,electronics,1964.93,43,84491.99,ogun,dayo,2021-01-22
9406,desktops,electronics,1753.14,6,10518.84,ibadan,abdul,2020-09-23
9407,keyboard,electronics,1188.03,5,5940.15,imo,dayo,2020-05-26
9408,printer,electronics,1551.85,70,108629.5,ogun,josh,2021-05-10
9409,desktops,electronics,1585.72,78,123686.16,abia,dayo,2020-02-16
9410,monitor,electronics,966.95,28,27074.6,enugu,Ini,2020-07-30
9411,mouse,electronics,323.74,48,15539.52,kwara,dayo,2021-02-23
9412,flashdrives,electronics,1292.07,40,51682.8,kwara,josh,2020-07-29
9413,laptop,electronics,924.69,67,61954.23,enugu,dayo,2020-03-20
9414,monitor,electronics,527.56,3,1582.68,abia,emeka,2020-12-23
9415,mouse,electronics,1849.92,2,3699.84,akure,martins,2020-03-14
9416,desktops,electronics,219.93,91,20013.63,abia,mike,2020-03-17
9417,chair,furniture,1759.71,1,1759.71,lagos,taiwo,2021-06-11
9418,printer,electronics,622.75,85,52933.75,abuja,sola,2020-07-15
9419,scanner,electronics,1022.55,14,14315.7,lagos,emeka,2020-10-18
9420,printer,electronics,347.52,42,14595.84,katsina,emeka,2021-01-29
9421,keyboard,electronics,659.92,47,31016.24,kogi,moji,2020-10-05
9422,scanner,electronics,220.23,20,4404.6,ogun,emeka,2021-04-01
9423,laptop,electronics,144.07,8,1152.56,osun,abdul,2020-05-12
9424,mouse,electronics,679.99,76,51679.24,ibadan,moji,2021-05-23
9425,desk,furniture,236.99,13,3080.87,ibadan,dayo,2020-08-27
9426,keyboard,electronics,515.98,91,46954.18,lagos,emeka,2021-02-19
9427,printer,electronics,1857.6,18,33436.8,ogun,mike,2020-03-19
9428,keyboard,electronics,264.43,53,14014.79,abia,emeka,2020-11-01
9429,desktops,electronics,194.32,90,17488.8,ogun,martins,2020-01-02
9430,mouse,electronics,147.28,91,13402.48,katsina,abdul,2020-01-24
9431,mouse,electronics,851.14,75,63835.5,kogi,josh,2021-01-12
9432,desk,furniture,1308.07,32,41858.24,kano,abdul,2020-07-15
9433,desk,furniture,1019.78,13,13257.14,ibadan,abdul,2020-11-10
9434,scanner,electronics,798.3,22,17562.6,kano,dayo,2020-01-24
9435,chair,furniture,542.4,78,42307.2,ogun,martins,2020-11-17
9436,monitor,electronics,1034.63,94,97255.22,osun,tolu,2020-01-14
9437,printer,electronics,1465.64,48,70350.72,lagos,emeka,2020-10-03
9438,keyboard,electronics,1058.92,9,9530.28,kogi,dayo,2020-08-24
9439,desk,furniture,321.76,58,18662.08,enugu,sola,2020-03-28
9440,laptop,electronics,1406.29,63,88596.27,kano,Ini,2020-10-20
9441,mouse,electronics,1907.78,48,91573.44,osun,moji,2020-12-24
9442,chair,furniture,1812.24,74,134105.76,kwara,moji,2021-01-17
9443,printer,electronics,685.58,71,48676.18,ibadan,emeka,2020-12-31
9444,printer,electronics,351.58,55,19336.9,ibadan,abdul,2020-11-21
9445,keyboard,electronics,292.7,62,18147.4,katsina,sola,2020-11-08
9446,keyboard,electronics,543.69,68,36970.92,enugu,tolu,2020-06-24
9447,flashdrives,electronics,1078.79,85,91697.15,kano,martins,2020-06-07
9448,flashdrives,electronics,170.62,59,10066.58,kano,mike,2020-11-17
9449,mouse,electronics,1314.47,32,42063.04,abia,taiwo,2020-05-29
9450,laptop,electronics,638.49,43,27455.07,enugu,dayo,2020-04-23
9451,monitor,electronics,231.25,47,10868.75,imo,mike,2020-05-20
9452,printer,electronics,469.73,28,13152.44,lagos,sola,2020-10-14
9453,mouse,electronics,454.82,2,909.64,abuja,moji,2020-08-03
9454,mouse,electronics,577.75,39,22532.25,ibadan,sola,2020-03-26
9455,scanner,electronics,511.7,83,42471.1,enugu,dayo,2020-01-29
9456,printer,electronics,684.92,79,54108.68,kano,sola,2021-05-04
9457,chair,furniture,66.6,85,5661.0,kano,mike,2020-02-24
9458,scanner,electronics,1135.46,52,59043.92,osun,tolu,2021-04-29
9459,flashdrives,electronics,1175.74,67,78774.58,enugu,sola,2020-12-25
9460,desk,furniture,1350.28,56,75615.68,ogun,taiwo,2020-03-20
9461,mouse,electronics,439.15,2,878.3,enugu,mike,2020-10-23
9462,flashdrives,electronics,1252.68,58,72655.44,kano,Ini,2021-02-16
9463,monitor,electronics,451.18,53,23912.54,kwara,martins,2020-02-11
9464,chair,furniture,244.1,14,3417.4,osun,taiwo,2021-05-26
9465,printer,electronics,114.49,100,11449.0,akure,tolu,2020-07-07
9466,keyboard,electronics,110.05,9,990.45,kano,Ini,2020-01-09
9467,scanner,electronics,301.93,90,27173.7,akure,emeka,2020-08-16
9468,monitor,electronics,1304.91,18,23488.38,katsina,dayo,2020-03-28
9469,scanner,electronics,479.95,15,7199.25,kogi,moji,2021-03-17
9470,desk,furniture,1482.52,80,118601.6,ogun,Ini,2020-11-10
9471,scanner,electronics,1824.21,53,96683.13,osun,Ini,2020-02-10
9472,chair,furniture,246.66,78,19239.48,kwara,emeka,2020-12-04
9473,mouse,electronics,1587.78,16,25404.48,akure,Ini,2021-04-09
9474,keyboard,electronics,494.96,8,3959.68,katsina,Ini,2020-04-30
9475,printer,electronics,1301.42,67,87195.14,kogi,martins,2020-07-05
9476,desk,furniture,616.82,27,16654.14,kogi,sola,2020-11-05
9477,printer,electronics,1598.04,69,110264.76,abia,taiwo,2021-01-20
9478,flashdrives,electronics,1704.34,58,98851.72,abuja,taiwo,2021-04-17
9479,desktops,electronics,1003.79,4,4015.16,kwara,tolu,2020-01-24
9480,printer,electronics,1299.35,59,76661.65,ogun,moji,2020-03-10
9481,chair,furniture,1066.66,81,86399.46,ibadan,taiwo,2020-02-20
9482,laptop,electronics,329.17,63,20737.71,ibadan,dayo,2020-09-18
9483,keyboard,electronics,566.84,30,17005.2,enugu,emeka,2020-07-28
9484,desk,furniture,791.67,7,5541.69,ibadan,taiwo,2021-02-10
9485,chair,furniture,251.12,69,17327.28,kwara,moji,2021-02-20
9486,mouse,electronics,1061.64,95,100855.8,enugu,Ini,2020-08-13
9487,scanner,electronics,1650.79,60,99047.4,ibadan,emeka,2021-03-03
9488,chair,furniture,1945.32,95,184805.4,ibadan,josh,2020-05-08
9489,chair,furniture,1794.04,89,159669.56,katsina,tolu,2020-04-14
9490,desktops,electronics,1662.47,67,111385.49,abuja,josh,2021-03-01
9491,chair,furniture,667.64,37,24702.68,abuja,abdul,2020-12-09
9492,scanner,electronics,1263.18,82,103580.76,akure,josh,2021-03-24
9493,flashdrives,electronics,924.41,4,3697.64,abia,Ini,2020-03-03
9494,chair,furniture,1789.0,83,148487.0,lagos,taiwo,2021-01-17
9495,printer,electronics,1938.05,4,7752.2,lagos,moji,2021-05-11
9496,monitor,electronics,225.68,34,7673.12,abuja,sola,2021-04-27
9497,keyboard,electronics,1923.85,76,146212.6,kano,moji,2020-07-06
9498,flashdrives,electronics,1260.19,46,57968.74,kogi,Ini,2020-05-10
9499,scanner,electronics,123.49,47,5804.03,akure,tolu,2020-06-15
9500,printer,electronics,1705.51,14,23877.14,enugu,Ini,2020-10-22
9501,desktops,electronics,723.33,42,30379.86,kano,tolu,2021-02-17
9502,scanner,electronics,1826.82,98,179028.36,abia,taiwo,2020-08-09
9503,chair,furniture,629.45,65,40914.25,abia,sola,2020-06-06
9504,laptop,electronics,385.98,7,2701.86,ibadan,moji,2020-01-04
9505,desk,furniture,599.29,74,44347.46,kogi,martins,2021-04-13
9506,keyboard,electronics,764.46,21,16053.66,abia,martins,2020-04-19
9507,scanner,electronics,1036.82,54,55988.28,lagos,emeka,2021-02-25
9508,chair,furniture,1902.18,57,108424.26,kano,josh,2020-02-04
9509,laptop,electronics,1155.68,21,24269.28,abuja,emeka,2020-12-16
9510,desk,furniture,1446.93,80,115754.4,katsina,sola,2020-03-01
9511,printer,electronics,1470.29,55,80865.95,abia,josh,2020-02-12
9512,desk,furniture,1789.3,50,89465.0,ogun,moji,2020-12-09
9513,desktops,electronics,1049.28,35,36724.8,ogun,josh,2020-05-09
9514,monitor,electronics,805.9,75,60442.5,ibadan,moji,2020-04-15
9515,laptop,electronics,1604.76,87,139614.12,kano,martins,2021-01-19
9516,chair,furniture,819.74,5,4098.7,ibadan,martins,2021-02-25
9517,keyboard,electronics,505.01,24,12120.24,abuja,josh,2020-05-02
9518,chair,furniture,643.79,78,50215.62,kogi,Ini,2020-07-02
9519,flashdrives,electronics,827.33,44,36402.52,kwara,mike,2020-12-28
9520,monitor,electronics,179.62,35,6286.7,ogun,abdul,2020-10-03
9521,keyboard,electronics,375.4,64,24025.6,lagos,taiwo,2020-08-10
9522,mouse,electronics,1584.26,6,9505.56,enugu,Ini,2020-06-21
9523,keyboard,electronics,303.95,60,18237.0,ibadan,emeka,2020-12-06
9524,desktops,electronics,1141.49,94,107300.06,kogi,Ini,2020-10-27
9525,keyboard,electronics,1090.66,51,55623.66,lagos,moji,2021-05-12
9526,desk,furniture,1969.27,89,175265.03,ogun,Ini,2021-04-06
9527,monitor,electronics,1813.01,98,177674.98,kwara,martins,2020-04-30
9528,mouse,electronics,146.21,27,3947.67,lagos,tolu,2020-12-24
9529,keyboard,electronics,1380.34,75,103525.5,kano,abdul,2020-08-15
9530,printer,electronics,1849.18,22,40681.96,kano,abdul,2021-04-21
9531,chair,furniture,684.14,35,23944.9,ibadan,dayo,2020-01-31
9532,desk,furniture,1312.91,81,106345.71,kano,taiwo,2020-10-12
9533,desktops,electronics,1368.9,52,71182.8,kwara,taiwo,2021-02-23
9534,laptop,electronics,571.91,15,8578.65,abia,sola,2021-03-04
9535,mouse,electronics,804.11,96,77194.56,akure,josh,2020-11-14
9536,keyboard,electronics,944.82,32,30234.24,katsina,tolu,2021-04-25
9537,laptop,electronics,281.9,39,10994.1,ogun,mike,2020-03-20
9538,desk,furniture,1233.06,96,118373.76,imo,martins,2020-11-15
9539,chair,furniture,1345.4,10,13454.0,lagos,sola,2021-03-13
9540,printer,electronics,541.8,11,5959.8,osun,martins,2020-09-28
9541,monitor,electronics,988.78,5,4943.9,kano,emeka,2021-02-28
9542,chair,furniture,1850.77,5,9253.85,akure,martins,2020-07-29
9543,printer,electronics,838.84,22,18454.48,katsina,Ini,2020-07-10
9544,scanner,electronics,806.04,35,28211.4,imo,josh,2021-02-10
9545,laptop,electronics,602.33,98,59028.34,akure,moji,2020-03-28
9546,flashdrives,electronics,1194.46,52,62111.92,akure,mike,2020-08-28
9547,keyboard,electronics,1725.71,87,150136.77,kogi,Ini,2020-03-13
9548,mouse,electronics,172.33,63,10856.79,kwara,josh,2020-04-26
9549,keyboard,electronics,708.33,92,65166.36,kano,tolu,2021-04-10
9550,keyboard,electronics,1597.1,75,119782.5,abuja,mike,2020-10-25
9551,keyboard,electronics,1530.26,17,26014.42,osun,sola,2020-12-22
9552,monitor,electronics,1101.64,10,11016.4,kwara,Ini,2020-12-04
9553,chair,furniture,1933.96,50,96698.0,abuja,Ini,2021-02-18
9554,printer,electronics,1365.68,21,28679.28,kano,tolu,2020-09-21
9555,printer,electronics,1684.49,67,112860.83,katsina,mike,2021-03-19
9556,laptop,electronics,1009.31,72,72670.32,katsina,abdul,2020-10-16
9557,laptop,electronics,1037.28,94,97504.32,imo,abdul,2021-04-28
9558,desktops,electronics,451.92,82,37057.44,abuja,josh,2020-07-05
9559,desk,furniture,841.0,52,43732.0,kogi,tolu,2021-06-14
9560,laptop,electronics,1093.35,3,3280.05,enugu,emeka,2021-01-13
9561,desk,furniture,685.09,7,4795.63,lagos,martins,2020-07-09
9562,keyboard,electronics,979.39,47,46031.33,lagos,emeka,2020-07-25
9563,desk,furniture,1324.85,3,3974.55,ibadan,Ini,2020-01-06
9564,flashdrives,electronics,327.67,5,1638.35,katsina,abdul,2021-04-08
9565,mouse,electronics,544.43,88,47909.84,abuja,abdul,2021-04-28
9566,scanner,electronics,910.16,23,20933.68,enugu,emeka,2020-08-21
9567,flashdrives,electronics,367.34,19,6979.46,ogun,mike,2021-05-30
9568,flashdrives,electronics,571.08,74,42259.92,akure,taiwo,2020-06-10
9569,chair,furniture,1649.99,95,156749.05,kano,emeka,2020-09-09
9570,monitor,electronics,1880.98,94,176812.12,osun,dayo,2020-08-07
9571,keyboard,electronics,1508.97,4,6035.88,ogun,Ini,2020-06-27
9572,desktops,electronics,189.24,79,14949.96,akure,emeka,2021-05-29
9573,mouse,electronics,1268.64,86,109103.04,kogi,moji,2021-05-28
9574,laptop,electronics,1187.26,65,77171.9,imo,martins,2020-03-04
9575,scanner,electronics,58.44,27,1577.88,katsina,mike,2020-06-30
9576,chair,furniture,310.25,35,10858.75,imo,taiwo,2020-12-03
9577,keyboard,electronics,387.64,47,18219.08,osun,taiwo,2020-05-19
9578,desk,furniture,987.28,18,17771.04,abia,Ini,2020-07-02
9579,keyboard,electronics,1793.39,14,25107.46,imo,josh,2020-12-22
9580,monitor,electronics,309.09,7,2163.63,imo,moji,2021-02-05
9581,flashdrives,electronics,1732.88,25,43322.0,imo,sola,2021-03-29
9582,scanner,electronics,735.75,11,8093.25,abia,tolu,2021-02-08
9583,printer,electronics,1633.33,100,163333.0,imo,moji,2021-03-08
9584,laptop,electronics,1102.36,23,25354.28,imo,taiwo,2020-11-28
9585,mouse,electronics,464.98,75,34873.5,kogi,mike,2020-01-05
9586,printer,electronics,1659.32,42,69691.44,kano,tolu,2021-02-19
9587,desk,furniture,1492.86,62,92557.32,abuja,tolu,2020-04-05
9588,desktops,electronics,189.72,18,3414.96,ogun,martins,2021-04-09
9589,keyboard,electronics,402.75,74,29803.5,abuja,emeka,2020-03-30
9590,desktops,electronics,540.92,52,28127.84,akure,josh,2020-02-25
9591,desk,furniture,1875.78,56,105043.68,osun,tolu,2021-06-04
9592,printer,electronics,1993.85,9,17944.65,kogi,Ini,2021-03-06
9593,printer,electronics,723.29,80,57863.2,imo,emeka,2020-03-18
9594,flashdrives,electronics,770.6,53,40841.8,osun,Ini,2021-02-19
9595,laptop,electronics,1486.47,18,26756.46,katsina,mike,2020-10-08
9596,scanner,electronics,1152.76,74,85304.24,imo,josh,2020-04-16
9597,scanner,electronics,484.3,86,41649.8,lagos,taiwo,2020-07-20
9598,scanner,electronics,1948.19,38,74031.22,osun,moji,2021-03-04
9599,keyboard,electronics,871.05,16,13936.8,enugu,Ini,2021-04-25
9600,scanner,electronics,1422.24,35,49778.4,kano,sola,2020-05-28
9601,mouse,electronics,1718.53,88,151230.64,ibadan,sola,2020-04-20
9602,flashdrives,electronics,1685.98,25,42149.5,kwara,moji,2020-01-29
9603,monitor,electronics,529.6,27,14299.2,abuja,Ini,2020-11-30
9604,mouse,electronics,81.88,23,1883.24,osun,josh,2020-08-30
9605,desktops,electronics,667.32,65,43375.8,abia,abdul,2020-08-28
9606,keyboard,electronics,958.43,4,3833.72,ibadan,josh,2020-07-31
9607,printer,electronics,193.4,28,5415.2,akure,tolu,2021-03-12
9608,monitor,electronics,1969.71,91,179243.61,ibadan,abdul,2020-03-08
9609,chair,furniture,1926.81,78,150291.18,ogun,tolu,2020-03-07
9610,desk,furniture,475.86,26,12372.36,imo,josh,2020-09-24
9611,chair,furniture,1263.87,90,113748.3,akure,taiwo,2020-08-04
9612,monitor,electronics,1874.84,82,153736.88,kwara,sola,2020-11-27
9613,scanner,electronics,233.35,53,12367.55,kwara,emeka,2020-05-24
9614,keyboard,electronics,84.56,70,5919.2,kano,emeka,2020-09-17
9615,printer,electronics,1549.54,89,137909.06,lagos,sola,2021-06-08
9616,scanner,electronics,706.21,16,11299.36,ogun,dayo,2021-03-03
9617,flashdrives,electronics,1909.22,13,24819.86,imo,emeka,2021-06-10
9618,mouse,electronics,865.9,23,19915.7,akure,taiwo,2020-07-19
9619,mouse,electronics,1842.16,42,77370.72,katsina,mike,2020-12-12
9620,mouse,electronics,416.61,67,27912.87,kogi,moji,2020-08-16
9621,desk,furniture,942.57,38,35817.66,kogi,moji,2021-03-17
9622,mouse,electronics,870.11,2,1740.22,akure,taiwo,2020-09-03
9623,monitor,electronics,916.3,3,2748.9,enugu,tolu,2020-08-30
9624,desk,furniture,949.85,17,16147.45,enugu,taiwo,2021-05-10
9625,laptop,electronics,846.86,97,82145.42,akure,abdul,2020-03-20
9626,keyboard,electronics,233.87,68,15903.16,imo,emeka,2020-11-05
9627,laptop,electronics,1332.83,50,66641.5,osun,Ini,2020-05-23
9628,flashdrives,electronics,863.84,19,16412.96,lagos,taiwo,2020-04-01
9629,desktops,electronics,871.47,79,68846.13,katsina,moji,2020-04-18
9630,desk,furniture,1779.96,71,126377.16,ogun,Ini,2020-11-17
9631,desktops,electronics,782.55,34,26606.7,enugu,taiwo,2020-01-15
9632,mouse,electronics,1222.91,19,23235.29,ogun,josh,2020-12-18
9633,monitor,electronics,1756.5,58,101877.0,akure,josh,2020-01-02
9634,scanner,electronics,794.36,14,11121.04,kogi,moji,2020-10-29
9635,monitor,electronics,1092.17,94,102663.98,ibadan,martins,2020-08-20
9636,flashdrives,electronics,1748.63,17,29726.71,kogi,Ini,2020-12-10
9637,scanner,electronics,704.47,54,38041.38,osun,tolu,2020-02-28
9638,flashdrives,electronics,602.66,34,20490.44,kano,josh,2020-03-04
9639,flashdrives,electronics,718.22,26,18673.72,kogi,tolu,2020-02-27
9640,monitor,electronics,1028.72,83,85383.76,akure,sola,2021-06-03
9641,desktops,electronics,388.37,15,5825.55,katsina,sola,2021-03-13
9642,chair,furniture,1033.25,40,41330.0,katsina,josh,2021-01-08
9643,flashdrives,electronics,1166.32,78,90972.96,enugu,Ini,2021-02-23
9644,monitor,electronics,1034.25,66,68260.5,kogi,tolu,2020-05-31
9645,keyboard,electronics,681.53,83,56566.99,abia,taiwo,2020-08-20
9646,chair,furniture,1390.78,26,36160.28,kogi,mike,2020-06-29
9647,desktops,electronics,1004.7,10,10047.0,enugu,moji,2021-03-23
9648,printer,electronics,1725.2,82,141466.4,akure,emeka,2020-12-06
9649,printer,electronics,1954.92,78,152483.76,ibadan,josh,2020-02-18
9650,desk,furniture,1337.65,67,89622.55,osun,josh,2021-05-29
9651,keyboard,electronics,1221.69,69,84296.61,kogi,abdul,2020-03-03
9652,flashdrives,electronics,1156.0,60,69360.0,abia,sola,2021-06-17
9653,printer,electronics,664.04,81,53787.24,ibadan,moji,2021-04-02
9654,flashdrives,electronics,424.66,99,42041.34,osun,taiwo,2020-08-12
9655,mouse,electronics,638.22,73,46590.06,abia,moji,2020-09-26
9656,keyboard,electronics,1823.13,46,83863.98,ibadan,taiwo,2020-02-03
9657,flashdrives,electronics,814.73,50,40736.5,kano,taiwo,2020-05-26
9658,desktops,electronics,1908.86,47,89716.42,enugu,taiwo,2020-02-03
9659,scanner,electronics,64.73,100,6473.0,akure,sola,2021-05-11
9660,chair,furniture,1983.79,3,5951.37,katsina,josh,2020-09-14
9661,chair,furniture,873.39,30,26201.7,lagos,Ini,2021-03-28
9662,flashdrives,electronics,1627.62,63,102540.06,akure,moji,2020-01-01
9663,flashdrives,electronics,75.75,91,6893.25,ogun,josh,2020-04-10
9664,flashdrives,electronics,1704.64,3,5113.92,enugu,sola,2020-08-21
9665,scanner,electronics,1902.21,53,100817.13,abuja,josh,2020-02-12
9666,scanner,electronics,254.32,95,24160.4,abuja,Ini,2020-02-21
9667,desktops,electronics,322.82,20,6456.4,kano,martins,2020-05-26
9668,printer,electronics,194.32,90,17488.8,katsina,emeka,2020-01-30
9669,laptop,electronics,375.09,89,33383.01,akure,martins,2020-03-06
9670,mouse,electronics,621.62,33,20513.46,ogun,Ini,2020-06-29
9671,flashdrives,electronics,1152.94,91,104917.54,akure,josh,2020-11-25
9672,keyboard,electronics,496.46,65,32269.9,katsina,emeka,2020-01-29
9673,scanner,electronics,1234.13,64,78984.32,akure,Ini,2020-10-26
9674,printer,electronics,765.95,70,53616.5,ibadan,taiwo,2020-05-19
9675,desk,furniture,479.14,27,12936.78,katsina,tolu,2020-11-10
9676,desk,furniture,698.45,74,51685.3,lagos,abdul,2020-10-24
9677,desktops,electronics,415.66,7,2909.62,kwara,sola,2020-10-28
9678,mouse,electronics,432.74,16,6923.84,kogi,martins,2021-02-19
9679,scanner,electronics,1329.73,95,126324.35,ibadan,emeka,2020-02-12
9680,monitor,electronics,744.96,96,71516.16,osun,abdul,2020-10-24
9681,mouse,electronics,1931.08,88,169935.04,enugu,tolu,2020-07-18
9682,monitor,electronics,583.72,88,51367.36,ogun,abdul,2020-02-13
9683,chair,furniture,239.84,93,22305.12,kano,moji,2020-06-12
9684,mouse,electronics,1605.66,86,138086.76,lagos,mike,2020-07-11
9685,flashdrives,electronics,346.63,29,10052.27,abuja,dayo,2021-01-20
9686,chair,furniture,1982.98,86,170536.28,kwara,moji,2020-03-27
9687,laptop,electronics,1097.17,8,8777.36,kano,abdul,2020-09-03
9688,desk,furniture,1994.51,88,175516.88,enugu,martins,2020-05-23
9689,printer,electronics,910.47,41,37329.27,katsina,josh,2021-03-09
9690,scanner,electronics,555.46,9,4999.14,abuja,emeka,2020-07-12
9691,printer,electronics,598.12,100,59812.0,enugu,sola,2021-06-19
9692,desk,furniture,513.05,73,37452.65,abia,mike,2020-06-15
9693,scanner,electronics,1618.36,85,137560.6,kano,abdul,2021-05-29
9694,scanner,electronics,1936.33,19,36790.27,lagos,abdul,2020-03-13
9695,chair,furniture,1274.68,80,101974.4,abuja,taiwo,2020-11-24
9696,laptop,electronics,1222.27,77,94114.79,ogun,martins,2020-07-14
9697,flashdrives,electronics,1356.27,99,134270.73,enugu,sola,2021-06-17
9698,desk,furniture,1239.11,79,97889.69,akure,abdul,2020-04-01
9699,laptop,electronics,778.23,92,71597.16,enugu,abdul,2020-08-13
9700,monitor,electronics,1840.96,24,44183.04,enugu,mike,2020-11-23
9701,monitor,electronics,1897.11,38,72090.18,kwara,tolu,2020-02-23
9702,keyboard,electronics,1390.66,74,102908.84,kogi,mike,2021-06-17
9703,flashdrives,electronics,1158.16,22,25479.52,katsina,dayo,2021-01-05
9704,desktops,electronics,703.28,43,30241.04,abia,sola,2020-01-28
9705,mouse,electronics,23.2,15,348.0,ogun,tolu,2021-01-07
9706,scanner,electronics,619.42,40,24776.8,kwara,taiwo,2021-05-18
9707,flashdrives,electronics,299.58,58,17375.64,ibadan,martins,2021-01-10
9708,mouse,electronics,1601.11,89,142498.79,kwara,Ini,2020-01-15
9709,monitor,electronics,1363.47,22,29996.34,abuja,tolu,2021-04-07
9710,chair,furniture,669.85,79,52918.15,lagos,sola,2020-12-18
9711,scanner,electronics,1501.46,81,121618.26,osun,dayo,2020-09-03
9712,flashdrives,electronics,167.39,27,4519.53,kano,martins,2020-10-07
9713,mouse,electronics,1451.75,30,43552.5,ogun,Ini,2020-05-14
9714,desktops,electronics,1528.64,8,12229.12,kano,emeka,2021-04-09
9715,keyboard,electronics,1198.97,58,69540.26,akure,josh,2020-04-27
9716,keyboard,electronics,874.01,60,52440.6,lagos,tolu,2020-02-27
9717,chair,furniture,1530.01,55,84150.55,imo,tolu,2020-08-04
9718,monitor,electronics,1409.86,24,33836.64,kano,josh,2020-04-15
9719,chair,furniture,786.51,56,44044.56,kwara,emeka,2020-06-27
9720,mouse,electronics,1814.08,63,114287.04,ibadan,mike,2020-06-13
9721,mouse,electronics,1709.5,28,47866.0,ibadan,josh,2020-12-21
9722,desktops,electronics,370.63,80,29650.4,akure,mike,2020-12-24
9723,desk,furniture,336.05,75,25203.75,kano,emeka,2020-11-29
9724,flashdrives,electronics,85.1,94,7999.4,osun,taiwo,2020-10-31
9725,mouse,electronics,1506.4,64,96409.6,akure,abdul,2021-03-25
9726,desk,furniture,1695.02,97,164416.94,enugu,dayo,2020-06-28
9727,printer,electronics,1923.41,38,73089.58,imo,dayo,2020-12-28
9728,desktops,electronics,868.25,40,34730.0,enugu,mike,2021-03-03
9729,flashdrives,electronics,729.04,85,61968.4,akure,tolu,2021-05-23
9730,chair,furniture,1451.37,42,60957.54,abuja,dayo,2021-02-20
9731,printer,electronics,1883.3,7,13183.1,kogi,Ini,2021-02-27
9732,scanner,electronics,1731.33,9,15581.97,abuja,josh,2020-01-06
9733,printer,electronics,1240.17,43,53327.31,kogi,dayo,2021-04-12
9734,laptop,electronics,634.61,22,13961.42,kogi,taiwo,2021-01-21
9735,flashdrives,electronics,1009.05,46,46416.3,lagos,dayo,2020-02-18
9736,scanner,electronics,1383.51,53,73326.03,lagos,tolu,2021-02-03
9737,monitor,electronics,1024.29,24,24582.96,kwara,josh,2020-02-02
9738,scanner,electronics,222.38,19,4225.22,imo,Ini,2020-12-04
9739,laptop,electronics,1720.67,81,139374.27,ogun,sola,2020-01-29
9740,flashdrives,electronics,332.65,43,14303.95,kano,moji,2020-07-07
9741,monitor,electronics,1130.93,23,26011.39,osun,tolu,2020-10-15
9742,scanner,electronics,1405.88,49,68888.12,kano,Ini,2021-01-22
9743,monitor,electronics,661.88,93,61554.84,abuja,taiwo,2021-06-07
9744,chair,furniture,541.84,61,33052.24,ogun,moji,2020-11-18
9745,mouse,electronics,280.48,77,21596.96,akure,taiwo,2021-01-13
9746,desktops,electronics,1204.62,94,113234.28,kwara,josh,2020-08-16
9747,monitor,electronics,676.36,85,57490.6,ibadan,emeka,2020-03-09
9748,desk,furniture,1188.97,29,34480.13,akure,tolu,2020-12-13
9749,keyboard,electronics,284.27,92,26152.84,enugu,tolu,2020-11-25
9750,mouse,electronics,276.9,1,276.9,osun,martins,2020-03-08
9751,desktops,electronics,197.83,86,17013.38,ibadan,emeka,2021-04-13
9752,monitor,electronics,1536.97,16,24591.52,abuja,taiwo,2021-03-09
9753,monitor,electronics,435.7,4,1742.8,osun,dayo,2020-04-08
9754,laptop,electronics,642.73,1,642.73,ibadan,tolu,2020-11-25
9755,flashdrives,electronics,1508.8,82,123721.6,abuja,emeka,2021-04-08
9756,scanner,electronics,141.96,91,12918.36,akure,emeka,2021-05-17
9757,printer,electronics,1557.55,27,42053.85,ibadan,tolu,2020-10-24
9758,printer,electronics,1208.85,35,42309.75,kano,moji,2020-01-17
9759,scanner,electronics,342.56,87,29802.72,kwara,taiwo,2020-04-01
9760,desktops,electronics,390.19,81,31605.39,kogi,josh,2020-10-04
9761,flashdrives,electronics,91.36,60,5481.6,kwara,Ini,2020-06-27
9762,printer,electronics,671.32,91,61090.12,akure,taiwo,2020-05-02
9763,printer,electronics,1985.43,16,31766.88,osun,martins,2020-07-28
9764,chair,furniture,751.95,58,43613.1,imo,Ini,2020-01-03
9765,chair,furniture,1660.23,75,124517.25,kogi,tolu,2020-01-31
9766,desk,furniture,203.5,86,17501.0,kogi,emeka,2020-10-09
9767,mouse,electronics,438.28,47,20599.16,abuja,sola,2020-09-25
9768,desktops,electronics,425.86,77,32791.22,akure,josh,2021-01-08
9769,desktops,electronics,1939.41,63,122182.83,enugu,martins,2021-02-23
9770,flashdrives,electronics,1246.38,17,21188.46,kano,mike,2020-04-23
9771,printer,electronics,789.55,87,68690.85,ogun,taiwo,2020-01-30
9772,desk,furniture,1775.11,68,120707.48,ogun,sola,2021-05-24
9773,desk,furniture,266.35,2,532.7,kano,abdul,2020-12-28
9774,mouse,electronics,1322.88,4,5291.52,osun,taiwo,2021-01-09
9775,flashdrives,electronics,1422.77,50,71138.5,osun,moji,2020-12-08
9776,chair,furniture,426.88,34,14513.92,osun,taiwo,2020-07-18
9777,desktops,electronics,705.26,82,57831.32,ogun,mike,2020-07-24
9778,monitor,electronics,963.78,73,70355.94,kwara,taiwo,2020-03-28
9779,monitor,electronics,1470.12,95,139661.4,enugu,dayo,2021-05-24
9780,laptop,electronics,243.74,67,16330.58,abuja,tolu,2020-03-30
9781,mouse,electronics,1447.3,30,43419.0,imo,Ini,2020-11-29
9782,keyboard,electronics,432.76,13,5625.88,ibadan,abdul,2020-06-19
9783,scanner,electronics,181.44,57,10342.08,lagos,tolu,2021-04-21
9784,mouse,electronics,306.21,65,19903.65,enugu,emeka,2021-03-02
9785,monitor,electronics,506.46,66,33426.36,enugu,emeka,2020-02-11
9786,desktops,electronics,1454.82,25,36370.5,ogun,sola,2020-06-25
9787,laptop,electronics,1664.46,19,31624.74,kano,martins,2020-11-08
9788,scanner,electronics,1047.74,85,89057.9,abia,abdul,2020-11-21
9789,mouse,electronics,1215.37,66,80214.42,imo,dayo,2020-04-10
9790,desk,furniture,1763.8,76,134048.8,akure,Ini,2020-04-24
9791,laptop,electronics,1606.41,19,30521.79,ogun,josh,2020-01-18
9792,laptop,electronics,1412.54,81,114415.74,kano,dayo,2020-10-28
9793,keyboard,electronics,283.56,98,27788.88,abuja,Ini,2020-02-14
9794,mouse,electronics,1087.57,100,108757.0,ogun,abdul,2020-04-07
9795,monitor,electronics,998.96,87,86909.52,ibadan,abdul,2020-09-20
9796,laptop,electronics,463.85,8,3710.8,akure,tolu,2021-04-29
9797,flashdrives,electronics,357.72,91,32552.52,imo,tolu,2020-04-03
9798,chair,furniture,462.0,32,14784.0,akure,dayo,2020-04-27
9799,monitor,electronics,828.84,21,17405.64,imo,sola,2020-02-18
9800,mouse,electronics,1263.78,43,54342.54,kano,emeka,2021-05-13
9801,flashdrives,electronics,848.54,48,40729.92,ibadan,mike,2020-06-28
9802,mouse,electronics,202.98,58,11772.84,lagos,tolu,2020-02-24
9803,desk,furniture,344.97,66,22768.02,kano,moji,2020-05-15
9804,scanner,electronics,39.52,100,3952.0,ogun,mike,2021-03-19
9805,scanner,electronics,1443.69,82,118382.58,akure,tolu,2020-08-06
9806,desk,furniture,321.68,74,23804.32,kano,moji,2020-09-08
9807,printer,electronics,106.78,13,1388.14,abuja,abdul,2020-10-04
9808,scanner,electronics,1849.55,49,90627.95,kwara,emeka,2020-11-30
9809,laptop,electronics,1188.0,73,86724.0,abuja,dayo,2020-10-19
9810,desktops,electronics,1882.19,76,143046.44,ibadan,josh,2020-10-05
9811,flashdrives,electronics,570.45,77,43924.65,enugu,sola,2020-12-26
9812,scanner,electronics,943.07,19,17918.33,ogun,martins,2020-10-22
9813,chair,furniture,516.4,40,20656.0,kano,tolu,2020-04-20
9814,chair,furniture,1676.53,53,88856.09,katsina,emeka,2020-09-20
9815,flashdrives,electronics,23.75,34,807.5,kogi,josh,2020-04-13
9816,scanner,electronics,616.09,40,24643.6,kogi,josh,2021-05-11
9817,scanner,electronics,1043.29,38,39645.02,abia,josh,2020-06-12
9818,printer,electronics,286.57,66,18913.62,imo,dayo,2021-02-07
9819,scanner,electronics,770.24,3,2310.72,kwara,emeka,2020-08-22
9820,laptop,electronics,515.0,11,5665.0,enugu,dayo,2020-10-27
9821,keyboard,electronics,171.35,77,13193.95,abuja,abdul,2021-03-23
9822,flashdrives,electronics,1242.56,64,79523.84,akure,taiwo,2021-06-23
9823,monitor,electronics,1238.19,63,78005.97,enugu,Ini,2020-05-15
9824,chair,furniture,1480.87,47,69600.89,ibadan,sola,2020-06-16
9825,scanner,electronics,248.86,41,10203.26,imo,martins,2020-07-27
9826,desktops,electronics,1361.25,36,49005.0,imo,moji,2020-07-09
9827,scanner,electronics,960.12,24,23042.88,katsina,Ini,2020-05-29
9828,laptop,electronics,900.2,9,8101.8,osun,Ini,2020-12-19
9829,monitor,electronics,1649.74,7,11548.18,ogun,martins,2021-03-15
9830,monitor,electronics,339.17,77,26116.09,osun,dayo,2021-05-16
9831,chair,furniture,435.28,48,20893.44,kano,moji,2020-01-01
9832,desktops,electronics,696.11,68,47335.48,katsina,tolu,2021-04-16
9833,printer,electronics,725.63,70,50794.1,imo,sola,2021-03-01
9834,monitor,electronics,335.05,12,4020.6,kwara,emeka,2020-10-14
9835,printer,electronics,1760.46,94,165483.24,lagos,dayo,2021-06-19
9836,printer,electronics,1535.14,73,112065.22,abia,emeka,2021-06-12
9837,mouse,electronics,1064.98,13,13844.74,imo,emeka,2020-10-03
9838,keyboard,electronics,1131.5,64,72416.0,abia,dayo,2020-08-28
9839,scanner,electronics,287.11,83,23830.13,lagos,mike,2020-09-18
9840,monitor,electronics,416.94,76,31687.44,abia,tolu,2020-11-22
9841,printer,electronics,392.39,40,15695.6,katsina,abdul,2020-10-17
9842,flashdrives,electronics,1360.84,92,125197.28,abuja,emeka,2021-03-31
9843,keyboard,electronics,1258.38,35,44043.3,lagos,emeka,2020-08-08
9844,keyboard,electronics,596.26,36,21465.36,imo,abdul,2020-02-02
9845,laptop,electronics,1233.56,11,13569.16,ogun,Ini,2020-08-18
9846,mouse,electronics,764.84,29,22180.36,kano,taiwo,2020-08-20
9847,laptop,electronics,1322.17,84,111062.28,imo,tolu,2021-05-24
9848,keyboard,electronics,625.45,62,38777.9,kwara,abdul,2020-01-30
9849,chair,furniture,255.29,18,4595.22,abuja,sola,2021-01-09
9850,chair,furniture,1246.46,70,87252.2,osun,mike,2020-03-20
9851,laptop,electronics,310.05,15,4650.75,osun,dayo,2020-07-02
9852,chair,furniture,1535.17,36,55266.12,ibadan,tolu,2021-01-03
9853,keyboard,electronics,1999.16,57,113952.12,kogi,emeka,2020-03-19
9854,printer,electronics,303.82,70,21267.4,katsina,moji,2020-04-02
9855,flashdrives,electronics,937.75,65,60953.75,osun,josh,2020-04-19
9856,desk,furniture,823.27,8,6586.16,abuja,dayo,2020-02-19
9857,laptop,electronics,757.42,38,28781.96,lagos,sola,2021-04-22
9858,chair,furniture,791.91,15,11878.65,ogun,sola,2020-08-15
9859,mouse,electronics,790.15,44,34766.6,enugu,josh,2020-04-04
9860,laptop,electronics,1966.17,3,5898.51,katsina,mike,2021-02-24
9861,desktops,electronics,710.65,40,28426.0,katsina,emeka,2021-05-01
9862,monitor,electronics,1106.41,58,64171.78,ogun,moji,2020-10-02
9863,printer,electronics,1015.78,50,50789.0,katsina,martins,2020-06-29
9864,mouse,electronics,364.59,10,3645.9,kwara,sola,2020-07-15
9865,desk,furniture,403.52,61,24614.72,kano,josh,2020-04-25
9866,mouse,electronics,295.91,85,25152.35,kwara,martins,2020-07-29
9867,mouse,electronics,124.38,49,6094.62,kano,abdul,2021-03-27
9868,laptop,electronics,738.6,50,36930.0,imo,Ini,2020-10-28
9869,desktops,electronics,1450.95,23,33371.85,ogun,josh,2020-06-12
9870,keyboard,electronics,1160.0,42,48720.0,ibadan,mike,2020-12-10
9871,scanner,electronics,998.74,29,28963.46,imo,moji,2021-03-18
9872,flashdrives,electronics,202.64,48,9726.72,akure,emeka,2020-02-24
9873,monitor,electronics,782.06,29,22679.74,akure,taiwo,2020-06-11
9874,monitor,electronics,893.12,33,29472.96,kogi,mike,2021-04-07
9875,desk,furniture,1495.8,17,25428.6,kano,mike,2021-05-08
9876,desk,furniture,166.27,39,6484.53,ogun,Ini,2020-01-13
9877,scanner,electronics,1613.4,97,156499.8,akure,sola,2020-05-26
9878,scanner,electronics,1453.64,22,31980.08,abia,martins,2021-01-03
9879,flashdrives,electronics,1567.83,34,53306.22,kano,josh,2020-10-22
9880,flashdrives,electronics,910.79,7,6375.53,kogi,taiwo,2020-08-22
9881,chair,furniture,184.55,84,15502.2,kogi,martins,2020-07-12
9882,scanner,electronics,1703.94,66,112460.04,osun,Ini,2020-08-15
9883,mouse,electronics,234.88,6,1409.28,abuja,josh,2021-01-24
9884,printer,electronics,484.41,73,35361.93,osun,josh,2020-07-08
9885,mouse,electronics,209.82,95,19932.9,ogun,tolu,2020-11-21
9886,scanner,electronics,1627.31,33,53701.23,lagos,moji,2020-12-21
9887,laptop,electronics,1359.65,34,46228.1,katsina,tolu,2021-04-21
9888,flashdrives,electronics,1951.94,8,15615.52,abia,dayo,2021-03-01
9889,desktops,electronics,72.97,66,4816.02,katsina,josh,2021-06-23
9890,printer,electronics,1786.98,65,116153.7,ogun,abdul,2021-03-13
9891,scanner,electronics,654.96,82,53706.72,kwara,Ini,2021-01-17
9892,flashdrives,electronics,908.92,73,66351.16,imo,Ini,2020-09-23
9893,keyboard,electronics,711.89,38,27051.82,kano,tolu,2020-02-29
9894,scanner,electronics,441.73,68,30037.64,kano,Ini,2020-11-30
9895,desk,furniture,1039.96,75,77997.0,enugu,tolu,2021-06-24
9896,printer,electronics,142.23,89,12658.47,enugu,dayo,2021-03-17
9897,chair,furniture,1854.29,98,181720.42,akure,abdul,2020-02-28
9898,desktops,electronics,231.84,68,15765.12,lagos,dayo,2021-02-17
9899,chair,furniture,1054.43,100,105443.0,osun,taiwo,2021-01-17
9900,mouse,electronics,232.89,78,18165.42,katsina,tolu,2020-06-11
9901,scanner,electronics,837.2,10,8372.0,ogun,tolu,2020-06-07
9902,chair,furniture,685.68,28,19199.04,enugu,moji,2020-01-21
9903,laptop,electronics,1453.24,94,136604.56,imo,emeka,2021-01-11
9904,flashdrives,electronics,1288.45,25,32211.25,akure,moji,2021-05-12
9905,printer,electronics,915.74,47,43039.78,katsina,sola,2020-02-12
9906,flashdrives,electronics,1442.29,49,70672.21,abuja,abdul,2020-01-21
9907,mouse,electronics,591.25,53,31336.25,ibadan,moji,2021-05-08
9908,keyboard,electronics,1425.89,85,121200.65,ibadan,moji,2020-02-28
9909,monitor,electronics,866.19,42,36379.98,kwara,martins,2021-01-31
9910,flashdrives,electronics,1565.69,29,45405.01,kano,dayo,2020-09-29
9911,laptop,electronics,160.27,12,1923.24,enugu,moji,2020-07-13
9912,laptop,electronics,1505.83,91,137030.53,enugu,martins,2021-04-15
9913,mouse,electronics,1067.47,53,56575.91,enugu,emeka,2020-02-28
9914,desktops,electronics,941.22,90,84709.8,katsina,Ini,2020-08-09
9915,mouse,electronics,1949.91,74,144293.34,imo,sola,2021-04-03
9916,printer,electronics,1227.04,63,77303.52,ibadan,mike,2020-02-18
9917,mouse,electronics,105.41,52,5481.32,ogun,emeka,2021-03-29
9918,chair,furniture,598.27,1,598.27,osun,Ini,2020-02-26
9919,mouse,electronics,1037.0,17,17629.0,akure,tolu,2021-02-11
9920,desk,furniture,1492.46,10,14924.6,kwara,martins,2021-01-21
9921,mouse,electronics,26.4,44,1161.6,imo,abdul,2021-04-09
9922,laptop,electronics,32.82,8,262.56,lagos,moji,2020-01-07
9923,keyboard,electronics,1505.58,17,25594.86,abia,moji,2020-06-22
9924,desk,furniture,1128.01,28,31584.28,osun,martins,2020-11-22
9925,mouse,electronics,1692.84,5,8464.2,abuja,moji,2020-03-10
9926,desk,furniture,1141.26,35,39944.1,abia,emeka,2020-04-24
9927,laptop,electronics,1570.14,60,94208.4,kogi,emeka,2021-06-14
9928,chair,furniture,1689.31,6,10135.86,abuja,taiwo,2020-11-08
9929,mouse,electronics,181.49,100,18149.0,kogi,abdul,2020-07-02
9930,desktops,electronics,316.64,20,6332.8,akure,moji,2021-01-25
9931,scanner,electronics,1550.56,76,117842.56,akure,dayo,2021-01-30
9932,mouse,electronics,876.62,19,16655.78,abuja,moji,2021-05-11
9933,laptop,electronics,1737.91,20,34758.2,akure,taiwo,2020-11-04
9934,flashdrives,electronics,793.14,42,33311.88,lagos,sola,2020-10-09
9935,keyboard,electronics,1804.08,11,19844.88,kwara,tolu,2020-05-25
9936,printer,electronics,1670.98,34,56813.32,ogun,dayo,2020-02-21
9937,printer,electronics,1396.73,45,62852.85,osun,josh,2020-01-03
9938,keyboard,electronics,602.91,33,19896.03,ogun,sola,2021-03-04
9939,monitor,electronics,505.31,48,24254.88,kano,abdul,2020-04-28
9940,chair,furniture,1266.13,37,46846.81,kwara,Ini,2021-05-24
9941,mouse,electronics,1690.85,25,42271.25,kano,martins,2020-06-07
9942,laptop,electronics,813.23,89,72377.47,katsina,emeka,2020-05-13
9943,laptop,electronics,485.51,100,48551.0,kwara,mike,2021-04-05
9944,desk,furniture,1666.77,60,100006.2,ibadan,taiwo,2021-06-14
9945,keyboard,electronics,372.22,96,35733.12,enugu,dayo,2020-01-12
9946,chair,furniture,1825.8,79,144238.2,lagos,martins,2020-11-02
9947,flashdrives,electronics,876.15,5,4380.75,abia,emeka,2021-01-30
9948,desk,furniture,794.99,58,46109.42,imo,mike,2020-06-27
9949,flashdrives,electronics,769.12,81,62298.72,kano,emeka,2021-03-20
9950,scanner,electronics,1691.8,77,130268.6,abuja,tolu,2020-02-12
9951,scanner,electronics,1588.18,64,101643.52,abuja,mike,2020-10-31
9952,flashdrives,electronics,668.74,33,22068.42,akure,tolu,2021-05-29
9953,scanner,electronics,1471.16,53,77971.48,akure,Ini,2021-04-17
9954,mouse,electronics,505.33,82,41437.06,enugu,moji,2020-12-18
9955,monitor,electronics,524.24,60,31454.4,kwara,emeka,2020-08-04
9956,keyboard,electronics,1051.83,60,63109.8,imo,abdul,2020-05-29
9957,keyboard,electronics,1615.53,99,159937.47,kogi,mike,2020-11-24
9958,scanner,electronics,1517.25,69,104690.25,ogun,taiwo,2020-05-11
9959,chair,furniture,1725.26,99,170800.74,osun,taiwo,2021-03-14
9960,scanner,electronics,698.67,36,25152.12,ogun,martins,2020-07-12
9961,laptop,electronics,1445.76,20,28915.2,ogun,moji,2020-11-03
9962,monitor,electronics,781.8,42,32835.6,imo,emeka,2020-10-27
9963,printer,electronics,1800.26,26,46806.76,kwara,dayo,2020-06-25
9964,monitor,electronics,290.17,32,9285.44,ibadan,josh,2020-09-07
9965,monitor,electronics,711.24,54,38406.96,kwara,sola,2020-05-15
9966,desktops,electronics,1205.37,94,113304.78,imo,mike,2021-01-08
9967,chair,furniture,1348.27,39,52582.53,osun,tolu,2020-06-01
9968,laptop,electronics,1946.92,29,56460.68,abia,emeka,2020-01-01
9969,mouse,electronics,419.63,82,34409.66,enugu,tolu,2021-02-10
9970,mouse,electronics,1588.83,10,15888.3,akure,tolu,2021-04-12
9971,chair,furniture,1942.21,13,25248.73,ibadan,moji,2020-04-27
9972,mouse,electronics,725.15,99,71789.85,kwara,moji,2021-01-24
9973,keyboard,electronics,439.49,46,20216.54,katsina,emeka,2020-10-06
9974,keyboard,electronics,1106.65,15,16599.75,akure,dayo,2021-04-18
9975,desk,furniture,689.0,74,50986.0,imo,moji,2021-01-20
9976,monitor,electronics,1798.75,58,104327.5,ogun,josh,2020-01-24
9977,printer,electronics,1776.23,96,170518.08,osun,sola,2020-05-03
9978,printer,electronics,147.42,84,12383.28,osun,dayo,2020-04-04
9979,laptop,electronics,80.25,75,6018.75,ibadan,taiwo,2020-08-14
9980,laptop,electronics,90.27,59,5325.93,enugu,abdul,2020-05-21
9981,laptop,electronics,1361.12,43,58528.16,kogi,emeka,2020-10-23
9982,keyboard,electronics,904.01,53,47912.53,ogun,abdul,2020-01-09
9983,desktops,electronics,362.8,26,9432.8,kano,mike,2021-03-31
9984,desk,furniture,1478.45,89,131582.05,ogun,moji,2020-03-30
9985,scanner,electronics,508.04,96,48771.84,lagos,Ini,2020-12-13
9986,monitor,electronics,1721.9,65,111923.5,enugu,moji,2020-10-09
9987,mouse,electronics,546.95,24,13126.8,kogi,taiwo,2020-05-17
9988,flashdrives,electronics,457.07,49,22396.43,ogun,taiwo,2021-01-25
9989,mouse,electronics,576.95,26,15000.7,kwara,abdul,2021-06-02
9990,mouse,electronics,837.8,39,32674.2,abia,sola,2020-11-16
9991,scanner,electronics,1746.7,46,80348.2,kwara,taiwo,2021-04-30
9992,scanner,electronics,507.33,75,38049.75,ibadan,Ini,2020-12-10
9993,keyboard,electronics,1597.0,76,121372.0,enugu,sola,2020-11-08
9994,printer,electronics,1637.35,59,96603.65,osun,dayo,2020-07-01
9995,keyboard,electronics,1853.02,37,68561.74,akure,josh,2020-10-29
9996,laptop,electronics,1461.61,36,52617.96,kano,moji,2020-01-22
9997,laptop,electronics,243.28,82,19948.96,osun,emeka,2021-02-13
9998,mouse,electronics,236.84,61,14447.24,enugu,dayo,2020-11-25
9999,scanner,electronics,756.09,73,55194.57,abia,tolu,2020-02-02
10000,printer,electronics,891.57,80,71325.6,kwara,mike,2021-01-28
